sample_id,time_s,x,y,speed,acceleration
motiongen_0000,0,13.789999999999999,13.82,6.0233333333333334,0
motiongen_0001,0.017000000000000001,13.69,13.82,6.0233333333333334,0
motiongen_0002,0.033000000000000002,13.589999999999998,13.813333333333333,6.0233333333333334,0
motiongen_0003,0.050000000000000003,13.49,13.806666666666667,6.0233333333333334,0
motiongen_0004,0.067000000000000004,13.389999999999999,13.800000000000001,6.0233333333333334,0
motiongen_0005,0.083000000000000004,13.289999999999999,13.786666666666667,6.0233333333333334,0
motiongen_0006,0.10000000000000001,13.189999999999998,13.773333333333333,6.0233333333333334,0
motiongen_0007,0.11700000000000001,13.09,13.756666666666668,6.0233333333333334,0
motiongen_0008,0.13300000000000001,12.993333333333332,13.736666666666666,6.0233333333333334,0
motiongen_0009,0.14999999999999999,12.893333333333333,13.713333333333333,6.0233333333333334,0
motiongen_0010,0.16700000000000001,12.796666666666665,13.690000000000001,6.0233333333333334,0
motiongen_0011,0.183,12.699999999999999,13.66,6.0233333333333334,0
motiongen_0012,0.20000000000000001,12.606666666666666,13.630000000000001,6.0233333333333334,0
motiongen_0013,0.217,12.51,13.6,6.0233333333333334,0
motiongen_0014,0.23300000000000001,12.416666666666666,13.563333333333333,6.0233333333333334,0
motiongen_0015,0.25,12.323333333333332,13.526666666666667,6.0233333333333334,0
motiongen_0016,0.26700000000000002,12.229999999999999,13.486666666666666,6.0233333333333334,0
motiongen_0017,0.28299999999999997,12.139999999999999,13.443333333333333,6.0233333333333334,0
motiongen_0018,0.29999999999999999,12.049999999999999,13.399999999999999,6.0233333333333334,0
motiongen_0019,0.317,11.959999999999999,13.353333333333333,6.0233333333333334,0
motiongen_0020,0.33300000000000002,11.873333333333331,13.303333333333333,6.0233333333333334,0
motiongen_0021,0.34999999999999998,11.786666666666665,13.25,6.0233333333333334,0
motiongen_0022,0.36699999999999999,11.703333333333333,13.196666666666665,6.0233333333333334,0
motiongen_0023,0.38300000000000001,11.619999999999999,13.140000000000001,6.0233333333333334,0
motiongen_0024,0.40000000000000002,11.536666666666665,13.083333333333334,6.0233333333333334,0
motiongen_0025,0.41699999999999998,11.456666666666665,13.023333333333333,6.0233333333333334,0
motiongen_0026,0.433,11.379999999999999,12.960000000000001,6.0233333333333334,0
motiongen_0027,0.45000000000000001,11.303333333333333,12.896666666666667,6.0233333333333334,0
motiongen_0028,0.46700000000000003,11.226666666666665,12.83,6.0233333333333334,0
motiongen_0029,0.48299999999999998,11.153333333333332,12.76,6.0233333333333334,0
motiongen_0030,0.5,11.083333333333332,12.69,6.0233333333333334,0
motiongen_0031,0.51700000000000002,11.013333333333332,12.616666666666667,6.0233333333333334,0
motiongen_0032,0.53300000000000003,10.943333333333332,12.543333333333333,6.0233333333333334,0
motiongen_0033,0.55000000000000004,10.879999999999999,12.466666666666667,6.0233333333333334,0
motiongen_0034,0.56699999999999995,10.813333333333333,12.390000000000001,6.0233333333333334,0
motiongen_0035,0.58299999999999996,10.753333333333332,12.309999999999999,6.0233333333333334,0
motiongen_0036,0.59999999999999998,10.693333333333333,12.23,6.0233333333333334,0
motiongen_0037,0.61699999999999999,10.636666666666665,12.146666666666667,6.0233333333333334,0
motiongen_0038,0.63300000000000001,10.579999999999998,12.063333333333333,6.0233333333333334,0
motiongen_0039,0.65000000000000002,10.526666666666666,11.98,6.0233333333333334,0
motiongen_0040,0.66700000000000004,10.476666666666665,11.893333333333333,6.0233333333333334,0
motiongen_0041,0.68300000000000005,10.43,11.803333333333333,6.0233333333333334,0
motiongen_0042,0.69999999999999996,10.383333333333333,11.713333333333333,6.0233333333333334,0
motiongen_0043,0.71699999999999997,10.339999999999998,11.623333333333333,6.0233333333333334,0
motiongen_0044,0.73299999999999998,10.296666666666665,11.533333333333333,6.0233333333333334,0
motiongen_0045,0.75,10.259999999999998,11.44,6.0233333333333334,0
motiongen_0046,0.76700000000000002,10.223333333333333,11.346666666666668,6.0233333333333334,0
motiongen_0047,0.78300000000000003,10.186666666666666,11.253333333333334,6.0233333333333334,0
motiongen_0048,0.80000000000000004,10.156666666666666,11.156666666666666,6.0233333333333334,0
motiongen_0049,0.81699999999999995,10.126666666666665,11.06,6.0233333333333334,0
motiongen_0050,0.83299999999999996,10.099999999999998,10.963333333333333,6.0233333333333334,0
motiongen_0051,0.84999999999999998,10.076666666666666,10.866666666666667,6.0233333333333334,0
motiongen_0052,0.86699999999999999,10.056666666666665,10.766666666666666,6.0233333333333334,0
motiongen_0053,0.88300000000000001,10.036666666666665,10.67,6.0233333333333334,0
motiongen_0054,0.90000000000000002,10.02,10.57,6.0233333333333334,0
motiongen_0055,0.91700000000000004,10.006666666666666,10.470000000000001,6.0233333333333334,0
motiongen_0056,0.93300000000000005,9.9966666666666661,10.369999999999999,6.0233333333333334,0
motiongen_0057,0.94999999999999996,9.9899999999999984,10.27,6.0233333333333334,0
motiongen_0058,0.96699999999999997,9.9833333333333325,10.17,6.0233333333333334,0
motiongen_0059,0.98299999999999998,9.9800000000000004,10.07,6.0233333333333334,0
motiongen_0060,1,9.9800000000000004,9.9700000000000006,6.0233333333333334,0
motiongen_0061,1.0169999999999999,9.9833333333333325,9.8699999999999992,6.0233333333333334,0
motiongen_0062,1.0329999999999999,9.9866666666666664,9.7699999999999996,6.0233333333333334,0
motiongen_0063,1.05,9.9966666666666661,9.6699999999999999,6.0233333333333334,0
motiongen_0064,1.0669999999999999,10.006666666666666,9.5700000000000003,6.0233333333333334,0
motiongen_0065,1.083,10.02,9.4699999999999989,6.0233333333333334,0
motiongen_0066,1.1000000000000001,10.033333333333333,9.3699999999999992,6.0233333333333334,0
motiongen_0067,1.117,10.053333333333333,9.2733333333333334,6.0233333333333334,0
motiongen_0068,1.133,10.073333333333332,9.1733333333333338,6.0233333333333334,0
motiongen_0069,1.1499999999999999,10.096666666666666,9.0766666666666662,6.0233333333333334,0
motiongen_0070,1.167,10.123333333333331,8.9800000000000004,6.0233333333333334,0
motiongen_0071,1.1830000000000001,10.149999999999999,8.8833333333333329,6.0233333333333334,0
motiongen_0072,1.2,10.179999999999998,8.7866666666666671,6.0233333333333334,0
motiongen_0073,1.2170000000000001,10.216666666666665,8.6933333333333334,6.0233333333333334,0
motiongen_0074,1.2330000000000001,10.25,8.5999999999999996,6.0233333333333334,0
motiongen_0075,1.25,10.289999999999999,8.5066666666666659,6.0233333333333334,0
motiongen_0076,1.2669999999999999,10.33,8.413333333333334,6.0233333333333334,0
motiongen_0077,1.2829999999999999,10.373333333333333,8.3233333333333324,6.0233333333333334,0
motiongen_0078,1.3,10.419999999999998,8.2333333333333325,6.0233333333333334,0
motiongen_0079,1.3169999999999999,10.466666666666667,8.1466666666666665,6.0233333333333334,0
motiongen_0080,1.333,10.516666666666666,8.0600000000000005,6.0233333333333334,0
motiongen_0081,1.3500000000000001,10.569999999999999,7.9733333333333327,6.0233333333333334,0
motiongen_0082,1.367,10.623333333333331,7.8899999999999997,6.0233333333333334,0
motiongen_0083,1.383,10.683333333333332,7.8066666666666666,6.0233333333333334,0
motiongen_0084,1.3999999999999999,10.739999999999998,7.7266666666666666,6.0233333333333334,0
motiongen_0085,1.417,10.803333333333333,7.6466666666666665,6.0233333333333334,0
motiongen_0086,1.4330000000000001,10.866666666666667,7.5666666666666664,6.0233333333333334,0
motiongen_0087,1.45,10.929999999999998,7.4933333333333332,6.0233333333333334,0
motiongen_0088,1.4670000000000001,10.996666666666666,7.4166666666666661,6.0233333333333334,0
motiongen_0089,1.4830000000000001,11.066666666666665,7.3433333333333328,6.0233333333333334,0
motiongen_0090,1.5,11.139999999999999,7.2733333333333334,6.0233333333333334,0
motiongen_0091,1.5169999999999999,11.209999999999999,7.206666666666667,6.0233333333333334,0
motiongen_0092,1.5329999999999999,11.286666666666665,7.1366666666666667,6.0233333333333334,0
motiongen_0093,1.55,11.363333333333332,7.0733333333333324,6.0233333333333334,0
motiongen_0094,1.5669999999999999,11.44,7.0099999999999998,6.0233333333333334,0
motiongen_0095,1.583,11.52,6.9499999999999993,6.0233333333333334,0
motiongen_0096,1.6000000000000001,11.603333333333332,6.8899999999999997,6.0233333333333334,0
motiongen_0097,1.617,11.686666666666666,6.833333333333333,6.0233333333333334,0
motiongen_0098,1.633,11.77,6.7799999999999994,6.0233333333333334,0
motiongen_0099,1.6499999999999999,11.856666666666666,6.7266666666666666,6.0233333333333334,0
motiongen_0100,1.667,11.943333333333333,6.6766666666666659,6.0233333333333334,0
motiongen_0101,1.6830000000000001,12.029999999999999,6.629999999999999,6.0233333333333334,0
motiongen_0102,1.7,12.119999999999999,6.586666666666666,6.0233333333333334,0
motiongen_0103,1.7170000000000001,12.213333333333333,6.543333333333333,6.0233333333333334,0
motiongen_0104,1.7330000000000001,12.303333333333331,6.503333333333333,6.0233333333333334,0
motiongen_0105,1.75,12.396666666666665,6.4633333333333329,6.0233333333333334,0
motiongen_0106,1.7669999999999999,12.489999999999998,6.4299999999999997,6.0233333333333334,0
motiongen_0107,1.7829999999999999,12.586666666666664,6.3966666666666665,6.0233333333333334,0
motiongen_0108,1.8,12.679999999999998,6.3633333333333333,6.0233333333333334,0
motiongen_0109,1.8169999999999999,12.776666666666666,6.336666666666666,6.0233333333333334,0
motiongen_0110,1.833,12.873333333333333,6.3099999999999987,6.0233333333333334,0
motiongen_0111,1.8500000000000001,12.973333333333333,6.2899999999999991,6.0233333333333334,0
motiongen_0112,1.867,13.069999999999999,6.2699999999999996,6.0233333333333334,0
motiongen_0113,1.883,13.17,6.25,6.0233333333333334,0
motiongen_0114,1.8999999999999999,13.269999999999998,6.2366666666666664,6.0233333333333334,0
motiongen_0115,1.917,13.369999999999999,6.2233333333333327,6.0233333333333334,0
motiongen_0116,1.9330000000000001,13.469999999999999,6.2133333333333329,6.0233333333333334,0
motiongen_0117,1.95,13.57,6.2066666666666661,6.0233333333333334,0
motiongen_0118,1.9670000000000001,13.669999999999998,6.2033333333333331,6.0233333333333334,0
motiongen_0119,1.9830000000000001,13.77,6.1999999999999993,6.0233333333333334,0
motiongen_0120,2,13.869999999999999,6.1999999999999993,6.0233333333333334,0
motiongen_0121,2.0169999999999999,13.970000000000001,6.2033333333333331,6.0233333333333334,0
motiongen_0122,2.0329999999999999,14.069999999999999,6.21,6.0233333333333334,0
motiongen_0123,2.0499999999999998,14.169999999999998,6.2199999999999998,6.0233333333333334,0
motiongen_0124,2.0670000000000002,14.27,6.2300000000000004,6.0233333333333334,0
motiongen_0125,2.0830000000000002,14.370000000000001,6.2433333333333332,6.0233333333333334,0
motiongen_0126,2.1000000000000001,14.469999999999999,6.2599999999999998,6.0233333333333334,0
motiongen_0127,2.117,14.566666666666665,6.2799999999999994,6.0233333333333334,0
motiongen_0128,2.133,14.666666666666666,6.3033333333333328,6.0233333333333334,0
motiongen_0129,2.1499999999999999,14.763333333333332,6.3266666666666662,6.0233333333333334,0
motiongen_0130,2.1669999999999998,14.859999999999998,6.3533333333333335,6.0233333333333334,0
motiongen_0131,2.1829999999999998,14.956666666666665,6.3833333333333329,6.0233333333333334,0
motiongen_0132,2.2000000000000002,15.049999999999999,6.4133333333333331,6.0233333333333334,0
motiongen_0133,2.2170000000000001,15.143333333333331,6.4499999999999993,6.0233333333333334,0
motiongen_0134,2.2330000000000001,15.236666666666666,6.4866666666666664,6.0233333333333334,0
motiongen_0135,2.25,15.329999999999998,6.5266666666666664,6.0233333333333334,0
motiongen_0136,2.2669999999999999,15.423333333333334,6.5666666666666664,6.0233333333333334,0
motiongen_0137,2.2829999999999999,15.513333333333334,6.6099999999999994,6.0233333333333334,0
motiongen_0138,2.2999999999999998,15.6,6.6566666666666663,6.0233333333333334,0
motiongen_0139,2.3170000000000002,15.69,6.706666666666667,6.0233333333333334,0
motiongen_0140,2.3330000000000002,15.776666666666666,6.7566666666666659,6.0233333333333334,0
motiongen_0141,2.3500000000000001,15.860000000000001,6.8099999999999996,6.0233333333333334,0
motiongen_0142,2.367,15.943333333333332,6.8666666666666671,6.0233333333333334,0
motiongen_0143,2.383,16.026666666666667,6.9233333333333329,6.0233333333333334,0
motiongen_0144,2.3999999999999999,16.106666666666669,6.9833333333333325,6.0233333333333334,0
motiongen_0145,2.4169999999999998,16.186666666666667,7.0466666666666669,6.0233333333333334,0
motiongen_0146,2.4329999999999998,16.263333333333332,7.1099999999999994,6.0233333333333334,0
motiongen_0147,2.4500000000000002,16.336666666666666,7.1766666666666659,6.0233333333333334,0
motiongen_0148,2.4670000000000001,16.409999999999997,7.2466666666666661,6.0233333333333334,0
motiongen_0149,2.4830000000000001,16.483333333333334,7.3166666666666664,6.0233333333333334,0
motiongen_0150,2.5,16.553333333333335,7.3866666666666667,6.0233333333333334,0
motiongen_0151,2.5169999999999999,16.623333333333335,7.4599999999999991,6.0233333333333334,0
motiongen_0152,2.5329999999999999,16.686666666666667,7.5366666666666662,6.0233333333333334,0
motiongen_0153,2.5499999999999998,16.75333333333333,7.6133333333333333,6.0233333333333334,0
motiongen_0154,2.5670000000000002,16.813333333333333,7.6933333333333334,6.0233333333333334,0
motiongen_0155,2.5830000000000002,16.873333333333335,7.7733333333333334,6.0233333333333334,0
motiongen_0156,2.6000000000000001,16.93333333333333,7.8566666666666665,6.0233333333333334,0
motiongen_0157,2.617,16.986666666666665,7.9399999999999995,6.0233333333333334,0
motiongen_0158,2.633,17.039999999999999,8.0233333333333334,6.0233333333333334,0
motiongen_0159,2.6499999999999999,17.093333333333334,8.1099999999999994,6.0233333333333334,0
motiongen_0160,2.6669999999999998,17.140000000000001,8.1966666666666654,6.0233333333333334,0
motiongen_0161,2.6829999999999998,17.186666666666667,8.2866666666666671,6.0233333333333334,0
motiongen_0162,2.7000000000000002,17.233333333333334,8.3766666666666669,6.0233333333333334,0
motiongen_0163,2.7170000000000001,17.273333333333333,8.4666666666666668,6.0233333333333334,0
motiongen_0164,2.7330000000000001,17.313333333333333,8.5600000000000005,6.0233333333333334,0
motiongen_0165,2.75,17.350000000000001,8.6533333333333324,6.0233333333333334,0
motiongen_0166,2.7669999999999999,17.386666666666663,8.7466666666666661,6.0233333333333334,0
motiongen_0167,2.7829999999999999,17.416666666666664,8.8433333333333337,6.0233333333333334,0
motiongen_0168,2.7999999999999998,17.446666666666665,8.9399999999999995,6.0233333333333334,0
motiongen_0169,2.8170000000000002,17.473333333333336,9.0366666666666671,6.0233333333333334,0
motiongen_0170,2.8330000000000002,17.49666666666667,9.1333333333333329,6.0233333333333334,0
motiongen_0171,2.8500000000000001,17.519999999999996,9.2300000000000004,6.0233333333333334,0
motiongen_0172,2.867,17.539999999999999,9.3300000000000001,6.0233333333333334,0
motiongen_0173,2.883,17.556666666666665,9.4299999999999997,6.0233333333333334,0
motiongen_0174,2.8999999999999999,17.57,9.5299999999999994,6.0233333333333334,0
motiongen_0175,2.9169999999999998,17.579999999999998,9.6266666666666669,6.0233333333333334,0
motiongen_0176,2.9329999999999998,17.589999999999996,9.7266666666666666,6.0233333333333334,0
motiongen_0177,2.9500000000000002,17.596666666666664,9.8300000000000001,6.0233333333333334,0
motiongen_0178,2.9670000000000001,17.600000000000001,9.9299999999999997,6.0233333333333334,0
motiongen_0179,2.9830000000000001,17.600000000000001,10.029999999999999,6.0233333333333334,0
motiongen_0180,3,17.596666666666664,10.129999999999999,6.0233333333333334,0
motiongen_0181,3.0169999999999999,17.593333333333334,10.23,6.0233333333333334,0
motiongen_0182,3.0329999999999999,17.586666666666666,10.33,6.0233333333333334,0
motiongen_0183,3.0499999999999998,17.576666666666668,10.43,6.0233333333333334,0
motiongen_0184,3.0670000000000002,17.563333333333333,10.529999999999999,6.0233333333333334,0
motiongen_0185,3.0830000000000002,17.549999999999997,10.629999999999999,6.0233333333333334,0
motiongen_0186,3.1000000000000001,17.533333333333331,10.726666666666667,6.0233333333333334,0
motiongen_0187,3.117,17.509999999999998,10.826666666666666,6.0233333333333334,0
motiongen_0188,3.133,17.490000000000002,10.923333333333334,6.0233333333333334,0
motiongen_0189,3.1499999999999999,17.463333333333331,11.02,6.0233333333333334,0
motiongen_0190,3.1669999999999998,17.436666666666667,11.116666666666667,6.0233333333333334,0
motiongen_0191,3.1829999999999998,17.406666666666666,11.213333333333333,6.0233333333333334,0
motiongen_0192,3.2000000000000002,17.373333333333335,11.306666666666667,6.0233333333333334,0
motiongen_0193,3.2170000000000001,17.336666666666666,11.403333333333332,6.0233333333333334,0
motiongen_0194,3.2330000000000001,17.299999999999997,11.496666666666666,6.0233333333333334,0
motiongen_0195,3.25,17.256666666666668,11.586666666666666,6.0233333333333334,0
motiongen_0196,3.2669999999999999,17.216666666666661,11.676666666666666,6.0233333333333334,0
motiongen_0197,3.2829999999999999,17.170000000000002,11.766666666666666,6.0233333333333334,0
motiongen_0198,3.2999999999999998,17.123333333333335,11.856666666666667,6.0233333333333334,0
motiongen_0199,3.3170000000000002,17.073333333333331,11.943333333333333,6.0233333333333334,0
motiongen_0200,3.3330000000000002,17.020000000000003,12.029999999999999,6.0233333333333334,0
motiongen_0201,3.3500000000000001,16.966666666666669,12.113333333333333,6.0233333333333334,0
motiongen_0202,3.367,16.909999999999997,12.196666666666667,6.0233333333333334,0
motiongen_0203,3.383,16.850000000000001,12.276666666666667,6.0233333333333334,0
motiongen_0204,3.3999999999999999,16.789999999999999,12.356666666666666,6.0233333333333334,0
motiongen_0205,3.4169999999999998,16.726666666666667,12.436666666666667,6.0233333333333334,0
motiongen_0206,3.4329999999999998,16.663333333333334,12.513333333333334,6.0233333333333334,0
motiongen_0207,3.4500000000000002,16.596666666666664,12.586666666666666,6.0233333333333334,0
motiongen_0208,3.4670000000000001,16.526666666666664,12.66,6.0233333333333334,0
motiongen_0209,3.4830000000000001,16.456666666666663,12.733333333333333,6.0233333333333334,0
motiongen_0210,3.5,16.383333333333333,12.800000000000001,6.0233333333333334,0
motiongen_0211,3.5169999999999999,16.310000000000002,12.869999999999999,6.0233333333333334,0
motiongen_0212,3.5329999999999999,16.233333333333331,12.933333333333334,6.0233333333333334,0
motiongen_0213,3.5499999999999998,16.156666666666666,12.996666666666666,6.0233333333333334,0
motiongen_0214,3.5670000000000002,16.076666666666668,13.06,6.0233333333333334,0
motiongen_0215,3.5830000000000002,15.993333333333331,13.116666666666667,6.0233333333333334,0
motiongen_0216,3.6000000000000001,15.91333333333333,13.173333333333332,6.0233333333333334,0
motiongen_0217,3.617,15.826666666666664,13.23,6.0233333333333334,0
motiongen_0218,3.633,15.743333333333334,13.283333333333333,6.0233333333333334,0
motiongen_0219,3.6499999999999999,15.656666666666665,13.333333333333332,6.0233333333333334,0
motiongen_0220,3.6669999999999998,15.566666666666666,13.379999999999999,6.0233333333333334,0
motiongen_0221,3.6829999999999998,15.476666666666667,13.426666666666666,6.0233333333333334,0
motiongen_0222,3.7000000000000002,15.386666666666667,13.470000000000001,6.0233333333333334,0
motiongen_0223,3.7170000000000001,15.296666666666665,13.51,6.0233333333333334,0
motiongen_0224,3.7330000000000001,15.203333333333333,13.550000000000001,6.0233333333333334,0
motiongen_0225,3.75,15.109999999999999,13.583333333333334,6.0233333333333334,0
motiongen_0226,3.7669999999999999,15.013333333333332,13.616666666666667,6.0233333333333334,0
motiongen_0227,3.7829999999999999,14.92,13.65,6.0233333333333334,0
motiongen_0228,3.7999999999999998,14.823333333333331,13.676666666666666,6.0233333333333334,0
motiongen_0229,3.8170000000000002,14.726666666666665,13.703333333333333,6.0233333333333334,0
motiongen_0230,3.8330000000000002,14.626666666666667,13.726666666666667,6.0233333333333334,0
motiongen_0231,3.8500000000000001,14.530000000000001,13.746666666666666,6.0233333333333334,0
motiongen_0232,3.867,14.43,13.766666666666666,6.0233333333333334,0
motiongen_0233,3.883,14.329999999999998,13.779999999999999,6.0233333333333334,0
motiongen_0234,3.8999999999999999,14.233333333333333,13.793333333333333,6.0233333333333334,0
motiongen_0235,3.9169999999999998,14.133333333333331,13.803333333333333,6.0233333333333334,0
motiongen_0236,3.9329999999999998,14.033333333333333,13.813333333333333,6.0233333333333334,0
motiongen_0237,3.9500000000000002,13.929999999999998,13.816666666666666,6.0233333333333334,0
motiongen_0238,3.9670000000000001,13.829999999999998,13.82,6.0233333333333334,0
motiongen_0239,3.9830000000000001,13.73,13.82,6.0233333333333334,0
motiongen_0240,4,13.629999999999999,13.816666666666666,6.0233333333333334,0
motiongen_0241,4.0170000000000003,13.529999999999999,13.809999999999999,6.0233333333333334,0
motiongen_0242,4.0330000000000004,13.429999999999998,13.803333333333333,6.0233333333333334,0
motiongen_0243,4.0499999999999998,13.33,13.793333333333333,6.0233333333333334,0
motiongen_0244,4.0670000000000002,13.229999999999999,13.779999999999999,6.0233333333333334,0
motiongen_0245,4.0830000000000002,13.133333333333333,13.763333333333332,6.0233333333333334,0
motiongen_0246,4.0999999999999996,13.033333333333333,13.743333333333334,6.0233333333333334,0
motiongen_0247,4.117,12.933333333333332,13.723333333333333,6.0233333333333334,0
motiongen_0248,4.133,12.836666666666666,13.699999999999999,6.0233333333333334,0
motiongen_0249,4.1500000000000004,12.739999999999998,13.673333333333334,6.0233333333333334,0
motiongen_0250,4.1669999999999998,12.643333333333333,13.643333333333334,6.0233333333333334,0
motiongen_0251,4.1829999999999998,12.549999999999999,13.613333333333333,6.0233333333333334,0
motiongen_0252,4.2000000000000002,12.453333333333333,13.576666666666666,6.0233333333333334,0
motiongen_0253,4.2169999999999996,12.359999999999999,13.543333333333333,6.0233333333333334,0
motiongen_0254,4.2329999999999997,12.266666666666666,13.503333333333334,6.0233333333333334,0
motiongen_0255,4.25,12.176666666666666,13.459999999999999,6.0233333333333334,0
motiongen_0256,4.2670000000000003,12.086666666666666,13.416666666666666,6.0233333333333334,0
motiongen_0257,4.2830000000000004,11.996666666666666,13.373333333333333,6.0233333333333334,0
motiongen_0258,4.2999999999999998,11.909999999999998,13.323333333333334,6.0233333333333334,0
motiongen_0259,4.3170000000000002,11.823333333333332,13.273333333333333,6.0233333333333334,0
motiongen_0260,4.3330000000000002,11.736666666666665,13.219999999999999,6.0233333333333334,0
motiongen_0261,4.3499999999999996,11.653333333333332,13.163333333333334,6.0233333333333334,0
motiongen_0262,4.367,11.569999999999999,13.106666666666667,6.0233333333333334,0
motiongen_0263,4.383,11.489999999999998,13.046666666666667,6.0233333333333334,0
motiongen_0264,4.4000000000000004,11.409999999999998,12.986666666666666,6.0233333333333334,0
motiongen_0265,4.4169999999999998,11.333333333333332,12.923333333333334,6.0233333333333334,0
motiongen_0266,4.4329999999999998,11.256666666666666,12.856666666666666,6.0233333333333334,0
motiongen_0267,4.4500000000000002,11.183333333333332,12.789999999999999,6.0233333333333334,0
motiongen_0268,4.4669999999999996,11.109999999999999,12.719999999999999,6.0233333333333334,0
motiongen_0269,4.4829999999999997,11.039999999999999,12.646666666666667,6.0233333333333334,0
motiongen_0270,4.5,10.973333333333331,12.573333333333334,6.0233333333333334,0
motiongen_0271,4.5170000000000003,10.906666666666665,12.5,6.0233333333333334,0
motiongen_0272,4.5330000000000004,10.84,12.423333333333334,6.0233333333333334,0
motiongen_0273,4.5499999999999998,10.776666666666666,12.343333333333334,6.0233333333333334,0
motiongen_0274,4.5670000000000002,10.716666666666665,12.263333333333334,6.0233333333333334,0
motiongen_0275,4.5830000000000002,10.659999999999998,12.183333333333334,6.0233333333333334,0
motiongen_0276,4.5999999999999996,10.603333333333332,12.1,6.0233333333333334,0
motiongen_0277,4.617,10.549999999999999,12.013333333333334,6.0233333333333334,0
motiongen_0278,4.633,10.496666666666666,11.926666666666666,6.0233333333333334,0
motiongen_0279,4.6500000000000004,10.449999999999999,11.84,6.0233333333333334,0
motiongen_0280,4.6669999999999998,10.399999999999999,11.75,6.0233333333333334,0
motiongen_0281,4.6829999999999998,10.356666666666666,11.66,6.0233333333333334,0
motiongen_0282,4.7000000000000002,10.313333333333333,11.57,6.0233333333333334,0
motiongen_0283,4.7169999999999996,10.273333333333332,11.48,6.0233333333333334,0
motiongen_0284,4.7329999999999997,10.236666666666666,11.386666666666667,6.0233333333333334,0
motiongen_0285,4.75,10.203333333333331,11.289999999999999,6.0233333333333334,0
motiongen_0286,4.7670000000000003,10.17,11.196666666666667,6.0233333333333334,0
motiongen_0287,4.7830000000000004,10.139999999999999,11.1,6.0233333333333334,0
motiongen_0288,4.7999999999999998,10.113333333333332,11.003333333333334,6.0233333333333334,0
motiongen_0289,4.8170000000000002,10.086666666666664,10.906666666666666,6.0233333333333334,0
motiongen_0290,4.8330000000000002,10.063333333333333,10.81,6.0233333333333334,0
motiongen_0291,4.8499999999999996,10.043333333333331,10.709999999999999,6.0233333333333334,0
motiongen_0292,4.867,10.026666666666666,10.609999999999999,6.0233333333333334,0
motiongen_0293,4.883,10.013333333333332,10.513333333333334,6.0233333333333334,0
motiongen_0294,4.9000000000000004,9.9999999999999982,10.413333333333334,6.0233333333333334,0
motiongen_0295,4.9169999999999998,9.9933333333333323,10.313333333333333,6.0233333333333334,0
motiongen_0296,4.9329999999999998,9.9866666666666664,10.213333333333333,6.0233333333333334,0.01
motiongen_0297,4.9500000000000002,9.9800000000000004,10.113333333333333,6.0233333333333334,-0.01
motiongen_0298,4.9669999999999996,9.9800000000000004,10.01,6.0233333333333334,0
motiongen_0299,4.9829999999999997,9.9800000000000004,9.9100000000000001,6.0233333333333334,0
motiongen_0300,5,9.9866666666666664,9.8100000000000005,6.0233333333333334,0
motiongen_0301,5.0170000000000003,9.9933333333333323,9.7099999999999991,6.0233333333333334,0
motiongen_0302,5.0330000000000004,9.9999999999999982,9.6099999999999994,6.0233333333333334,0
motiongen_0303,5.0499999999999998,10.013333333333332,9.5099999999999998,6.0233333333333334,0
motiongen_0304,5.0670000000000002,10.026666666666666,9.4100000000000001,6.0233333333333334,0
motiongen_0305,5.0830000000000002,10.043333333333331,9.3133333333333326,6.0233333333333334,0
motiongen_0306,5.0999999999999996,10.063333333333333,9.2133333333333329,6.0233333333333334,0
motiongen_0307,5.117,10.086666666666664,9.1166666666666671,6.0233333333333334,0
motiongen_0308,5.133,10.109999999999999,9.0199999999999996,6.0233333333333334,0
motiongen_0309,5.1500000000000004,10.139999999999999,8.9233333333333338,6.0233333333333334,0
motiongen_0310,5.1669999999999998,10.17,8.8266666666666662,6.0233333333333334,0
motiongen_0311,5.1829999999999998,10.199999999999999,8.7300000000000004,6.0233333333333334,0
motiongen_0312,5.2000000000000002,10.236666666666666,8.6366666666666667,6.0233333333333334,0
motiongen_0313,5.2169999999999996,10.273333333333332,8.543333333333333,6.0233333333333334,0
motiongen_0314,5.2329999999999997,10.313333333333333,8.4533333333333331,6.0233333333333334,0
motiongen_0315,5.25,10.356666666666666,8.3599999999999994,6.0233333333333334,0
motiongen_0316,5.2670000000000003,10.399999999999999,8.2699999999999996,6.0233333333333334,0
motiongen_0317,5.2830000000000004,10.446666666666665,8.1833333333333336,6.0233333333333334,0
motiongen_0318,5.2999999999999998,10.496666666666666,8.0933333333333337,6.0233333333333334,0
motiongen_0319,5.3170000000000002,10.546666666666667,8.0099999999999998,6.0233333333333334,0
motiongen_0320,5.3330000000000002,10.603333333333332,7.9233333333333329,6.0233333333333334,0
motiongen_0321,5.3499999999999996,10.656666666666666,7.8399999999999999,6.0233333333333334,0
motiongen_0322,5.367,10.716666666666665,7.7599999999999998,6.0233333333333334,0
motiongen_0323,5.383,10.776666666666666,7.6799999999999997,6.0233333333333334,0
motiongen_0324,5.4000000000000004,10.84,7.5999999999999996,6.0233333333333334,0
motiongen_0325,5.4169999999999998,10.903333333333332,7.5233333333333334,6.0233333333333334,0
motiongen_0326,5.4329999999999998,10.969999999999999,7.4466666666666663,6.0233333333333334,0
motiongen_0327,5.4500000000000002,11.039999999999999,7.3733333333333331,6.0233333333333334,0
motiongen_0328,5.4669999999999996,11.109999999999999,7.3033333333333328,6.0233333333333334,0
motiongen_0329,5.4829999999999997,11.18,7.2333333333333325,6.0233333333333334,0
motiongen_0330,5.5,11.256666666666666,7.1666666666666661,6.0233333333333334,0
motiongen_0331,5.5170000000000003,11.329999999999998,7.0999999999999996,6.0233333333333334,0
motiongen_0332,5.5330000000000004,11.409999999999998,7.0366666666666662,6.0233333333333334,0
motiongen_0333,5.5499999999999998,11.486666666666666,6.9733333333333327,6.0233333333333334,0
motiongen_0334,5.5670000000000002,11.569999999999999,6.9133333333333322,6.0233333333333334,0
motiongen_0335,5.5830000000000002,11.649999999999999,6.8566666666666665,6.0233333333333334,0
motiongen_0336,5.5999999999999996,11.736666666666665,6.8033333333333328,6.0233333333333334,0
motiongen_0337,5.617,11.819999999999999,6.75,6.0233333333333334,0
motiongen_0338,5.633,11.906666666666666,6.6966666666666663,6.0233333333333334,0
motiongen_0339,5.6500000000000004,11.993333333333332,6.6499999999999995,6.0233333333333334,0
motiongen_0340,5.6669999999999998,12.083333333333332,6.6033333333333335,6.0233333333333334,0
motiongen_0341,5.6829999999999998,12.173333333333332,6.5600000000000005,6.0233333333333334,0
motiongen_0342,5.7000000000000002,12.266666666666666,6.5166666666666657,6.0233333333333334,0
motiongen_0343,5.7169999999999996,12.359999999999999,6.4800000000000004,6.0233333333333334,0
motiongen_0344,5.7329999999999997,12.453333333333333,6.4433333333333334,6.0233333333333334,0
motiongen_0345,5.75,12.546666666666665,6.4099999999999993,6.0233333333333334,0
motiongen_0346,5.7670000000000003,12.643333333333333,6.376666666666666,6.0233333333333334,0
motiongen_0347,5.7830000000000004,12.736666666666666,6.3466666666666658,6.0233333333333334,0
motiongen_0348,5.7999999999999998,12.833333333333332,6.3233333333333324,6.0233333333333334,0
motiongen_0349,5.8170000000000002,12.933333333333332,6.296666666666666,6.0233333333333334,0
motiongen_0350,5.8330000000000002,13.029999999999998,6.2766666666666655,6.0233333333333334,0
motiongen_0351,5.8499999999999996,13.129999999999999,6.2566666666666668,6.0233333333333334,0
motiongen_0352,5.867,13.226666666666665,6.2400000000000002,6.0233333333333334,0
motiongen_0353,5.883,13.326666666666666,6.2266666666666666,6.0233333333333334,0
motiongen_0354,5.9000000000000004,13.426666666666666,6.2166666666666668,6.0233333333333334,0
motiongen_0355,5.9169999999999998,13.526666666666666,6.21,6.0233333333333334,0
motiongen_0356,5.9329999999999998,13.626666666666665,6.2033333333333331,6.0233333333333334,0
motiongen_0357,5.9500000000000002,13.726666666666665,6.1999999999999993,6.0233333333333334,0
motiongen_0358,5.9669999999999996,13.829999999999998,6.1999999999999993,6.0233333333333334,0
motiongen_0359,5.9829999999999997,13.929999999999998,6.2033333333333331,6.0233333333333334,0
motiongen_0360,6,14.029999999999999,6.2066666666666661,6.0233333333333334,0
motiongen_0361,6.0170000000000003,14.130000000000001,6.2166666666666668,6.0233333333333334,0
motiongen_0362,6.0330000000000004,14.229999999999999,6.2266666666666666,6.0233333333333334,0
motiongen_0363,6.0499999999999998,14.329999999999998,6.2366666666666664,6.0233333333333334,0
motiongen_0364,6.0670000000000002,14.426666666666666,6.253333333333333,6.0233333333333334,0
motiongen_0365,6.0830000000000002,14.526666666666666,6.2733333333333334,6.0233333333333334,0
motiongen_0366,6.0999999999999996,14.626666666666667,6.293333333333333,6.0233333333333334,0
motiongen_0367,6.117,14.723333333333333,6.3166666666666664,6.0233333333333334,0
motiongen_0368,6.133,14.82,6.3433333333333328,6.0233333333333334,0
motiongen_0369,6.1500000000000004,14.916666666666666,6.3699999999999992,6.0233333333333334,0
motiongen_0370,6.1669999999999998,15.009999999999998,6.4000000000000004,6.0233333333333334,0
motiongen_0371,6.1829999999999998,15.106666666666664,6.4333333333333336,6.0233333333333334,0
motiongen_0372,6.2000000000000002,15.199999999999999,6.4699999999999989,6.0233333333333334,0
motiongen_0373,6.2169999999999996,15.293333333333331,6.5099999999999998,6.0233333333333334,0
motiongen_0374,6.2329999999999997,15.383333333333331,6.5499999999999989,6.0233333333333334,0
motiongen_0375,6.25,15.476666666666667,6.5933333333333337,6.0233333333333334,0
motiongen_0376,6.2670000000000003,15.563333333333333,6.6400000000000006,6.0233333333333334,0
motiongen_0377,6.2830000000000004,15.653333333333332,6.6866666666666665,6.0233333333333334,0
motiongen_0378,6.2999999999999998,15.739999999999998,6.7366666666666664,6.0233333333333334,0
motiongen_0379,6.3170000000000002,15.826666666666664,6.7899999999999991,6.0233333333333334,0
motiongen_0380,6.3330000000000002,15.91,6.8433333333333337,6.0233333333333334,0
motiongen_0381,6.3499999999999996,15.993333333333331,6.8999999999999995,6.0233333333333334,0
motiongen_0382,6.367,16.073333333333331,6.9599999999999991,6.0233333333333334,0
motiongen_0383,6.383,16.153333333333329,7.0199999999999996,6.0233333333333334,0
motiongen_0384,6.4000000000000004,16.23,7.083333333333333,6.0233333333333334,0
motiongen_0385,6.4169999999999998,16.306666666666665,7.1500000000000004,6.0233333333333334,0
motiongen_0386,6.4329999999999998,16.379999999999999,7.2166666666666668,6.0233333333333334,0
motiongen_0387,6.4500000000000002,16.453333333333333,7.2866666666666671,6.0233333333333334,0
motiongen_0388,6.4669999999999996,16.526666666666664,7.3566666666666656,6.0233333333333334,0
motiongen_0389,6.4829999999999997,16.593333333333334,7.4299999999999997,6.0233333333333334,0
motiongen_0390,6.5,16.659999999999997,7.5066666666666659,6.0233333333333334,0
motiongen_0391,6.5170000000000003,16.726666666666667,7.583333333333333,6.0233333333333334,0
motiongen_0392,6.5330000000000004,16.789999999999999,7.6600000000000001,6.0233333333333334,0
motiongen_0393,6.5499999999999998,16.850000000000001,7.7399999999999993,6.0233333333333334,0
motiongen_0394,6.5670000000000002,16.909999999999997,7.8199999999999994,6.0233333333333334,0
motiongen_0395,6.5830000000000002,16.966666666666669,7.9033333333333324,6.0233333333333334,0
motiongen_0396,6.5999999999999996,17.020000000000003,7.9900000000000002,6.0233333333333334,0
motiongen_0397,6.617,17.073333333333331,8.0733333333333341,6.0233333333333334,0
motiongen_0398,6.633,17.119999999999997,8.1633333333333322,6.0233333333333334,0
motiongen_0399,6.6500000000000004,17.170000000000002,8.25,6.0233333333333334,0
motiongen_0400,6.6669999999999998,17.213333333333331,8.3399999999999999,6.0233333333333334,0
motiongen_0401,6.6829999999999998,17.256666666666668,8.4299999999999997,6.0233333333333334,0
motiongen_0402,6.7000000000000002,17.296666666666667,8.5233333333333334,6.0233333333333334,0
motiongen_0403,6.7169999999999996,17.336666666666666,8.6166666666666671,6.0233333333333334,0
motiongen_0404,6.7329999999999997,17.369999999999997,8.7099999999999991,6.0233333333333334,0
motiongen_0405,6.75,17.403333333333329,8.8033333333333328,6.0233333333333334,0
motiongen_0406,6.7670000000000003,17.43333333333333,8.9000000000000004,6.0233333333333334,0
motiongen_0407,6.7830000000000004,17.463333333333331,8.9966666666666661,6.0233333333333334,0
motiongen_0408,6.7999999999999998,17.486666666666665,9.0933333333333337,6.0233333333333334,0
motiongen_0409,6.8170000000000002,17.509999999999998,9.1899999999999995,6.0233333333333334,0
motiongen_0410,6.8330000000000002,17.530000000000001,9.2899999999999991,6.0233333333333334,0
motiongen_0411,6.8499999999999996,17.549999999999997,9.3900000000000006,6.0233333333333334,0
motiongen_0412,6.867,17.563333333333333,9.4866666666666664,6.0233333333333334,0
motiongen_0413,6.883,17.576666666666668,9.586666666666666,6.0233333333333334,0
motiongen_0414,6.9000000000000004,17.586666666666666,9.6866666666666656,6.0233333333333334,0
motiongen_0415,6.9169999999999998,17.593333333333334,9.7866666666666671,6.0233333333333334,0
motiongen_0416,6.9329999999999998,17.596666666666664,9.8866666666666667,6.0233333333333334,0
motiongen_0417,6.9500000000000002,17.600000000000001,9.9866666666666664,6.0233333333333334,0
motiongen_0418,6.9669999999999996,17.600000000000001,10.09,6.0233333333333334,0
motiongen_0419,6.9829999999999997,17.596666666666664,10.19,6.0233333333333334,0
motiongen_0420,7,17.589999999999996,10.289999999999999,6.0233333333333334,0
motiongen_0421,7.0170000000000003,17.579999999999998,10.390000000000001,6.0233333333333334,0
motiongen_0422,7.0330000000000004,17.57,10.49,6.0233333333333334,0
motiongen_0423,7.0499999999999998,17.556666666666665,10.586666666666666,6.0233333333333334,0
motiongen_0424,7.0670000000000002,17.539999999999999,10.686666666666667,6.0233333333333334,0
motiongen_0425,7.0830000000000002,17.519999999999996,10.786666666666667,6.0233333333333334,0
motiongen_0426,7.0999999999999996,17.5,10.883333333333333,6.0233333333333334,0
motiongen_0427,7.117,17.473333333333336,10.98,6.0233333333333334,0
motiongen_0428,7.133,17.446666666666665,11.076666666666666,6.0233333333333334,0
motiongen_0429,7.1500000000000004,17.416666666666664,11.173333333333334,6.0233333333333334,0
motiongen_0430,7.1669999999999998,17.386666666666663,11.27,6.0233333333333334,0
motiongen_0431,7.1829999999999998,17.350000000000001,11.363333333333333,6.0233333333333334,0
motiongen_0432,7.2000000000000002,17.313333333333333,11.456666666666667,6.0233333333333334,0
motiongen_0433,7.2169999999999996,17.276666666666664,11.550000000000001,6.0233333333333334,0
motiongen_0434,7.2329999999999997,17.233333333333334,11.640000000000001,6.0233333333333334,0
motiongen_0435,7.25,17.189999999999998,11.73,6.0233333333333334,0
motiongen_0436,7.2670000000000003,17.143333333333331,11.82,6.0233333333333334,0
motiongen_0437,7.2830000000000004,17.093333333333334,11.906666666666666,6.0233333333333334,0
motiongen_0438,7.2999999999999998,17.043333333333329,11.993333333333332,6.0233333333333334,0
motiongen_0439,7.3170000000000002,16.990000000000002,12.08,6.0233333333333334,0
motiongen_0440,7.3330000000000002,16.93333333333333,12.163333333333334,6.0233333333333334,0
motiongen_0441,7.3499999999999996,16.876666666666665,12.243333333333332,6.0233333333333334,0
motiongen_0442,7.367,16.81666666666667,12.326666666666666,6.0233333333333334,0
motiongen_0443,7.383,16.75333333333333,12.403333333333332,6.0233333333333334,0
motiongen_0444,7.4000000000000004,16.689999999999998,12.48,6.0233333333333334,0
motiongen_0445,7.4169999999999998,16.623333333333335,12.556666666666667,6.0233333333333334,0
motiongen_0446,7.4329999999999998,16.556666666666665,12.629999999999999,6.0233333333333334,0
motiongen_0447,7.4500000000000002,16.486666666666665,12.703333333333333,6.0233333333333334,0
motiongen_0448,7.4669999999999996,16.413333333333334,12.773333333333333,6.0233333333333334,0
motiongen_0449,7.4829999999999997,16.339999999999996,12.84,6.0233333333333334,0
motiongen_0450,7.5,16.263333333333332,12.906666666666666,6.0233333333333334,0
motiongen_0451,7.5170000000000003,16.186666666666667,12.969999999999999,6.0233333333333334,0
motiongen_0452,7.5330000000000004,16.106666666666669,13.033333333333333,6.0233333333333334,0
motiongen_0453,7.5499999999999998,16.026666666666667,13.093333333333334,6.0233333333333334,0
motiongen_0454,7.5670000000000002,15.946666666666667,13.15,6.0233333333333334,0
motiongen_0455,7.5830000000000002,15.863333333333332,13.206666666666667,6.0233333333333334,0
motiongen_0456,7.5999999999999996,15.776666666666666,13.26,6.0233333333333334,0
motiongen_0457,7.617,15.69,13.313333333333333,6.0233333333333334,0
motiongen_0458,7.633,15.603333333333332,13.359999999999999,6.0233333333333334,0
motiongen_0459,7.6500000000000004,15.513333333333334,13.406666666666666,6.0233333333333334,0
motiongen_0460,7.6669999999999998,15.423333333333334,13.453333333333333,6.0233333333333334,0
motiongen_0461,7.6829999999999998,15.333333333333332,13.493333333333332,6.0233333333333334,0
motiongen_0462,7.7000000000000002,15.239999999999998,13.533333333333333,6.0233333333333334,0
motiongen_0463,7.7169999999999996,15.146666666666667,13.57,6.0233333333333334,0
motiongen_0464,7.7329999999999997,15.053333333333331,13.603333333333333,6.0233333333333334,0
motiongen_0465,7.75,14.956666666666665,13.636666666666667,6.0233333333333334,0
motiongen_0466,7.7670000000000003,14.863333333333333,13.666666666666666,6.0233333333333334,0
motiongen_0467,7.7830000000000004,14.766666666666666,13.693333333333333,6.0233333333333334,0
motiongen_0468,7.7999999999999998,14.666666666666666,13.716666666666667,6.0233333333333334,0
motiongen_0469,7.8170000000000002,14.569999999999999,13.74,6.0233333333333334,0
motiongen_0470,7.8330000000000002,14.469999999999999,13.76,6.0233333333333334,0
motiongen_0471,7.8499999999999996,14.373333333333331,13.776666666666667,6.0233333333333334,0
motiongen_0472,7.867,14.273333333333332,13.789999999999999,6.0233333333333334,0
motiongen_0473,7.883,14.173333333333334,13.800000000000001,6.0233333333333334,0
motiongen_0474,7.9000000000000004,14.073333333333332,13.809999999999999,6.0233333333333334,0
motiongen_0475,7.9169999999999998,13.973333333333331,13.816666666666666,6.0233333333333334,0
motiongen_0476,7.9329999999999998,13.873333333333333,13.82,6.0233333333333334,0
motiongen_0477,7.9500000000000002,13.773333333333333,13.82,6.0233333333333334,0
motiongen_0478,7.9669999999999996,13.669999999999998,13.816666666666666,6.0233333333333334,0
motiongen_0479,7.9829999999999997,13.57,13.813333333333333,6.0233333333333334,0
motiongen_0480,8,13.469999999999999,13.806666666666667,6.0233333333333334,0
motiongen_0481,8.0169999999999995,13.369999999999999,13.796666666666667,6.0233333333333334,0
motiongen_0482,8.0329999999999995,13.269999999999998,13.783333333333333,6.0233333333333334,0
motiongen_0483,8.0500000000000007,13.173333333333332,13.77,6.0233333333333334,0
motiongen_0484,8.0670000000000002,13.073333333333332,13.753333333333334,6.0233333333333334,0
motiongen_0485,8.0830000000000002,12.976666666666665,13.733333333333334,6.0233333333333334,0
motiongen_0486,8.0999999999999996,12.876666666666665,13.710000000000001,6.0233333333333334,0
motiongen_0487,8.1170000000000009,12.779999999999999,13.683333333333334,6.0233333333333334,0
motiongen_0488,8.1329999999999991,12.683333333333334,13.656666666666666,6.0233333333333334,0
motiongen_0489,8.1500000000000004,12.586666666666664,13.626666666666667,6.0233333333333334,0
motiongen_0490,8.1669999999999998,12.493333333333332,13.593333333333334,6.0233333333333334,0
motiongen_0491,8.1829999999999998,12.4,13.556666666666667,6.0233333333333334,0
motiongen_0492,8.1999999999999993,12.306666666666667,13.52,6.0233333333333334,0
motiongen_0493,8.2170000000000005,12.213333333333333,13.48,6.0233333333333334,0
motiongen_0494,8.2330000000000005,12.123333333333333,13.436666666666667,6.0233333333333334,0
motiongen_0495,8.25,12.033333333333331,13.390000000000001,6.0233333333333334,0
motiongen_0496,8.2669999999999995,11.946666666666665,13.343333333333334,6.0233333333333334,0
motiongen_0497,8.2829999999999995,11.856666666666666,13.293333333333333,6.0233333333333334,0
motiongen_0498,8.3000000000000007,11.773333333333332,13.243333333333332,6.0233333333333334,0
motiongen_0499,8.3170000000000002,11.686666666666666,13.186666666666667,6.0233333333333334,0
motiongen_0500,8.3330000000000002,11.603333333333332,13.129999999999999,6.0233333333333334,0
motiongen_0501,8.3499999999999996,11.523333333333332,13.073333333333334,6.0233333333333334,0
motiongen_0502,8.3670000000000009,11.443333333333332,13.01,6.0233333333333334,0
motiongen_0503,8.3829999999999991,11.366666666666665,12.949999999999999,6.0233333333333334,0
motiongen_0504,8.4000000000000004,11.289999999999999,12.883333333333333,6.0233333333333334,0
motiongen_0505,8.4169999999999998,11.213333333333331,12.816666666666666,6.0233333333333334,0
motiongen_0506,8.4329999999999998,11.139999999999999,12.746666666666666,6.0233333333333334,0
motiongen_0507,8.4499999999999993,11.07,12.676666666666666,6.0233333333333334,0
motiongen_0508,8.4670000000000005,10.999999999999998,12.603333333333333,6.0233333333333334,0
motiongen_0509,8.4830000000000005,10.933333333333332,12.529999999999999,6.0233333333333334,0
motiongen_0510,8.5,10.866666666666667,12.453333333333333,6.0233333333333334,0
motiongen_0511,8.5169999999999995,10.803333333333333,12.376666666666667,6.0233333333333334,0
motiongen_0512,8.5329999999999995,10.743333333333332,12.296666666666667,6.0233333333333334,0
motiongen_0513,8.5500000000000007,10.683333333333332,12.216666666666667,6.0233333333333334,0
motiongen_0514,8.5670000000000002,10.626666666666667,12.133333333333333,6.0233333333333334,0
motiongen_0515,8.5830000000000002,10.569999999999999,12.050000000000001,6.0233333333333334,0
motiongen_0516,8.5999999999999996,10.52,11.963333333333333,6.0233333333333334,0
motiongen_0517,8.6170000000000009,10.469999999999999,11.876666666666667,6.0233333333333334,0
motiongen_0518,8.6329999999999991,10.419999999999998,11.786666666666667,6.0233333333333334,0
motiongen_0519,8.6500000000000004,10.373333333333333,11.699999999999999,6.0233333333333334,0
motiongen_0520,8.6669999999999998,10.33,11.606666666666666,6.0233333333333334,0
motiongen_0521,8.6829999999999998,10.289999999999999,11.516666666666666,6.0233333333333334,0
motiongen_0522,8.6999999999999993,10.253333333333332,11.423333333333334,6.0233333333333334,0
motiongen_0523,8.7170000000000005,10.216666666666665,11.33,6.0233333333333334,0
motiongen_0524,8.7330000000000005,10.183333333333334,11.236666666666666,6.0233333333333334,0
motiongen_0525,8.75,10.149999999999999,11.140000000000001,6.0233333333333334,0
motiongen_0526,8.7669999999999995,10.123333333333331,11.043333333333333,6.0233333333333334,0
motiongen_0527,8.7829999999999995,10.096666666666666,10.946666666666667,6.0233333333333334,0
motiongen_0528,8.8000000000000007,10.073333333333332,10.85,6.0233333333333334,0
motiongen_0529,8.8170000000000002,10.053333333333333,10.75,6.0233333333333334,0
motiongen_0530,8.8330000000000002,10.033333333333333,10.653333333333332,6.0233333333333334,0
motiongen_0531,8.8499999999999996,10.02,10.553333333333333,6.0233333333333334,0
motiongen_0532,8.8670000000000009,10.006666666666666,10.453333333333333,6.0233333333333334,0
motiongen_0533,8.8829999999999991,9.9966666666666661,10.353333333333333,6.0233333333333334,0
motiongen_0534,8.9000000000000004,9.9866666666666664,10.253333333333334,6.0233333333333334,0
motiongen_0535,8.9169999999999998,9.9833333333333325,10.153333333333332,6.0233333333333334,0
motiongen_0536,8.9329999999999998,9.9800000000000004,10.053333333333333,6.0233333333333334,0
motiongen_0537,8.9499999999999993,9.9800000000000004,9.9533333333333331,6.0233333333333334,0
motiongen_0538,8.9670000000000005,9.9833333333333325,9.8533333333333335,6.0233333333333334,0
motiongen_0539,8.9830000000000005,9.9899999999999984,9.75,6.0233333333333334,0
motiongen_0540,9,9.9966666666666661,9.6500000000000004,6.0233333333333334,0
motiongen_0541,9.0169999999999995,10.006666666666666,9.5499999999999989,6.0233333333333334,0
motiongen_0542,9.0329999999999995,10.02,9.4533333333333331,6.0233333333333334,0
motiongen_0543,9.0500000000000007,10.036666666666665,9.3533333333333335,6.0233333333333334,0
motiongen_0544,9.0670000000000002,10.056666666666665,9.2533333333333339,6.0233333333333334,0
motiongen_0545,9.0830000000000002,10.076666666666666,9.1566666666666663,6.0233333333333334,0
motiongen_0546,9.0999999999999996,10.099999999999998,9.0600000000000005,6.0233333333333334,0
motiongen_0547,9.1170000000000009,10.126666666666665,8.9633333333333329,6.0233333333333334,0
motiongen_0548,9.1329999999999991,10.156666666666666,8.8666666666666671,6.0233333333333334,0
motiongen_0549,9.1500000000000004,10.186666666666666,8.7699999999999996,6.0233333333333334,0
motiongen_0550,9.1669999999999998,10.219999999999999,8.6766666666666659,6.0233333333333334,0
motiongen_0551,9.1829999999999998,10.256666666666666,8.5833333333333321,6.0233333333333334,0
motiongen_0552,9.1999999999999993,10.296666666666665,8.4900000000000002,6.0233333333333334,0
motiongen_0553,9.2170000000000005,10.336666666666666,8.3966666666666665,6.0233333333333334,0
motiongen_0554,9.2330000000000005,10.379999999999999,8.3066666666666666,6.0233333333333334,0
motiongen_0555,9.25,10.426666666666666,8.2199999999999989,6.0233333333333334,0
motiongen_0556,9.2669999999999995,10.476666666666665,8.129999999999999,6.0233333333333334,0
motiongen_0557,9.2829999999999995,10.526666666666666,8.043333333333333,6.0233333333333334,0
motiongen_0558,9.3000000000000007,10.579999999999998,7.9599999999999991,6.0233333333333334,0
motiongen_0559,9.3170000000000002,10.633333333333333,7.8733333333333331,6.0233333333333334,0
motiongen_0560,9.3330000000000002,10.693333333333333,7.793333333333333,6.0233333333333334,0
motiongen_0561,9.3499999999999996,10.75,7.71,6.0233333333333334,0
motiongen_0562,9.3670000000000009,10.813333333333333,7.6333333333333329,6.0233333333333334,0
motiongen_0563,9.3829999999999991,10.876666666666665,7.5533333333333328,6.0233333333333334,0
motiongen_0564,9.4000000000000004,10.943333333333332,7.4799999999999995,6.0233333333333334,0
motiongen_0565,9.4169999999999998,11.009999999999998,7.4033333333333324,6.0233333333333334,0
motiongen_0566,9.4329999999999998,11.079999999999998,7.333333333333333,6.0233333333333334,0
motiongen_0567,9.4499999999999993,11.15,7.2599999999999998,6.0233333333333334,0
motiongen_0568,9.4670000000000005,11.223333333333333,7.1933333333333334,6.0233333333333334,0
motiongen_0569,9.4830000000000005,11.299999999999999,7.1266666666666669,6.0233333333333334,0
motiongen_0570,9.5,11.376666666666665,7.0633333333333326,6.0233333333333334,0
motiongen_0571,9.5169999999999995,11.456666666666665,7,6.0233333333333334,0
motiongen_0572,9.5329999999999995,11.536666666666665,6.9399999999999995,6.0233333333333334,0
motiongen_0573,9.5500000000000007,11.616666666666665,6.8799999999999999,6.0233333333333334,0
motiongen_0574,9.5670000000000002,11.699999999999999,6.8233333333333333,6.0233333333333334,0
motiongen_0575,9.5830000000000002,11.786666666666665,6.7699999999999996,6.0233333333333334,0
motiongen_0576,9.5999999999999996,11.869999999999999,6.7199999999999998,6.0233333333333334,0
motiongen_0577,9.6170000000000009,11.959999999999999,6.6699999999999999,6.0233333333333334,0
motiongen_0578,9.6329999999999991,12.046666666666665,6.6233333333333331,6.0233333333333334,0
motiongen_0579,9.6500000000000004,12.136666666666665,6.5766666666666662,6.0233333333333334,0
motiongen_0580,9.6669999999999998,12.226666666666667,6.5333333333333332,6.0233333333333334,0
motiongen_0581,9.6829999999999998,12.32,6.4933333333333332,6.0233333333333334,0
motiongen_0582,9.6999999999999993,12.413333333333332,6.4566666666666661,6.0233333333333334,0
motiongen_0583,9.7170000000000005,12.506666666666666,6.4233333333333329,6.0233333333333334,0
motiongen_0584,9.7330000000000005,12.603333333333333,6.3899999999999988,6.0233333333333334,0
motiongen_0585,9.75,12.699999999999999,6.3599999999999994,6.0233333333333334,0
motiongen_0586,9.7669999999999995,12.793333333333333,6.333333333333333,6.0233333333333334,0
motiongen_0587,9.7829999999999995,12.893333333333333,6.3066666666666666,6.0233333333333334,0
motiongen_0588,9.8000000000000007,12.989999999999998,6.2833333333333332,6.0233333333333334,0
motiongen_0589,9.8170000000000002,13.09,6.2666666666666657,6.0233333333333334,0
motiongen_0590,9.8330000000000002,13.186666666666666,6.2466666666666661,6.0233333333333334,0
motiongen_0591,9.8499999999999996,13.286666666666667,6.2333333333333325,6.0233333333333334,0
motiongen_0592,9.8670000000000009,13.386666666666665,6.2199999999999998,6.0233333333333334,0
motiongen_0593,9.8829999999999991,13.486666666666665,6.2133333333333329,6.0233333333333334,0
motiongen_0594,9.9000000000000004,13.586666666666666,6.2066666666666661,6.0233333333333334,0
motiongen_0595,9.9169999999999998,13.686666666666666,6.1999999999999993,6.0233333333333334,0
motiongen_0596,9.9329999999999998,13.786666666666665,6.1999999999999993,6.0233333333333334,0
motiongen_0597,9.9499999999999993,13.886666666666665,6.1999999999999993,6.0233333333333334,0
motiongen_0598,9.9670000000000005,13.986666666666666,6.2066666666666661,6.0233333333333334,0
motiongen_0599,9.9830000000000005,14.086666666666668,6.2133333333333329,6.0233333333333334,0
motiongen_0600,10,14.186666666666666,6.2199999999999998,6.0233333333333334,0
motiongen_0601,10.016999999999999,14.286666666666665,6.2333333333333325,6.0233333333333334,0
motiongen_0602,10.032999999999999,14.386666666666667,6.2466666666666661,6.0233333333333334,0
motiongen_0603,10.050000000000001,14.486666666666665,6.2633333333333328,6.0233333333333334,0
motiongen_0604,10.067,14.583333333333334,6.2833333333333332,6.0233333333333334,0
motiongen_0605,10.083,14.683333333333332,6.3066666666666666,6.0233333333333334,0
motiongen_0606,10.1,14.779999999999998,6.3299999999999992,6.0233333333333334,0
motiongen_0607,10.117000000000001,14.876666666666665,6.3566666666666656,6.0233333333333334,0
motiongen_0608,10.132999999999999,14.973333333333334,6.3866666666666667,6.0233333333333334,0
motiongen_0609,10.15,15.066666666666666,6.4199999999999999,6.0233333333333334,0
motiongen_0610,10.167,15.159999999999998,6.4566666666666661,6.0233333333333334,0
motiongen_0611,10.183,15.253333333333332,6.4933333333333332,6.0233333333333334,0
motiongen_0612,10.199999999999999,15.346666666666664,6.5333333333333332,6.0233333333333334,0
motiongen_0613,10.217000000000001,15.436666666666666,6.5733333333333333,6.0233333333333334,0
motiongen_0614,10.233000000000001,15.526666666666666,6.6200000000000001,6.0233333333333334,0
motiongen_0615,10.25,15.616666666666665,6.6666666666666661,6.0233333333333334,0
motiongen_0616,10.266999999999999,15.703333333333331,6.7166666666666668,6.0233333333333334,0
motiongen_0617,10.282999999999999,15.789999999999997,6.7666666666666666,6.0233333333333334,0
motiongen_0618,10.300000000000001,15.876666666666667,6.8200000000000003,6.0233333333333334,0
motiongen_0619,10.317,15.959999999999999,6.8766666666666669,6.0233333333333334,0
motiongen_0620,10.333,16.039999999999999,6.9366666666666656,6.0233333333333334,0
motiongen_0621,10.35,16.119999999999997,6.9966666666666661,6.0233333333333334,0
motiongen_0622,10.367000000000001,16.199999999999999,7.0566666666666666,6.0233333333333334,0
motiongen_0623,10.382999999999999,16.276666666666667,7.1233333333333331,6.0233333333333334,0
motiongen_0624,10.4,16.349999999999998,7.1899999999999995,6.0233333333333334,0
motiongen_0625,10.417,16.423333333333332,7.2566666666666659,6.0233333333333334,0
motiongen_0626,10.433,16.49666666666667,7.3266666666666662,6.0233333333333334,0
motiongen_0627,10.449999999999999,16.56666666666667,7.3999999999999995,6.0233333333333334,0
motiongen_0628,10.467000000000001,16.633333333333333,7.4733333333333327,6.0233333333333334,0
motiongen_0629,10.483000000000001,16.700000000000003,7.5499999999999998,6.0233333333333334,0
motiongen_0630,10.5,16.763333333333335,7.6266666666666669,6.0233333333333334,0
motiongen_0631,10.516999999999999,16.826666666666668,7.706666666666667,6.0233333333333334,0
motiongen_0632,10.532999999999999,16.883333333333333,7.7866666666666662,6.0233333333333334,0
motiongen_0633,10.550000000000001,16.943333333333335,7.8699999999999992,6.0233333333333334,0
motiongen_0634,10.567,16.996666666666663,7.9533333333333331,6.0233333333333334,0
motiongen_0635,10.583,17.049999999999997,8.0399999999999991,6.0233333333333334,0
motiongen_0636,10.6,17.100000000000001,8.1266666666666669,6.0233333333333334,0
motiongen_0637,10.617000000000001,17.149999999999999,8.2133333333333329,6.0233333333333334,0
motiongen_0638,10.632999999999999,17.196666666666665,8.3033333333333328,6.0233333333333334,0
motiongen_0639,10.65,17.240000000000002,8.3933333333333326,6.0233333333333334,0
motiongen_0640,10.667,17.280000000000001,8.4833333333333325,6.0233333333333334,0
motiongen_0641,10.683,17.32,8.5766666666666662,6.0233333333333334,0
motiongen_0642,10.699999999999999,17.356666666666669,8.6699999999999999,6.0233333333333334,0
motiongen_0643,10.717000000000001,17.390000000000001,8.7666666666666657,6.0233333333333334,0
motiongen_0644,10.733000000000001,17.423333333333332,8.8599999999999994,6.0233333333333334,0
motiongen_0645,10.75,17.449999999999996,8.956666666666667,6.0233333333333334,0
motiongen_0646,10.766999999999999,17.476666666666667,9.0533333333333328,6.0233333333333334,0
motiongen_0647,10.782999999999999,17.50333333333333,9.1500000000000004,6.0233333333333334,0
motiongen_0648,10.800000000000001,17.523333333333333,9.25,6.0233333333333334,0
motiongen_0649,10.817,17.543333333333337,9.3466666666666658,6.0233333333333334,0
motiongen_0650,10.833,17.556666666666665,9.4466666666666672,6.0233333333333334,0
motiongen_0651,10.85,17.573333333333331,9.5466666666666669,6.0233333333333334,0
motiongen_0652,10.867000000000001,17.583333333333336,9.6466666666666665,6.0233333333333334,0
motiongen_0653,10.882999999999999,17.589999999999996,9.7466666666666661,6.0233333333333334,0
motiongen_0654,10.9,17.596666666666664,9.8466666666666658,6.0233333333333334,0
motiongen_0655,10.917,17.600000000000001,9.9466666666666672,6.0233333333333334,0
motiongen_0656,10.933,17.600000000000001,10.046666666666667,6.0233333333333334,0
motiongen_0657,10.949999999999999,17.596666666666664,10.146666666666667,6.0233333333333334,0
motiongen_0658,10.967000000000001,17.593333333333334,10.246666666666666,6.0233333333333334,0
motiongen_0659,10.983000000000001,17.583333333333336,10.346666666666666,6.0233333333333334,0
motiongen_0660,11,17.573333333333331,10.446666666666667,6.0233333333333334,0
motiongen_0661,11.016999999999999,17.563333333333333,10.546666666666667,6.0233333333333334,0
motiongen_0662,11.032999999999999,17.546666666666667,10.646666666666667,6.0233333333333334,0
motiongen_0663,11.050000000000001,17.530000000000001,10.746666666666666,6.0233333333333334,0
motiongen_0664,11.067,17.506666666666668,10.843333333333334,6.0233333333333334,0
motiongen_0665,11.083,17.483333333333334,10.94,6.0233333333333334,0
motiongen_0666,11.1,17.460000000000001,11.039999999999999,6.0233333333333334,0
motiongen_0667,11.117000000000001,17.43,11.133333333333333,6.0233333333333334,0
motiongen_0668,11.132999999999999,17.399999999999999,11.23,6.0233333333333334,0
motiongen_0669,11.15,17.366666666666667,11.323333333333334,6.0233333333333334,0
motiongen_0670,11.167,17.329999999999998,11.42,6.0233333333333334,0
motiongen_0671,11.183,17.289999999999999,11.51,6.0233333333333334,0
motiongen_0672,11.199999999999999,17.25,11.603333333333333,6.0233333333333334,0
motiongen_0673,11.217000000000001,17.206666666666671,11.693333333333333,6.0233333333333334,0
motiongen_0674,11.233000000000001,17.163333333333334,11.783333333333333,6.0233333333333334,0
motiongen_0675,11.25,17.11333333333333,11.870000000000001,6.0233333333333334,0
motiongen_0676,11.266999999999999,17.063333333333333,11.959999999999999,6.0233333333333334,0
motiongen_0677,11.282999999999999,17.009999999999998,12.043333333333333,6.0233333333333334,0
motiongen_0678,11.300000000000001,16.956666666666663,12.129999999999999,6.0233333333333334,0
motiongen_0679,11.317,16.899999999999999,12.210000000000001,6.0233333333333334,0
motiongen_0680,11.333,16.839999999999996,12.293333333333333,6.0233333333333334,0
motiongen_0681,11.35,16.780000000000001,12.373333333333333,6.0233333333333334,0
motiongen_0682,11.367000000000001,16.716666666666669,12.449999999999999,6.0233333333333334,0
motiongen_0683,11.382999999999999,16.649999999999999,12.526666666666667,6.0233333333333334,0
motiongen_0684,11.4,16.583333333333336,12.6,6.0233333333333334,0
motiongen_0685,11.417,16.513333333333335,12.673333333333334,6.0233333333333334,0
motiongen_0686,11.433,16.443333333333335,12.743333333333332,6.0233333333333334,0
motiongen_0687,11.449999999999999,16.369999999999997,12.813333333333333,6.0233333333333334,0
motiongen_0688,11.467000000000001,16.296666666666667,12.879999999999999,6.0233333333333334,0
motiongen_0689,11.483000000000001,16.219999999999999,12.946666666666667,6.0233333333333334,0
motiongen_0690,11.5,16.140000000000001,13.006666666666668,6.0233333333333334,0
motiongen_0691,11.516999999999999,16.059999999999999,13.07,6.0233333333333334,0
motiongen_0692,11.532999999999999,15.979999999999999,13.126666666666667,6.0233333333333334,0
motiongen_0693,11.550000000000001,15.896666666666665,13.183333333333334,6.0233333333333334,0
motiongen_0694,11.567,15.813333333333333,13.24,6.0233333333333334,0
motiongen_0695,11.583,15.726666666666667,13.289999999999999,6.0233333333333334,0
motiongen_0696,11.6,15.639999999999999,13.34,6.0233333333333334,0
motiongen_0697,11.617000000000001,15.549999999999997,13.390000000000001,6.0233333333333334,0
motiongen_0698,11.632999999999999,15.460000000000001,13.433333333333334,6.0233333333333334,0
motiongen_0699,11.65,15.369999999999999,13.476666666666667,6.0233333333333334,0
motiongen_0700,11.667,15.279999999999999,13.516666666666666,6.0233333333333334,0
motiongen_0701,11.683,15.186666666666664,13.556666666666667,6.0233333333333334,0
motiongen_0702,11.699999999999999,15.093333333333332,13.59,6.0233333333333334,0
motiongen_0703,11.717000000000001,14.996666666666666,13.623333333333333,6.0233333333333334,0
motiongen_0704,11.733000000000001,14.9,13.653333333333332,6.0233333333333334,0
motiongen_0705,11.75,14.803333333333333,13.683333333333334,6.0233333333333334,0
motiongen_0706,11.766999999999999,14.706666666666667,13.706666666666667,6.0233333333333334,0
motiongen_0707,11.782999999999999,14.610000000000001,13.73,6.0233333333333334,0
motiongen_0708,11.800000000000001,14.513333333333332,13.75,6.0233333333333334,0
motiongen_0709,11.817,14.413333333333334,13.77,6.0233333333333334,0
motiongen_0710,11.833,14.313333333333333,13.783333333333333,6.0233333333333334,0
motiongen_0711,11.85,14.213333333333331,13.796666666666667,6.0233333333333334,0
motiongen_0712,11.867000000000001,14.113333333333333,13.806666666666667,6.0233333333333334,0
motiongen_0713,11.882999999999999,14.013333333333334,13.813333333333333,6.0233333333333334,0
motiongen_0714,11.9,13.913333333333332,13.816666666666666,6.0233333333333334,0
motiongen_0715,11.917,13.813333333333331,13.82,6.0233333333333334,0
motiongen_0716,11.933,13.713333333333331,13.82,6.0233333333333334,0
motiongen_0717,11.949999999999999,13.613333333333333,13.816666666666666,6.0233333333333334,0
motiongen_0718,11.967000000000001,13.513333333333332,13.809999999999999,6.0233333333333334,0
motiongen_0719,11.983000000000001,13.413333333333332,13.800000000000001,6.0233333333333334,0
motiongen_0720,12,13.313333333333333,13.789999999999999,6.0233333333333334,0
motiongen_0721,12.016999999999999,13.213333333333333,13.776666666666667,6.0233333333333334,0
motiongen_0722,12.032999999999999,13.113333333333333,13.76,6.0233333333333334,0
motiongen_0723,12.050000000000001,13.016666666666666,13.74,6.0233333333333334,0
motiongen_0724,12.067,12.916666666666666,13.719999999999999,6.0233333333333334,0
motiongen_0725,12.083,12.819999999999999,13.693333333333333,6.0233333333333334,0
motiongen_0726,12.1,12.723333333333333,13.666666666666666,6.0233333333333334,0
motiongen_0727,12.117000000000001,12.626666666666665,13.636666666666667,6.0233333333333334,0
motiongen_0728,12.132999999999999,12.533333333333333,13.606666666666666,6.0233333333333334,0
motiongen_0729,12.15,12.436666666666666,13.573333333333334,6.0233333333333334,0
motiongen_0730,12.167,12.343333333333332,13.536666666666667,6.0233333333333334,0
motiongen_0731,12.183,12.253333333333332,13.496666666666666,6.0233333333333334,0
motiongen_0732,12.199999999999999,12.16,13.453333333333333,6.0233333333333334,0
motiongen_0733,12.217000000000001,12.069999999999999,13.41,6.0233333333333334,0
motiongen_0734,12.233000000000001,11.979999999999999,13.363333333333333,6.0233333333333334,0
motiongen_0735,12.25,11.893333333333333,13.313333333333333,6.0233333333333334,0
motiongen_0736,12.266999999999999,11.806666666666665,13.263333333333334,6.0233333333333334,0
motiongen_0737,12.282999999999999,11.723333333333333,13.210000000000001,6.0233333333333334,0
motiongen_0738,12.300000000000001,11.639999999999999,13.153333333333332,6.0233333333333334,0
motiongen_0739,12.317,11.556666666666667,13.096666666666668,6.0233333333333334,0
motiongen_0740,12.333,11.476666666666667,13.036666666666667,6.0233333333333334,0
motiongen_0741,12.35,11.396666666666667,12.973333333333333,6.0233333333333334,0
motiongen_0742,12.367000000000001,11.319999999999999,12.91,6.0233333333333334,0
motiongen_0743,12.382999999999999,11.243333333333332,12.843333333333334,6.0233333333333334,0
motiongen_0744,12.4,11.169999999999998,12.776666666666667,6.0233333333333334,0
motiongen_0745,12.417,11.096666666666666,12.706666666666667,6.0233333333333334,0
motiongen_0746,12.433,11.026666666666666,12.633333333333333,6.0233333333333334,0
motiongen_0747,12.449999999999999,10.959999999999999,12.56,6.0233333333333334,0
motiongen_0748,12.467000000000001,10.893333333333331,12.486666666666666,6.0233333333333334,0
motiongen_0749,12.483000000000001,10.83,12.406666666666666,6.0233333333333334,0
motiongen_0750,12.5,10.766666666666666,12.33,6.0233333333333334,0
motiongen_0751,12.516999999999999,10.706666666666667,12.25,6.0233333333333334,0
motiongen_0752,12.532999999999999,10.649999999999999,12.166666666666666,6.0233333333333334,0
motiongen_0753,12.550000000000001,10.593333333333332,12.083333333333332,6.0233333333333334,0
motiongen_0754,12.567,10.539999999999999,12,6.0233333333333334,0
motiongen_0755,12.583,10.489999999999998,11.913333333333334,6.0233333333333334,0
motiongen_0756,12.6,10.44,11.823333333333334,6.0233333333333334,0
motiongen_0757,12.617000000000001,10.393333333333333,11.736666666666666,6.0233333333333334,0
motiongen_0758,12.632999999999999,10.35,11.646666666666667,6.0233333333333334,0
motiongen_0759,12.65,10.306666666666667,11.553333333333333,6.0233333333333334,0
motiongen_0760,12.667,10.266666666666666,11.463333333333333,6.0233333333333334,0
motiongen_0761,12.683,10.229999999999999,11.369999999999999,6.0233333333333334,0
motiongen_0762,12.699999999999999,10.196666666666665,11.273333333333333,6.0233333333333334,0
motiongen_0763,12.717000000000001,10.163333333333332,11.18,6.0233333333333334,0
motiongen_0764,12.733000000000001,10.133333333333333,11.083333333333334,6.0233333333333334,0
motiongen_0765,12.75,10.106666666666666,10.986666666666666,6.0233333333333334,0
motiongen_0766,12.766999999999999,10.083333333333332,10.890000000000001,6.0233333333333334,0
motiongen_0767,12.782999999999999,10.059999999999999,10.789999999999999,6.0233333333333334,0
motiongen_0768,12.800000000000001,10.039999999999999,10.693333333333333,6.0233333333333334,0
motiongen_0769,12.817,10.023333333333333,10.593333333333334,6.0233333333333334,0
motiongen_0770,12.833,10.01,10.493333333333332,6.0233333333333334,0
motiongen_0771,12.85,9.9999999999999982,10.393333333333333,6.0233333333333334,0
motiongen_0772,12.867000000000001,9.9899999999999984,10.293333333333333,6.0233333333333334,0
motiongen_0773,12.882999999999999,9.9833333333333325,10.193333333333333,6.0233333333333334,0
motiongen_0774,12.9,9.9800000000000004,10.093333333333334,6.0233333333333334,0
motiongen_0775,12.917,9.9800000000000004,9.9933333333333323,6.0233333333333334,0
motiongen_0776,12.933,9.9833333333333325,9.8933333333333326,6.0233333333333334,0
motiongen_0777,12.949999999999999,9.9866666666666664,9.793333333333333,6.0233333333333334,0
motiongen_0778,12.967000000000001,9.9933333333333323,9.6933333333333334,6.0233333333333334,0
motiongen_0779,12.983000000000001,10.003333333333332,9.5933333333333337,6.0233333333333334,0
motiongen_0780,13,10.016666666666666,9.4933333333333323,6.0233333333333334,0
motiongen_0781,13.016999999999999,10.029999999999999,9.3933333333333326,6.0233333333333334,0
motiongen_0782,13.032999999999999,10.046666666666665,9.293333333333333,6.0233333333333334,0
motiongen_0783,13.050000000000001,10.066666666666666,9.1966666666666672,6.0233333333333334,0
motiongen_0784,13.067,10.09,9.0999999999999996,6.0233333333333334,0
motiongen_0785,13.083,10.116666666666665,9,6.0233333333333334,0
motiongen_0786,13.1,10.143333333333333,8.9033333333333324,6.0233333333333334,0
motiongen_0787,13.117000000000001,10.173333333333332,8.8100000000000005,6.0233333333333334,0
motiongen_0788,13.132999999999999,10.206666666666665,8.7133333333333329,6.0233333333333334,0
motiongen_0789,13.15,10.243333333333332,8.6199999999999992,6.0233333333333334,0
motiongen_0790,13.167,10.279999999999999,8.5266666666666673,6.0233333333333334,0
motiongen_0791,13.183,10.319999999999999,8.4366666666666674,6.0233333333333334,0
motiongen_0792,13.199999999999999,10.363333333333332,8.3433333333333337,6.0233333333333334,0
motiongen_0793,13.217000000000001,10.41,8.2533333333333339,6.0233333333333334,0
motiongen_0794,13.233000000000001,10.456666666666665,8.1666666666666661,6.0233333333333334,0
motiongen_0795,13.25,10.506666666666666,8.0800000000000001,6.0233333333333334,0
motiongen_0796,13.266999999999999,10.556666666666665,7.9933333333333332,6.0233333333333334,0
motiongen_0797,13.282999999999999,10.613333333333333,7.9100000000000001,6.0233333333333334,0
motiongen_0798,13.300000000000001,10.666666666666666,7.8266666666666662,6.0233333333333334,0
motiongen_0799,13.317,10.726666666666665,7.7433333333333323,6.0233333333333334,0
motiongen_0800,13.333,10.786666666666667,7.6633333333333331,6.0233333333333334,0
motiongen_0801,13.35,10.849999999999998,7.586666666666666,6.0233333333333334,0
motiongen_0802,13.367000000000001,10.916666666666666,7.5099999999999998,6.0233333333333334,0
motiongen_0803,13.382999999999999,10.983333333333333,7.4333333333333336,6.0233333333333334,0
motiongen_0804,13.4,11.049999999999999,7.3599999999999994,6.0233333333333334,0
motiongen_0805,13.417,11.123333333333333,7.29,6.0233333333333334,0
motiongen_0806,13.433,11.193333333333333,7.2199999999999998,6.0233333333333334,0
motiongen_0807,13.449999999999999,11.27,7.1533333333333324,6.0233333333333334,0
motiongen_0808,13.467000000000001,11.346666666666666,7.086666666666666,6.0233333333333334,0
motiongen_0809,13.483000000000001,11.423333333333332,7.0233333333333334,6.0233333333333334,0
motiongen_0810,13.5,11.503333333333332,6.9633333333333329,6.0233333333333334,0
motiongen_0811,13.516999999999999,11.583333333333332,6.9033333333333324,6.0233333333333334,0
motiongen_0812,13.532999999999999,11.666666666666666,6.8466666666666667,6.0233333333333334,0
motiongen_0813,13.550000000000001,11.749999999999998,6.793333333333333,6.0233333333333334,0
motiongen_0814,13.567,11.836666666666666,6.7400000000000002,6.0233333333333334,0
motiongen_0815,13.583,11.923333333333332,6.6899999999999995,6.0233333333333334,0
motiongen_0816,13.6,12.01,6.6400000000000006,6.0233333333333334,0
motiongen_0817,13.617000000000001,12.099999999999998,6.5966666666666658,6.0233333333333334,0
motiongen_0818,13.632999999999999,12.19,6.5533333333333328,6.0233333333333334,0
motiongen_0819,13.65,12.283333333333333,6.5099999999999998,6.0233333333333334,0
motiongen_0820,13.667,12.376666666666665,6.4733333333333327,6.0233333333333334,0
motiongen_0821,13.683,12.469999999999999,6.4366666666666656,6.0233333333333334,0
motiongen_0822,13.699999999999999,12.563333333333333,6.4033333333333324,6.0233333333333334,0
motiongen_0823,13.717000000000001,12.659999999999998,6.3733333333333331,6.0233333333333334,0
motiongen_0824,13.733000000000001,12.756666666666666,6.3433333333333328,6.0233333333333334,0
motiongen_0825,13.75,12.853333333333332,6.3166666666666664,6.0233333333333334,0
motiongen_0826,13.766999999999999,12.949999999999999,6.293333333333333,6.0233333333333334,0
motiongen_0827,13.782999999999999,13.046666666666667,6.2733333333333334,6.0233333333333334,0
motiongen_0828,13.800000000000001,13.146666666666665,6.253333333333333,6.0233333333333334,0
motiongen_0829,13.817,13.246666666666666,6.2400000000000002,6.0233333333333334,0
motiongen_0830,13.833,13.346666666666666,6.2266666666666666,6.0233333333333334,0
motiongen_0831,13.85,13.446666666666665,6.2166666666666668,6.0233333333333334,0
motiongen_0832,13.867000000000001,13.546666666666665,6.2066666666666661,6.0233333333333334,0
motiongen_0833,13.882999999999999,13.646666666666665,6.2033333333333331,6.0233333333333334,0
motiongen_0834,13.9,13.746666666666666,6.1999999999999993,6.0233333333333334,0
motiongen_0835,13.917,13.846666666666668,6.1999999999999993,6.0233333333333334,0
motiongen_0836,13.933,13.946666666666665,6.2033333333333331,6.0233333333333334,0
motiongen_0837,13.949999999999999,14.046666666666665,6.21,6.0233333333333334,0
motiongen_0838,13.967000000000001,14.146666666666667,6.2166666666666668,6.0233333333333334,0
motiongen_0839,13.983000000000001,14.246666666666664,6.2266666666666666,6.0233333333333334,0
motiongen_0840,14,14.346666666666666,6.2400000000000002,6.0233333333333334,0
motiongen_0841,14.016999999999999,14.446666666666665,6.2566666666666668,6.0233333333333334,0
motiongen_0842,14.032999999999999,14.543333333333333,6.2766666666666655,6.0233333333333334,0
motiongen_0843,14.050000000000001,14.643333333333333,6.296666666666666,6.0233333333333334,0
motiongen_0844,14.067,14.74,6.3200000000000003,6.0233333333333334,0
motiongen_0845,14.083,14.836666666666666,6.3466666666666658,6.0233333333333334,0
motiongen_0846,14.1,14.933333333333332,6.376666666666666,6.0233333333333334,0
motiongen_0847,14.117000000000001,15.029999999999999,6.4066666666666663,6.0233333333333334,0
motiongen_0848,14.132999999999999,15.123333333333333,6.4399999999999995,6.0233333333333334,0
motiongen_0849,14.15,15.216666666666665,6.4766666666666666,6.0233333333333334,0
motiongen_0850,14.167,15.31,6.5166666666666657,6.0233333333333334,0
motiongen_0851,14.183,15.399999999999999,6.5566666666666666,6.0233333333333334,0
motiongen_0852,14.199999999999999,15.489999999999998,6.5999999999999996,6.0233333333333334,0
motiongen_0853,14.217000000000001,15.579999999999998,6.6466666666666665,6.0233333333333334,0
motiongen_0854,14.233000000000001,15.67,6.6966666666666663,6.0233333333333334,0
motiongen_0855,14.25,15.756666666666666,6.7466666666666661,6.0233333333333334,0
motiongen_0856,14.266999999999999,15.84,6.7999999999999998,6.0233333333333334,0
motiongen_0857,14.282999999999999,15.923333333333332,6.8533333333333335,6.0233333333333334,0
motiongen_0858,14.300000000000001,16.006666666666668,6.9100000000000001,6.0233333333333334,0
motiongen_0859,14.317,16.086666666666666,6.9699999999999998,6.0233333333333334,0
motiongen_0860,14.333,16.166666666666664,7.0333333333333332,6.0233333333333334,0
motiongen_0861,14.35,16.243333333333332,7.0966666666666658,6.0233333333333334,0
motiongen_0862,14.367000000000001,16.32,7.1633333333333331,6.0233333333333334,0
motiongen_0863,14.382999999999999,16.393333333333331,7.2300000000000004,6.0233333333333334,0
motiongen_0864,14.4,16.466666666666669,7.2999999999999998,6.0233333333333334,0
motiongen_0865,14.417,16.536666666666669,7.3699999999999992,6.0233333333333334,0
motiongen_0866,14.433,16.606666666666662,7.4433333333333334,6.0233333333333334,0
motiongen_0867,14.449999999999999,16.673333333333332,7.5199999999999996,6.0233333333333334,0
motiongen_0868,14.467000000000001,16.736666666666665,7.5966666666666658,6.0233333333333334,0
motiongen_0869,14.483000000000001,16.799999999999997,7.6733333333333338,6.0233333333333334,0
motiongen_0870,14.5,16.859999999999999,7.753333333333333,6.0233333333333334,0
motiongen_0871,14.516999999999999,16.920000000000002,7.836666666666666,6.0233333333333334,0
motiongen_0872,14.532999999999999,16.976666666666667,7.9199999999999999,6.0233333333333334,0
motiongen_0873,14.550000000000001,17.030000000000001,8.0033333333333339,6.0233333333333334,0
motiongen_0874,14.567,17.079999999999998,8.0899999999999999,6.0233333333333334,0
motiongen_0875,14.583,17.129999999999995,8.1766666666666659,6.0233333333333334,0
motiongen_0876,14.6,17.176666666666669,8.2666666666666657,6.0233333333333334,0
motiongen_0877,14.617000000000001,17.223333333333336,8.3566666666666656,6.0233333333333334,0
motiongen_0878,14.632999999999999,17.263333333333335,8.4466666666666672,6.0233333333333334,0
motiongen_0879,14.65,17.303333333333335,8.5399999999999991,6.0233333333333334,0
motiongen_0880,14.667,17.343333333333334,8.6333333333333329,6.0233333333333334,0
motiongen_0881,14.683,17.376666666666665,8.7266666666666666,6.0233333333333334,0
motiongen_0882,14.699999999999999,17.410000000000004,8.8200000000000003,6.0233333333333334,0
motiongen_0883,14.717000000000001,17.439999999999998,8.9166666666666661,6.0233333333333334,0
motiongen_0884,14.733000000000001,17.466666666666669,9.0133333333333336,6.0233333333333334,0
motiongen_0885,14.75,17.493333333333332,9.1099999999999994,6.0233333333333334,0
motiongen_0886,14.766999999999999,17.513333333333335,9.2099999999999991,6.0233333333333334,0
motiongen_0887,14.782999999999999,17.533333333333331,9.3066666666666666,6.0233333333333334,0
motiongen_0888,14.800000000000001,17.553333333333335,9.4066666666666663,6.0233333333333334,0
motiongen_0889,14.817,17.566666666666663,9.5066666666666659,6.0233333333333334,0
motiongen_0890,14.833,17.579999999999998,9.6066666666666656,6.0233333333333334,0
motiongen_0891,14.85,17.586666666666666,9.706666666666667,6.0233333333333334,0
motiongen_0892,14.867000000000001,17.593333333333334,9.8066666666666666,6.0233333333333334,0
motiongen_0893,14.882999999999999,17.600000000000001,9.9066666666666663,6.0233333333333334,0
motiongen_0894,14.9,17.600000000000001,10.006666666666666,6.0233333333333334,0
motiongen_0895,14.917,17.600000000000001,10.106666666666666,6.0233333333333334,0
motiongen_0896,14.933,17.593333333333334,10.206666666666667,6.0233333333333334,0
motiongen_0897,14.949999999999999,17.589999999999996,10.306666666666667,6.0233333333333334,0
motiongen_0898,14.967000000000001,17.579999999999998,10.406666666666666,6.0233333333333334,0
motiongen_0899,14.983000000000001,17.566666666666663,10.506666666666666,6.0233333333333334,0
motiongen_0900,15,17.553333333333335,10.606666666666666,6.0233333333333334,0
motiongen_0901,15.016999999999999,17.536666666666662,10.703333333333333,6.0233333333333334,0
motiongen_0902,15.032999999999999,17.516666666666666,10.803333333333333,6.0233333333333334,0
motiongen_0903,15.050000000000001,17.493333333333332,10.9,6.0233333333333334,0
motiongen_0904,15.067,17.469999999999999,11,6.0233333333333334,0
motiongen_0905,15.083,17.443333333333335,11.096666666666666,6.0233333333333334,0
motiongen_0906,15.1,17.413333333333334,11.19,6.0233333333333334,0
motiongen_0907,15.117000000000001,17.380000000000003,11.286666666666667,6.0233333333333334,0
motiongen_0908,15.132999999999999,17.346666666666664,11.379999999999999,6.0233333333333334,0
motiongen_0909,15.15,17.306666666666665,11.473333333333333,6.0233333333333334,0
motiongen_0910,15.167,17.266666666666666,11.566666666666666,6.0233333333333334,0
motiongen_0911,15.183,17.226666666666667,11.656666666666666,6.0233333333333334,0
motiongen_0912,15.199999999999999,17.18,11.746666666666666,6.0233333333333334,0
motiongen_0913,15.217000000000001,17.133333333333333,11.836666666666666,6.0233333333333334,0
motiongen_0914,15.233000000000001,17.083333333333336,11.923333333333334,6.0233333333333334,0
motiongen_0915,15.25,17.033333333333331,12.01,6.0233333333333334,0
motiongen_0916,15.266999999999999,16.979999999999997,12.093333333333334,6.0233333333333334,0
motiongen_0917,15.282999999999999,16.923333333333332,12.176666666666666,6.0233333333333334,0
motiongen_0918,15.300000000000001,16.866666666666667,12.26,6.0233333333333334,0
motiongen_0919,15.317,16.803333333333335,12.34,6.0233333333333334,0
motiongen_0920,15.333,16.743333333333332,12.416666666666666,6.0233333333333334,0
motiongen_0921,15.35,16.676666666666662,12.496666666666666,6.0233333333333334,0
motiongen_0922,15.367000000000001,16.609999999999999,12.57,6.0233333333333334,0
motiongen_0923,15.382999999999999,16.543333333333329,12.643333333333334,6.0233333333333334,0
motiongen_0924,15.4,16.473333333333329,12.716666666666667,6.0233333333333334,0
motiongen_0925,15.417,16.399999999999999,12.786666666666667,6.0233333333333334,0
motiongen_0926,15.433,16.326666666666668,12.853333333333333,6.0233333333333334,0
motiongen_0927,15.449999999999999,16.25,12.92,6.0233333333333334,0
motiongen_0928,15.467000000000001,16.173333333333332,12.983333333333334,6.0233333333333334,0
motiongen_0929,15.483000000000001,16.093333333333334,13.043333333333333,6.0233333333333334,0
motiongen_0930,15.5,16.013333333333332,13.103333333333333,6.0233333333333334,0
motiongen_0931,15.516999999999999,15.93,13.16,6.0233333333333334,0
motiongen_0932,15.532999999999999,15.846666666666666,13.216666666666667,6.0233333333333334,0
motiongen_0933,15.550000000000001,15.763333333333332,13.27,6.0233333333333334,0
motiongen_0934,15.567,15.676666666666666,13.32,6.0233333333333334,0
motiongen_0935,15.583,15.586666666666664,13.370000000000001,6.0233333333333334,0
motiongen_0936,15.6,15.499999999999998,13.416666666666666,6.0233333333333334,0
motiongen_0937,15.617000000000001,15.406666666666666,13.459999999999999,6.0233333333333334,0
motiongen_0938,15.632999999999999,15.316666666666666,13.5,6.0233333333333334,0
motiongen_0939,15.65,15.223333333333331,13.539999999999999,6.0233333333333334,0
motiongen_0940,15.667,15.129999999999999,13.576666666666666,6.0233333333333334,0
motiongen_0941,15.683,15.036666666666665,13.609999999999999,6.0233333333333334,0
motiongen_0942,15.699999999999999,14.939999999999998,13.643333333333334,6.0233333333333334,0
motiongen_0943,15.717000000000001,14.843333333333332,13.67,6.0233333333333334,0
motiongen_0944,15.733000000000001,14.746666666666666,13.696666666666667,6.0233333333333334,0
motiongen_0945,15.75,14.649999999999999,13.719999999999999,6.0233333333333334,0
motiongen_0946,15.766999999999999,14.553333333333333,13.743333333333334,6.0233333333333334,0
motiongen_0947,15.782999999999999,14.453333333333331,13.763333333333332,6.0233333333333334,0
motiongen_0948,15.800000000000001,14.353333333333332,13.776666666666667,6.0233333333333334,0
motiongen_0949,15.817,14.253333333333334,13.789999999999999,6.0233333333333334,0
motiongen_0950,15.833,14.156666666666666,13.803333333333333,6.0233333333333334,0
motiongen_0951,15.85,14.056666666666667,13.809999999999999,6.0233333333333334,0
motiongen_0952,15.867000000000001,13.953333333333333,13.816666666666666,6.0233333333333334,0
motiongen_0953,15.882999999999999,13.853333333333333,13.82,6.0233333333333334,0
motiongen_0954,15.9,13.753333333333332,13.82,6.0233333333333334,0
motiongen_0955,15.917,13.653333333333332,13.816666666666666,6.0233333333333334,0
motiongen_0956,15.933,13.553333333333331,13.813333333333333,6.0233333333333334,0
motiongen_0957,15.949999999999999,13.453333333333333,13.806666666666667,6.0233333333333334,0
motiongen_0958,15.967000000000001,13.353333333333333,13.793333333333333,6.0233333333333334,0
motiongen_0959,15.983000000000001,13.253333333333332,13.783333333333333,6.0233333333333334,0
motiongen_0960,16,13.153333333333332,13.766666666666666,6.0233333333333334,0
motiongen_0961,16.016999999999999,13.056666666666665,13.75,6.0233333333333334,0
motiongen_0962,16.033000000000001,12.956666666666665,13.726666666666667,6.0233333333333334,0
motiongen_0963,16.050000000000001,12.859999999999999,13.703333333333333,6.0233333333333334,0
motiongen_0964,16.067,12.763333333333334,13.68,6.0233333333333334,0
motiongen_0965,16.082999999999998,12.666666666666664,13.65,6.0233333333333334,0
motiongen_0966,16.100000000000001,12.569999999999999,13.619999999999999,6.0233333333333334,0
motiongen_0967,16.117000000000001,12.476666666666665,13.586666666666666,6.0233333333333334,0
motiongen_0968,16.132999999999999,12.383333333333331,13.550000000000001,6.0233333333333334,0
motiongen_0969,16.149999999999999,12.289999999999999,13.513333333333334,6.0233333333333334,0
motiongen_0970,16.167000000000002,12.196666666666665,13.470000000000001,6.0233333333333334,0
motiongen_0971,16.183,12.106666666666666,13.426666666666666,6.0233333333333334,0
motiongen_0972,16.199999999999999,12.016666666666666,13.383333333333333,6.0233333333333334,0
motiongen_0973,16.216999999999999,11.93,13.333333333333332,6.0233333333333334,0
motiongen_0974,16.233000000000001,11.843333333333332,13.283333333333333,6.0233333333333334,0
motiongen_0975,16.25,11.756666666666666,13.233333333333333,6.0233333333333334,0
motiongen_0976,16.266999999999999,11.673333333333334,13.176666666666666,6.0233333333333334,0
motiongen_0977,16.283000000000001,11.589999999999998,13.120000000000001,6.0233333333333334,0
motiongen_0978,16.300000000000001,11.509999999999998,13.06,6.0233333333333334,0
motiongen_0979,16.317,11.429999999999998,13,6.0233333333333334,0
motiongen_0980,16.332999999999998,11.349999999999998,12.936666666666667,6.0233333333333334,0
motiongen_0981,16.350000000000001,11.273333333333333,12.873333333333333,6.0233333333333334,0
motiongen_0982,16.367000000000001,11.199999999999999,12.803333333333333,6.0233333333333334,0
motiongen_0983,16.382999999999999,11.126666666666665,12.736666666666666,6.0233333333333334,0
motiongen_0984,16.399999999999999,11.056666666666667,12.663333333333334,6.0233333333333334,0
motiongen_0985,16.417000000000002,10.986666666666665,12.59,6.0233333333333334,0
motiongen_0986,16.433,10.919999999999998,12.516666666666666,6.0233333333333334,0
motiongen_0987,16.449999999999999,10.856666666666666,12.44,6.0233333333333334,0
motiongen_0988,16.466999999999999,10.793333333333333,12.363333333333333,6.0233333333333334,0
motiongen_0989,16.483000000000001,10.729999999999999,12.283333333333333,6.0233333333333334,0
motiongen_0990,16.5,10.673333333333332,12.199999999999999,6.0233333333333334,0
motiongen_0991,16.516999999999999,10.616666666666665,12.116666666666667,6.0233333333333334,0
motiongen_0992,16.533000000000001,10.563333333333333,12.033333333333333,6.0233333333333334,0
motiongen_0993,16.550000000000001,10.51,11.946666666666665,6.0233333333333334,0
motiongen_0994,16.567,10.459999999999999,11.859999999999999,6.0233333333333334,0
motiongen_0995,16.582999999999998,10.413333333333332,11.773333333333333,6.0233333333333334,0
motiongen_0996,16.600000000000001,10.366666666666665,11.683333333333334,6.0233333333333334,0
motiongen_0997,16.617000000000001,10.323333333333332,11.593333333333334,6.0233333333333334,0
motiongen_0998,16.632999999999999,10.283333333333331,11.5,6.0233333333333334,0
motiongen_0999,16.649999999999999,10.246666666666664,11.406666666666666,6.0233333333333334,0
motiongen_1000,16.667000000000002,10.209999999999999,11.313333333333333,6.0233333333333334,0
motiongen_1001,16.683,10.176666666666666,11.216666666666667,6.0233333333333334,0
motiongen_1002,16.699999999999999,10.146666666666667,11.123333333333333,6.0233333333333334,0
motiongen_1003,16.716999999999999,10.116666666666665,11.026666666666667,6.0233333333333334,0
motiongen_1004,16.733000000000001,10.093333333333332,10.93,6.0233333333333334,0
motiongen_1005,16.75,10.069999999999999,10.83,6.0233333333333334,0
motiongen_1006,16.766999999999999,10.049999999999999,10.733333333333333,6.0233333333333334,0
motiongen_1007,16.783000000000001,10.029999999999999,10.633333333333333,6.0233333333333334,0
motiongen_1008,16.800000000000001,10.016666666666666,10.533333333333333,6.0233333333333334,0
motiongen_1009,16.817,10.003333333333332,10.436666666666666,6.0233333333333334,0
motiongen_1010,16.832999999999998,9.9933333333333323,10.336666666666666,6.0233333333333334,0
motiongen_1011,16.850000000000001,9.9866666666666664,10.236666666666666,6.0233333333333334,0
motiongen_1012,16.867000000000001,9.9833333333333325,10.133333333333333,6.0233333333333334,0
motiongen_1013,16.882999999999999,9.9800000000000004,10.033333333333333,6.0233333333333334,0
motiongen_1014,16.899999999999999,9.9800000000000004,9.9333333333333336,6.0233333333333334,0
motiongen_1015,16.917000000000002,9.9833333333333325,9.8333333333333339,6.0233333333333334,0
motiongen_1016,16.933,9.9899999999999984,9.7333333333333325,6.0233333333333334,0
motiongen_1017,16.949999999999999,9.9999999999999982,9.6333333333333329,6.0233333333333334,0
motiongen_1018,16.966999999999999,10.01,9.5333333333333332,6.0233333333333334,0
motiongen_1019,16.983000000000001,10.023333333333333,9.4333333333333336,6.0233333333333334,0
motiongen_1020,17,10.039999999999999,9.336666666666666,6.0233333333333334,0
motiongen_1021,17.016999999999999,10.059999999999999,9.2366666666666664,6.0233333333333334,0
motiongen_1022,17.033000000000001,10.079999999999998,9.1400000000000006,6.0233333333333334,0
motiongen_1023,17.050000000000001,10.106666666666666,9.0399999999999991,6.0233333333333334,0
motiongen_1024,17.067,10.133333333333333,8.9433333333333334,6.0233333333333334,0
motiongen_1025,17.082999999999998,10.159999999999998,8.8499999999999996,6.0233333333333334,0
motiongen_1026,17.100000000000001,10.193333333333332,8.7533333333333339,6.0233333333333334,0
motiongen_1027,17.117000000000001,10.226666666666667,8.6600000000000001,6.0233333333333334,0
motiongen_1028,17.132999999999999,10.263333333333334,8.5666666666666664,6.0233333333333334,0
motiongen_1029,17.149999999999999,10.303333333333333,8.4733333333333327,6.0233333333333334,0
motiongen_1030,17.167000000000002,10.346666666666666,8.3833333333333329,6.0233333333333334,0
motiongen_1031,17.183,10.389999999999999,8.2899999999999991,6.0233333333333334,0
motiongen_1032,17.199999999999999,10.436666666666666,8.2033333333333331,6.0233333333333334,0
motiongen_1033,17.216999999999999,10.483333333333333,8.1133333333333333,6.0233333333333334,0
motiongen_1034,17.233000000000001,10.536666666666665,8.0299999999999994,6.0233333333333334,0
motiongen_1035,17.25,10.59,7.9433333333333334,6.0233333333333334,0
motiongen_1036,17.266999999999999,10.643333333333333,7.8599999999999994,6.0233333333333334,0
motiongen_1037,17.283000000000001,10.703333333333331,7.7766666666666664,6.0233333333333334,0
motiongen_1038,17.300000000000001,10.763333333333332,7.6966666666666663,6.0233333333333334,0
motiongen_1039,17.317,10.823333333333332,7.6166666666666663,6.0233333333333334,0
motiongen_1040,17.332999999999998,10.889999999999999,7.5399999999999991,6.0233333333333334,0
motiongen_1041,17.350000000000001,10.953333333333333,7.4666666666666668,6.0233333333333334,0
motiongen_1042,17.367000000000001,11.023333333333332,7.3899999999999997,6.0233333333333334,0
motiongen_1043,17.382999999999999,11.093333333333332,7.3199999999999994,6.0233333333333334,0
motiongen_1044,17.399999999999999,11.163333333333332,7.25,6.0233333333333334,0
motiongen_1045,17.417000000000002,11.236666666666666,7.1799999999999997,6.0233333333333334,0
motiongen_1046,17.433,11.313333333333333,7.1133333333333333,6.0233333333333334,0
motiongen_1047,17.449999999999999,11.389999999999999,7.0499999999999998,6.0233333333333334,0
motiongen_1048,17.466999999999999,11.469999999999999,6.9866666666666664,6.0233333333333334,0
motiongen_1049,17.483000000000001,11.549999999999999,6.9266666666666659,6.0233333333333334,0
motiongen_1050,17.5,11.633333333333333,6.8699999999999992,6.0233333333333334,0
motiongen_1051,17.516999999999999,11.716666666666667,6.8133333333333326,6.0233333333333334,0
motiongen_1052,17.533000000000001,11.799999999999999,6.7599999999999998,6.0233333333333334,0
motiongen_1053,17.550000000000001,11.886666666666665,6.7099999999999991,6.0233333333333334,0
motiongen_1054,17.567,11.973333333333333,6.6600000000000001,6.0233333333333334,0
motiongen_1055,17.582999999999998,12.063333333333333,6.6133333333333333,6.0233333333333334,0
motiongen_1056,17.600000000000001,12.153333333333332,6.5699999999999994,6.0233333333333334,0
motiongen_1057,17.617000000000001,12.243333333333332,6.5266666666666664,6.0233333333333334,0
motiongen_1058,17.632999999999999,12.336666666666666,6.4866666666666664,6.0233333333333334,0
motiongen_1059,17.649999999999999,12.43,6.4499999999999993,6.0233333333333334,0
motiongen_1060,17.667000000000002,12.523333333333333,6.4166666666666661,6.0233333333333334,0
motiongen_1061,17.683,12.619999999999999,6.3833333333333329,6.0233333333333334,0
motiongen_1062,17.699999999999999,12.716666666666665,6.3533333333333335,6.0233333333333334,0
motiongen_1063,17.716999999999999,12.813333333333333,6.3266666666666662,6.0233333333333334,0
motiongen_1064,17.733000000000001,12.91,6.3033333333333328,6.0233333333333334,0
motiongen_1065,17.75,13.006666666666666,6.2799999999999994,6.0233333333333334,0
motiongen_1066,17.766999999999999,13.106666666666666,6.2633333333333328,6.0233333333333334,0
motiongen_1067,17.783000000000001,13.206666666666667,6.2466666666666661,6.0233333333333334,0
motiongen_1068,17.800000000000001,13.303333333333333,6.2300000000000004,6.0233333333333334,0
motiongen_1069,17.817,13.403333333333332,6.2199999999999998,6.0233333333333334,0
motiongen_1070,17.832999999999998,13.503333333333332,6.21,6.0233333333333334,0
motiongen_1071,17.850000000000001,13.603333333333332,6.2033333333333331,6.0233333333333334,0
motiongen_1072,17.867000000000001,13.703333333333333,6.1999999999999993,6.0233333333333334,0
motiongen_1073,17.882999999999999,13.806666666666665,6.1999999999999993,6.0233333333333334,0
motiongen_1074,17.899999999999999,13.906666666666666,6.2033333333333331,6.0233333333333334,0
motiongen_1075,17.917000000000002,14.006666666666668,6.2066666666666661,6.0233333333333334,0
motiongen_1076,17.933,14.106666666666666,6.2133333333333329,6.0233333333333334,0
motiongen_1077,17.949999999999999,14.206666666666665,6.2233333333333327,6.0233333333333334,0
motiongen_1078,17.966999999999999,14.306666666666667,6.2366666666666664,6.0233333333333334,0
motiongen_1079,17.983000000000001,14.406666666666665,6.25,6.0233333333333334,0
motiongen_1080,18,14.503333333333334,6.2666666666666657,6.0233333333333334,0
motiongen_1081,18.016999999999999,14.603333333333332,6.2866666666666662,6.0233333333333334,0
motiongen_1082,18.033000000000001,14.699999999999998,6.3099999999999987,6.0233333333333334,0
motiongen_1083,18.050000000000001,14.796666666666665,6.336666666666666,6.0233333333333334,0
motiongen_1084,18.067,14.893333333333334,6.3633333333333333,6.0233333333333334,0
motiongen_1085,18.082999999999998,14.99,6.3933333333333326,6.0233333333333334,0
motiongen_1086,18.100000000000001,15.083333333333332,6.4266666666666659,6.0233333333333334,0
motiongen_1087,18.117000000000001,15.176666666666668,6.4633333333333329,6.0233333333333334,0
motiongen_1088,18.132999999999999,15.27,6.5,6.0233333333333334,0
motiongen_1089,18.149999999999999,15.363333333333333,6.54,6.0233333333333334,0
motiongen_1090,18.167000000000002,15.453333333333331,6.583333333333333,6.0233333333333334,0
motiongen_1091,18.183,15.543333333333331,6.6266666666666669,6.0233333333333334,0
motiongen_1092,18.199999999999999,15.633333333333333,6.6766666666666659,6.0233333333333334,0
motiongen_1093,18.216999999999999,15.719999999999999,6.7233333333333327,6.0233333333333334,0
motiongen_1094,18.233000000000001,15.806666666666667,6.7766666666666664,6.0233333333333334,0
motiongen_1095,18.25,15.889999999999999,6.8300000000000001,6.0233333333333334,0
motiongen_1096,18.266999999999999,15.973333333333333,6.8866666666666667,6.0233333333333334,0
motiongen_1097,18.283000000000001,16.053333333333335,6.9466666666666663,6.0233333333333334,0
motiongen_1098,18.300000000000001,16.133333333333333,7.0066666666666659,6.0233333333333334,0
motiongen_1099,18.317,16.213333333333331,7.0700000000000003,6.0233333333333334,0
motiongen_1100,18.332999999999998,16.289999999999999,7.1333333333333329,6.0233333333333334,0
motiongen_1101,18.350000000000001,16.363333333333333,7.1999999999999993,6.0233333333333334,0
motiongen_1102,18.367000000000001,16.436666666666664,7.2699999999999996,6.0233333333333334,0
motiongen_1103,18.382999999999999,16.509999999999998,7.3399999999999999,6.0233333333333334,0
motiongen_1104,18.399999999999999,16.576666666666668,7.4133333333333331,6.0233333333333334,0
motiongen_1105,18.417000000000002,16.646666666666668,7.4866666666666664,6.0233333333333334,0
motiongen_1106,18.433,16.710000000000001,7.5633333333333326,6.0233333333333334,0
motiongen_1107,18.449999999999999,16.773333333333333,7.6433333333333326,6.0233333333333334,0
motiongen_1108,18.466999999999999,16.836666666666666,7.7199999999999989,6.0233333333333334,0
motiongen_1109,18.483000000000001,16.896666666666668,7.8033333333333328,6.0233333333333334,0
motiongen_1110,18.5,16.953333333333333,7.8833333333333329,6.0233333333333334,0
motiongen_1111,18.516999999999999,17.006666666666668,7.9699999999999998,6.0233333333333334,0
motiongen_1112,18.533000000000001,17.060000000000002,8.0533333333333328,6.0233333333333334,0
motiongen_1113,18.550000000000001,17.109999999999999,8.1399999999999988,6.0233333333333334,0
motiongen_1114,18.567,17.159999999999997,8.2300000000000004,6.0233333333333334,0
motiongen_1115,18.582999999999998,17.203333333333333,8.3200000000000003,6.0233333333333334,0
motiongen_1116,18.600000000000001,17.246666666666663,8.4100000000000001,6.0233333333333334,0
motiongen_1117,18.617000000000001,17.289999999999999,8.5,6.0233333333333334,0
motiongen_1118,18.632999999999999,17.326666666666668,8.5933333333333337,6.0233333333333334,0
motiongen_1119,18.649999999999999,17.36333333333333,8.6866666666666656,6.0233333333333334,0
motiongen_1120,18.667000000000002,17.396666666666668,8.7833333333333332,6.0233333333333334,0
motiongen_1121,18.683,17.426666666666669,8.8766666666666669,6.0233333333333334,0
motiongen_1122,18.699999999999999,17.456666666666663,8.9733333333333327,6.0233333333333334,0
motiongen_1123,18.716999999999999,17.483333333333334,9.0700000000000003,6.0233333333333334,0
motiongen_1124,18.733000000000001,17.506666666666668,9.1699999999999999,6.0233333333333334,0
motiongen_1125,18.75,17.526666666666671,9.2666666666666657,6.0233333333333334,0
motiongen_1126,18.766999999999999,17.546666666666667,9.3666666666666671,6.0233333333333334,0
motiongen_1127,18.783000000000001,17.560000000000002,9.4633333333333329,6.0233333333333334,0
motiongen_1128,18.800000000000001,17.573333333333331,9.5633333333333326,6.0233333333333334,0
motiongen_1129,18.817,17.583333333333336,9.663333333333334,6.0233333333333334,0
motiongen_1130,18.832999999999998,17.593333333333334,9.7633333333333336,6.0233333333333334,0
motiongen_1131,18.850000000000001,17.596666666666664,9.8633333333333333,6.0233333333333334,0
motiongen_1132,18.867000000000001,17.600000000000001,9.9633333333333329,6.0233333333333334,0
motiongen_1133,18.882999999999999,17.600000000000001,10.066666666666666,6.0233333333333334,0
motiongen_1134,18.899999999999999,17.596666666666664,10.166666666666666,6.0233333333333334,0
motiongen_1135,18.917000000000002,17.589999999999996,10.266666666666666,6.0233333333333334,0
motiongen_1136,18.933,17.583333333333336,10.366666666666667,6.0233333333333334,0
motiongen_1137,18.949999999999999,17.573333333333331,10.466666666666667,6.0233333333333334,0
motiongen_1138,18.966999999999999,17.560000000000002,10.566666666666666,6.0233333333333334,0
motiongen_1139,18.983000000000001,17.543333333333337,10.663333333333334,6.0233333333333334,0
motiongen_1140,19,17.523333333333333,10.763333333333334,6.0233333333333334,0
motiongen_1141,19.016999999999999,17.50333333333333,10.859999999999999,6.0233333333333334,0
motiongen_1142,19.033000000000001,17.479999999999997,10.959999999999999,6.0233333333333334,0
motiongen_1143,19.050000000000001,17.453333333333333,11.056666666666667,6.0233333333333334,0
motiongen_1144,19.067,17.423333333333332,11.153333333333332,6.0233333333333334,0
motiongen_1145,19.082999999999998,17.393333333333331,11.246666666666666,6.0233333333333334,0
motiongen_1146,19.100000000000001,17.359999999999999,11.343333333333334,6.0233333333333334,0
motiongen_1147,19.117000000000001,17.323333333333331,11.436666666666667,6.0233333333333334,0
motiongen_1148,19.132999999999999,17.283333333333331,11.526666666666667,6.0233333333333334,0
motiongen_1149,19.149999999999999,17.243333333333332,11.619999999999999,6.0233333333333334,0
motiongen_1150,19.167000000000002,17.199999999999996,11.710000000000001,6.0233333333333334,0
motiongen_1151,19.183,17.153333333333336,11.800000000000001,6.0233333333333334,0
motiongen_1152,19.199999999999999,17.106666666666669,11.886666666666667,6.0233333333333334,0
motiongen_1153,19.216999999999999,17.053333333333335,11.973333333333333,6.0233333333333334,0
motiongen_1154,19.233000000000001,17.003333333333337,12.06,6.0233333333333334,0
motiongen_1155,19.25,16.946666666666665,12.143333333333333,6.0233333333333334,0
motiongen_1156,19.266999999999999,16.890000000000001,12.226666666666667,6.0233333333333334,0
motiongen_1157,19.283000000000001,16.829999999999998,12.306666666666667,6.0233333333333334,0
motiongen_1158,19.300000000000001,16.770000000000003,12.386666666666667,6.0233333333333334,0
motiongen_1159,19.317,16.703333333333333,12.463333333333333,6.0233333333333334,0
motiongen_1160,19.332999999999998,16.640000000000001,12.539999999999999,6.0233333333333334,0
motiongen_1161,19.350000000000001,16.57,12.613333333333333,6.0233333333333334,0
motiongen_1162,19.367000000000001,16.50333333333333,12.686666666666667,6.0233333333333334,0
motiongen_1163,19.382999999999999,16.43,12.756666666666666,6.0233333333333334,0
motiongen_1164,19.399999999999999,16.356666666666662,12.826666666666666,6.0233333333333334,0
motiongen_1165,19.417000000000002,16.283333333333331,12.893333333333333,6.0233333333333334,0
motiongen_1166,19.433,16.206666666666663,12.956666666666667,6.0233333333333334,0
motiongen_1167,19.449999999999999,16.126666666666665,13.02,6.0233333333333334,0
motiongen_1168,19.466999999999999,16.046666666666667,13.08,6.0233333333333334,0
motiongen_1169,19.483000000000001,15.963333333333333,13.136666666666667,6.0233333333333334,0
motiongen_1170,19.5,15.883333333333333,13.193333333333333,6.0233333333333334,0
motiongen_1171,19.516999999999999,15.796666666666667,13.25,6.0233333333333334,0
motiongen_1172,19.533000000000001,15.709999999999997,13.300000000000001,6.0233333333333334,0
motiongen_1173,19.550000000000001,15.623333333333331,13.35,6.0233333333333334,0
motiongen_1174,19.567,15.536666666666665,13.396666666666667,6.0233333333333334,0
motiongen_1175,19.582999999999998,15.446666666666665,13.44,6.0233333333333334,0
motiongen_1176,19.600000000000001,15.353333333333333,13.483333333333334,6.0233333333333334,0
motiongen_1177,19.617000000000001,15.263333333333334,13.523333333333333,6.0233333333333334,0
motiongen_1178,19.632999999999999,15.169999999999998,13.563333333333333,6.0233333333333334,0
motiongen_1179,19.649999999999999,15.073333333333332,13.596666666666668,6.0233333333333334,0
motiongen_1180,19.667000000000002,14.98,13.630000000000001,6.0233333333333334,0
motiongen_1181,19.683,14.883333333333333,13.66,6.0233333333333334,0
motiongen_1182,19.699999999999999,14.786666666666667,13.686666666666667,6.0233333333333334,0
motiongen_1183,19.716999999999999,14.689999999999998,13.713333333333333,6.0233333333333334,0
motiongen_1184,19.733000000000001,14.593333333333332,13.733333333333334,6.0233333333333334,0
motiongen_1185,19.75,14.493333333333334,13.753333333333334,6.0233333333333334,0
motiongen_1186,19.766999999999999,14.396666666666667,13.77,6.0233333333333334,0
motiongen_1187,19.783000000000001,14.296666666666667,13.786666666666667,6.0233333333333334,0
motiongen_1188,19.800000000000001,14.196666666666665,13.796666666666667,6.0233333333333334,0
motiongen_1189,19.817,14.096666666666664,13.806666666666667,6.0233333333333334,0
motiongen_1190,19.832999999999998,13.996666666666666,13.813333333333333,6.0233333333333334,0
motiongen_1191,19.850000000000001,13.896666666666667,13.82,6.0233333333333334,0
motiongen_1192,19.867000000000001,13.796666666666665,13.82,6.0233333333333334,0
motiongen_1193,19.882999999999999,13.693333333333333,13.82,6.0233333333333334,0
motiongen_1194,19.899999999999999,13.593333333333332,13.813333333333333,6.0233333333333334,0
motiongen_1195,19.917000000000002,13.493333333333332,13.809999999999999,6.0233333333333334,0
motiongen_1196,19.933,13.393333333333331,13.800000000000001,6.0233333333333334,0
motiongen_1197,19.949999999999999,13.293333333333333,13.786666666666667,6.0233333333333334,0
motiongen_1198,19.966999999999999,13.196666666666665,13.773333333333333,6.0233333333333334,0
motiongen_1199,19.983000000000001,13.096666666666666,13.756666666666668,6.0233333333333334,0
motiongen_1200,20,12.996666666666666,13.736666666666666,6.0233333333333334,0
motiongen_1201,20.016999999999999,12.899999999999999,13.713333333333333,6.0233333333333334,0
motiongen_1202,20.033000000000001,12.803333333333333,13.690000000000001,6.0233333333333334,0
motiongen_1203,20.050000000000001,12.706666666666665,13.663333333333334,6.0233333333333334,0
motiongen_1204,20.067,12.609999999999999,13.633333333333333,6.0233333333333334,0
motiongen_1205,20.082999999999998,12.516666666666666,13.6,6.0233333333333334,0
motiongen_1206,20.100000000000001,12.419999999999998,13.566666666666666,6.0233333333333334,0
motiongen_1207,20.117000000000001,12.326666666666666,13.526666666666667,6.0233333333333334,0
motiongen_1208,20.132999999999999,12.236666666666665,13.49,6.0233333333333334,0
motiongen_1209,20.149999999999999,12.143333333333331,13.446666666666665,6.0233333333333334,0
motiongen_1210,20.167000000000002,12.053333333333333,13.403333333333332,6.0233333333333334,0
motiongen_1211,20.183,11.966666666666665,13.353333333333333,6.0233333333333334,0
motiongen_1212,20.199999999999999,11.876666666666667,13.306666666666667,6.0233333333333334,0
motiongen_1213,20.216999999999999,11.793333333333331,13.253333333333334,6.0233333333333334,0
motiongen_1214,20.233000000000001,11.706666666666665,13.199999999999999,6.0233333333333334,0
motiongen_1215,20.25,11.623333333333333,13.143333333333333,6.0233333333333334,0
motiongen_1216,20.266999999999999,11.543333333333333,13.086666666666666,6.0233333333333334,0
motiongen_1217,20.283000000000001,11.459999999999999,13.026666666666667,6.0233333333333334,0
motiongen_1218,20.300000000000001,11.383333333333333,12.963333333333333,6.0233333333333334,0
motiongen_1219,20.317,11.306666666666665,12.9,6.0233333333333334,0
motiongen_1220,20.332999999999998,11.23,12.833333333333332,6.0233333333333334,0
motiongen_1221,20.350000000000001,11.156666666666666,12.763333333333334,6.0233333333333334,0
motiongen_1222,20.367000000000001,11.086666666666666,12.693333333333333,6.0233333333333334,0
motiongen_1223,20.382999999999999,11.016666666666666,12.620000000000001,6.0233333333333334,0
motiongen_1224,20.399999999999999,10.946666666666665,12.546666666666667,6.0233333333333334,0
motiongen_1225,20.417000000000002,10.883333333333333,12.473333333333333,6.0233333333333334,0
motiongen_1226,20.433,10.816666666666666,12.393333333333333,6.0233333333333334,0
motiongen_1227,20.449999999999999,10.756666666666666,12.316666666666666,6.0233333333333334,0
motiongen_1228,20.466999999999999,10.696666666666665,12.233333333333334,6.0233333333333334,0
motiongen_1229,20.483000000000001,10.639999999999999,12.153333333333332,6.0233333333333334,0
motiongen_1230,20.5,10.583333333333332,12.066666666666666,6.0233333333333334,0
motiongen_1231,20.516999999999999,10.529999999999998,11.983333333333333,6.0233333333333334,0
motiongen_1232,20.533000000000001,10.479999999999999,11.896666666666667,6.0233333333333334,0
motiongen_1233,20.550000000000001,10.43,11.81,6.0233333333333334,0
motiongen_1234,20.567,10.386666666666667,11.720000000000001,6.0233333333333334,0
motiongen_1235,20.582999999999998,10.339999999999998,11.629999999999999,6.0233333333333334,0
motiongen_1236,20.600000000000001,10.299999999999999,11.536666666666667,6.0233333333333334,0
motiongen_1237,20.617000000000001,10.259999999999998,11.446666666666667,6.0233333333333334,0
motiongen_1238,20.632999999999999,10.223333333333333,11.353333333333333,6.0233333333333334,0
motiongen_1239,20.649999999999999,10.19,11.256666666666666,6.0233333333333334,0
motiongen_1240,20.667000000000002,10.159999999999998,11.163333333333334,6.0233333333333334,0
motiongen_1241,20.683,10.129999999999999,11.066666666666666,6.0233333333333334,0
motiongen_1242,20.699999999999999,10.103333333333333,10.969999999999999,6.0233333333333334,0
motiongen_1243,20.716999999999999,10.079999999999998,10.869999999999999,6.0233333333333334,0
motiongen_1244,20.733000000000001,10.056666666666665,10.773333333333333,6.0233333333333334,0
motiongen_1245,20.75,10.039999999999999,10.673333333333334,6.0233333333333334,0
motiongen_1246,20.766999999999999,10.023333333333333,10.576666666666666,6.0233333333333334,0
motiongen_1247,20.783000000000001,10.01,10.476666666666667,6.0233333333333334,0
motiongen_1248,20.800000000000001,9.9966666666666661,10.376666666666667,6.0233333333333334,0
motiongen_1249,20.817,9.9899999999999984,10.276666666666667,6.0233333333333334,0
motiongen_1250,20.832999999999998,9.9833333333333325,10.176666666666666,6.0233333333333334,0
motiongen_1251,20.850000000000001,9.9800000000000004,10.076666666666666,6.0233333333333334,0
motiongen_1252,20.867000000000001,9.9800000000000004,9.9766666666666666,6.0233333333333334,0
motiongen_1253,20.882999999999999,9.9833333333333325,9.8766666666666669,6.0233333333333334,0
motiongen_1254,20.899999999999999,9.9866666666666664,9.7733333333333334,6.0233333333333334,0
motiongen_1255,20.917000000000002,9.9933333333333323,9.6733333333333338,6.0233333333333334,0
motiongen_1256,20.933,10.003333333333332,9.5733333333333324,6.0233333333333334,0
motiongen_1257,20.949999999999999,10.016666666666666,9.4766666666666666,6.0233333333333334,0
motiongen_1258,20.966999999999999,10.033333333333333,9.3766666666666669,6.0233333333333334,0
motiongen_1259,20.983000000000001,10.049999999999999,9.2766666666666673,6.0233333333333334,0
motiongen_1260,21,10.073333333333332,9.1799999999999997,6.0233333333333334,0
motiongen_1261,21.016999999999999,10.093333333333332,9.0800000000000001,6.0233333333333334,0
motiongen_1262,21.033000000000001,10.119999999999999,8.9833333333333325,6.0233333333333334,0
motiongen_1263,21.050000000000001,10.149999999999999,8.8866666666666667,6.0233333333333334,0
motiongen_1264,21.067,10.179999999999998,8.793333333333333,6.0233333333333334,0
motiongen_1265,21.082999999999998,10.213333333333333,8.6966666666666654,6.0233333333333334,0
motiongen_1266,21.100000000000001,10.25,8.6033333333333335,6.0233333333333334,0
motiongen_1267,21.117000000000001,10.286666666666665,8.5099999999999998,6.0233333333333334,0
motiongen_1268,21.132999999999999,10.326666666666664,8.4199999999999999,6.0233333333333334,0
motiongen_1269,21.149999999999999,10.369999999999999,8.3300000000000001,6.0233333333333334,0
motiongen_1270,21.167000000000002,10.416666666666666,8.2400000000000002,6.0233333333333334,0
motiongen_1271,21.183,10.463333333333331,8.1499999999999986,6.0233333333333334,0
motiongen_1272,21.199999999999999,10.513333333333332,8.0633333333333326,6.0233333333333334,0
motiongen_1273,21.216999999999999,10.566666666666665,7.9766666666666666,6.0233333333333334,0
motiongen_1274,21.233000000000001,10.623333333333331,7.8933333333333326,6.0233333333333334,0
motiongen_1275,21.25,10.68,7.8099999999999996,6.0233333333333334,0
motiongen_1276,21.266999999999999,10.736666666666666,7.7299999999999995,6.0233333333333334,0
motiongen_1277,21.283000000000001,10.799999999999999,7.6500000000000004,6.0233333333333334,0
motiongen_1278,21.300000000000001,10.863333333333332,7.5733333333333333,6.0233333333333334,0
motiongen_1279,21.317,10.926666666666666,7.4966666666666661,6.0233333333333334,0
motiongen_1280,21.332999999999998,10.993333333333332,7.4199999999999999,6.0233333333333334,0
motiongen_1281,21.350000000000001,11.063333333333333,7.3499999999999996,6.0233333333333334,0
motiongen_1282,21.367000000000001,11.133333333333331,7.2766666666666664,6.0233333333333334,0
motiongen_1283,21.382999999999999,11.206666666666665,7.21,6.0233333333333334,0
motiongen_1284,21.399999999999999,11.283333333333333,7.1399999999999997,6.0233333333333334,0
motiongen_1285,21.417000000000002,11.359999999999999,7.0766666666666662,6.0233333333333334,0
motiongen_1286,21.433,11.436666666666666,7.0133333333333328,6.0233333333333334,0
motiongen_1287,21.449999999999999,11.516666666666666,6.9533333333333331,6.0233333333333334,0
motiongen_1288,21.466999999999999,11.596666666666666,6.8933333333333326,6.0233333333333334,0
motiongen_1289,21.483000000000001,11.68,6.836666666666666,6.0233333333333334,0
motiongen_1290,21.5,11.766666666666666,6.7833333333333332,6.0233333333333334,0
motiongen_1291,21.516999999999999,11.85,6.7299999999999995,6.0233333333333334,0
motiongen_1292,21.533000000000001,11.936666666666666,6.6799999999999997,6.0233333333333334,0
motiongen_1293,21.550000000000001,12.026666666666666,6.6333333333333329,6.0233333333333334,0
motiongen_1294,21.567,12.116666666666667,6.586666666666666,6.0233333333333334,0
motiongen_1295,21.582999999999998,12.206666666666665,6.543333333333333,6.0233333333333334,0
motiongen_1296,21.600000000000001,12.299999999999999,6.503333333333333,6.0233333333333334,0
motiongen_1297,21.617000000000001,12.393333333333333,6.4666666666666668,6.0233333333333334,0
motiongen_1298,21.632999999999999,12.486666666666666,6.4299999999999997,6.0233333333333334,0
motiongen_1299,21.649999999999999,12.579999999999998,6.3966666666666665,6.0233333333333334,0
motiongen_1300,21.667000000000002,12.676666666666666,6.3666666666666663,6.0233333333333334,0
motiongen_1301,21.683,12.773333333333332,6.3399999999999999,6.0233333333333334,0
motiongen_1302,21.699999999999999,12.869999999999999,6.3133333333333326,6.0233333333333334,0
motiongen_1303,21.716999999999999,12.966666666666667,6.2899999999999991,6.0233333333333334,0
motiongen_1304,21.733000000000001,13.066666666666665,6.2699999999999996,6.0233333333333334,0
motiongen_1305,21.75,13.163333333333332,6.253333333333333,6.0233333333333334,0
motiongen_1306,21.766999999999999,13.263333333333332,6.2366666666666664,6.0233333333333334,0
motiongen_1307,21.783000000000001,13.363333333333332,6.2233333333333327,6.0233333333333334,0
motiongen_1308,21.800000000000001,13.463333333333333,6.2133333333333329,6.0233333333333334,0
motiongen_1309,21.817,13.563333333333333,6.2066666666666661,6.0233333333333334,0
motiongen_1310,21.832999999999998,13.663333333333332,6.2033333333333331,6.0233333333333334,0
motiongen_1311,21.850000000000001,13.763333333333332,6.1999999999999993,6.0233333333333334,0
motiongen_1312,21.867000000000001,13.863333333333333,6.1999999999999993,6.0233333333333334,0
motiongen_1313,21.882999999999999,13.963333333333331,6.2033333333333331,6.0233333333333334,0
motiongen_1314,21.899999999999999,14.066666666666666,6.21,6.0233333333333334,0
motiongen_1315,21.917000000000002,14.166666666666668,6.2199999999999998,6.0233333333333334,0
motiongen_1316,21.933,14.263333333333334,6.2300000000000004,6.0233333333333334,0
motiongen_1317,21.949999999999999,14.363333333333332,6.2433333333333332,6.0233333333333334,0
motiongen_1318,21.966999999999999,14.463333333333333,6.2599999999999998,6.0233333333333334,0
motiongen_1319,21.983000000000001,14.563333333333333,6.2799999999999994,6.0233333333333334,0
motiongen_1320,22,14.66,6.2999999999999998,6.0233333333333334,0
motiongen_1321,22.016999999999999,14.756666666666666,6.3233333333333324,6.0233333333333334,0
motiongen_1322,22.033000000000001,14.853333333333332,6.3499999999999996,6.0233333333333334,0
motiongen_1323,22.050000000000001,14.949999999999999,6.3799999999999999,6.0233333333333334,0
motiongen_1324,22.067,15.046666666666665,6.4133333333333331,6.0233333333333334,0
motiongen_1325,22.082999999999998,15.140000000000001,6.4466666666666663,6.0233333333333334,0
motiongen_1326,22.100000000000001,15.233333333333333,6.4833333333333325,6.0233333333333334,0
motiongen_1327,22.117000000000001,15.326666666666666,6.5233333333333334,6.0233333333333334,0
motiongen_1328,22.132999999999999,15.416666666666668,6.5633333333333326,6.0233333333333334,0
motiongen_1329,22.149999999999999,15.506666666666664,6.6099999999999994,6.0233333333333334,0
motiongen_1330,22.167000000000002,15.596666666666666,6.6566666666666663,6.0233333333333334,0
motiongen_1331,22.183,15.683333333333332,6.7033333333333331,6.0233333333333334,0
motiongen_1332,22.199999999999999,15.77,6.7566666666666659,6.0233333333333334,0
motiongen_1333,22.216999999999999,15.856666666666666,6.8099999999999996,6.0233333333333334,0
motiongen_1334,22.233000000000001,15.939999999999998,6.8633333333333333,6.0233333333333334,0
motiongen_1335,22.25,16.019999999999996,6.9233333333333329,6.0233333333333334,0
motiongen_1336,22.266999999999999,16.103333333333332,6.9799999999999995,6.0233333333333334,0
motiongen_1337,22.283000000000001,16.18,7.043333333333333,6.0233333333333334,0
motiongen_1338,22.300000000000001,16.256666666666668,7.1066666666666665,6.0233333333333334,0
motiongen_1339,22.317,16.333333333333332,7.1733333333333329,6.0233333333333334,0
motiongen_1340,22.332999999999998,16.406666666666666,7.2433333333333332,6.0233333333333334,0
motiongen_1341,22.350000000000001,16.480000000000004,7.3133333333333326,6.0233333333333334,0
motiongen_1342,22.367000000000001,16.549999999999997,7.3833333333333329,6.0233333333333334,0
motiongen_1343,22.382999999999999,16.616666666666667,7.4566666666666661,6.0233333333333334,0
motiongen_1344,22.399999999999999,16.683333333333337,7.5333333333333332,6.0233333333333334,0
motiongen_1345,22.417000000000002,16.75,7.6099999999999994,6.0233333333333334,0
motiongen_1346,22.433,16.809999999999995,7.6899999999999995,6.0233333333333334,0
motiongen_1347,22.449999999999999,16.869999999999997,7.7699999999999996,6.0233333333333334,0
motiongen_1348,22.466999999999999,16.93,7.8499999999999996,6.0233333333333334,0
motiongen_1349,22.483000000000001,16.983333333333334,7.9333333333333336,6.0233333333333334,0
motiongen_1350,22.5,17.039999999999999,8.0199999999999996,6.0233333333333334,0
motiongen_1351,22.516999999999999,17.090000000000003,8.1066666666666656,6.0233333333333334,0
motiongen_1352,22.533000000000001,17.140000000000001,8.1933333333333334,6.0233333333333334,0
motiongen_1353,22.550000000000001,17.186666666666667,8.2833333333333332,6.0233333333333334,0
motiongen_1354,22.567,17.229999999999997,8.3733333333333331,6.0233333333333334,0
motiongen_1355,22.582999999999998,17.273333333333333,8.4633333333333329,6.0233333333333334,0
motiongen_1356,22.600000000000001,17.310000000000002,8.5566666666666666,6.0233333333333334,0
motiongen_1357,22.617000000000001,17.350000000000001,8.6500000000000004,6.0233333333333334,0
motiongen_1358,22.632999999999999,17.383333333333333,8.7433333333333323,6.0233333333333334,0
motiongen_1359,22.649999999999999,17.416666666666664,8.8399999999999999,6.0233333333333334,0
motiongen_1360,22.667000000000002,17.443333333333335,8.9333333333333336,6.0233333333333334,0
motiongen_1361,22.683,17.473333333333336,9.0299999999999994,6.0233333333333334,0
motiongen_1362,22.699999999999999,17.49666666666667,9.129999999999999,6.0233333333333334,0
motiongen_1363,22.716999999999999,17.519999999999996,9.2266666666666666,6.0233333333333334,0
motiongen_1364,22.733000000000001,17.536666666666662,9.3233333333333324,6.0233333333333334,0
motiongen_1365,22.75,17.553333333333335,9.4233333333333338,6.0233333333333334,0
motiongen_1366,22.766999999999999,17.57,9.5233333333333334,6.0233333333333334,0
motiongen_1367,22.783000000000001,17.579999999999998,9.6233333333333331,6.0233333333333334,0
motiongen_1368,22.800000000000001,17.589999999999996,9.7233333333333327,6.0233333333333334,0
motiongen_1369,22.817,17.596666666666664,9.8233333333333324,6.0233333333333334,0
motiongen_1370,22.832999999999998,17.600000000000001,9.9233333333333338,6.0233333333333334,0
motiongen_1371,22.850000000000001,17.600000000000001,10.023333333333333,6.0233333333333334,0
motiongen_1372,22.867000000000001,17.596666666666664,10.123333333333333,6.0233333333333334,0
motiongen_1373,22.882999999999999,17.593333333333334,10.223333333333333,6.0233333333333334,0
motiongen_1374,22.899999999999999,17.586666666666666,10.323333333333332,6.0233333333333334,0
motiongen_1375,22.917000000000002,17.576666666666668,10.423333333333334,6.0233333333333334,0
motiongen_1376,22.933,17.566666666666663,10.523333333333333,6.0233333333333334,0
motiongen_1377,22.949999999999999,17.549999999999997,10.623333333333333,6.0233333333333334,0
motiongen_1378,22.966999999999999,17.533333333333331,10.723333333333333,6.0233333333333334,0
motiongen_1379,22.983000000000001,17.513333333333335,10.82,6.0233333333333334,0
motiongen_1380,23,17.490000000000002,10.92,6.0233333333333334,0
motiongen_1381,23.016999999999999,17.463333333333331,11.016666666666666,6.0233333333333334,0
motiongen_1382,23.033000000000001,17.436666666666667,11.113333333333333,6.0233333333333334,0
motiongen_1383,23.050000000000001,17.406666666666666,11.206666666666667,6.0233333333333334,0
motiongen_1384,23.067,17.373333333333335,11.303333333333333,6.0233333333333334,0
motiongen_1385,23.082999999999998,17.340000000000003,11.396666666666667,6.0233333333333334,0
motiongen_1386,23.100000000000001,17.299999999999997,11.49,6.0233333333333334,0
motiongen_1387,23.117000000000001,17.259999999999998,11.583333333333332,6.0233333333333334,0
motiongen_1388,23.132999999999999,17.216666666666661,11.673333333333334,6.0233333333333334,0
motiongen_1389,23.149999999999999,17.173333333333332,11.763333333333334,6.0233333333333334,0
motiongen_1390,23.167000000000002,17.126666666666665,11.85,6.0233333333333334,0
motiongen_1391,23.183,17.076666666666668,11.94,6.0233333333333334,0
motiongen_1392,23.199999999999999,17.023333333333333,12.023333333333333,6.0233333333333334,0
motiongen_1393,23.216999999999999,16.969999999999999,12.109999999999999,6.0233333333333334,0
motiongen_1394,23.233000000000001,16.913333333333334,12.193333333333333,6.0233333333333334,0
motiongen_1395,23.25,16.853333333333332,12.273333333333333,6.0233333333333334,0
motiongen_1396,23.266999999999999,16.793333333333329,12.353333333333333,6.0233333333333334,0
motiongen_1397,23.283000000000001,16.729999999999997,12.433333333333334,6.0233333333333334,0
motiongen_1398,23.300000000000001,16.666666666666664,12.51,6.0233333333333334,0
motiongen_1399,23.317,16.600000000000001,12.583333333333334,6.0233333333333334,0
motiongen_1400,23.332999999999998,16.530000000000001,12.656666666666666,6.0233333333333334,0
motiongen_1401,23.350000000000001,16.460000000000001,12.726666666666667,6.0233333333333334,0
motiongen_1402,23.367000000000001,16.386666666666663,12.796666666666667,6.0233333333333334,0
motiongen_1403,23.382999999999999,16.313333333333333,12.863333333333333,6.0233333333333334,0
motiongen_1404,23.399999999999999,16.236666666666665,12.93,6.0233333333333334,0
motiongen_1405,23.417000000000002,16.16,12.993333333333332,6.0233333333333334,0
motiongen_1406,23.433,16.079999999999998,13.056666666666667,6.0233333333333334,0
motiongen_1407,23.449999999999999,16,13.113333333333333,6.0233333333333334,0
motiongen_1408,23.466999999999999,15.916666666666666,13.17,6.0233333333333334,0
motiongen_1409,23.483000000000001,15.833333333333334,13.226666666666667,6.0233333333333334,0
motiongen_1410,23.5,15.746666666666664,13.279999999999999,6.0233333333333334,0
motiongen_1411,23.516999999999999,15.659999999999998,13.33,6.0233333333333334,0
motiongen_1412,23.533000000000001,15.569999999999999,13.376666666666667,6.0233333333333334,0
motiongen_1413,23.550000000000001,15.483333333333333,13.423333333333334,6.0233333333333334,0
motiongen_1414,23.567,15.393333333333333,13.466666666666667,6.0233333333333334,0
motiongen_1415,23.582999999999998,15.300000000000001,13.506666666666666,6.0233333333333334,0
motiongen_1416,23.600000000000001,15.206666666666665,13.546666666666667,6.0233333333333334,0
motiongen_1417,23.617000000000001,15.113333333333333,13.583333333333334,6.0233333333333334,0
motiongen_1418,23.632999999999999,15.019999999999998,13.616666666666667,6.0233333333333334,0
motiongen_1419,23.649999999999999,14.923333333333332,13.646666666666667,6.0233333333333334,0
motiongen_1420,23.667000000000002,14.826666666666666,13.676666666666666,6.0233333333333334,0
motiongen_1421,23.683,14.729999999999999,13.703333333333333,6.0233333333333334,0
motiongen_1422,23.699999999999999,14.633333333333333,13.726666666666667,6.0233333333333334,0
motiongen_1423,23.716999999999999,14.533333333333331,13.746666666666666,6.0233333333333334,0
motiongen_1424,23.733000000000001,14.436666666666666,13.763333333333332,6.0233333333333334,0
motiongen_1425,23.75,14.336666666666664,13.779999999999999,6.0233333333333334,0
motiongen_1426,23.766999999999999,14.236666666666666,13.793333333333333,6.0233333333333334,0
motiongen_1427,23.783000000000001,14.136666666666667,13.803333333333333,6.0233333333333334,0
motiongen_1428,23.800000000000001,14.036666666666665,13.813333333333333,6.0233333333333334,0
motiongen_1429,23.817,13.936666666666664,13.816666666666666,6.0233333333333334,0
motiongen_1430,23.832999999999998,13.836666666666666,13.82,6.0233333333333334,0
motiongen_1431,23.850000000000001,13.736666666666666,13.82,6.0233333333333334,0
motiongen_1432,23.867000000000001,13.636666666666667,13.816666666666666,6.0233333333333334,0
motiongen_1433,23.882999999999999,13.536666666666665,13.809999999999999,6.0233333333333334,0
motiongen_1434,23.899999999999999,13.436666666666666,13.803333333333333,6.0233333333333334,0
motiongen_1435,23.917000000000002,13.336666666666666,13.793333333333333,6.0233333333333334,0
motiongen_1436,23.933,13.236666666666666,13.779999999999999,6.0233333333333334,0
motiongen_1437,23.949999999999999,13.136666666666665,13.763333333333332,6.0233333333333334,0
motiongen_1438,23.966999999999999,13.036666666666665,13.746666666666666,6.0233333333333334,0
motiongen_1439,23.983000000000001,12.94,13.723333333333333,6.0233333333333334,0
motiongen_1440,24,12.843333333333334,13.699999999999999,6.0233333333333334,0
motiongen_1441,24.016999999999999,12.746666666666664,13.673333333333334,6.0233333333333334,0
motiongen_1442,24.033000000000001,12.649999999999999,13.646666666666667,6.0233333333333334,0
motiongen_1443,24.050000000000001,12.553333333333333,13.613333333333333,6.0233333333333334,0
motiongen_1444,24.067,12.459999999999999,13.58,6.0233333333333334,0
motiongen_1445,24.082999999999998,12.366666666666665,13.543333333333333,6.0233333333333334,0
motiongen_1446,24.100000000000001,12.273333333333332,13.506666666666666,6.0233333333333334,0
motiongen_1447,24.117000000000001,12.179999999999998,13.463333333333333,6.0233333333333334,0
motiongen_1448,24.132999999999999,12.09,13.42,6.0233333333333334,0
motiongen_1449,24.149999999999999,12.003333333333332,13.373333333333333,6.0233333333333334,0
motiongen_1450,24.167000000000002,11.913333333333332,13.326666666666666,6.0233333333333334,0
motiongen_1451,24.183,11.826666666666666,13.276666666666667,6.0233333333333334,0
motiongen_1452,24.199999999999999,11.743333333333332,13.223333333333333,6.0233333333333334,0
motiongen_1453,24.216999999999999,11.656666666666665,13.166666666666666,6.0233333333333334,0
motiongen_1454,24.233000000000001,11.576666666666664,13.109999999999999,6.0233333333333334,0
motiongen_1455,24.25,11.493333333333332,13.050000000000001,6.0233333333333334,0
motiongen_1456,24.266999999999999,11.416666666666664,12.99,6.0233333333333334,0
motiongen_1457,24.283000000000001,11.336666666666664,12.926666666666666,6.0233333333333334,0
motiongen_1458,24.300000000000001,11.26,12.859999999999999,6.0233333333333334,0
motiongen_1459,24.317,11.186666666666666,12.793333333333333,6.0233333333333334,0
motiongen_1460,24.332999999999998,11.113333333333333,12.723333333333333,6.0233333333333334,0
motiongen_1461,24.350000000000001,11.043333333333333,12.65,6.0233333333333334,0
motiongen_1462,24.367000000000001,10.976666666666667,12.576666666666666,6.0233333333333334,0
motiongen_1463,24.382999999999999,10.91,12.503333333333334,6.0233333333333334,0
motiongen_1464,24.399999999999999,10.843333333333332,12.426666666666666,6.0233333333333334,0
motiongen_1465,24.417000000000002,10.779999999999999,12.346666666666666,6.0233333333333334,0
motiongen_1466,24.433,10.719999999999999,12.266666666666666,6.0233333333333334,0
motiongen_1467,24.449999999999999,10.663333333333332,12.186666666666667,6.0233333333333334,0
motiongen_1468,24.466999999999999,10.606666666666666,12.103333333333333,6.0233333333333334,0
motiongen_1469,24.483000000000001,10.553333333333333,12.016666666666666,6.0233333333333334,0
motiongen_1470,24.5,10.499999999999998,11.933333333333334,6.0233333333333334,0
motiongen_1471,24.516999999999999,10.449999999999999,11.843333333333334,6.0233333333333334,0
motiongen_1472,24.533000000000001,10.403333333333332,11.756666666666666,6.0233333333333334,0
motiongen_1473,24.550000000000001,10.359999999999999,11.666666666666666,6.0233333333333334,0
motiongen_1474,24.567,10.316666666666666,11.576666666666666,6.0233333333333334,0
motiongen_1475,24.582999999999998,10.276666666666666,11.483333333333333,6.0233333333333334,0
motiongen_1476,24.600000000000001,10.239999999999998,11.390000000000001,6.0233333333333334,0
motiongen_1477,24.617000000000001,10.203333333333331,11.296666666666667,6.0233333333333334,0
motiongen_1478,24.632999999999999,10.17,11.199999999999999,6.0233333333333334,0
motiongen_1479,24.649999999999999,10.139999999999999,11.106666666666666,6.0233333333333334,0
motiongen_1480,24.667000000000002,10.113333333333332,11.01,6.0233333333333334,0
motiongen_1481,24.683,10.086666666666664,10.913333333333334,6.0233333333333334,0
motiongen_1482,24.699999999999999,10.066666666666666,10.813333333333333,6.0233333333333334,0
motiongen_1483,24.716999999999999,10.046666666666665,10.716666666666667,6.0233333333333334,0
motiongen_1484,24.733000000000001,10.029999999999999,10.616666666666667,6.0233333333333334,0
motiongen_1485,24.75,10.013333333333332,10.516666666666666,6.0233333333333334,0
motiongen_1486,24.766999999999999,10.003333333333332,10.416666666666666,6.0233333333333334,0
motiongen_1487,24.783000000000001,9.9933333333333323,10.316666666666666,6.0233333333333334,0
motiongen_1488,24.800000000000001,9.9866666666666664,10.216666666666667,6.0233333333333334,0
motiongen_1489,24.817,9.9800000000000004,10.116666666666667,6.0233333333333334,0
motiongen_1490,24.832999999999998,9.9800000000000004,10.016666666666666,6.0233333333333334,0
motiongen_1491,24.850000000000001,9.9800000000000004,9.9166666666666661,6.0233333333333334,0
motiongen_1492,24.867000000000001,9.9833333333333325,9.8166666666666664,6.0233333333333334,0
motiongen_1493,24.882999999999999,9.9899999999999984,9.7166666666666668,6.0233333333333334,0
motiongen_1494,24.899999999999999,9.9999999999999982,9.6166666666666671,6.0233333333333334,0
motiongen_1495,24.917000000000002,10.013333333333332,9.5166666666666657,6.0233333333333334,0
motiongen_1496,24.933,10.026666666666666,9.4166666666666661,6.0233333333333334,0
motiongen_1497,24.949999999999999,10.043333333333331,9.3166666666666664,6.0233333333333334,0
motiongen_1498,24.966999999999999,10.063333333333333,9.2199999999999989,6.0233333333333334,0
motiongen_1499,24.983000000000001,10.086666666666664,9.1199999999999992,6.0233333333333334,0
motiongen_1500,25,10.109999999999999,9.0233333333333334,6.0233333333333334,0
motiongen_1501,25.016999999999999,10.136666666666665,8.9266666666666659,6.0233333333333334,0
motiongen_1502,25.033000000000001,10.166666666666664,8.8300000000000001,6.0233333333333334,0
motiongen_1503,25.050000000000001,10.199999999999999,8.7366666666666664,6.0233333333333334,0
motiongen_1504,25.067,10.233333333333333,8.6433333333333326,6.0233333333333334,0
motiongen_1505,25.082999999999998,10.27,8.5500000000000007,6.0233333333333334,0
motiongen_1506,25.100000000000001,10.309999999999999,8.456666666666667,6.0233333333333334,0
motiongen_1507,25.117000000000001,10.353333333333332,8.3666666666666671,6.0233333333333334,0
motiongen_1508,25.132999999999999,10.396666666666667,8.2766666666666673,6.0233333333333334,0
motiongen_1509,25.149999999999999,10.443333333333332,8.1866666666666656,6.0233333333333334,0
motiongen_1510,25.167000000000002,10.493333333333332,8.0999999999999996,6.0233333333333334,0
motiongen_1511,25.183,10.546666666666667,8.0133333333333336,6.0233333333333334,0
motiongen_1512,25.199999999999999,10.6,7.9266666666666659,6.0233333333333334,0
motiongen_1513,25.216999999999999,10.653333333333332,7.8433333333333328,6.0233333333333334,0
motiongen_1514,25.233000000000001,10.713333333333333,7.7633333333333328,6.0233333333333334,0
motiongen_1515,25.25,10.773333333333333,7.6833333333333336,6.0233333333333334,0
motiongen_1516,25.266999999999999,10.836666666666666,7.6033333333333335,6.0233333333333334,0
motiongen_1517,25.283000000000001,10.899999999999999,7.5266666666666664,6.0233333333333334,0
motiongen_1518,25.300000000000001,10.966666666666665,7.4533333333333331,6.0233333333333334,0
motiongen_1519,25.317,11.036666666666665,7.376666666666666,6.0233333333333334,0
motiongen_1520,25.332999999999998,11.106666666666666,7.3066666666666666,6.0233333333333334,0
motiongen_1521,25.350000000000001,11.176666666666666,7.2366666666666664,6.0233333333333334,0
motiongen_1522,25.367000000000001,11.249999999999998,7.1699999999999999,6.0233333333333334,0
motiongen_1523,25.382999999999999,11.326666666666666,7.1033333333333335,6.0233333333333334,0
motiongen_1524,25.399999999999999,11.403333333333332,7.0399999999999991,6.0233333333333334,0
motiongen_1525,25.417000000000002,11.483333333333333,6.9766666666666666,6.0233333333333334,0
motiongen_1526,25.433,11.563333333333333,6.9166666666666661,6.0233333333333334,0
motiongen_1527,25.449999999999999,11.646666666666667,6.8599999999999994,6.0233333333333334,0
motiongen_1528,25.466999999999999,11.729999999999999,6.8033333333333328,6.0233333333333334,0
motiongen_1529,25.483000000000001,11.816666666666665,6.75,6.0233333333333334,0
motiongen_1530,25.5,11.903333333333332,6.6999999999999993,6.0233333333333334,0
motiongen_1531,25.516999999999999,11.989999999999998,6.6533333333333333,6.0233333333333334,0
motiongen_1532,25.533000000000001,12.08,6.6066666666666665,6.0233333333333334,0
motiongen_1533,25.550000000000001,12.169999999999998,6.5633333333333326,6.0233333333333334,0
motiongen_1534,25.567,12.259999999999998,6.5199999999999996,6.0233333333333334,0
motiongen_1535,25.582999999999998,12.353333333333332,6.4800000000000004,6.0233333333333334,0
motiongen_1536,25.600000000000001,12.446666666666665,6.4433333333333334,6.0233333333333334,0
motiongen_1537,25.617000000000001,12.539999999999999,6.4099999999999993,6.0233333333333334,0
motiongen_1538,25.632999999999999,12.636666666666665,6.3799999999999999,6.0233333333333334,0
motiongen_1539,25.649999999999999,12.733333333333333,6.3499999999999996,6.0233333333333334,0
motiongen_1540,25.667000000000002,12.83,6.3233333333333324,6.0233333333333334,0
motiongen_1541,25.683,12.926666666666666,6.2999999999999998,6.0233333333333334,0
motiongen_1542,25.699999999999999,13.026666666666666,6.2766666666666655,6.0233333333333334,0
motiongen_1543,25.716999999999999,13.123333333333331,6.2599999999999998,6.0233333333333334,0
motiongen_1544,25.733000000000001,13.223333333333333,6.2433333333333332,6.0233333333333334,0
motiongen_1545,25.75,13.323333333333332,6.2300000000000004,6.0233333333333334,0
motiongen_1546,25.766999999999999,13.423333333333332,6.2166666666666668,6.0233333333333334,0
motiongen_1547,25.783000000000001,13.523333333333332,6.21,6.0233333333333334,0
motiongen_1548,25.800000000000001,13.623333333333333,6.2033333333333331,6.0233333333333334,0
motiongen_1549,25.817,13.723333333333333,6.1999999999999993,6.0233333333333334,0
motiongen_1550,25.832999999999998,13.823333333333332,6.1999999999999993,6.0233333333333334,0
motiongen_1551,25.850000000000001,13.923333333333332,6.2033333333333331,6.0233333333333334,0
motiongen_1552,25.867000000000001,14.023333333333333,6.2066666666666661,6.0233333333333334,0
motiongen_1553,25.882999999999999,14.123333333333331,6.2133333333333329,6.0233333333333334,0
motiongen_1554,25.899999999999999,14.223333333333333,6.2233333333333327,6.0233333333333334,0
motiongen_1555,25.917000000000002,14.323333333333332,6.2366666666666664,6.0233333333333334,0
motiongen_1556,25.933,14.423333333333334,6.253333333333333,6.0233333333333334,0
motiongen_1557,25.949999999999999,14.52,6.2699999999999996,6.0233333333333334,0
motiongen_1558,25.966999999999999,14.619999999999997,6.2899999999999991,6.0233333333333334,0
motiongen_1559,25.983000000000001,14.716666666666665,6.3133333333333326,6.0233333333333334,0
motiongen_1560,26,14.813333333333334,6.3399999999999999,6.0233333333333334,0
motiongen_1561,26.016999999999999,14.91,6.3699999999999992,6.0233333333333334,0
motiongen_1562,26.033000000000001,15.006666666666666,6.4000000000000004,6.0233333333333334,0
motiongen_1563,26.050000000000001,15.099999999999998,6.4333333333333336,6.0233333333333334,0
motiongen_1564,26.067,15.196666666666665,6.4699999999999989,6.0233333333333334,0
motiongen_1565,26.082999999999998,15.286666666666665,6.5066666666666659,6.0233333333333334,0
motiongen_1566,26.100000000000001,15.380000000000001,6.5466666666666669,6.0233333333333334,0
motiongen_1567,26.117000000000001,15.469999999999997,6.5899999999999999,6.0233333333333334,0
motiongen_1568,26.132999999999999,15.559999999999999,6.6366666666666667,6.0233333333333334,0
motiongen_1569,26.149999999999999,15.646666666666667,6.6833333333333336,6.0233333333333334,0
motiongen_1570,26.167000000000002,15.736666666666665,6.7333333333333325,6.0233333333333334,0
motiongen_1571,26.183,15.819999999999999,6.7866666666666671,6.0233333333333334,0
motiongen_1572,26.199999999999999,15.906666666666665,6.8399999999999999,6.0233333333333334,0
motiongen_1573,26.216999999999999,15.986666666666665,6.8966666666666665,6.0233333333333334,0
motiongen_1574,26.233000000000001,16.07,6.9566666666666661,6.0233333333333334,0
motiongen_1575,26.25,16.149999999999999,7.0166666666666657,6.0233333333333334,0
motiongen_1576,26.266999999999999,16.226666666666667,7.0800000000000001,6.0233333333333334,0
motiongen_1577,26.283000000000001,16.303333333333331,7.1466666666666665,6.0233333333333334,0
motiongen_1578,26.300000000000001,16.376666666666665,7.2133333333333329,6.0233333333333334,0
motiongen_1579,26.317,16.449999999999999,7.2833333333333332,6.0233333333333334,0
motiongen_1580,26.332999999999998,16.519999999999996,7.3533333333333335,6.0233333333333334,0
motiongen_1581,26.350000000000001,16.589999999999996,7.4266666666666659,6.0233333333333334,0
motiongen_1582,26.367000000000001,16.656666666666666,7.5,6.0233333333333334,0
motiongen_1583,26.382999999999999,16.723333333333329,7.5766666666666662,6.0233333333333334,0
motiongen_1584,26.399999999999999,16.786666666666669,7.6566666666666663,6.0233333333333334,0
motiongen_1585,26.417000000000002,16.846666666666664,7.7366666666666664,6.0233333333333334,0
motiongen_1586,26.433,16.906666666666666,7.8166666666666664,6.0233333333333334,0
motiongen_1587,26.449999999999999,16.963333333333331,7.8999999999999995,6.0233333333333334,0
motiongen_1588,26.466999999999999,17.016666666666666,7.9833333333333325,6.0233333333333334,0
motiongen_1589,26.483000000000001,17.07,8.0700000000000003,6.0233333333333334,0
motiongen_1590,26.5,17.119999999999997,8.1566666666666663,6.0233333333333334,0
motiongen_1591,26.516999999999999,17.166666666666664,8.2466666666666661,6.0233333333333334,0
motiongen_1592,26.533000000000001,17.213333333333331,8.336666666666666,6.0233333333333334,0
motiongen_1593,26.550000000000001,17.256666666666668,8.4266666666666659,6.0233333333333334,0
motiongen_1594,26.567,17.296666666666667,8.5166666666666657,6.0233333333333334,0
motiongen_1595,26.582999999999998,17.333333333333329,8.6099999999999994,6.0233333333333334,0
motiongen_1596,26.600000000000001,17.369999999999997,8.7033333333333331,6.0233333333333334,0
motiongen_1597,26.617000000000001,17.403333333333329,8.8000000000000007,6.0233333333333334,0
motiongen_1598,26.632999999999999,17.43333333333333,8.8933333333333326,6.0233333333333334,0
motiongen_1599,26.649999999999999,17.460000000000001,8.9900000000000002,6.0233333333333334,0
motiongen_1600,26.667000000000002,17.486666666666665,9.086666666666666,6.0233333333333334,0
motiongen_1601,26.683,17.509999999999998,9.1866666666666656,6.0233333333333334,0
motiongen_1602,26.699999999999999,17.530000000000001,9.2833333333333332,6.0233333333333334,0
motiongen_1603,26.716999999999999,17.546666666666667,9.3833333333333329,6.0233333333333334,0
motiongen_1604,26.733000000000001,17.563333333333333,9.4833333333333325,6.0233333333333334,0
motiongen_1605,26.75,17.576666666666668,9.5833333333333339,6.0233333333333334,0
motiongen_1606,26.766999999999999,17.586666666666666,9.6833333333333336,6.0233333333333334,0
motiongen_1607,26.783000000000001,17.593333333333334,9.7833333333333332,6.0233333333333334,0
motiongen_1608,26.800000000000001,17.596666666666664,9.8833333333333329,6.0233333333333334,0
motiongen_1609,26.817,17.600000000000001,9.9833333333333325,6.0233333333333334,0
motiongen_1610,26.832999999999998,17.600000000000001,10.083333333333334,6.0233333333333334,0
motiongen_1611,26.850000000000001,17.596666666666664,10.183333333333334,6.0233333333333334,0
motiongen_1612,26.867000000000001,17.589999999999996,10.283333333333333,6.0233333333333334,0
motiongen_1613,26.882999999999999,17.579999999999998,10.383333333333333,6.0233333333333334,0
motiongen_1614,26.899999999999999,17.57,10.483333333333333,6.0233333333333334,0
motiongen_1615,26.917000000000002,17.556666666666665,10.583333333333334,6.0233333333333334,0
motiongen_1616,26.933,17.539999999999999,10.683333333333334,6.0233333333333334,0
motiongen_1617,26.949999999999999,17.519999999999996,10.779999999999999,6.0233333333333334,0
motiongen_1618,26.966999999999999,17.5,10.879999999999999,6.0233333333333334,0
motiongen_1619,26.983000000000001,17.476666666666667,10.976666666666667,6.0233333333333334,0
motiongen_1620,27,17.449999999999996,11.073333333333334,6.0233333333333334,0
motiongen_1621,27.016999999999999,17.420000000000002,11.17,6.0233333333333334,0
motiongen_1622,27.033000000000001,17.386666666666663,11.263333333333334,6.0233333333333334,0
motiongen_1623,27.050000000000001,17.353333333333332,11.359999999999999,6.0233333333333334,0
motiongen_1624,27.067,17.316666666666663,11.453333333333333,6.0233333333333334,0
motiongen_1625,27.082999999999998,17.276666666666664,11.543333333333333,6.0233333333333334,0
motiongen_1626,27.100000000000001,17.236666666666665,11.636666666666667,6.0233333333333334,0
motiongen_1627,27.117000000000001,17.189999999999998,11.726666666666667,6.0233333333333334,0
motiongen_1628,27.132999999999999,17.146666666666668,11.816666666666666,6.0233333333333334,0
motiongen_1629,27.149999999999999,17.096666666666664,11.903333333333332,6.0233333333333334,0
motiongen_1630,27.167000000000002,17.046666666666667,11.99,6.0233333333333334,0
motiongen_1631,27.183,16.993333333333332,12.073333333333334,6.0233333333333334,0
motiongen_1632,27.199999999999999,16.936666666666667,12.156666666666666,6.0233333333333334,0
motiongen_1633,27.216999999999999,16.879999999999995,12.24,6.0233333333333334,0
motiongen_1634,27.233000000000001,16.82,12.32,6.0233333333333334,0
motiongen_1635,27.25,16.756666666666668,12.4,6.0233333333333334,0
motiongen_1636,27.266999999999999,16.693333333333335,12.476666666666667,6.0233333333333334,0
motiongen_1637,27.283000000000001,16.626666666666665,12.553333333333333,6.0233333333333334,0
motiongen_1638,27.300000000000001,16.560000000000002,12.626666666666667,6.0233333333333334,0
motiongen_1639,27.317,16.489999999999995,12.699999999999999,6.0233333333333334,0
motiongen_1640,27.332999999999998,16.416666666666664,12.77,6.0233333333333334,0
motiongen_1641,27.350000000000001,16.343333333333334,12.836666666666666,6.0233333333333334,0
motiongen_1642,27.367000000000001,16.269999999999996,12.903333333333332,6.0233333333333334,0
motiongen_1643,27.382999999999999,16.189999999999998,12.966666666666667,6.0233333333333334,0
motiongen_1644,27.399999999999999,16.113333333333333,13.029999999999999,6.0233333333333334,0
motiongen_1645,27.417000000000002,16.033333333333331,13.09,6.0233333333333334,0
motiongen_1646,27.433,15.949999999999998,13.15,6.0233333333333334,0
motiongen_1647,27.449999999999999,15.866666666666667,13.203333333333333,6.0233333333333334,0
motiongen_1648,27.466999999999999,15.783333333333331,13.256666666666666,6.0233333333333334,0
motiongen_1649,27.483000000000001,15.696666666666665,13.31,6.0233333333333334,0
motiongen_1650,27.5,15.606666666666666,13.356666666666666,6.0233333333333334,0
motiongen_1651,27.516999999999999,15.52,13.406666666666666,6.0233333333333334,0
motiongen_1652,27.533000000000001,15.43,13.449999999999999,6.0233333333333334,0
motiongen_1653,27.550000000000001,15.336666666666668,13.49,6.0233333333333334,0
motiongen_1654,27.567,15.246666666666666,13.530000000000001,6.0233333333333334,0
motiongen_1655,27.582999999999998,15.153333333333332,13.566666666666666,6.0233333333333334,0
motiongen_1656,27.600000000000001,15.056666666666665,13.603333333333333,6.0233333333333334,0
motiongen_1657,27.617000000000001,14.963333333333333,13.633333333333333,6.0233333333333334,0
motiongen_1658,27.632999999999999,14.866666666666667,13.663333333333334,6.0233333333333334,0
motiongen_1659,27.649999999999999,14.769999999999998,13.693333333333333,6.0233333333333334,0
motiongen_1660,27.667000000000002,14.673333333333332,13.716666666666667,6.0233333333333334,0
motiongen_1661,27.683,14.573333333333334,13.736666666666666,6.0233333333333334,0
motiongen_1662,27.699999999999999,14.476666666666667,13.756666666666668,6.0233333333333334,0
motiongen_1663,27.716999999999999,14.376666666666667,13.773333333333333,6.0233333333333334,0
motiongen_1664,27.733000000000001,14.276666666666666,13.789999999999999,6.0233333333333334,0
motiongen_1665,27.75,14.176666666666664,13.800000000000001,6.0233333333333334,0
motiongen_1666,27.766999999999999,14.076666666666666,13.809999999999999,6.0233333333333334,0
motiongen_1667,27.783000000000001,13.976666666666667,13.816666666666666,6.0233333333333334,0
motiongen_1668,27.800000000000001,13.876666666666665,13.82,6.0233333333333334,0
motiongen_1669,27.817,13.776666666666666,13.82,6.0233333333333334,0
motiongen_1670,27.832999999999998,13.676666666666666,13.816666666666666,6.0233333333333334,0
motiongen_1671,27.850000000000001,13.576666666666666,13.813333333333333,6.0233333333333334,0
motiongen_1672,27.867000000000001,13.476666666666667,13.806666666666667,6.0233333333333334,0
motiongen_1673,27.882999999999999,13.376666666666665,13.796666666666667,6.0233333333333334,0
motiongen_1674,27.899999999999999,13.276666666666666,13.786666666666667,6.0233333333333334,0
motiongen_1675,27.917000000000002,13.176666666666666,13.77,6.0233333333333334,0
motiongen_1676,27.933,13.079999999999998,13.753333333333334,6.0233333333333334,0
motiongen_1677,27.949999999999999,12.979999999999999,13.733333333333334,6.0233333333333334,0
motiongen_1678,27.966999999999999,12.883333333333333,13.710000000000001,6.0233333333333334,0
motiongen_1679,27.983000000000001,12.786666666666665,13.686666666666667,6.0233333333333334,0
motiongen_1680,28,12.69,13.656666666666666,6.0233333333333334,0
motiongen_1681,28.016999999999999,12.593333333333332,13.626666666666667,6.0233333333333334,0
motiongen_1682,28.033000000000001,12.496666666666666,13.593333333333334,6.0233333333333334,0
motiongen_1683,28.050000000000001,12.403333333333332,13.559999999999999,6.0233333333333334,0
motiongen_1684,28.067,12.309999999999999,13.52,6.0233333333333334,0
motiongen_1685,28.082999999999998,12.219999999999999,13.48,6.0233333333333334,0
motiongen_1686,28.100000000000001,12.126666666666665,13.44,6.0233333333333334,0
motiongen_1687,28.117000000000001,12.039999999999999,13.393333333333333,6.0233333333333334,0
motiongen_1688,28.132999999999999,11.949999999999999,13.346666666666666,6.0233333333333334,0
motiongen_1689,28.149999999999999,11.863333333333333,13.296666666666667,6.0233333333333334,0
motiongen_1690,28.167000000000002,11.776666666666666,13.243333333333332,6.0233333333333334,0
motiongen_1691,28.183,11.693333333333332,13.19,6.0233333333333334,0
motiongen_1692,28.199999999999999,11.609999999999999,13.133333333333333,6.0233333333333334,0
motiongen_1693,28.216999999999999,11.526666666666666,13.076666666666666,6.0233333333333334,0
motiongen_1694,28.233000000000001,11.446666666666665,13.013333333333334,6.0233333333333334,0
motiongen_1695,28.25,11.369999999999999,12.953333333333333,6.0233333333333334,0
motiongen_1696,28.266999999999999,11.293333333333331,12.886666666666667,6.0233333333333334,0
motiongen_1697,28.283000000000001,11.216666666666667,12.82,6.0233333333333334,0
motiongen_1698,28.300000000000001,11.143333333333333,12.75,6.0233333333333334,0
motiongen_1699,28.317,11.073333333333332,12.68,6.0233333333333334,0
motiongen_1700,28.332999999999998,11.003333333333332,12.609999999999999,6.0233333333333334,0
motiongen_1701,28.350000000000001,10.936666666666666,12.533333333333333,6.0233333333333334,0
motiongen_1702,28.367000000000001,10.869999999999999,12.456666666666667,6.0233333333333334,0
motiongen_1703,28.382999999999999,10.806666666666665,12.379999999999999,6.0233333333333334,0
motiongen_1704,28.399999999999999,10.746666666666666,12.300000000000001,6.0233333333333334,0
motiongen_1705,28.417000000000002,10.686666666666666,12.220000000000001,6.0233333333333334,0
motiongen_1706,28.433,10.629999999999999,12.136666666666667,6.0233333333333334,0
motiongen_1707,28.449999999999999,10.573333333333332,12.053333333333333,6.0233333333333334,0
motiongen_1708,28.466999999999999,10.52,11.966666666666667,6.0233333333333334,0
motiongen_1709,28.483000000000001,10.469999999999999,11.880000000000001,6.0233333333333334,0
motiongen_1710,28.5,10.423333333333334,11.793333333333333,6.0233333333333334,0
motiongen_1711,28.516999999999999,10.376666666666665,11.703333333333333,6.0233333333333334,0
motiongen_1712,28.533000000000001,10.333333333333332,11.613333333333333,6.0233333333333334,0
motiongen_1713,28.550000000000001,10.293333333333333,11.52,6.0233333333333334,0
motiongen_1714,28.567,10.253333333333332,11.43,6.0233333333333334,0
motiongen_1715,28.582999999999998,10.216666666666665,11.333333333333334,6.0233333333333334,0
motiongen_1716,28.600000000000001,10.183333333333334,11.24,6.0233333333333334,0
motiongen_1717,28.617000000000001,10.153333333333332,11.143333333333333,6.0233333333333334,0
motiongen_1718,28.632999999999999,10.123333333333331,11.050000000000001,6.0233333333333334,0
motiongen_1719,28.649999999999999,10.096666666666666,10.953333333333333,6.0233333333333334,0
motiongen_1720,28.667000000000002,10.073333333333332,10.853333333333333,6.0233333333333334,0
motiongen_1721,28.683,10.053333333333333,10.756666666666666,6.0233333333333334,0
motiongen_1722,28.699999999999999,10.036666666666665,10.656666666666666,6.0233333333333334,0
motiongen_1723,28.716999999999999,10.02,10.556666666666667,6.0233333333333334,0
motiongen_1724,28.733000000000001,10.006666666666666,10.459999999999999,6.0233333333333334,0
motiongen_1725,28.75,9.9966666666666661,10.359999999999999,6.0233333333333334,0
motiongen_1726,28.766999999999999,9.9866666666666664,10.26,6.0233333333333334,0
motiongen_1727,28.783000000000001,9.9833333333333325,10.156666666666666,6.0233333333333334,0
motiongen_1728,28.800000000000001,9.9800000000000004,10.056666666666667,6.0233333333333334,0
motiongen_1729,28.817,9.9800000000000004,9.956666666666667,6.0233333333333334,0
motiongen_1730,28.832999999999998,9.9833333333333325,9.8566666666666656,6.0233333333333334,0
motiongen_1731,28.850000000000001,9.9899999999999984,9.7566666666666659,6.0233333333333334,0
motiongen_1732,28.867000000000001,9.9966666666666661,9.6566666666666663,6.0233333333333334,0
motiongen_1733,28.882999999999999,10.006666666666666,9.5566666666666666,6.0233333333333334,0
motiongen_1734,28.899999999999999,10.02,9.456666666666667,6.0233333333333334,0
motiongen_1735,28.917000000000002,10.036666666666665,9.3566666666666656,6.0233333333333334,0
motiongen_1736,28.933,10.053333333333333,9.2599999999999998,6.0233333333333334,0
motiongen_1737,28.949999999999999,10.076666666666666,9.1600000000000001,6.0233333333333334,0
motiongen_1738,28.966999999999999,10.099999999999998,9.0633333333333326,6.0233333333333334,0
motiongen_1739,28.983000000000001,10.126666666666665,8.9666666666666668,6.0233333333333334,0
motiongen_1740,29,10.153333333333332,8.8699999999999992,6.0233333333333334,0
motiongen_1741,29.016999999999999,10.186666666666666,8.7766666666666673,6.0233333333333334,0
motiongen_1742,29.033000000000001,10.219999999999999,8.6799999999999997,6.0233333333333334,0
motiongen_1743,29.050000000000001,10.256666666666666,8.586666666666666,6.0233333333333334,0
motiongen_1744,29.067,10.293333333333333,8.4933333333333323,6.0233333333333334,0
motiongen_1745,29.082999999999998,10.336666666666666,8.4033333333333324,6.0233333333333334,0
motiongen_1746,29.100000000000001,10.379999999999999,8.3133333333333326,6.0233333333333334,0
motiongen_1747,29.117000000000001,10.426666666666666,8.2233333333333327,6.0233333333333334,0
motiongen_1748,29.132999999999999,10.473333333333333,8.1366666666666667,6.0233333333333334,0
motiongen_1749,29.149999999999999,10.523333333333332,8.0466666666666669,6.0233333333333334,0
motiongen_1750,29.167000000000002,10.576666666666666,7.9633333333333329,6.0233333333333334,0
motiongen_1751,29.183,10.633333333333333,7.879999999999999,6.0233333333333334,0
motiongen_1752,29.199999999999999,10.689999999999998,7.7966666666666669,6.0233333333333334,0
motiongen_1753,29.216999999999999,10.75,7.7166666666666668,6.0233333333333334,0
motiongen_1754,29.233000000000001,10.809999999999999,7.6366666666666667,6.0233333333333334,0
motiongen_1755,29.25,10.873333333333333,7.5599999999999996,6.0233333333333334,0
motiongen_1756,29.266999999999999,10.94,7.4833333333333325,6.0233333333333334,0
motiongen_1757,29.283000000000001,11.006666666666666,7.4066666666666663,6.0233333333333334,0
motiongen_1758,29.300000000000001,11.076666666666666,7.336666666666666,6.0233333333333334,0
motiongen_1759,29.317,11.146666666666665,7.2666666666666666,6.0233333333333334,0
motiongen_1760,29.332999999999998,11.219999999999999,7.1966666666666663,6.0233333333333334,0
motiongen_1761,29.350000000000001,11.296666666666665,7.1299999999999999,6.0233333333333334,0
motiongen_1762,29.367000000000001,11.373333333333331,7.0666666666666664,6.0233333333333334,0
motiongen_1763,29.382999999999999,11.449999999999999,7.003333333333333,6.0233333333333334,0
motiongen_1764,29.399999999999999,11.529999999999999,6.9433333333333334,6.0233333333333334,0
motiongen_1765,29.417000000000002,11.613333333333332,6.8833333333333329,6.0233333333333334,0
motiongen_1766,29.433,11.696666666666665,6.8266666666666662,6.0233333333333334,0
motiongen_1767,29.449999999999999,11.779999999999998,6.7733333333333334,6.0233333333333334,0
motiongen_1768,29.466999999999999,11.866666666666665,6.7199999999999998,6.0233333333333334,0
motiongen_1769,29.483000000000001,11.953333333333331,6.6699999999999999,6.0233333333333334,0
motiongen_1770,29.5,12.043333333333333,6.6233333333333331,6.0233333333333334,0
motiongen_1771,29.516999999999999,12.133333333333333,6.5800000000000001,6.0233333333333334,0
motiongen_1772,29.533000000000001,12.223333333333331,6.5366666666666662,6.0233333333333334,0
motiongen_1773,29.550000000000001,12.316666666666665,6.4966666666666661,6.0233333333333334,0
motiongen_1774,29.567,12.409999999999998,6.46,6.0233333333333334,0
motiongen_1775,29.582999999999998,12.503333333333332,6.4233333333333329,6.0233333333333334,0
motiongen_1776,29.600000000000001,12.596666666666666,6.3899999999999988,6.0233333333333334,0
motiongen_1777,29.617000000000001,12.693333333333332,6.3599999999999994,6.0233333333333334,0
motiongen_1778,29.632999999999999,12.789999999999999,6.333333333333333,6.0233333333333334,0
motiongen_1779,29.649999999999999,12.886666666666667,6.3099999999999987,6.0233333333333334,0
motiongen_1780,29.667000000000002,12.983333333333333,6.2866666666666662,6.0233333333333334,0
motiongen_1781,29.683,13.083333333333332,6.2666666666666657,6.0233333333333334,0
motiongen_1782,29.699999999999999,13.183333333333332,6.25,6.0233333333333334,0
motiongen_1783,29.716999999999999,13.279999999999999,6.2333333333333325,6.0233333333333334,0
motiongen_1784,29.733000000000001,13.379999999999999,6.2233333333333327,6.0233333333333334,0
motiongen_1785,29.75,13.479999999999999,6.2133333333333329,6.0233333333333334,0
motiongen_1786,29.766999999999999,13.579999999999998,6.2066666666666661,6.0233333333333334,0
motiongen_1787,29.783000000000001,13.68,6.1999999999999993,6.0233333333333334,0
motiongen_1788,29.800000000000001,13.783333333333333,6.1999999999999993,6.0233333333333334,0
motiongen_1789,29.817,13.883333333333331,6.1999999999999993,6.0233333333333334,0
motiongen_1790,29.832999999999998,13.983333333333333,6.2033333333333331,6.0233333333333334,0
motiongen_1791,29.850000000000001,14.083333333333332,6.21,6.0233333333333334,0
motiongen_1792,29.867000000000001,14.183333333333334,6.2199999999999998,6.0233333333333334,0
motiongen_1793,29.882999999999999,14.283333333333331,6.2333333333333325,6.0233333333333334,0
motiongen_1794,29.899999999999999,14.383333333333333,6.2466666666666661,6.0233333333333334,0
motiongen_1795,29.917000000000002,14.479999999999999,6.2633333333333328,6.0233333333333334,0
motiongen_1796,29.933,14.58,6.2833333333333332,6.0233333333333334,0
motiongen_1797,29.949999999999999,14.676666666666666,6.3033333333333328,6.0233333333333334,0
motiongen_1798,29.966999999999999,14.773333333333332,6.3299999999999992,6.0233333333333334,0
motiongen_1799,29.983000000000001,14.869999999999999,6.3566666666666656,6.0233333333333334,0
motiongen_1800,30,14.966666666666665,6.3866666666666667,6.0233333333333334,0
motiongen_1801,30.016999999999999,15.063333333333331,6.4199999999999999,6.0233333333333334,0
motiongen_1802,30.033000000000001,15.156666666666666,6.4533333333333331,6.0233333333333334,0
motiongen_1803,30.050000000000001,15.249999999999998,6.4899999999999993,6.0233333333333334,0
motiongen_1804,30.067,15.343333333333334,6.5299999999999994,6.0233333333333334,0
motiongen_1805,30.082999999999998,15.433333333333334,6.5733333333333333,6.0233333333333334,0
motiongen_1806,30.100000000000001,15.523333333333332,6.6166666666666663,6.0233333333333334,0
motiongen_1807,30.117000000000001,15.613333333333332,6.6633333333333331,6.0233333333333334,0
motiongen_1808,30.132999999999999,15.700000000000001,6.7133333333333329,6.0233333333333334,0
motiongen_1809,30.149999999999999,15.786666666666667,6.7633333333333336,6.0233333333333334,0
motiongen_1810,30.167000000000002,15.869999999999997,6.8166666666666664,6.0233333333333334,0
motiongen_1811,30.183,15.953333333333333,6.8733333333333331,6.0233333333333334,0
motiongen_1812,30.199999999999999,16.036666666666669,6.9333333333333327,6.0233333333333334,0
motiongen_1813,30.216999999999999,16.116666666666667,6.9933333333333323,6.0233333333333334,0
motiongen_1814,30.233000000000001,16.193333333333335,7.0533333333333328,6.0233333333333334,0
motiongen_1815,30.25,16.273333333333333,7.1199999999999992,6.0233333333333334,0
motiongen_1816,30.266999999999999,16.346666666666668,7.1866666666666665,6.0233333333333334,0
motiongen_1817,30.283000000000001,16.419999999999998,7.253333333333333,6.0233333333333334,0
motiongen_1818,30.300000000000001,16.493333333333332,7.3233333333333324,6.0233333333333334,0
motiongen_1819,30.317,16.563333333333333,7.3966666666666665,6.0233333333333334,0
motiongen_1820,30.332999999999998,16.630000000000003,7.4699999999999998,6.0233333333333334,0
motiongen_1821,30.350000000000001,16.696666666666665,7.5466666666666669,6.0233333333333334,0
motiongen_1822,30.367000000000001,16.759999999999998,7.6233333333333331,6.0233333333333334,0
motiongen_1823,30.382999999999999,16.823333333333331,7.7033333333333331,6.0233333333333334,0
motiongen_1824,30.399999999999999,16.883333333333333,7.7833333333333332,6.0233333333333334,0
motiongen_1825,30.417000000000002,16.939999999999998,7.8666666666666663,6.0233333333333334,0
motiongen_1826,30.433,16.993333333333332,7.9499999999999993,6.0233333333333334,0
motiongen_1827,30.449999999999999,17.046666666666667,8.0333333333333332,6.0233333333333334,0
motiongen_1828,30.466999999999999,17.100000000000001,8.1199999999999992,6.0233333333333334,0
motiongen_1829,30.483000000000001,17.146666666666668,8.2099999999999991,6.0233333333333334,0
motiongen_1830,30.5,17.193333333333335,8.2966666666666669,6.0233333333333334,0
motiongen_1831,30.516999999999999,17.236666666666665,8.3900000000000006,6.0233333333333334,0
motiongen_1832,30.533000000000001,17.280000000000001,8.4800000000000004,6.0233333333333334,0
motiongen_1833,30.550000000000001,17.316666666666663,8.5733333333333324,6.0233333333333334,0
motiongen_1834,30.567,17.353333333333332,8.6666666666666661,6.0233333333333334,0
motiongen_1835,30.582999999999998,17.390000000000001,8.7599999999999998,6.0233333333333334,0
motiongen_1836,30.600000000000001,17.420000000000002,8.8566666666666656,6.0233333333333334,0
motiongen_1837,30.617000000000001,17.449999999999996,8.9499999999999993,6.0233333333333334,0
motiongen_1838,30.632999999999999,17.476666666666667,9.0466666666666669,6.0233333333333334,0
motiongen_1839,30.649999999999999,17.5,9.1466666666666665,6.0233333333333334,0
motiongen_1840,30.667000000000002,17.523333333333333,9.2433333333333323,6.0233333333333334,0
motiongen_1841,30.683,17.539999999999999,9.3433333333333337,6.0233333333333334,0
motiongen_1842,30.699999999999999,17.556666666666665,9.4399999999999995,6.0233333333333334,0
motiongen_1843,30.716999999999999,17.57,9.5399999999999991,6.0233333333333334,0
motiongen_1844,30.733000000000001,17.583333333333336,9.6400000000000006,6.0233333333333334,0
motiongen_1845,30.75,17.589999999999996,9.7400000000000002,6.0233333333333334,0
motiongen_1846,30.766999999999999,17.596666666666664,9.8399999999999999,6.0233333333333334,0
motiongen_1847,30.783000000000001,17.600000000000001,9.9399999999999995,6.0233333333333334,0
motiongen_1848,30.800000000000001,17.600000000000001,10.043333333333333,6.0233333333333334,0
motiongen_1849,30.817,17.596666666666664,10.143333333333333,6.0233333333333334,0
motiongen_1850,30.832999999999998,17.593333333333334,10.243333333333332,6.0233333333333334,0
motiongen_1851,30.850000000000001,17.586666666666666,10.343333333333334,6.0233333333333334,0
motiongen_1852,30.867000000000001,17.576666666666668,10.443333333333333,6.0233333333333334,0
motiongen_1853,30.882999999999999,17.563333333333333,10.543333333333333,6.0233333333333334,0
motiongen_1854,30.899999999999999,17.546666666666667,10.640000000000001,6.0233333333333334,0
motiongen_1855,30.917000000000002,17.530000000000001,10.74,6.0233333333333334,0
motiongen_1856,30.933,17.509999999999998,10.84,6.0233333333333334,0
motiongen_1857,30.949999999999999,17.486666666666665,10.936666666666667,6.0233333333333334,0
motiongen_1858,30.966999999999999,17.460000000000001,11.033333333333333,6.0233333333333334,0
motiongen_1859,30.983000000000001,17.43333333333333,11.129999999999999,6.0233333333333334,0
motiongen_1860,31,17.399999999999999,11.226666666666667,6.0233333333333334,0
motiongen_1861,31.016999999999999,17.366666666666667,11.32,6.0233333333333334,0
motiongen_1862,31.033000000000001,17.333333333333329,11.413333333333334,6.0233333333333334,0
motiongen_1863,31.050000000000001,17.293333333333337,11.506666666666666,6.0233333333333334,0
motiongen_1864,31.067,17.25333333333333,11.6,6.0233333333333334,0
motiongen_1865,31.082999999999998,17.210000000000001,11.69,6.0233333333333334,0
motiongen_1866,31.100000000000001,17.163333333333334,11.779999999999999,6.0233333333333334,0
motiongen_1867,31.117000000000001,17.116666666666667,11.866666666666667,6.0233333333333334,0
motiongen_1868,31.132999999999999,17.066666666666663,11.953333333333333,6.0233333333333334,0
motiongen_1869,31.149999999999999,17.013333333333328,12.039999999999999,6.0233333333333334,0
motiongen_1870,31.167000000000002,16.960000000000001,12.123333333333333,6.0233333333333334,0
motiongen_1871,31.183,16.903333333333336,12.206666666666667,6.0233333333333334,0
motiongen_1872,31.199999999999999,16.843333333333334,12.286666666666667,6.0233333333333334,0
motiongen_1873,31.216999999999999,16.783333333333331,12.366666666666667,6.0233333333333334,0
motiongen_1874,31.233000000000001,16.719999999999999,12.446666666666665,6.0233333333333334,0
motiongen_1875,31.25,16.653333333333336,12.523333333333333,6.0233333333333334,0
motiongen_1876,31.266999999999999,16.586666666666666,12.596666666666668,6.0233333333333334,0
motiongen_1877,31.283000000000001,16.516666666666666,12.67,6.0233333333333334,0
motiongen_1878,31.300000000000001,16.446666666666665,12.74,6.0233333333333334,0
motiongen_1879,31.317,16.373333333333335,12.809999999999999,6.0233333333333334,0
motiongen_1880,31.332999999999998,16.299999999999997,12.876666666666667,6.0233333333333334,0
motiongen_1881,31.350000000000001,16.223333333333336,12.943333333333333,6.0233333333333334,0
motiongen_1882,31.367000000000001,16.146666666666665,13.003333333333334,6.0233333333333334,0
motiongen_1883,31.382999999999999,16.066666666666663,13.066666666666666,6.0233333333333334,0
motiongen_1884,31.399999999999999,15.983333333333334,13.123333333333333,6.0233333333333334,0
motiongen_1885,31.417000000000002,15.899999999999999,13.18,6.0233333333333334,0
motiongen_1886,31.433,15.816666666666665,13.236666666666666,6.0233333333333334,0
motiongen_1887,31.449999999999999,15.729999999999999,13.289999999999999,6.0233333333333334,0
motiongen_1888,31.466999999999999,15.643333333333333,13.34,6.0233333333333334,0
motiongen_1889,31.483000000000001,15.556666666666667,13.386666666666667,6.0233333333333334,0
motiongen_1890,31.5,15.466666666666667,13.43,6.0233333333333334,0
motiongen_1891,31.516999999999999,15.376666666666665,13.473333333333333,6.0233333333333334,0
motiongen_1892,31.533000000000001,15.283333333333333,13.516666666666666,6.0233333333333334,0
motiongen_1893,31.550000000000001,15.19,13.553333333333333,6.0233333333333334,0
motiongen_1894,31.567,15.096666666666668,13.59,6.0233333333333334,0
motiongen_1895,31.582999999999998,15.003333333333332,13.623333333333333,6.0233333333333334,0
motiongen_1896,31.600000000000001,14.906666666666666,13.653333333333332,6.0233333333333334,0
motiongen_1897,31.617000000000001,14.809999999999999,13.68,6.0233333333333334,0
motiongen_1898,31.632999999999999,14.713333333333333,13.706666666666667,6.0233333333333334,0
motiongen_1899,31.649999999999999,14.616666666666667,13.73,6.0233333333333334,0
motiongen_1900,31.667000000000002,14.516666666666666,13.75,6.0233333333333334,0
motiongen_1901,31.683,14.416666666666664,13.766666666666666,6.0233333333333334,0
motiongen_1902,31.699999999999999,14.319999999999999,13.783333333333333,6.0233333333333334,0
motiongen_1903,31.716999999999999,14.219999999999997,13.796666666666667,6.0233333333333334,0
motiongen_1904,31.733000000000001,14.119999999999999,13.806666666666667,6.0233333333333334,0
motiongen_1905,31.75,14.02,13.813333333333333,6.0233333333333334,0
motiongen_1906,31.766999999999999,13.919999999999998,13.816666666666666,6.0233333333333334,0
motiongen_1907,31.783000000000001,13.82,13.82,6.0233333333333334,0
motiongen_1908,31.800000000000001,13.716666666666667,13.82,6.0233333333333334,0
motiongen_1909,31.817,13.616666666666665,13.816666666666666,6.0233333333333334,0
motiongen_1910,31.832999999999998,13.516666666666666,13.809999999999999,6.0233333333333334,0
motiongen_1911,31.850000000000001,13.416666666666666,13.803333333333333,6.0233333333333334,0
motiongen_1912,31.867000000000001,13.316666666666666,13.789999999999999,6.0233333333333334,0
motiongen_1913,31.882999999999999,13.216666666666665,13.776666666666667,6.0233333333333334,0
motiongen_1914,31.899999999999999,13.119999999999999,13.76,6.0233333333333334,0
motiongen_1915,31.917000000000002,13.02,13.74,6.0233333333333334,0
motiongen_1916,31.933,12.923333333333334,13.719999999999999,6.0233333333333334,0
motiongen_1917,31.949999999999999,12.826666666666664,13.696666666666667,6.0233333333333334,0
motiongen_1918,31.966999999999999,12.726666666666667,13.67,6.0233333333333334,0
motiongen_1919,31.983000000000001,12.633333333333333,13.640000000000001,6.0233333333333334,0
motiongen_1920,32,12.536666666666665,13.606666666666666,6.0233333333333334,0
motiongen_1921,32.017000000000003,12.443333333333333,13.573333333333334,6.0233333333333334,0
motiongen_1922,32.033000000000001,12.35,13.536666666666667,6.0233333333333334,0
motiongen_1923,32.049999999999997,12.256666666666666,13.496666666666666,6.0233333333333334,0
motiongen_1924,32.067,12.166666666666666,13.456666666666667,6.0233333333333334,0
motiongen_1925,32.082999999999998,12.076666666666666,13.413333333333334,6.0233333333333334,0
motiongen_1926,32.100000000000001,11.986666666666666,13.366666666666667,6.0233333333333334,0
motiongen_1927,32.116999999999997,11.896666666666665,13.316666666666666,6.0233333333333334,0
motiongen_1928,32.133000000000003,11.813333333333333,13.266666666666666,6.0233333333333334,0
motiongen_1929,32.149999999999999,11.726666666666665,13.213333333333333,6.0233333333333334,0
motiongen_1930,32.167000000000002,11.643333333333333,13.156666666666666,6.0233333333333334,0
motiongen_1931,32.183,11.559999999999999,13.1,6.0233333333333334,0
motiongen_1932,32.200000000000003,11.479999999999999,13.039999999999999,6.0233333333333334,0
motiongen_1933,32.216999999999999,11.399999999999999,12.976666666666667,6.0233333333333334,0
motiongen_1934,32.232999999999997,11.323333333333332,12.913333333333334,6.0233333333333334,0
motiongen_1935,32.25,11.246666666666666,12.846666666666668,6.0233333333333334,0
motiongen_1936,32.267000000000003,11.173333333333332,12.779999999999999,6.0233333333333334,0
motiongen_1937,32.283000000000001,11.103333333333332,12.710000000000001,6.0233333333333334,0
motiongen_1938,32.299999999999997,11.033333333333333,12.640000000000001,6.0233333333333334,0
motiongen_1939,32.317,10.963333333333333,12.563333333333333,6.0233333333333334,0
motiongen_1940,32.332999999999998,10.896666666666667,12.49,6.0233333333333334,0
motiongen_1941,32.350000000000001,10.833333333333332,12.413333333333334,6.0233333333333334,0
motiongen_1942,32.366999999999997,10.769999999999998,12.333333333333332,6.0233333333333334,0
motiongen_1943,32.383000000000003,10.709999999999999,12.253333333333334,6.0233333333333334,0
motiongen_1944,32.399999999999999,10.653333333333332,12.17,6.0233333333333334,0
motiongen_1945,32.417000000000002,10.596666666666666,12.086666666666666,6.0233333333333334,0
motiongen_1946,32.433,10.543333333333331,12.003333333333334,6.0233333333333334,0
motiongen_1947,32.450000000000003,10.489999999999998,11.916666666666666,6.0233333333333334,0
motiongen_1948,32.466999999999999,10.443333333333332,11.83,6.0233333333333334,0
motiongen_1949,32.482999999999997,10.396666666666667,11.74,6.0233333333333334,0
motiongen_1950,32.5,10.35,11.65,6.0233333333333334,0
motiongen_1951,32.517000000000003,10.309999999999999,11.56,6.0233333333333334,0
motiongen_1952,32.533000000000001,10.27,11.466666666666667,6.0233333333333334,0
motiongen_1953,32.549999999999997,10.233333333333333,11.373333333333333,6.0233333333333334,0
motiongen_1954,32.567,10.196666666666665,11.279999999999999,6.0233333333333334,0
motiongen_1955,32.582999999999998,10.166666666666664,11.183333333333334,6.0233333333333334,0
motiongen_1956,32.600000000000001,10.136666666666665,11.086666666666666,6.0233333333333334,0
motiongen_1957,32.616999999999997,10.109999999999999,10.99,6.0233333333333334,0
motiongen_1958,32.633000000000003,10.083333333333332,10.893333333333333,6.0233333333333334,0
motiongen_1959,32.649999999999999,10.063333333333333,10.796666666666667,6.0233333333333334,0
motiongen_1960,32.667000000000002,10.043333333333331,10.696666666666667,6.0233333333333334,0
motiongen_1961,32.683,10.026666666666666,10.6,6.0233333333333334,0
motiongen_1962,32.700000000000003,10.01,10.5,6.0233333333333334,0
motiongen_1963,32.716999999999999,9.9999999999999982,10.4,6.0233333333333334,0
motiongen_1964,32.732999999999997,9.9899999999999984,10.299999999999999,6.0233333333333334,0
motiongen_1965,32.75,9.9833333333333325,10.199999999999999,6.0233333333333334,0
motiongen_1966,32.767000000000003,9.9800000000000004,10.1,6.0233333333333334,0
motiongen_1967,32.783000000000001,9.9800000000000004,10,6.0233333333333334,0
motiongen_1968,32.799999999999997,9.9800000000000004,9.8966666666666665,6.0233333333333334,0
motiongen_1969,32.817,9.9866666666666664,9.7966666666666669,6.0233333333333334,0
motiongen_1970,32.832999999999998,9.9933333333333323,9.6966666666666672,6.0233333333333334,0
motiongen_1971,32.850000000000001,10.003333333333332,9.5966666666666658,6.0233333333333334,0
motiongen_1972,32.866999999999997,10.013333333333332,9.4966666666666661,6.0233333333333334,0
motiongen_1973,32.883000000000003,10.029999999999999,9.4000000000000004,6.0233333333333334,0
motiongen_1974,32.899999999999999,10.046666666666665,9.3000000000000007,6.0233333333333334,0
motiongen_1975,32.917000000000002,10.066666666666666,9.1999999999999993,6.0233333333333334,0
motiongen_1976,32.933,10.09,9.1033333333333335,6.0233333333333334,0
motiongen_1977,32.950000000000003,10.113333333333332,9.0066666666666659,6.0233333333333334,0
motiongen_1978,32.966999999999999,10.143333333333333,8.9100000000000001,6.0233333333333334,0
motiongen_1979,32.982999999999997,10.173333333333332,8.8133333333333326,6.0233333333333334,0
motiongen_1980,33,10.206666666666665,8.7199999999999989,6.0233333333333334,0
motiongen_1981,33.017000000000003,10.239999999999998,8.6266666666666669,6.0233333333333334,0
motiongen_1982,33.033000000000001,10.276666666666666,8.5333333333333332,6.0233333333333334,0
motiongen_1983,33.049999999999997,10.319999999999999,8.4399999999999995,6.0233333333333334,0
motiongen_1984,33.067,10.359999999999999,8.3499999999999996,6.0233333333333334,0
motiongen_1985,33.082999999999998,10.406666666666665,8.2599999999999998,6.0233333333333334,0
motiongen_1986,33.100000000000001,10.453333333333333,8.1699999999999999,6.0233333333333334,0
motiongen_1987,33.116999999999997,10.503333333333332,8.0833333333333339,6.0233333333333334,0
motiongen_1988,33.133000000000003,10.553333333333333,7.9966666666666661,6.0233333333333334,0
motiongen_1989,33.149999999999999,10.609999999999998,7.9133333333333331,6.0233333333333334,0
motiongen_1990,33.167000000000002,10.666666666666666,7.8300000000000001,6.0233333333333334,0
motiongen_1991,33.183,10.723333333333333,7.75,6.0233333333333334,0
motiongen_1992,33.200000000000003,10.783333333333331,7.6699999999999999,6.0233333333333334,0
motiongen_1993,33.216999999999999,10.846666666666666,7.5899999999999999,6.0233333333333334,0
motiongen_1994,33.232999999999997,10.913333333333332,7.5133333333333336,6.0233333333333334,0
motiongen_1995,33.25,10.979999999999999,7.4399999999999995,6.0233333333333334,0
motiongen_1996,33.267000000000003,11.046666666666665,7.3666666666666663,6.0233333333333334,0
motiongen_1997,33.283000000000001,11.116666666666665,7.293333333333333,6.0233333333333334,0
motiongen_1998,33.299999999999997,11.19,7.2233333333333327,6.0233333333333334,0
motiongen_1999,33.317,11.263333333333332,7.1566666666666663,6.0233333333333334,0
motiongen_2000,33.332999999999998,11.34,7.0899999999999999,6.0233333333333334,0
motiongen_2001,33.350000000000001,11.42,7.0266666666666664,6.0233333333333334,0
motiongen_2002,33.366999999999997,11.496666666666664,6.9666666666666668,6.0233333333333334,0
motiongen_2003,33.383000000000003,11.58,6.9066666666666663,6.0233333333333334,0
motiongen_2004,33.399999999999999,11.663333333333332,6.8499999999999996,6.0233333333333334,0
motiongen_2005,33.417000000000002,11.746666666666666,6.793333333333333,6.0233333333333334,0
motiongen_2006,33.433,11.829999999999998,6.7433333333333332,6.0233333333333334,0
motiongen_2007,33.450000000000003,11.916666666666666,6.6899999999999995,6.0233333333333334,0
motiongen_2008,33.466999999999999,12.006666666666666,6.6433333333333326,6.0233333333333334,0
motiongen_2009,33.482999999999997,12.096666666666666,6.5966666666666658,6.0233333333333334,0
motiongen_2010,33.5,12.186666666666666,6.5533333333333328,6.0233333333333334,0
motiongen_2011,33.517000000000003,12.276666666666666,6.5133333333333336,6.0233333333333334,0
motiongen_2012,33.533000000000001,12.369999999999999,6.4733333333333327,6.0233333333333334,0
motiongen_2013,33.549999999999997,12.463333333333331,6.4366666666666656,6.0233333333333334,0
motiongen_2014,33.567,12.559999999999999,6.4033333333333324,6.0233333333333334,0
motiongen_2015,33.582999999999998,12.653333333333332,6.3733333333333331,6.0233333333333334,0
motiongen_2016,33.600000000000001,12.75,6.3433333333333328,6.0233333333333334,0
motiongen_2017,33.616999999999997,12.846666666666666,6.3200000000000003,6.0233333333333334,0
motiongen_2018,33.633000000000003,12.943333333333332,6.293333333333333,6.0233333333333334,0
motiongen_2019,33.649999999999999,13.043333333333331,6.2733333333333334,6.0233333333333334,0
motiongen_2020,33.667000000000002,13.139999999999999,6.2566666666666668,6.0233333333333334,0
motiongen_2021,33.683,13.239999999999998,6.2400000000000002,6.0233333333333334,0
motiongen_2022,33.700000000000003,13.34,6.2266666666666666,6.0233333333333334,0
motiongen_2023,33.716999999999999,13.44,6.2166666666666668,6.0233333333333334,0
motiongen_2024,33.732999999999997,13.539999999999999,6.2066666666666661,6.0233333333333334,0
motiongen_2025,33.75,13.639999999999999,6.2033333333333331,6.0233333333333334,0
motiongen_2026,33.767000000000003,13.739999999999998,6.1999999999999993,6.0233333333333334,0
motiongen_2027,33.783000000000001,13.839999999999998,6.1999999999999993,6.0233333333333334,0
motiongen_2028,33.799999999999997,13.94,6.2033333333333331,6.0233333333333334,0
motiongen_2029,33.817,14.043333333333331,6.2066666666666661,6.0233333333333334,0
motiongen_2030,33.832999999999998,14.143333333333333,6.2166666666666668,6.0233333333333334,0
motiongen_2031,33.850000000000001,14.243333333333332,6.2266666666666666,6.0233333333333334,0
motiongen_2032,33.866999999999997,14.34,6.2400000000000002,6.0233333333333334,0
motiongen_2033,33.883000000000003,14.44,6.2566666666666668,6.0233333333333334,0
motiongen_2034,33.899999999999999,14.539999999999997,6.2733333333333334,6.0233333333333334,0
motiongen_2035,33.917000000000002,14.636666666666665,6.296666666666666,6.0233333333333334,0
motiongen_2036,33.933,14.733333333333334,6.3200000000000003,6.0233333333333334,0
motiongen_2037,33.950000000000003,14.833333333333332,6.3466666666666658,6.0233333333333334,0
motiongen_2038,33.966999999999999,14.926666666666666,6.3733333333333331,6.0233333333333334,0
motiongen_2039,33.982999999999997,15.023333333333333,6.4066666666666663,6.0233333333333334,0
motiongen_2040,34,15.116666666666665,6.4399999999999995,6.0233333333333334,0
motiongen_2041,34.017000000000003,15.213333333333331,6.4766666666666666,6.0233333333333334,0
motiongen_2042,34.033000000000001,15.303333333333331,6.5133333333333336,6.0233333333333334,0
motiongen_2043,34.049999999999997,15.396666666666667,6.5566666666666666,6.0233333333333334,0
motiongen_2044,34.067,15.486666666666666,6.5999999999999996,6.0233333333333334,0
motiongen_2045,34.082999999999998,15.576666666666664,6.6433333333333326,6.0233333333333334,0
motiongen_2046,34.100000000000001,15.663333333333334,6.6933333333333334,6.0233333333333334,0
motiongen_2047,34.116999999999997,15.75,6.7433333333333332,6.0233333333333334,0
motiongen_2048,34.133000000000003,15.836666666666666,6.7966666666666669,6.0233333333333334,0
motiongen_2049,34.149999999999999,15.92,6.8499999999999996,6.0233333333333334,0
motiongen_2050,34.167000000000002,16.00333333333333,6.9066666666666663,6.0233333333333334,0
motiongen_2051,34.183,16.083333333333332,6.9666666666666668,6.0233333333333334,0
motiongen_2052,34.200000000000003,16.163333333333334,7.0299999999999994,6.0233333333333334,0
motiongen_2053,34.216999999999999,16.240000000000002,7.0933333333333328,6.0233333333333334,0
motiongen_2054,34.232999999999997,16.316666666666666,7.1566666666666663,6.0233333333333334,0
motiongen_2055,34.25,16.390000000000001,7.2266666666666666,6.0233333333333334,0
motiongen_2056,34.267000000000003,16.463333333333331,7.2966666666666669,6.0233333333333334,0
motiongen_2057,34.283000000000001,16.533333333333331,7.3666666666666663,6.0233333333333334,0
motiongen_2058,34.299999999999997,16.603333333333332,7.4399999999999995,6.0233333333333334,0
motiongen_2059,34.317,16.670000000000002,7.5133333333333336,6.0233333333333334,0
motiongen_2060,34.332999999999998,16.733333333333334,7.5933333333333337,6.0233333333333334,0
motiongen_2061,34.350000000000001,16.796666666666667,7.6699999999999999,6.0233333333333334,0
motiongen_2062,34.366999999999997,16.856666666666669,7.75,6.0233333333333334,0
motiongen_2063,34.383000000000003,16.916666666666664,7.833333333333333,6.0233333333333334,0
motiongen_2064,34.399999999999999,16.973333333333336,7.9133333333333331,6.0233333333333334,0
motiongen_2065,34.417000000000002,17.026666666666664,8,6.0233333333333334,0
motiongen_2066,34.433,17.076666666666668,8.086666666666666,6.0233333333333334,0
motiongen_2067,34.450000000000003,17.126666666666665,8.173333333333332,6.0233333333333334,0
motiongen_2068,34.466999999999999,17.176666666666669,8.2599999999999998,6.0233333333333334,0
motiongen_2069,34.482999999999997,17.219999999999999,8.3499999999999996,6.0233333333333334,0
motiongen_2070,34.5,17.263333333333335,8.4433333333333334,6.0233333333333334,0
motiongen_2071,34.517000000000003,17.303333333333335,8.5333333333333332,6.0233333333333334,0
motiongen_2072,34.533000000000001,17.340000000000003,8.6266666666666669,6.0233333333333334,0
motiongen_2073,34.549999999999997,17.376666666666665,8.7199999999999989,6.0233333333333334,0
motiongen_2074,34.567,17.406666666666666,8.8166666666666664,6.0233333333333334,0
motiongen_2075,34.582999999999998,17.439999999999998,8.913333333333334,6.0233333333333334,0
motiongen_2076,34.600000000000001,17.466666666666669,9.0099999999999998,6.0233333333333334,0
motiongen_2077,34.616999999999997,17.490000000000002,9.1066666666666656,6.0233333333333334,0
motiongen_2078,34.633000000000003,17.513333333333335,9.2033333333333331,6.0233333333333334,0
motiongen_2079,34.649999999999999,17.533333333333331,9.3033333333333328,6.0233333333333334,0
motiongen_2080,34.667000000000002,17.549999999999997,9.4000000000000004,6.0233333333333334,0
motiongen_2081,34.683,17.566666666666663,9.5,6.0233333333333334,0
motiongen_2082,34.700000000000003,17.576666666666668,9.5999999999999996,6.0233333333333334,0
motiongen_2083,34.716999999999999,17.586666666666666,9.6999999999999993,6.0233333333333334,0
motiongen_2084,34.732999999999997,17.593333333333334,9.7999999999999989,6.0233333333333334,0
motiongen_2085,34.75,17.600000000000001,9.9000000000000004,6.0233333333333334,0
motiongen_2086,34.767000000000003,17.600000000000001,10,6.0233333333333334,0
motiongen_2087,34.783000000000001,17.600000000000001,10.1,6.0233333333333334,0
motiongen_2088,34.799999999999997,17.596666666666664,10.199999999999999,6.0233333333333334,0
motiongen_2089,34.817,17.589999999999996,10.299999999999999,6.0233333333333334,0
motiongen_2090,34.832999999999998,17.579999999999998,10.4,6.0233333333333334,0
motiongen_2091,34.850000000000001,17.566666666666663,10.5,6.0233333333333334,0
motiongen_2092,34.866999999999997,17.553333333333335,10.6,6.0233333333333334,0
motiongen_2093,34.883000000000003,17.536666666666662,10.699999999999999,6.0233333333333334,0
motiongen_2094,34.899999999999999,17.516666666666666,10.796666666666667,6.0233333333333334,0
motiongen_2095,34.917000000000002,17.49666666666667,10.896666666666667,6.0233333333333334,0
motiongen_2096,34.933,17.469999999999999,10.993333333333332,6.0233333333333334,0
motiongen_2097,34.950000000000003,17.443333333333335,11.09,6.0233333333333334,0
motiongen_2098,34.966999999999999,17.413333333333334,11.186666666666667,6.0233333333333334,0
motiongen_2099,34.982999999999997,17.383333333333333,11.279999999999999,6.0233333333333334,0
motiongen_2100,35,17.346666666666664,11.376666666666667,6.0233333333333334,0
motiongen_2101,35.017000000000003,17.310000000000002,11.469999999999999,6.0233333333333334,0
motiongen_2102,35.033000000000001,17.269999999999996,11.56,6.0233333333333334,0
motiongen_2103,35.049999999999997,17.226666666666667,11.653333333333332,6.0233333333333334,0
motiongen_2104,35.067,17.18333333333333,11.743333333333332,6.0233333333333334,0
motiongen_2105,35.082999999999998,17.136666666666663,11.83,6.0233333333333334,0
motiongen_2106,35.100000000000001,17.086666666666666,11.92,6.0233333333333334,0
motiongen_2107,35.116999999999997,17.036666666666669,12.003333333333334,6.0233333333333334,0
motiongen_2108,35.133000000000003,16.983333333333334,12.09,6.0233333333333334,0
motiongen_2109,35.149999999999999,16.926666666666662,12.173333333333334,6.0233333333333334,0
motiongen_2110,35.167000000000002,16.869999999999997,12.253333333333334,6.0233333333333334,0
motiongen_2111,35.183,16.806666666666665,12.336666666666666,6.0233333333333334,0
motiongen_2112,35.200000000000003,16.746666666666663,12.413333333333334,6.0233333333333334,0
motiongen_2113,35.216999999999999,16.68,12.49,6.0233333333333334,0
motiongen_2114,35.232999999999997,16.616666666666667,12.566666666666666,6.0233333333333334,0
motiongen_2115,35.25,16.546666666666667,12.640000000000001,6.0233333333333334,0
motiongen_2116,35.267000000000003,16.476666666666667,12.710000000000001,6.0233333333333334,0
motiongen_2117,35.283000000000001,16.403333333333332,12.779999999999999,6.0233333333333334,0
motiongen_2118,35.299999999999997,16.329999999999998,12.85,6.0233333333333334,0
motiongen_2119,35.317,16.25333333333333,12.916666666666666,6.0233333333333334,0
motiongen_2120,35.332999999999998,16.176666666666666,12.98,6.0233333333333334,0
motiongen_2121,35.350000000000001,16.096666666666664,13.039999999999999,6.0233333333333334,0
motiongen_2122,35.366999999999997,16.016666666666666,13.1,6.0233333333333334,0
motiongen_2123,35.383000000000003,15.936666666666666,13.16,6.0233333333333334,0
motiongen_2124,35.399999999999999,15.853333333333332,13.213333333333333,6.0233333333333334,0
motiongen_2125,35.417000000000002,15.766666666666666,13.266666666666666,6.0233333333333334,0
motiongen_2126,35.433,15.68,13.316666666666666,6.0233333333333334,0
motiongen_2127,35.450000000000003,15.593333333333334,13.366666666666667,6.0233333333333334,0
motiongen_2128,35.466999999999999,15.503333333333334,13.413333333333334,6.0233333333333334,0
motiongen_2129,35.482999999999997,15.413333333333332,13.456666666666667,6.0233333333333334,0
motiongen_2130,35.5,15.319999999999999,13.5,6.0233333333333334,0
motiongen_2131,35.517000000000003,15.23,13.536666666666667,6.0233333333333334,0
motiongen_2132,35.533000000000001,15.136666666666665,13.573333333333334,6.0233333333333334,0
motiongen_2133,35.549999999999997,15.039999999999999,13.609999999999999,6.0233333333333334,0
motiongen_2134,35.567,14.946666666666667,13.640000000000001,6.0233333333333334,0
motiongen_2135,35.582999999999998,14.849999999999998,13.67,6.0233333333333334,0
motiongen_2136,35.600000000000001,14.753333333333332,13.696666666666667,6.0233333333333334,0
motiongen_2137,35.616999999999997,14.656666666666665,13.719999999999999,6.0233333333333334,0
motiongen_2138,35.633000000000003,14.556666666666667,13.743333333333334,6.0233333333333334,0
motiongen_2139,35.649999999999999,14.459999999999997,13.76,6.0233333333333334,0
motiongen_2140,35.667000000000002,14.359999999999999,13.776666666666667,6.0233333333333334,0
motiongen_2141,35.683,14.26,13.789999999999999,6.0233333333333334,0
motiongen_2142,35.700000000000003,14.159999999999998,13.803333333333333,6.0233333333333334,0
motiongen_2143,35.716999999999999,14.06,13.809999999999999,6.0233333333333334,0
motiongen_2144,35.732999999999997,13.959999999999999,13.816666666666666,6.0233333333333334,0
motiongen_2145,35.75,13.859999999999999,13.82,6.0233333333333334,0
motiongen_2146,35.767000000000003,13.76,13.82,6.0233333333333334,0
motiongen_2147,35.783000000000001,13.659999999999998,13.816666666666666,6.0233333333333334,0
motiongen_2148,35.799999999999997,13.559999999999999,13.813333333333333,6.0233333333333334,0
motiongen_2149,35.817,13.459999999999999,13.806666666666667,6.0233333333333334,0
motiongen_2150,35.832999999999998,13.359999999999999,13.796666666666667,6.0233333333333334,0
motiongen_2151,35.850000000000001,13.26,13.783333333333333,6.0233333333333334,0
motiongen_2152,35.866999999999997,13.159999999999998,13.766666666666666,6.0233333333333334,0
motiongen_2153,35.883000000000003,13.059999999999999,13.75,6.0233333333333334,0
motiongen_2154,35.899999999999999,12.963333333333331,13.73,6.0233333333333334,0
motiongen_2155,35.917000000000002,12.866666666666665,13.706666666666667,6.0233333333333334,0
motiongen_2156,35.933,12.766666666666666,13.68,6.0233333333333334,0
motiongen_2157,35.950000000000003,12.67,13.653333333333332,6.0233333333333334,0
motiongen_2158,35.966999999999999,12.576666666666666,13.619999999999999,6.0233333333333334,0
motiongen_2159,35.982999999999997,12.48,13.586666666666666,6.0233333333333334,0
motiongen_2160,36,12.386666666666667,13.553333333333333,6.0233333333333334,0
motiongen_2161,36.017000000000003,12.293333333333333,13.513333333333334,6.0233333333333334,0
motiongen_2162,36.033000000000001,12.203333333333333,13.473333333333333,6.0233333333333334,0
motiongen_2163,36.049999999999997,12.113333333333332,13.43,6.0233333333333334,0
motiongen_2164,36.067,12.023333333333333,13.386666666666667,6.0233333333333334,0
motiongen_2165,36.082999999999998,11.933333333333332,13.336666666666666,6.0233333333333334,0
motiongen_2166,36.100000000000001,11.846666666666666,13.286666666666667,6.0233333333333334,0
motiongen_2167,36.116999999999997,11.76,13.236666666666666,6.0233333333333334,0
motiongen_2168,36.133000000000003,11.676666666666666,13.18,6.0233333333333334,0
motiongen_2169,36.149999999999999,11.593333333333334,13.123333333333333,6.0233333333333334,0
motiongen_2170,36.167000000000002,11.513333333333334,13.063333333333333,6.0233333333333334,0
motiongen_2171,36.183,11.433333333333334,13.003333333333334,6.0233333333333334,0
motiongen_2172,36.200000000000003,11.356666666666666,12.94,6.0233333333333334,0
motiongen_2173,36.216999999999999,11.279999999999999,12.876666666666667,6.0233333333333334,0
motiongen_2174,36.232999999999997,11.203333333333333,12.806666666666667,6.0233333333333334,0
motiongen_2175,36.25,11.129999999999999,12.74,6.0233333333333334,0
motiongen_2176,36.267000000000003,11.059999999999999,12.666666666666666,6.0233333333333334,0
motiongen_2177,36.283000000000001,10.99,12.596666666666668,6.0233333333333334,0
motiongen_2178,36.299999999999997,10.923333333333332,12.52,6.0233333333333334,0
motiongen_2179,36.317,10.859999999999999,12.443333333333333,6.0233333333333334,0
motiongen_2180,36.332999999999998,10.796666666666665,12.366666666666667,6.0233333333333334,0
motiongen_2181,36.350000000000001,10.733333333333333,12.286666666666667,6.0233333333333334,0
motiongen_2182,36.366999999999997,10.676666666666666,12.206666666666667,6.0233333333333334,0
motiongen_2183,36.383000000000003,10.619999999999999,12.123333333333333,6.0233333333333334,0
motiongen_2184,36.399999999999999,10.563333333333333,12.036666666666667,6.0233333333333334,0
motiongen_2185,36.417000000000002,10.513333333333332,11.953333333333333,6.0233333333333334,0
motiongen_2186,36.433,10.463333333333331,11.866666666666667,6.0233333333333334,0
motiongen_2187,36.450000000000003,10.413333333333332,11.776666666666667,6.0233333333333334,0
motiongen_2188,36.466999999999999,10.369999999999999,11.686666666666667,6.0233333333333334,0
motiongen_2189,36.482999999999997,10.326666666666664,11.596666666666666,6.0233333333333334,0
motiongen_2190,36.5,10.286666666666665,11.503333333333334,6.0233333333333334,0
motiongen_2191,36.517000000000003,10.246666666666664,11.413333333333334,6.0233333333333334,0
motiongen_2192,36.533000000000001,10.209999999999999,11.316666666666666,6.0233333333333334,0
motiongen_2193,36.549999999999997,10.179999999999998,11.223333333333333,6.0233333333333334,0
motiongen_2194,36.567,10.146666666666667,11.126666666666667,6.0233333333333334,0
motiongen_2195,36.582999999999998,10.119999999999999,11.029999999999999,6.0233333333333334,0
motiongen_2196,36.600000000000001,10.093333333333332,10.933333333333334,6.0233333333333334,0
motiongen_2197,36.616999999999997,10.069999999999999,10.836666666666666,6.0233333333333334,0
motiongen_2198,36.633000000000003,10.049999999999999,10.736666666666666,6.0233333333333334,0
motiongen_2199,36.649999999999999,10.033333333333333,10.640000000000001,6.0233333333333334,0
motiongen_2200,36.667000000000002,10.016666666666666,10.539999999999999,6.0233333333333334,0
motiongen_2201,36.683,10.003333333333332,10.44,6.0233333333333334,0
motiongen_2202,36.700000000000003,9.9933333333333323,10.34,6.0233333333333334,0
motiongen_2203,36.716999999999999,9.9866666666666664,10.24,6.0233333333333334,0
motiongen_2204,36.732999999999997,9.9833333333333325,10.140000000000001,6.0233333333333334,0
motiongen_2205,36.75,9.9800000000000004,10.039999999999999,6.0233333333333334,0
motiongen_2206,36.767000000000003,9.9800000000000004,9.9399999999999995,6.0233333333333334,0
motiongen_2207,36.783000000000001,9.9833333333333325,9.8399999999999999,6.0233333333333334,0
motiongen_2208,36.799999999999997,9.9899999999999984,9.7400000000000002,6.0233333333333334,0
motiongen_2209,36.817,9.9966666666666661,9.6400000000000006,6.0233333333333334,0
motiongen_2210,36.832999999999998,10.01,9.5399999999999991,6.0233333333333334,0
motiongen_2211,36.850000000000001,10.023333333333333,9.4399999999999995,6.0233333333333334,0
motiongen_2212,36.866999999999997,10.039999999999999,9.3399999999999999,6.0233333333333334,0
motiongen_2213,36.883000000000003,10.056666666666665,9.2433333333333323,6.0233333333333334,0
motiongen_2214,36.899999999999999,10.079999999999998,9.1433333333333326,6.0233333333333334,0
motiongen_2215,36.917000000000002,10.103333333333333,9.0466666666666669,6.0233333333333334,0
motiongen_2216,36.933,10.129999999999999,8.9499999999999993,6.0233333333333334,0
motiongen_2217,36.950000000000003,10.159999999999998,8.8533333333333335,6.0233333333333334,0
motiongen_2218,36.966999999999999,10.19,8.7566666666666659,6.0233333333333334,0
motiongen_2219,36.982999999999997,10.226666666666667,8.6633333333333322,6.0233333333333334,0
motiongen_2220,37,10.263333333333334,8.5700000000000003,6.0233333333333334,0
motiongen_2221,37.017000000000003,10.299999999999999,8.4766666666666666,6.0233333333333334,0
motiongen_2222,37.033000000000001,10.343333333333334,8.3866666666666667,6.0233333333333334,0
motiongen_2223,37.049999999999997,10.386666666666667,8.2966666666666669,6.0233333333333334,0
motiongen_2224,37.067,10.433333333333332,8.206666666666667,6.0233333333333334,0
motiongen_2225,37.082999999999998,10.483333333333333,8.1199999999999992,6.0233333333333334,0
motiongen_2226,37.100000000000001,10.533333333333333,8.0333333333333332,6.0233333333333334,0
motiongen_2227,37.116999999999997,10.586666666666666,7.9466666666666663,6.0233333333333334,0
motiongen_2228,37.133000000000003,10.643333333333333,7.8633333333333333,6.0233333333333334,0
motiongen_2229,37.149999999999999,10.699999999999999,7.7833333333333332,6.0233333333333334,0
motiongen_2230,37.167000000000002,10.76,7.6999999999999993,6.0233333333333334,0
motiongen_2231,37.183,10.819999999999999,7.6233333333333331,6.0233333333333334,0
motiongen_2232,37.200000000000003,10.886666666666665,7.543333333333333,6.0233333333333334,0
motiongen_2233,37.216999999999999,10.949999999999999,7.4699999999999998,6.0233333333333334,0
motiongen_2234,37.232999999999997,11.02,7.3966666666666665,6.0233333333333334,0
motiongen_2235,37.25,11.089999999999998,7.3233333333333324,6.0233333333333334,0
motiongen_2236,37.267000000000003,11.159999999999998,7.253333333333333,6.0233333333333334,0
motiongen_2237,37.283000000000001,11.233333333333333,7.1833333333333336,6.0233333333333334,0
motiongen_2238,37.299999999999997,11.309999999999999,7.1166666666666663,6.0233333333333334,0
motiongen_2239,37.317,11.386666666666665,7.0533333333333328,6.0233333333333334,0
motiongen_2240,37.332999999999998,11.466666666666665,6.9900000000000002,6.0233333333333334,0
motiongen_2241,37.350000000000001,11.546666666666665,6.9299999999999997,6.0233333333333334,0
motiongen_2242,37.366999999999997,11.626666666666665,6.8733333333333331,6.0233333333333334,0
motiongen_2243,37.383000000000003,11.709999999999999,6.8166666666666664,6.0233333333333334,0
motiongen_2244,37.399999999999999,11.796666666666667,6.7633333333333336,6.0233333333333334,0
motiongen_2245,37.417000000000002,11.883333333333333,6.7133333333333329,6.0233333333333334,0
motiongen_2246,37.433,11.969999999999999,6.6633333333333331,6.0233333333333334,0
motiongen_2247,37.450000000000003,12.059999999999999,6.6166666666666663,6.0233333333333334,0
motiongen_2248,37.466999999999999,12.149999999999999,6.5733333333333333,6.0233333333333334,0
motiongen_2249,37.482999999999997,12.24,6.5299999999999994,6.0233333333333334,0
motiongen_2250,37.5,12.333333333333332,6.4899999999999993,6.0233333333333334,0
motiongen_2251,37.517000000000003,12.426666666666666,6.4533333333333331,6.0233333333333334,0
motiongen_2252,37.533000000000001,12.52,6.4166666666666661,6.0233333333333334,0
motiongen_2253,37.549999999999997,12.613333333333332,6.3866666666666667,6.0233333333333334,0
motiongen_2254,37.567,12.709999999999999,6.3566666666666656,6.0233333333333334,0
motiongen_2255,37.582999999999998,12.806666666666667,6.3299999999999992,6.0233333333333334,0
motiongen_2256,37.600000000000001,12.903333333333332,6.3033333333333328,6.0233333333333334,0
motiongen_2257,37.616999999999997,13.003333333333332,6.2833333333333332,6.0233333333333334,0
motiongen_2258,37.633000000000003,13.1,6.2633333333333328,6.0233333333333334,0
motiongen_2259,37.649999999999999,13.199999999999999,6.2466666666666661,6.0233333333333334,0
motiongen_2260,37.667000000000002,13.299999999999999,6.2333333333333325,6.0233333333333334,0
motiongen_2261,37.683,13.399999999999999,6.2199999999999998,6.0233333333333334,0
motiongen_2262,37.700000000000003,13.499999999999998,6.21,6.0233333333333334,0
motiongen_2263,37.716999999999999,13.6,6.2033333333333331,6.0233333333333334,0
motiongen_2264,37.732999999999997,13.699999999999999,6.1999999999999993,6.0233333333333334,0
motiongen_2265,37.75,13.799999999999999,6.1999999999999993,6.0233333333333334,0
motiongen_2266,37.767000000000003,13.9,6.1999999999999993,6.0233333333333334,0
motiongen_2267,37.783000000000001,13.999999999999998,6.2066666666666661,6.0233333333333334,0
motiongen_2268,37.799999999999997,14.1,6.2133333333333329,6.0233333333333334,0
motiongen_2269,37.817,14.199999999999999,6.2233333333333327,6.0233333333333334,0
motiongen_2270,37.832999999999998,14.299999999999997,6.2333333333333325,6.0233333333333334,0
motiongen_2271,37.850000000000001,14.399999999999999,6.25,6.0233333333333334,0
motiongen_2272,37.866999999999997,14.5,6.2666666666666657,6.0233333333333334,0
motiongen_2273,37.883000000000003,14.596666666666666,6.2866666666666662,6.0233333333333334,0
motiongen_2274,37.899999999999999,14.693333333333332,6.3099999999999987,6.0233333333333334,0
motiongen_2275,37.917000000000002,14.793333333333333,6.333333333333333,6.0233333333333334,0
motiongen_2276,37.933,14.889999999999999,6.3633333333333333,6.0233333333333334,0
motiongen_2277,37.950000000000003,14.983333333333331,6.3933333333333326,6.0233333333333334,0
motiongen_2278,37.966999999999999,15.079999999999998,6.4233333333333329,6.0233333333333334,0
motiongen_2279,37.982999999999997,15.173333333333332,6.46,6.0233333333333334,0
motiongen_2280,38,15.266666666666664,6.4966666666666661,6.0233333333333334,0
motiongen_2281,38.017000000000003,15.359999999999999,6.5366666666666662,6.0233333333333334,0
motiongen_2282,38.033000000000001,15.449999999999999,6.5800000000000001,6.0233333333333334,0
motiongen_2283,38.049999999999997,15.540000000000001,6.6266666666666669,6.0233333333333334,0
motiongen_2284,38.067,15.626666666666667,6.6733333333333338,6.0233333333333334,0
motiongen_2285,38.082999999999998,15.716666666666667,6.7233333333333327,6.0233333333333334,0
motiongen_2286,38.100000000000001,15.799999999999999,6.7733333333333334,6.0233333333333334,0
motiongen_2287,38.116999999999997,15.886666666666665,6.8266666666666662,6.0233333333333334,0
motiongen_2288,38.133000000000003,15.969999999999999,6.8833333333333329,6.0233333333333334,0
motiongen_2289,38.149999999999999,16.049999999999997,6.9433333333333334,6.0233333333333334,0
motiongen_2290,38.167000000000002,16.129999999999999,7.003333333333333,6.0233333333333334,0
motiongen_2291,38.183,16.210000000000001,7.0666666666666664,6.0233333333333334,0
motiongen_2292,38.200000000000003,16.286666666666665,7.1299999999999999,6.0233333333333334,0
motiongen_2293,38.216999999999999,16.359999999999999,7.1966666666666663,6.0233333333333334,0
motiongen_2294,38.232999999999997,16.433333333333334,7.2666666666666666,6.0233333333333334,0
motiongen_2295,38.25,16.506666666666668,7.336666666666666,6.0233333333333334,0
motiongen_2296,38.267000000000003,16.573333333333331,7.4100000000000001,6.0233333333333334,0
motiongen_2297,38.283000000000001,16.643333333333331,7.4833333333333325,6.0233333333333334,0
motiongen_2298,38.299999999999997,16.706666666666663,7.5599999999999996,6.0233333333333334,0
motiongen_2299,38.317,16.770000000000003,7.6366666666666667,6.0233333333333334,0
motiongen_2300,38.332999999999998,16.833333333333336,7.7166666666666668,6.0233333333333334,0
motiongen_2301,38.350000000000001,16.893333333333331,7.7966666666666669,6.0233333333333334,0
motiongen_2302,38.366999999999997,16.950000000000003,7.879999999999999,6.0233333333333334,0
motiongen_2303,38.383000000000003,17.003333333333337,7.9633333333333329,6.0233333333333334,0
motiongen_2304,38.399999999999999,17.056666666666665,8.0500000000000007,6.0233333333333334,0
motiongen_2305,38.417000000000002,17.106666666666669,8.1366666666666667,6.0233333333333334,0
motiongen_2306,38.433,17.156666666666666,8.2233333333333327,6.0233333333333334,0
motiongen_2307,38.450000000000003,17.203333333333333,8.3133333333333326,6.0233333333333334,0
motiongen_2308,38.466999999999999,17.246666666666663,8.4033333333333324,6.0233333333333334,0
motiongen_2309,38.482999999999997,17.286666666666669,8.4966666666666661,6.0233333333333334,0
motiongen_2310,38.5,17.326666666666668,8.5899999999999999,6.0233333333333334,0
motiongen_2311,38.517000000000003,17.359999999999999,8.6833333333333336,6.0233333333333334,0
motiongen_2312,38.533000000000001,17.396666666666668,8.7766666666666673,6.0233333333333334,0
motiongen_2313,38.549999999999997,17.426666666666669,8.8733333333333331,6.0233333333333334,0
motiongen_2314,38.567,17.453333333333333,8.9699999999999989,6.0233333333333334,0
motiongen_2315,38.582999999999998,17.479999999999997,9.0666666666666664,6.0233333333333334,0
motiongen_2316,38.600000000000001,17.50333333333333,9.163333333333334,6.0233333333333334,0
motiongen_2317,38.616999999999997,17.526666666666671,9.2599999999999998,6.0233333333333334,0
motiongen_2318,38.633000000000003,17.543333333333337,9.3599999999999994,6.0233333333333334,0
motiongen_2319,38.649999999999999,17.560000000000002,9.4599999999999991,6.0233333333333334,0
motiongen_2320,38.667000000000002,17.573333333333331,9.5600000000000005,6.0233333333333334,0
motiongen_2321,38.683,17.583333333333336,9.6600000000000001,6.0233333333333334,0
motiongen_2322,38.700000000000003,17.593333333333334,9.7599999999999998,6.0233333333333334,0
motiongen_2323,38.716999999999999,17.596666666666664,9.8599999999999994,6.0233333333333334,0
motiongen_2324,38.732999999999997,17.600000000000001,9.9599999999999991,6.0233333333333334,0
motiongen_2325,38.75,17.600000000000001,10.06,6.0233333333333334,0
motiongen_2326,38.767000000000003,17.596666666666664,10.16,6.0233333333333334,0
motiongen_2327,38.783000000000001,17.593333333333334,10.26,6.0233333333333334,0
motiongen_2328,38.799999999999997,17.583333333333336,10.359999999999999,6.0233333333333334,0
motiongen_2329,38.817,17.573333333333331,10.459999999999999,6.0233333333333334,0
motiongen_2330,38.832999999999998,17.560000000000002,10.56,6.0233333333333334,0
motiongen_2331,38.850000000000001,17.543333333333337,10.66,6.0233333333333334,0
motiongen_2332,38.866999999999997,17.526666666666671,10.756666666666666,6.0233333333333334,0
motiongen_2333,38.883000000000003,17.50333333333333,10.856666666666666,6.0233333333333334,0
motiongen_2334,38.899999999999999,17.479999999999997,10.953333333333333,6.0233333333333334,0
motiongen_2335,38.917000000000002,17.456666666666663,11.050000000000001,6.0233333333333334,0
motiongen_2336,38.933,17.426666666666669,11.146666666666667,6.0233333333333334,0
motiongen_2337,38.950000000000003,17.396666666666668,11.243333333333332,6.0233333333333334,0
motiongen_2338,38.966999999999999,17.359999999999999,11.336666666666666,6.0233333333333334,0
motiongen_2339,38.982999999999997,17.326666666666668,11.43,6.0233333333333334,0
motiongen_2340,39,17.286666666666669,11.523333333333333,6.0233333333333334,0
motiongen_2341,39.017000000000003,17.246666666666663,11.613333333333333,6.0233333333333334,0
motiongen_2342,39.033000000000001,17.203333333333333,11.706666666666667,6.0233333333333334,0
motiongen_2343,39.049999999999997,17.156666666666666,11.793333333333333,6.0233333333333334,0
motiongen_2344,39.067,17.106666666666669,11.883333333333333,6.0233333333333334,0
motiongen_2345,39.082999999999998,17.056666666666665,11.969999999999999,6.0233333333333334,0
motiongen_2346,39.100000000000001,17.003333333333337,12.053333333333333,6.0233333333333334,0
motiongen_2347,39.116999999999997,16.950000000000003,12.140000000000001,6.0233333333333334,0
motiongen_2348,39.133000000000003,16.893333333333331,12.220000000000001,6.0233333333333334,0
motiongen_2349,39.149999999999999,16.833333333333336,12.303333333333333,6.0233333333333334,0
motiongen_2350,39.167000000000002,16.773333333333333,12.383333333333333,6.0233333333333334,0
motiongen_2351,39.183,16.706666666666663,12.460000000000001,6.0233333333333334,0
motiongen_2352,39.200000000000003,16.643333333333331,12.536666666666667,6.0233333333333334,0
motiongen_2353,39.216999999999999,16.576666666666668,12.609999999999999,6.0233333333333334,0
motiongen_2354,39.232999999999997,16.506666666666668,12.683333333333334,6.0233333333333334,0
motiongen_2355,39.25,16.433333333333334,12.753333333333334,6.0233333333333334,0
motiongen_2356,39.267000000000003,16.359999999999999,12.823333333333334,6.0233333333333334,0
motiongen_2357,39.283000000000001,16.286666666666665,12.890000000000001,6.0233333333333334,0
motiongen_2358,39.299999999999997,16.210000000000001,12.953333333333333,6.0233333333333334,0
motiongen_2359,39.317,16.129999999999999,13.016666666666666,6.0233333333333334,0
motiongen_2360,39.332999999999998,16.049999999999997,13.076666666666666,6.0233333333333334,0
motiongen_2361,39.350000000000001,15.969999999999999,13.136666666666667,6.0233333333333334,0
motiongen_2362,39.366999999999997,15.886666666666665,13.19,6.0233333333333334,0
motiongen_2363,39.383000000000003,15.799999999999999,13.246666666666666,6.0233333333333334,0
motiongen_2364,39.399999999999999,15.716666666666667,13.296666666666667,6.0233333333333334,0
motiongen_2365,39.417000000000002,15.629999999999997,13.346666666666666,6.0233333333333334,0
motiongen_2366,39.433,15.540000000000001,13.393333333333333,6.0233333333333334,0
motiongen_2367,39.450000000000003,15.449999999999999,13.44,6.0233333333333334,0
motiongen_2368,39.466999999999999,15.359999999999999,13.483333333333334,6.0233333333333334,0
motiongen_2369,39.482999999999997,15.266666666666664,13.523333333333333,6.0233333333333334,0
motiongen_2370,39.5,15.173333333333332,13.559999999999999,6.0233333333333334,0
motiongen_2371,39.517000000000003,15.079999999999998,13.593333333333334,6.0233333333333334,0
motiongen_2372,39.533000000000001,14.986666666666666,13.626666666666667,6.0233333333333334,0
motiongen_2373,39.549999999999997,14.889999999999999,13.656666666666666,6.0233333333333334,0
motiongen_2374,39.567,14.793333333333333,13.686666666666667,6.0233333333333334,0
motiongen_2375,39.582999999999998,14.696666666666667,13.710000000000001,6.0233333333333334,0
motiongen_2376,39.600000000000001,14.596666666666666,13.733333333333334,6.0233333333333334,0
motiongen_2377,39.616999999999997,14.5,13.753333333333334,6.0233333333333334,0
motiongen_2378,39.633000000000003,14.399999999999999,13.77,6.0233333333333334,0
motiongen_2379,39.649999999999999,14.299999999999997,13.786666666666667,6.0233333333333334,0
motiongen_2380,39.667000000000002,14.199999999999999,13.796666666666667,6.0233333333333334,0
motiongen_2381,39.683,14.1,13.806666666666667,6.0233333333333334,0
motiongen_2382,39.700000000000003,13.999999999999998,13.813333333333333,6.0233333333333334,0
motiongen_2383,39.716999999999999,13.9,13.82,6.0233333333333334,0
motiongen_2384,39.732999999999997,13.799999999999999,13.82,6.0233333333333334,0
motiongen_2385,39.75,13.699999999999999,13.82,6.0233333333333334,0
motiongen_2386,39.767000000000003,13.6,13.816666666666666,6.0233333333333334,0
motiongen_2387,39.783000000000001,13.499999999999998,13.809999999999999,6.0233333333333334,0
motiongen_2388,39.799999999999997,13.399999999999999,13.800000000000001,6.0233333333333334,0
motiongen_2389,39.817,13.299999999999999,13.789999999999999,6.0233333333333334,0
motiongen_2390,39.832999999999998,13.199999999999999,13.773333333333333,6.0233333333333334,0
motiongen_2391,39.850000000000001,13.1,13.756666666666668,6.0233333333333334,0
motiongen_2392,39.866999999999997,13.003333333333332,13.736666666666666,6.0233333333333334,0
motiongen_2393,39.883000000000003,12.906666666666665,13.716666666666667,6.0233333333333334,0
motiongen_2394,39.899999999999999,12.806666666666667,13.690000000000001,6.0233333333333334,0
motiongen_2395,39.917000000000002,12.709999999999999,13.663333333333334,6.0233333333333334,0
motiongen_2396,39.933,12.616666666666665,13.633333333333333,6.0233333333333334,0
motiongen_2397,39.950000000000003,12.52,13.603333333333333,6.0233333333333334,0
motiongen_2398,39.966999999999999,12.426666666666666,13.566666666666666,6.0233333333333334,0
motiongen_2399,39.982999999999997,12.333333333333332,13.530000000000001,6.0233333333333334,0
motiongen_2400,40,12.24,13.49,6.0233333333333334,0
motiongen_2401,40.017000000000003,12.149999999999999,13.449999999999999,6.0233333333333334,0
motiongen_2402,40.033000000000001,12.059999999999999,13.403333333333332,6.0233333333333334,0
motiongen_2403,40.049999999999997,11.969999999999999,13.356666666666666,6.0233333333333334,0
motiongen_2404,40.067,11.883333333333333,13.306666666666667,6.0233333333333334,0
motiongen_2405,40.082999999999998,11.796666666666667,13.256666666666666,6.0233333333333334,0
motiongen_2406,40.100000000000001,11.709999999999999,13.203333333333333,6.0233333333333334,0
motiongen_2407,40.116999999999997,11.626666666666665,13.146666666666667,6.0233333333333334,0
motiongen_2408,40.133000000000003,11.546666666666665,13.09,6.0233333333333334,0
motiongen_2409,40.149999999999999,11.466666666666665,13.029999999999999,6.0233333333333334,0
motiongen_2410,40.167000000000002,11.386666666666665,12.966666666666667,6.0233333333333334,0
motiongen_2411,40.183,11.309999999999999,12.903333333333332,6.0233333333333334,0
motiongen_2412,40.200000000000003,11.233333333333333,12.836666666666666,6.0233333333333334,0
motiongen_2413,40.216999999999999,11.159999999999998,12.766666666666666,6.0233333333333334,0
motiongen_2414,40.232999999999997,11.089999999999998,12.696666666666667,6.0233333333333334,0
motiongen_2415,40.25,11.02,12.626666666666667,6.0233333333333334,0
motiongen_2416,40.267000000000003,10.949999999999999,12.550000000000001,6.0233333333333334,0
motiongen_2417,40.283000000000001,10.886666666666665,12.476666666666667,6.0233333333333334,0
motiongen_2418,40.299999999999997,10.819999999999999,12.4,6.0233333333333334,0
motiongen_2419,40.317,10.76,12.32,6.0233333333333334,0
motiongen_2420,40.332999999999998,10.699999999999999,12.24,6.0233333333333334,0
motiongen_2421,40.350000000000001,10.643333333333333,12.156666666666666,6.0233333333333334,0
motiongen_2422,40.366999999999997,10.586666666666666,12.073333333333334,6.0233333333333334,0
motiongen_2423,40.383000000000003,10.533333333333333,11.986666666666666,6.0233333333333334,0
motiongen_2424,40.399999999999999,10.483333333333333,11.9,6.0233333333333334,0
motiongen_2425,40.417000000000002,10.433333333333332,11.813333333333333,6.0233333333333334,0
motiongen_2426,40.433,10.386666666666667,11.723333333333333,6.0233333333333334,0
motiongen_2427,40.450000000000003,10.343333333333334,11.633333333333333,6.0233333333333334,0
motiongen_2428,40.466999999999999,10.303333333333333,11.543333333333333,6.0233333333333334,0
motiongen_2429,40.482999999999997,10.263333333333334,11.449999999999999,6.0233333333333334,0
motiongen_2430,40.5,10.226666666666667,11.356666666666667,6.0233333333333334,0
motiongen_2431,40.517000000000003,10.193333333333332,11.263333333333334,6.0233333333333334,0
motiongen_2432,40.533000000000001,10.159999999999998,11.166666666666666,6.0233333333333334,0
motiongen_2433,40.549999999999997,10.129999999999999,11.07,6.0233333333333334,0
motiongen_2434,40.567,10.103333333333333,10.973333333333333,6.0233333333333334,0
motiongen_2435,40.582999999999998,10.079999999999998,10.876666666666667,6.0233333333333334,0
motiongen_2436,40.600000000000001,10.059999999999999,10.779999999999999,6.0233333333333334,0
motiongen_2437,40.616999999999997,10.039999999999999,10.68,6.0233333333333334,0
motiongen_2438,40.633000000000003,10.023333333333333,10.58,6.0233333333333334,0
motiongen_2439,40.649999999999999,10.01,10.48,6.0233333333333334,0
motiongen_2440,40.667000000000002,9.9966666666666661,10.383333333333333,6.0233333333333334,0
motiongen_2441,40.683,9.9899999999999984,10.283333333333333,6.0233333333333334,0
motiongen_2442,40.700000000000003,9.9833333333333325,10.18,6.0233333333333334,0
motiongen_2443,40.716999999999999,9.9800000000000004,10.08,6.0233333333333334,0
motiongen_2444,40.732999999999997,9.9800000000000004,9.9800000000000004,6.0233333333333334,0
motiongen_2445,40.75,9.9833333333333325,9.879999999999999,6.0233333333333334,0
motiongen_2446,40.767000000000003,9.9866666666666664,9.7799999999999994,6.0233333333333334,0
motiongen_2447,40.783000000000001,9.9933333333333323,9.6799999999999997,6.0233333333333334,0
motiongen_2448,40.799999999999997,10.003333333333332,9.5800000000000001,6.0233333333333334,0
motiongen_2449,40.817,10.016666666666666,9.4800000000000004,6.0233333333333334,0
motiongen_2450,40.832999999999998,10.033333333333333,9.379999999999999,6.0233333333333334,0
motiongen_2451,40.850000000000001,10.049999999999999,9.2833333333333332,6.0233333333333334,0
motiongen_2452,40.866999999999997,10.069999999999999,9.1833333333333336,6.0233333333333334,0
motiongen_2453,40.883000000000003,10.093333333333332,9.086666666666666,6.0233333333333334,0
motiongen_2454,40.899999999999999,10.119999999999999,8.9900000000000002,6.0233333333333334,0
motiongen_2455,40.917000000000002,10.146666666666667,8.8933333333333326,6.0233333333333334,0
motiongen_2456,40.933,10.176666666666666,8.7966666666666669,6.0233333333333334,0
motiongen_2457,40.950000000000003,10.209999999999999,8.7033333333333331,6.0233333333333334,0
motiongen_2458,40.966999999999999,10.246666666666664,8.6099999999999994,6.0233333333333334,0
motiongen_2459,40.982999999999997,10.286666666666665,8.5166666666666657,6.0233333333333334,0
motiongen_2460,41,10.326666666666664,8.4233333333333338,6.0233333333333334,0
motiongen_2461,41.017000000000003,10.369999999999999,8.3333333333333321,6.0233333333333334,0
motiongen_2462,41.033000000000001,10.413333333333332,8.2433333333333323,6.0233333333333334,0
motiongen_2463,41.049999999999997,10.463333333333331,8.1566666666666663,6.0233333333333334,0
motiongen_2464,41.067,10.513333333333332,8.0666666666666664,6.0233333333333334,0
motiongen_2465,41.082999999999998,10.563333333333333,7.9833333333333325,6.0233333333333334,0
motiongen_2466,41.100000000000001,10.619999999999999,7.8966666666666665,6.0233333333333334,0
motiongen_2467,41.116999999999997,10.676666666666666,7.8166666666666664,6.0233333333333334,0
motiongen_2468,41.133000000000003,10.733333333333333,7.7333333333333325,6.0233333333333334,0
motiongen_2469,41.149999999999999,10.796666666666665,7.6533333333333333,6.0233333333333334,0
motiongen_2470,41.167000000000002,10.859999999999999,7.5766666666666662,6.0233333333333334,0
motiongen_2471,41.183,10.923333333333332,7.5,6.0233333333333334,0
motiongen_2472,41.200000000000003,10.99,7.4266666666666659,6.0233333333333334,0
motiongen_2473,41.216999999999999,11.059999999999999,7.3533333333333335,6.0233333333333334,0
motiongen_2474,41.232999999999997,11.129999999999999,7.2799999999999994,6.0233333333333334,0
motiongen_2475,41.25,11.203333333333333,7.2133333333333329,6.0233333333333334,0
motiongen_2476,41.267000000000003,11.279999999999999,7.1466666666666665,6.0233333333333334,0
motiongen_2477,41.283000000000001,11.353333333333333,7.0800000000000001,6.0233333333333334,0
motiongen_2478,41.299999999999997,11.433333333333334,7.0166666666666657,6.0233333333333334,0
motiongen_2479,41.317,11.513333333333334,6.9566666666666661,6.0233333333333334,0
motiongen_2480,41.332999999999998,11.593333333333334,6.8966666666666665,6.0233333333333334,0
motiongen_2481,41.350000000000001,11.676666666666666,6.8399999999999999,6.0233333333333334,0
motiongen_2482,41.366999999999997,11.76,6.7866666666666671,6.0233333333333334,0
motiongen_2483,41.383000000000003,11.846666666666666,6.7333333333333325,6.0233333333333334,0
motiongen_2484,41.399999999999999,11.933333333333332,6.6833333333333336,6.0233333333333334,0
motiongen_2485,41.417000000000002,12.023333333333333,6.6366666666666667,6.0233333333333334,0
motiongen_2486,41.433,12.109999999999999,6.5899999999999999,6.0233333333333334,0
motiongen_2487,41.450000000000003,12.203333333333333,6.5466666666666669,6.0233333333333334,0
motiongen_2488,41.466999999999999,12.293333333333333,6.5066666666666659,6.0233333333333334,0
motiongen_2489,41.482999999999997,12.386666666666667,6.4666666666666668,6.0233333333333334,0
motiongen_2490,41.5,12.48,6.4333333333333336,6.0233333333333334,0
motiongen_2491,41.517000000000003,12.576666666666666,6.4000000000000004,6.0233333333333334,0
motiongen_2492,41.533000000000001,12.67,6.3666666666666663,6.0233333333333334,0
motiongen_2493,41.549999999999997,12.766666666666666,6.3399999999999999,6.0233333333333334,0
motiongen_2494,41.567,12.863333333333332,6.3133333333333326,6.0233333333333334,0
motiongen_2495,41.582999999999998,12.963333333333331,6.2899999999999991,6.0233333333333334,0
motiongen_2496,41.600000000000001,13.059999999999999,6.2699999999999996,6.0233333333333334,0
motiongen_2497,41.616999999999997,13.159999999999998,6.253333333333333,6.0233333333333334,0
motiongen_2498,41.633000000000003,13.26,6.2366666666666664,6.0233333333333334,0
motiongen_2499,41.649999999999999,13.356666666666666,6.2233333333333327,6.0233333333333334,0
motiongen_2500,41.667000000000002,13.456666666666665,6.2133333333333329,6.0233333333333334,0
motiongen_2501,41.683,13.556666666666667,6.2066666666666661,6.0233333333333334,0
motiongen_2502,41.700000000000003,13.659999999999998,6.2033333333333331,6.0233333333333334,0
motiongen_2503,41.716999999999999,13.76,6.1999999999999993,6.0233333333333334,0
motiongen_2504,41.732999999999997,13.859999999999999,6.1999999999999993,6.0233333333333334,0
motiongen_2505,41.75,13.959999999999999,6.2033333333333331,6.0233333333333334,0
motiongen_2506,41.767000000000003,14.06,6.21,6.0233333333333334,0
motiongen_2507,41.783000000000001,14.159999999999998,6.2166666666666668,6.0233333333333334,0
motiongen_2508,41.799999999999997,14.26,6.2300000000000004,6.0233333333333334,0
motiongen_2509,41.817,14.359999999999999,6.2433333333333332,6.0233333333333334,0
motiongen_2510,41.832999999999998,14.456666666666667,6.2599999999999998,6.0233333333333334,0
motiongen_2511,41.850000000000001,14.556666666666667,6.2766666666666655,6.0233333333333334,0
motiongen_2512,41.866999999999997,14.653333333333334,6.2999999999999998,6.0233333333333334,0
motiongen_2513,41.883000000000003,14.753333333333332,6.3233333333333324,6.0233333333333334,0
motiongen_2514,41.899999999999999,14.849999999999998,6.3499999999999996,6.0233333333333334,0
motiongen_2515,41.917000000000002,14.946666666666667,6.3799999999999999,6.0233333333333334,0
motiongen_2516,41.933,15.039999999999999,6.4099999999999993,6.0233333333333334,0
motiongen_2517,41.950000000000003,15.133333333333331,6.4466666666666663,6.0233333333333334,0
motiongen_2518,41.966999999999999,15.23,6.4833333333333325,6.0233333333333334,0
motiongen_2519,41.982999999999997,15.319999999999999,6.5199999999999996,6.0233333333333334,0
motiongen_2520,42,15.413333333333332,6.5633333333333326,6.0233333333333334,0
motiongen_2521,42.017000000000003,15.503333333333334,6.6066666666666665,6.0233333333333334,0
motiongen_2522,42.033000000000001,15.59,6.6533333333333333,6.0233333333333334,0
motiongen_2523,42.049999999999997,15.68,6.6999999999999993,6.0233333333333334,0
motiongen_2524,42.067,15.766666666666666,6.753333333333333,6.0233333333333334,0
motiongen_2525,42.082999999999998,15.85,6.8066666666666666,6.0233333333333334,0
motiongen_2526,42.100000000000001,15.933333333333332,6.8599999999999994,6.0233333333333334,0
motiongen_2527,42.116999999999997,16.016666666666666,6.9199999999999999,6.0233333333333334,0
motiongen_2528,42.133000000000003,16.096666666666664,6.9799999999999995,6.0233333333333334,0
motiongen_2529,42.149999999999999,16.176666666666666,7.0399999999999991,6.0233333333333334,0
motiongen_2530,42.167000000000002,16.25333333333333,7.1033333333333335,6.0233333333333334,0
motiongen_2531,42.183,16.329999999999998,7.1699999999999999,6.0233333333333334,0
motiongen_2532,42.200000000000003,16.403333333333332,7.2366666666666664,6.0233333333333334,0
motiongen_2533,42.216999999999999,16.476666666666667,7.3066666666666666,6.0233333333333334,0
motiongen_2534,42.232999999999997,16.546666666666667,7.379999999999999,6.0233333333333334,0
motiongen_2535,42.25,16.613333333333337,7.4533333333333331,6.0233333333333334,0
motiongen_2536,42.267000000000003,16.68,7.5299999999999994,6.0233333333333334,0
motiongen_2537,42.283000000000001,16.746666666666663,7.6066666666666665,6.0233333333333334,0
motiongen_2538,42.299999999999997,16.806666666666665,7.6833333333333336,6.0233333333333334,0
motiongen_2539,42.317,16.866666666666667,7.7633333333333328,6.0233333333333334,0
motiongen_2540,42.332999999999998,16.926666666666662,7.8466666666666658,6.0233333333333334,0
motiongen_2541,42.350000000000001,16.983333333333334,7.9299999999999997,6.0233333333333334,0
motiongen_2542,42.366999999999997,17.036666666666669,8.0133333333333336,6.0233333333333334,0
motiongen_2543,42.383000000000003,17.086666666666666,8.0999999999999996,6.0233333333333334,0
motiongen_2544,42.399999999999999,17.136666666666663,8.1899999999999995,6.0233333333333334,0
motiongen_2545,42.417000000000002,17.18333333333333,8.2766666666666673,6.0233333333333334,0
motiongen_2546,42.433,17.226666666666667,8.3666666666666671,6.0233333333333334,0
motiongen_2547,42.450000000000003,17.269999999999996,8.4599999999999991,6.0233333333333334,0
motiongen_2548,42.466999999999999,17.310000000000002,8.5500000000000007,6.0233333333333334,0
motiongen_2549,42.482999999999997,17.346666666666664,8.6433333333333326,6.0233333333333334,0
motiongen_2550,42.5,17.380000000000003,8.7366666666666664,6.0233333333333334,0
motiongen_2551,42.517000000000003,17.413333333333334,8.8333333333333321,6.0233333333333334,0
motiongen_2552,42.533000000000001,17.443333333333335,8.9299999999999997,6.0233333333333334,0
motiongen_2553,42.549999999999997,17.469999999999999,9.0266666666666673,6.0233333333333334,0
motiongen_2554,42.567,17.49666666666667,9.1233333333333331,6.0233333333333334,0
motiongen_2555,42.582999999999998,17.516666666666666,9.2199999999999989,6.0233333333333334,0
motiongen_2556,42.600000000000001,17.536666666666662,9.3200000000000003,6.0233333333333334,0
motiongen_2557,42.616999999999997,17.553333333333335,9.4199999999999999,6.0233333333333334,0
motiongen_2558,42.633000000000003,17.566666666666663,9.5166666666666657,6.0233333333333334,0
motiongen_2559,42.649999999999999,17.579999999999998,9.6166666666666671,6.0233333333333334,0
motiongen_2560,42.667000000000002,17.589999999999996,9.7166666666666668,6.0233333333333334,0
motiongen_2561,42.683,17.596666666666664,9.8166666666666664,6.0233333333333334,-0.0033333333333333335
motiongen_2562,42.700000000000003,17.600000000000001,9.9166666666666661,6.0233333333333334,0.0033333333333333335
motiongen_2563,42.716999999999999,17.600000000000001,10.02,6.0233333333333334,0
motiongen_2564,42.732999999999997,17.600000000000001,10.119999999999999,6.0233333333333334,0
motiongen_2565,42.75,17.593333333333334,10.220000000000001,6.0233333333333334,0
motiongen_2566,42.767000000000003,17.586666666666666,10.32,6.0233333333333334,0
motiongen_2567,42.783000000000001,17.576666666666668,10.42,6.0233333333333334,0
motiongen_2568,42.799999999999997,17.566666666666663,10.52,6.0233333333333334,0
motiongen_2569,42.817,17.549999999999997,10.619999999999999,6.0233333333333334,0
motiongen_2570,42.832999999999998,17.533333333333331,10.716666666666667,6.0233333333333334,0
motiongen_2571,42.850000000000001,17.513333333333335,10.816666666666666,6.0233333333333334,0
motiongen_2572,42.866999999999997,17.490000000000002,10.913333333333334,6.0233333333333334,0
motiongen_2573,42.883000000000003,17.466666666666669,11.01,6.0233333333333334,0
motiongen_2574,42.899999999999999,17.439999999999998,11.106666666666666,6.0233333333333334,0
motiongen_2575,42.917000000000002,17.410000000000004,11.203333333333333,6.0233333333333334,0
motiongen_2576,42.933,17.376666666666665,11.296666666666667,6.0233333333333334,0
motiongen_2577,42.950000000000003,17.340000000000003,11.393333333333333,6.0233333333333334,0
motiongen_2578,42.966999999999999,17.303333333333335,11.486666666666666,6.0233333333333334,0
motiongen_2579,42.982999999999997,17.263333333333335,11.576666666666666,6.0233333333333334,0
motiongen_2580,43,17.219999999999999,11.666666666666666,6.0233333333333334,0
motiongen_2581,43.017000000000003,17.176666666666669,11.756666666666666,6.0233333333333334,0
motiongen_2582,43.033000000000001,17.126666666666665,11.846666666666668,6.0233333333333334,0
motiongen_2583,43.049999999999997,17.079999999999998,11.933333333333334,6.0233333333333334,0
motiongen_2584,43.067,17.026666666666664,12.02,6.0233333333333334,0
motiongen_2585,43.082999999999998,16.973333333333336,12.103333333333333,6.0233333333333334,0
motiongen_2586,43.100000000000001,16.916666666666664,12.186666666666667,6.0233333333333334,0
motiongen_2587,43.116999999999997,16.856666666666669,12.27,6.0233333333333334,0
motiongen_2588,43.133000000000003,16.796666666666667,12.35,6.0233333333333334,0
motiongen_2589,43.149999999999999,16.733333333333334,12.426666666666666,6.0233333333333334,0
motiongen_2590,43.167000000000002,16.670000000000002,12.503333333333334,6.0233333333333334,0
motiongen_2591,43.183,16.603333333333332,12.58,6.0233333333333334,0
motiongen_2592,43.200000000000003,16.533333333333331,12.653333333333332,6.0233333333333334,0
motiongen_2593,43.216999999999999,16.463333333333331,12.723333333333333,6.0233333333333334,0
motiongen_2594,43.232999999999997,16.390000000000001,12.793333333333333,6.0233333333333334,0
motiongen_2595,43.25,16.316666666666666,12.859999999999999,6.0233333333333334,0
motiongen_2596,43.267000000000003,16.240000000000002,12.926666666666666,6.0233333333333334,0
motiongen_2597,43.283000000000001,16.163333333333334,12.99,6.0233333333333334,0
motiongen_2598,43.299999999999997,16.083333333333332,13.053333333333333,6.0233333333333334,0
motiongen_2599,43.317,16.00333333333333,13.109999999999999,6.0233333333333334,0
motiongen_2600,43.332999999999998,15.92,13.17,6.0233333333333334,0
motiongen_2601,43.350000000000001,15.836666666666666,13.223333333333333,6.0233333333333334,0
motiongen_2602,43.366999999999997,15.75,13.276666666666667,6.0233333333333334,0
motiongen_2603,43.383000000000003,15.663333333333334,13.326666666666666,6.0233333333333334,0
motiongen_2604,43.399999999999999,15.576666666666664,13.376666666666667,6.0233333333333334,0
motiongen_2605,43.417000000000002,15.486666666666666,13.42,6.0233333333333334,0
motiongen_2606,43.433,15.396666666666667,13.463333333333333,6.0233333333333334,0
motiongen_2607,43.450000000000003,15.303333333333331,13.506666666666666,6.0233333333333334,0
motiongen_2608,43.466999999999999,15.213333333333331,13.543333333333333,6.0233333333333334,0
motiongen_2609,43.482999999999997,15.119999999999999,13.58,6.0233333333333334,0
motiongen_2610,43.5,15.023333333333333,13.613333333333333,6.0233333333333334,0
motiongen_2611,43.517000000000003,14.929999999999998,13.646666666666667,6.0233333333333334,0
motiongen_2612,43.533000000000001,14.833333333333332,13.673333333333334,6.0233333333333334,0
motiongen_2613,43.549999999999997,14.736666666666665,13.699999999999999,6.0233333333333334,0
motiongen_2614,43.567,14.636666666666665,13.723333333333333,6.0233333333333334,0
motiongen_2615,43.582999999999998,14.539999999999997,13.746666666666666,6.0233333333333334,0
motiongen_2616,43.600000000000001,14.44,13.763333333333332,6.0233333333333334,0
motiongen_2617,43.616999999999997,14.343333333333334,13.779999999999999,6.0233333333333334,0
motiongen_2618,43.633000000000003,14.243333333333332,13.793333333333333,6.0233333333333334,0
motiongen_2619,43.649999999999999,14.143333333333333,13.803333333333333,6.0233333333333334,0
motiongen_2620,43.667000000000002,14.043333333333331,13.809999999999999,6.0233333333333334,0
motiongen_2621,43.683,13.943333333333333,13.816666666666666,6.0233333333333334,0
motiongen_2622,43.700000000000003,13.843333333333332,13.82,6.0233333333333334,0
motiongen_2623,43.716999999999999,13.739999999999998,13.82,6.0233333333333334,0
motiongen_2624,43.732999999999997,13.639999999999999,13.816666666666666,6.0233333333333334,0
motiongen_2625,43.75,13.539999999999999,13.813333333333333,6.0233333333333334,0
motiongen_2626,43.767000000000003,13.44,13.803333333333333,6.0233333333333334,0
motiongen_2627,43.783000000000001,13.34,13.793333333333333,6.0233333333333334,0
motiongen_2628,43.799999999999997,13.239999999999998,13.779999999999999,6.0233333333333334,0
motiongen_2629,43.817,13.143333333333333,13.763333333333332,6.0233333333333334,0
motiongen_2630,43.832999999999998,13.043333333333331,13.746666666666666,6.0233333333333334,0
motiongen_2631,43.850000000000001,12.946666666666665,13.726666666666667,6.0233333333333334,0
motiongen_2632,43.866999999999997,12.846666666666666,13.699999999999999,6.0233333333333334,0
motiongen_2633,43.883000000000003,12.75,13.676666666666666,6.0233333333333334,0
motiongen_2634,43.899999999999999,12.653333333333332,13.646666666666667,6.0233333333333334,0
motiongen_2635,43.917000000000002,12.559999999999999,13.616666666666667,6.0233333333333334,0
motiongen_2636,43.933,12.463333333333331,13.583333333333334,6.0233333333333334,0
motiongen_2637,43.950000000000003,12.369999999999999,13.546666666666667,6.0233333333333334,0
motiongen_2638,43.966999999999999,12.276666666666666,13.506666666666666,6.0233333333333334,0
motiongen_2639,43.982999999999997,12.186666666666666,13.466666666666667,6.0233333333333334,0
motiongen_2640,44,12.096666666666666,13.423333333333334,6.0233333333333334,0
motiongen_2641,44.017000000000003,12.006666666666666,13.376666666666667,6.0233333333333334,0
motiongen_2642,44.033000000000001,11.92,13.33,6.0233333333333334,0
motiongen_2643,44.049999999999997,11.833333333333332,13.276666666666667,6.0233333333333334,0
motiongen_2644,44.067,11.746666666666666,13.226666666666667,6.0233333333333334,0
motiongen_2645,44.082999999999998,11.663333333333332,13.17,6.0233333333333334,0
motiongen_2646,44.100000000000001,11.58,13.113333333333333,6.0233333333333334,0
motiongen_2647,44.116999999999997,11.5,13.053333333333333,6.0233333333333334,0
motiongen_2648,44.133000000000003,11.42,12.993333333333332,6.0233333333333334,0
motiongen_2649,44.149999999999999,11.34,12.93,6.0233333333333334,0
motiongen_2650,44.167000000000002,11.266666666666666,12.863333333333333,6.0233333333333334,0
motiongen_2651,44.183,11.19,12.796666666666667,6.0233333333333334,0
motiongen_2652,44.200000000000003,11.119999999999999,12.726666666666667,6.0233333333333334,0
motiongen_2653,44.216999999999999,11.046666666666665,12.656666666666666,6.0233333333333334,0
motiongen_2654,44.232999999999997,10.979999999999999,12.583333333333334,6.0233333333333334,0
motiongen_2655,44.25,10.913333333333332,12.506666666666666,6.0233333333333334,0
motiongen_2656,44.267000000000003,10.846666666666666,12.43,6.0233333333333334,0
motiongen_2657,44.283000000000001,10.783333333333331,12.353333333333333,6.0233333333333334,0
motiongen_2658,44.299999999999997,10.723333333333333,12.273333333333333,6.0233333333333334,0
motiongen_2659,44.317,10.666666666666666,12.19,6.0233333333333334,0
motiongen_2660,44.332999999999998,10.609999999999998,12.106666666666666,6.0233333333333334,0
motiongen_2661,44.350000000000001,10.556666666666665,12.023333333333333,6.0233333333333334,0
motiongen_2662,44.366999999999997,10.503333333333332,11.936666666666666,6.0233333333333334,0
motiongen_2663,44.383000000000003,10.453333333333333,11.85,6.0233333333333334,0
motiongen_2664,44.399999999999999,10.406666666666665,11.76,6.0233333333333334,0
motiongen_2665,44.417000000000002,10.359999999999999,11.67,6.0233333333333334,0
motiongen_2666,44.433,10.319999999999999,11.58,6.0233333333333334,0
motiongen_2667,44.450000000000003,10.279999999999999,11.486666666666666,6.0233333333333334,0
motiongen_2668,44.466999999999999,10.239999999999998,11.396666666666667,6.0233333333333334,0
motiongen_2669,44.482999999999997,10.206666666666665,11.300000000000001,6.0233333333333334,0
motiongen_2670,44.5,10.173333333333332,11.206666666666667,6.0233333333333334,0
motiongen_2671,44.517000000000003,10.143333333333333,11.109999999999999,6.0233333333333334,0
motiongen_2672,44.533000000000001,10.113333333333332,11.013333333333334,6.0233333333333334,0
motiongen_2673,44.549999999999997,10.09,10.916666666666666,6.0233333333333334,0
motiongen_2674,44.567,10.066666666666666,10.82,6.0233333333333334,0
motiongen_2675,44.582999999999998,10.046666666666665,10.719999999999999,6.0233333333333334,0
motiongen_2676,44.600000000000001,10.029999999999999,10.623333333333333,6.0233333333333334,0
motiongen_2677,44.616999999999997,10.013333333333332,10.523333333333333,6.0233333333333334,0
motiongen_2678,44.633000000000003,10.003333333333332,10.423333333333334,6.0233333333333334,0
motiongen_2679,44.649999999999999,9.9933333333333323,10.323333333333332,6.0233333333333334,0
motiongen_2680,44.667000000000002,9.9866666666666664,10.223333333333333,6.0233333333333334,0
motiongen_2681,44.683,9.9800000000000004,10.123333333333333,6.0233333333333334,0
motiongen_2682,44.700000000000003,9.9800000000000004,10.023333333333333,6.0233333333333334,0
motiongen_2683,44.716999999999999,9.9800000000000004,9.9199999999999999,6.0233333333333334,0
motiongen_2684,44.732999999999997,9.9833333333333325,9.8200000000000003,6.0233333333333334,0
motiongen_2685,44.75,9.9899999999999984,9.7200000000000006,6.0233333333333334,0
motiongen_2686,44.767000000000003,9.9999999999999982,9.6199999999999992,6.0233333333333334,0
motiongen_2687,44.783000000000001,10.01,9.5199999999999996,6.0233333333333334,0
motiongen_2688,44.799999999999997,10.026666666666666,9.4233333333333338,6.0233333333333334,0
motiongen_2689,44.817,10.043333333333331,9.3233333333333324,6.0233333333333334,0
motiongen_2690,44.832999999999998,10.063333333333333,9.2233333333333327,6.0233333333333334,0
motiongen_2691,44.850000000000001,10.083333333333332,9.1266666666666669,6.0233333333333334,0
motiongen_2692,44.866999999999997,10.109999999999999,9.0299999999999994,6.0233333333333334,0
motiongen_2693,44.883000000000003,10.136666666666665,8.9333333333333336,6.0233333333333334,0
motiongen_2694,44.899999999999999,10.166666666666664,8.836666666666666,6.0233333333333334,0
motiongen_2695,44.917000000000002,10.196666666666665,8.7400000000000002,6.0233333333333334,0
motiongen_2696,44.933,10.233333333333333,8.6466666666666665,6.0233333333333334,0
motiongen_2697,44.950000000000003,10.27,8.5533333333333328,6.0233333333333334,0
motiongen_2698,44.966999999999999,10.309999999999999,8.4599999999999991,6.0233333333333334,0
motiongen_2699,44.982999999999997,10.35,8.3699999999999992,6.0233333333333334,0
motiongen_2700,45,10.396666666666667,8.2799999999999994,6.0233333333333334,0
motiongen_2701,45.017000000000003,10.443333333333332,8.1899999999999995,6.0233333333333334,0
motiongen_2702,45.033000000000001,10.489999999999998,8.1033333333333335,6.0233333333333334,0
motiongen_2703,45.049999999999997,10.543333333333331,8.0166666666666657,6.0233333333333334,0
motiongen_2704,45.067,10.596666666666666,7.9333333333333336,6.0233333333333334,0
motiongen_2705,45.082999999999998,10.653333333333332,7.8499999999999996,6.0233333333333334,0
motiongen_2706,45.100000000000001,10.709999999999999,7.7666666666666657,6.0233333333333334,0
motiongen_2707,45.116999999999997,10.769999999999998,7.6866666666666665,6.0233333333333334,0
motiongen_2708,45.133000000000003,10.833333333333332,7.6066666666666665,6.0233333333333334,0
motiongen_2709,45.149999999999999,10.896666666666667,7.5299999999999994,6.0233333333333334,0
motiongen_2710,45.167000000000002,10.963333333333333,7.4566666666666661,6.0233333333333334,0
motiongen_2711,45.183,11.029999999999999,7.3833333333333329,6.0233333333333334,0
motiongen_2712,45.200000000000003,11.1,7.3099999999999996,6.0233333333333334,0
motiongen_2713,45.216999999999999,11.173333333333332,7.2400000000000002,6.0233333333333334,0
motiongen_2714,45.232999999999997,11.246666666666666,7.1733333333333329,6.0233333333333334,0
motiongen_2715,45.25,11.323333333333332,7.1066666666666665,6.0233333333333334,0
motiongen_2716,45.267000000000003,11.399999999999999,7.043333333333333,6.0233333333333334,0
motiongen_2717,45.283000000000001,11.479999999999999,6.9799999999999995,6.0233333333333334,0
motiongen_2718,45.299999999999997,11.559999999999999,6.9199999999999999,6.0233333333333334,0
motiongen_2719,45.317,11.643333333333333,6.8633333333333333,6.0233333333333334,0
motiongen_2720,45.332999999999998,11.726666666666665,6.8066666666666666,6.0233333333333334,0
motiongen_2721,45.350000000000001,11.809999999999999,6.753333333333333,6.0233333333333334,0
motiongen_2722,45.366999999999997,11.896666666666665,6.7033333333333331,6.0233333333333334,0
motiongen_2723,45.383000000000003,11.986666666666666,6.6533333333333333,6.0233333333333334,0
motiongen_2724,45.399999999999999,12.073333333333332,6.6066666666666665,6.0233333333333334,0
motiongen_2725,45.417000000000002,12.163333333333332,6.5633333333333326,6.0233333333333334,0
motiongen_2726,45.433,12.256666666666666,6.5233333333333334,6.0233333333333334,0
motiongen_2727,45.450000000000003,12.35,6.4833333333333325,6.0233333333333334,0
motiongen_2728,45.466999999999999,12.443333333333333,6.4466666666666663,6.0233333333333334,0
motiongen_2729,45.482999999999997,12.536666666666665,6.4133333333333331,6.0233333333333334,0
motiongen_2730,45.5,12.629999999999999,6.3799999999999999,6.0233333333333334,0
motiongen_2731,45.517000000000003,12.726666666666667,6.3499999999999996,6.0233333333333334,0
motiongen_2732,45.533000000000001,12.823333333333332,6.3233333333333324,6.0233333333333334,0
motiongen_2733,45.549999999999997,12.923333333333334,6.2999999999999998,6.0233333333333334,0
motiongen_2734,45.567,13.02,6.2799999999999994,6.0233333333333334,0
motiongen_2735,45.582999999999998,13.119999999999999,6.2599999999999998,6.0233333333333334,0
motiongen_2736,45.600000000000001,13.216666666666665,6.2433333333333332,6.0233333333333334,0
motiongen_2737,45.616999999999997,13.316666666666666,6.2300000000000004,6.0233333333333334,0
motiongen_2738,45.633000000000003,13.416666666666666,6.2166666666666668,6.0233333333333334,0
motiongen_2739,45.649999999999999,13.516666666666666,6.21,6.0233333333333334,0
motiongen_2740,45.667000000000002,13.616666666666665,6.2033333333333331,6.0233333333333334,0
motiongen_2741,45.683,13.716666666666667,6.1999999999999993,6.0233333333333334,0
motiongen_2742,45.700000000000003,13.816666666666666,6.1999999999999993,6.0233333333333334,0
motiongen_2743,45.716999999999999,13.916666666666666,6.2033333333333331,6.0233333333333334,0
motiongen_2744,45.732999999999997,14.02,6.2066666666666661,6.0233333333333334,0
motiongen_2745,45.75,14.119999999999999,6.2133333333333329,6.0233333333333334,0
motiongen_2746,45.767000000000003,14.219999999999997,6.2233333333333327,6.0233333333333334,0
motiongen_2747,45.783000000000001,14.316666666666666,6.2366666666666664,6.0233333333333334,0
motiongen_2748,45.799999999999997,14.416666666666664,6.253333333333333,6.0233333333333334,0
motiongen_2749,45.817,14.516666666666666,6.2699999999999996,6.0233333333333334,0
motiongen_2750,45.832999999999998,14.613333333333332,6.2899999999999991,6.0233333333333334,0
motiongen_2751,45.850000000000001,14.713333333333333,6.3133333333333326,6.0233333333333334,0
motiongen_2752,45.866999999999997,14.809999999999999,6.3399999999999999,6.0233333333333334,0
motiongen_2753,45.883000000000003,14.906666666666666,6.3666666666666663,6.0233333333333334,0
motiongen_2754,45.899999999999999,15,6.3966666666666665,6.0233333333333334,0
motiongen_2755,45.917000000000002,15.096666666666668,6.4299999999999997,6.0233333333333334,0
motiongen_2756,45.933,15.19,6.4666666666666668,6.0233333333333334,0
motiongen_2757,45.950000000000003,15.283333333333333,6.503333333333333,6.0233333333333334,0
motiongen_2758,45.966999999999999,15.373333333333331,6.5466666666666669,6.0233333333333334,0
motiongen_2759,45.982999999999997,15.466666666666667,6.586666666666666,6.0233333333333334,0
motiongen_2760,46,15.556666666666667,6.6333333333333329,6.0233333333333334,0
motiongen_2761,46.017000000000003,15.643333333333333,6.6799999999999997,6.0233333333333334,0
motiongen_2762,46.033000000000001,15.729999999999999,6.7299999999999995,6.0233333333333334,0
motiongen_2763,46.049999999999997,15.816666666666665,6.7833333333333332,6.0233333333333334,0
motiongen_2764,46.067,15.899999999999999,6.836666666666666,6.0233333333333334,0
motiongen_2765,46.082999999999998,15.983333333333334,6.8933333333333326,6.0233333333333334,0
motiongen_2766,46.100000000000001,16.063333333333333,6.9533333333333331,6.0233333333333334,0
motiongen_2767,46.116999999999997,16.143333333333334,7.0133333333333328,6.0233333333333334,0
motiongen_2768,46.133000000000003,16.223333333333336,7.0766666666666662,6.0233333333333334,0
motiongen_2769,46.149999999999999,16.299999999999997,7.1433333333333326,6.0233333333333334,0
motiongen_2770,46.167000000000002,16.373333333333335,7.21,6.0233333333333334,0
motiongen_2771,46.183,16.446666666666665,7.2799999999999994,6.0233333333333334,0
motiongen_2772,46.200000000000003,16.516666666666666,7.3499999999999996,6.0233333333333334,0
motiongen_2773,46.216999999999999,16.586666666666666,7.4233333333333329,6.0233333333333334,0
motiongen_2774,46.232999999999997,16.653333333333336,7.4966666666666661,6.0233333333333334,0
motiongen_2775,46.25,16.719999999999999,7.5733333333333333,6.0233333333333334,0
motiongen_2776,46.267000000000003,16.783333333333331,7.6533333333333333,6.0233333333333334,0
motiongen_2777,46.283000000000001,16.843333333333334,7.7299999999999995,6.0233333333333334,0
motiongen_2778,46.299999999999997,16.903333333333336,7.8133333333333326,6.0233333333333334,0
motiongen_2779,46.317,16.960000000000001,7.8966666666666665,6.0233333333333334,0
motiongen_2780,46.332999999999998,17.013333333333328,7.9799999999999995,6.0233333333333334,0
motiongen_2781,46.350000000000001,17.066666666666663,8.0666666666666664,6.0233333333333334,0
motiongen_2782,46.366999999999997,17.116666666666667,8.1533333333333324,6.0233333333333334,0
motiongen_2783,46.383000000000003,17.163333333333334,8.2400000000000002,6.0233333333333334,0
motiongen_2784,46.399999999999999,17.210000000000001,8.3300000000000001,6.0233333333333334,0
motiongen_2785,46.417000000000002,17.25333333333333,8.4199999999999999,6.0233333333333334,0
motiongen_2786,46.433,17.293333333333337,8.5133333333333336,6.0233333333333334,0
motiongen_2787,46.450000000000003,17.333333333333329,8.6066666666666656,6.0233333333333334,0
motiongen_2788,46.466999999999999,17.366666666666667,8.6999999999999993,6.0233333333333334,0
motiongen_2789,46.482999999999997,17.399999999999999,8.793333333333333,6.0233333333333334,0
motiongen_2790,46.5,17.43,8.8900000000000006,6.0233333333333334,0
motiongen_2791,46.517000000000003,17.460000000000001,8.9866666666666664,6.0233333333333334,0
motiongen_2792,46.533000000000001,17.486666666666665,9.0833333333333321,6.0233333333333334,0
motiongen_2793,46.549999999999997,17.509999999999998,9.1799999999999997,6.0233333333333334,0
motiongen_2794,46.567,17.530000000000001,9.2799999999999994,6.0233333333333334,0
motiongen_2795,46.582999999999998,17.546666666666667,9.3766666666666669,6.0233333333333334,0
motiongen_2796,46.600000000000001,17.563333333333333,9.4766666666666666,6.0233333333333334,0
motiongen_2797,46.616999999999997,17.576666666666668,9.5766666666666662,6.0233333333333334,0
motiongen_2798,46.633000000000003,17.586666666666666,9.6766666666666659,6.0233333333333334,0
motiongen_2799,46.649999999999999,17.593333333333334,9.7766666666666673,6.0233333333333334,0
motiongen_2800,46.667000000000002,17.596666666666664,9.8766666666666669,6.0233333333333334,0
motiongen_2801,46.683,17.600000000000001,9.9766666666666666,6.0233333333333334,0
motiongen_2802,46.700000000000003,17.600000000000001,10.076666666666666,6.0233333333333334,0
motiongen_2803,46.716999999999999,17.596666666666664,10.176666666666666,6.0233333333333334,0
motiongen_2804,46.732999999999997,17.589999999999996,10.279999999999999,6.0233333333333334,0
motiongen_2805,46.75,17.583333333333336,10.379999999999999,6.0233333333333334,0
motiongen_2806,46.767000000000003,17.57,10.476666666666667,6.0233333333333334,0
motiongen_2807,46.783000000000001,17.556666666666665,10.576666666666666,6.0233333333333334,0
motiongen_2808,46.799999999999997,17.539999999999999,10.676666666666666,6.0233333333333334,0
motiongen_2809,46.817,17.523333333333333,10.776666666666667,6.0233333333333334,0
motiongen_2810,46.832999999999998,17.5,10.873333333333333,6.0233333333333334,0
motiongen_2811,46.850000000000001,17.476666666666667,10.969999999999999,6.0233333333333334,0
motiongen_2812,46.866999999999997,17.449999999999996,11.066666666666666,6.0233333333333334,0
motiongen_2813,46.883000000000003,17.420000000000002,11.163333333333334,6.0233333333333334,0
motiongen_2814,46.899999999999999,17.390000000000001,11.26,6.0233333333333334,0
motiongen_2815,46.917000000000002,17.356666666666669,11.353333333333333,6.0233333333333334,0
motiongen_2816,46.933,17.32,11.446666666666667,6.0233333333333334,0
motiongen_2817,46.950000000000003,17.280000000000001,11.539999999999999,6.0233333333333334,0
motiongen_2818,46.966999999999999,17.236666666666665,11.629999999999999,6.0233333333333334,0
motiongen_2819,46.982999999999997,17.193333333333335,11.720000000000001,6.0233333333333334,0
motiongen_2820,47,17.146666666666668,11.81,6.0233333333333334,0
motiongen_2821,47.017000000000003,17.100000000000001,11.896666666666667,6.0233333333333334,0
motiongen_2822,47.033000000000001,17.046666666666667,11.983333333333333,6.0233333333333334,0
motiongen_2823,47.049999999999997,16.996666666666663,12.07,6.0233333333333334,0
motiongen_2824,47.067,16.939999999999998,12.153333333333332,6.0233333333333334,0
motiongen_2825,47.082999999999998,16.883333333333333,12.236666666666666,6.0233333333333334,0
motiongen_2826,47.100000000000001,16.823333333333331,12.316666666666666,6.0233333333333334,0
motiongen_2827,47.116999999999997,16.759999999999998,12.396666666666667,6.0233333333333334,0
motiongen_2828,47.133000000000003,16.696666666666665,12.473333333333333,6.0233333333333334,0
motiongen_2829,47.149999999999999,16.630000000000003,12.550000000000001,6.0233333333333334,0
motiongen_2830,47.167000000000002,16.563333333333333,12.623333333333333,6.0233333333333334,0
motiongen_2831,47.183,16.493333333333332,12.696666666666667,6.0233333333333334,0
motiongen_2832,47.200000000000003,16.419999999999998,12.766666666666666,6.0233333333333334,0
motiongen_2833,47.216999999999999,16.346666666666668,12.833333333333332,6.0233333333333334,0
motiongen_2834,47.232999999999997,16.273333333333333,12.9,6.0233333333333334,0
motiongen_2835,47.25,16.196666666666665,12.963333333333333,6.0233333333333334,0
motiongen_2836,47.267000000000003,16.116666666666667,13.026666666666667,6.0233333333333334,0
motiongen_2837,47.283000000000001,16.036666666666669,13.086666666666666,6.0233333333333334,0
motiongen_2838,47.299999999999997,15.953333333333333,13.146666666666667,6.0233333333333334,0
motiongen_2839,47.317,15.869999999999997,13.199999999999999,6.0233333333333334,0
motiongen_2840,47.332999999999998,15.786666666666667,13.256666666666666,6.0233333333333334,0
motiongen_2841,47.350000000000001,15.700000000000001,13.306666666666667,6.0233333333333334,0
motiongen_2842,47.366999999999997,15.613333333333332,13.356666666666666,6.0233333333333334,0
motiongen_2843,47.383000000000003,15.523333333333332,13.403333333333332,6.0233333333333334,0
motiongen_2844,47.399999999999999,15.433333333333334,13.446666666666665,6.0233333333333334,0
motiongen_2845,47.417000000000002,15.343333333333334,13.49,6.0233333333333334,0
motiongen_2846,47.433,15.249999999999998,13.530000000000001,6.0233333333333334,0
motiongen_2847,47.450000000000003,15.156666666666666,13.566666666666666,6.0233333333333334,0
motiongen_2848,47.466999999999999,15.063333333333331,13.6,6.0233333333333334,0
motiongen_2849,47.482999999999997,14.966666666666665,13.633333333333333,6.0233333333333334,0
motiongen_2850,47.5,14.873333333333333,13.663333333333334,6.0233333333333334,0
motiongen_2851,47.517000000000003,14.776666666666667,13.690000000000001,6.0233333333333334,0
motiongen_2852,47.533000000000001,14.676666666666666,13.716666666666667,6.0233333333333334,0
motiongen_2853,47.549999999999997,14.58,13.736666666666666,6.0233333333333334,0
motiongen_2854,47.567,14.483333333333333,13.756666666666668,6.0233333333333334,0
motiongen_2855,47.582999999999998,14.383333333333333,13.773333333333333,6.0233333333333334,0
motiongen_2856,47.600000000000001,14.283333333333331,13.786666666666667,6.0233333333333334,0
motiongen_2857,47.616999999999997,14.183333333333334,13.800000000000001,6.0233333333333334,0
motiongen_2858,47.633000000000003,14.083333333333332,13.809999999999999,6.0233333333333334,0
motiongen_2859,47.649999999999999,13.983333333333333,13.816666666666666,6.0233333333333334,0
motiongen_2860,47.667000000000002,13.883333333333331,13.82,6.0233333333333334,0
motiongen_2861,47.683,13.783333333333333,13.82,6.0233333333333334,0
motiongen_2862,47.700000000000003,13.683333333333332,13.82,6.0233333333333334,0
motiongen_2863,47.716999999999999,13.583333333333332,13.813333333333333,6.0233333333333334,0
motiongen_2864,47.732999999999997,13.483333333333333,13.806666666666667,6.0233333333333334,0
motiongen_2865,47.75,13.383333333333333,13.796666666666667,6.0233333333333334,0
motiongen_2866,47.767000000000003,13.283333333333331,13.786666666666667,6.0233333333333334,0
motiongen_2867,47.783000000000001,13.183333333333332,13.77,6.0233333333333334,0
motiongen_2868,47.799999999999997,13.083333333333332,13.753333333333334,6.0233333333333334,0
motiongen_2869,47.817,12.986666666666665,13.733333333333334,6.0233333333333334,0
motiongen_2870,47.832999999999998,12.886666666666667,13.710000000000001,6.0233333333333334,0
motiongen_2871,47.850000000000001,12.789999999999999,13.686666666666667,6.0233333333333334,0
motiongen_2872,47.866999999999997,12.693333333333332,13.66,6.0233333333333334,0
motiongen_2873,47.883000000000003,12.596666666666666,13.630000000000001,6.0233333333333334,0
motiongen_2874,47.899999999999999,12.503333333333332,13.596666666666668,6.0233333333333334,0
motiongen_2875,47.917000000000002,12.409999999999998,13.559999999999999,6.0233333333333334,0
motiongen_2876,47.933,12.316666666666665,13.523333333333333,6.0233333333333334,0
motiongen_2877,47.950000000000003,12.223333333333331,13.483333333333334,6.0233333333333334,0
motiongen_2878,47.966999999999999,12.133333333333333,13.44,6.0233333333333334,0
motiongen_2879,47.982999999999997,12.043333333333333,13.396666666666667,6.0233333333333334,0
motiongen_2880,48,11.953333333333331,13.35,6.0233333333333334,0
motiongen_2881,48.017000000000003,11.866666666666665,13.300000000000001,6.0233333333333334,0
motiongen_2882,48.033000000000001,11.779999999999998,13.246666666666666,6.0233333333333334,0
motiongen_2883,48.049999999999997,11.696666666666665,13.193333333333333,6.0233333333333334,0
motiongen_2884,48.067,11.613333333333332,13.136666666666667,6.0233333333333334,0
motiongen_2885,48.082999999999998,11.533333333333331,13.08,6.0233333333333334,0
motiongen_2886,48.100000000000001,11.453333333333331,13.016666666666666,6.0233333333333334,0
motiongen_2887,48.116999999999997,11.373333333333331,12.956666666666667,6.0233333333333334,0
motiongen_2888,48.133000000000003,11.296666666666665,12.890000000000001,6.0233333333333334,0
motiongen_2889,48.149999999999999,11.219999999999999,12.823333333333334,6.0233333333333334,0
motiongen_2890,48.167000000000002,11.146666666666665,12.756666666666666,6.0233333333333334,0
motiongen_2891,48.183,11.076666666666666,12.683333333333334,6.0233333333333334,0
motiongen_2892,48.200000000000003,11.006666666666666,12.613333333333333,6.0233333333333334,0
motiongen_2893,48.216999999999999,10.94,12.536666666666667,6.0233333333333334,0
motiongen_2894,48.232999999999997,10.873333333333333,12.463333333333333,6.0233333333333334,0
motiongen_2895,48.25,10.809999999999999,12.383333333333333,6.0233333333333334,0
motiongen_2896,48.267000000000003,10.75,12.306666666666667,6.0233333333333334,0
motiongen_2897,48.283000000000001,10.689999999999998,12.223333333333333,6.0233333333333334,0
motiongen_2898,48.299999999999997,10.633333333333333,12.140000000000001,6.0233333333333334,0
motiongen_2899,48.317,10.576666666666666,12.056666666666667,6.0233333333333334,0
motiongen_2900,48.332999999999998,10.523333333333332,11.973333333333333,6.0233333333333334,0
motiongen_2901,48.350000000000001,10.473333333333333,11.886666666666667,6.0233333333333334,0
motiongen_2902,48.366999999999997,10.426666666666666,11.796666666666667,6.0233333333333334,0
motiongen_2903,48.383000000000003,10.379999999999999,11.706666666666667,6.0233333333333334,0
motiongen_2904,48.399999999999999,10.336666666666666,11.616666666666667,6.0233333333333334,0
motiongen_2905,48.417000000000002,10.293333333333333,11.526666666666667,6.0233333333333334,0
motiongen_2906,48.433,10.256666666666666,11.433333333333334,6.0233333333333334,0
motiongen_2907,48.450000000000003,10.219999999999999,11.34,6.0233333333333334,0
motiongen_2908,48.466999999999999,10.186666666666666,11.246666666666666,6.0233333333333334,0
motiongen_2909,48.482999999999997,10.153333333333332,11.15,6.0233333333333334,0
motiongen_2910,48.5,10.126666666666665,11.053333333333333,6.0233333333333334,0
motiongen_2911,48.517000000000003,10.099999999999998,10.956666666666667,6.0233333333333334,0
motiongen_2912,48.533000000000001,10.076666666666666,10.859999999999999,6.0233333333333334,0
motiongen_2913,48.549999999999997,10.053333333333333,10.76,6.0233333333333334,0
motiongen_2914,48.567,10.036666666666665,10.663333333333334,6.0233333333333334,0
motiongen_2915,48.582999999999998,10.02,10.563333333333333,6.0233333333333334,0
motiongen_2916,48.600000000000001,10.006666666666666,10.463333333333333,6.0233333333333334,0
motiongen_2917,48.616999999999997,9.9966666666666661,10.363333333333333,6.0233333333333334,0
motiongen_2918,48.633000000000003,9.9899999999999984,10.263333333333334,6.0233333333333334,0
motiongen_2919,48.649999999999999,9.9833333333333325,10.163333333333334,6.0233333333333334,0
motiongen_2920,48.667000000000002,9.9800000000000004,10.063333333333333,6.0233333333333334,0
motiongen_2921,48.683,9.9800000000000004,9.9633333333333329,6.0233333333333334,0
motiongen_2922,48.700000000000003,9.9833333333333325,9.8633333333333333,6.0233333333333334,0
motiongen_2923,48.716999999999999,9.9866666666666664,9.7633333333333336,6.0233333333333334,0
motiongen_2924,48.732999999999997,9.9966666666666661,9.663333333333334,6.0233333333333334,0
motiongen_2925,48.75,10.006666666666666,9.5633333333333326,6.0233333333333334,0
motiongen_2926,48.767000000000003,10.02,9.4633333333333329,6.0233333333333334,0
motiongen_2927,48.783000000000001,10.036666666666665,9.3633333333333333,6.0233333333333334,0
motiongen_2928,48.799999999999997,10.053333333333333,9.2633333333333336,6.0233333333333334,0
motiongen_2929,48.817,10.073333333333332,9.1666666666666661,6.0233333333333334,0
motiongen_2930,48.832999999999998,10.096666666666666,9.0700000000000003,6.0233333333333334,0
motiongen_2931,48.850000000000001,10.123333333333331,8.9733333333333327,6.0233333333333334,0
motiongen_2932,48.866999999999997,10.153333333333332,8.8766666666666669,6.0233333333333334,0
motiongen_2933,48.883000000000003,10.183333333333334,8.7799999999999994,6.0233333333333334,0
motiongen_2934,48.899999999999999,10.216666666666665,8.6866666666666656,6.0233333333333334,0
motiongen_2935,48.917000000000002,10.253333333333332,8.5933333333333337,6.0233333333333334,0
motiongen_2936,48.933,10.293333333333333,8.5,6.0233333333333334,0
motiongen_2937,48.950000000000003,10.333333333333332,8.4066666666666663,6.0233333333333334,0
motiongen_2938,48.966999999999999,10.376666666666665,8.3166666666666664,6.0233333333333334,0
motiongen_2939,48.982999999999997,10.423333333333334,8.2266666666666666,6.0233333333333334,0
motiongen_2940,49,10.469999999999999,8.1399999999999988,6.0233333333333334,0
motiongen_2941,49.017000000000003,10.52,8.0533333333333328,6.0233333333333334,0
motiongen_2942,49.033000000000001,10.573333333333332,7.9666666666666668,6.0233333333333334,0
motiongen_2943,49.049999999999997,10.629999999999999,7.8833333333333329,6.0233333333333334,0
motiongen_2944,49.067,10.686666666666666,7.7999999999999989,6.0233333333333334,0
motiongen_2945,49.082999999999998,10.746666666666666,7.7199999999999989,6.0233333333333334,0
motiongen_2946,49.100000000000001,10.806666666666665,7.6399999999999997,6.0233333333333334,0
motiongen_2947,49.116999999999997,10.869999999999999,7.5633333333333326,6.0233333333333334,0
motiongen_2948,49.133000000000003,10.936666666666666,7.4866666666666664,6.0233333333333334,0
motiongen_2949,49.149999999999999,11.003333333333332,7.4133333333333331,6.0233333333333334,0
motiongen_2950,49.167000000000002,11.073333333333332,7.3399999999999999,6.0233333333333334,0
motiongen_2951,49.183,11.143333333333333,7.2699999999999996,6.0233333333333334,0
motiongen_2952,49.200000000000003,11.216666666666667,7.1999999999999993,6.0233333333333334,0
motiongen_2953,49.216999999999999,11.293333333333331,7.1333333333333329,6.0233333333333334,0
motiongen_2954,49.232999999999997,11.369999999999999,7.0700000000000003,6.0233333333333334,0
motiongen_2955,49.25,11.446666666666665,7.0066666666666659,6.0233333333333334,0
motiongen_2956,49.267000000000003,11.526666666666666,6.9433333333333334,6.0233333333333334,0
motiongen_2957,49.283000000000001,11.609999999999999,6.8866666666666667,6.0233333333333334,0
motiongen_2958,49.299999999999997,11.69,6.8300000000000001,6.0233333333333334,0
motiongen_2959,49.317,11.776666666666666,6.7766666666666664,6.0233333333333334,0
motiongen_2960,49.332999999999998,11.863333333333333,6.7233333333333327,6.0233333333333334,0
motiongen_2961,49.350000000000001,11.949999999999999,6.6733333333333338,6.0233333333333334,0
motiongen_2962,49.366999999999997,12.036666666666667,6.6266666666666669,6.0233333333333334,0
motiongen_2963,49.383000000000003,12.126666666666665,6.583333333333333,6.0233333333333334,0
motiongen_2964,49.399999999999999,12.219999999999999,6.54,6.0233333333333334,0
motiongen_2965,49.417000000000002,12.309999999999999,6.5,6.0233333333333334,0
motiongen_2966,49.433,12.403333333333332,6.46,6.0233333333333334,0
motiongen_2967,49.450000000000003,12.496666666666666,6.4266666666666659,6.0233333333333334,0
motiongen_2968,49.466999999999999,12.593333333333332,6.3933333333333326,6.0233333333333334,0
motiongen_2969,49.482999999999997,12.686666666666666,6.3633333333333333,6.0233333333333334,0
motiongen_2970,49.5,12.783333333333331,6.336666666666666,6.0233333333333334,0
motiongen_2971,49.517000000000003,12.883333333333333,6.3099999999999987,6.0233333333333334,0
motiongen_2972,49.533000000000001,12.979999999999999,6.2866666666666662,6.0233333333333334,0
motiongen_2973,49.549999999999997,13.076666666666666,6.2666666666666657,6.0233333333333334,0
motiongen_2974,49.567,13.176666666666666,6.25,6.0233333333333334,0
motiongen_2975,49.582999999999998,13.276666666666666,6.2333333333333325,6.0233333333333334,0
motiongen_2976,49.600000000000001,13.376666666666665,6.2233333333333327,6.0233333333333334,0
motiongen_2977,49.616999999999997,13.476666666666667,6.2133333333333329,6.0233333333333334,0
motiongen_2978,49.633000000000003,13.576666666666666,6.2066666666666661,6.0233333333333334,0
motiongen_2979,49.649999999999999,13.676666666666666,6.2033333333333331,6.0233333333333334,0
motiongen_2980,49.667000000000002,13.776666666666666,6.1999999999999993,6.0233333333333334,0
motiongen_2981,49.683,13.876666666666665,6.1999999999999993,6.0233333333333334,0
motiongen_2982,49.700000000000003,13.976666666666667,6.2033333333333331,6.0233333333333334,0
motiongen_2983,49.716999999999999,14.076666666666666,6.21,6.0233333333333334,0
motiongen_2984,49.732999999999997,14.176666666666664,6.2199999999999998,6.0233333333333334,0
motiongen_2985,49.75,14.276666666666666,6.2300000000000004,6.0233333333333334,0
motiongen_2986,49.767000000000003,14.376666666666667,6.2466666666666661,6.0233333333333334,0
motiongen_2987,49.783000000000001,14.476666666666667,6.2633333333333328,6.0233333333333334,0
motiongen_2988,49.799999999999997,14.573333333333334,6.2799999999999994,6.0233333333333334,0
motiongen_2989,49.817,14.673333333333332,6.3033333333333328,6.0233333333333334,0
motiongen_2990,49.832999999999998,14.769999999999998,6.3266666666666662,6.0233333333333334,0
motiongen_2991,49.850000000000001,14.866666666666667,6.3566666666666656,6.0233333333333334,0
motiongen_2992,49.866999999999997,14.963333333333333,6.3833333333333329,6.0233333333333334,0
motiongen_2993,49.883000000000003,15.056666666666665,6.4166666666666661,6.0233333333333334,0
motiongen_2994,49.899999999999999,15.15,6.4499999999999993,6.0233333333333334,0
motiongen_2995,49.917000000000002,15.243333333333332,6.4899999999999993,6.0233333333333334,0
motiongen_2996,49.933,15.336666666666668,6.5266666666666664,6.0233333333333334,0
motiongen_2997,49.950000000000003,15.43,6.5699999999999994,6.0233333333333334,0
motiongen_2998,49.966999999999999,15.52,6.6133333333333333,6.0233333333333334,0
motiongen_2999,49.982999999999997,15.606666666666666,6.6600000000000001,6.0233333333333334,0
motiongen_3000,50,15.693333333333332,6.7099999999999991,6.0233333333333334,0
motiongen_3001,50.017000000000003,15.780000000000001,6.7633333333333336,6.0233333333333334,0
motiongen_3002,50.033000000000001,15.866666666666667,6.8166666666666664,6.0233333333333334,0
motiongen_3003,50.049999999999997,15.949999999999998,6.8699999999999992,6.0233333333333334,0
motiongen_3004,50.067,16.029999999999998,6.9299999999999997,6.0233333333333334,0
motiongen_3005,50.082999999999998,16.113333333333333,6.9900000000000002,6.0233333333333334,0
motiongen_3006,50.100000000000001,16.189999999999998,7.0499999999999998,6.0233333333333334,0
motiongen_3007,50.116999999999997,16.266666666666666,7.1166666666666663,6.0233333333333334,0
motiongen_3008,50.133000000000003,16.343333333333334,7.1833333333333336,6.0233333333333334,0
motiongen_3009,50.149999999999999,16.416666666666664,7.25,6.0233333333333334,0
motiongen_3010,50.167000000000002,16.489999999999995,7.3199999999999994,6.0233333333333334,0
motiongen_3011,50.183,16.560000000000002,7.3933333333333326,6.0233333333333334,0
motiongen_3012,50.200000000000003,16.626666666666665,7.4666666666666668,6.0233333333333334,0
motiongen_3013,50.216999999999999,16.693333333333335,7.543333333333333,6.0233333333333334,0
motiongen_3014,50.232999999999997,16.756666666666668,7.6199999999999992,6.0233333333333334,0
motiongen_3015,50.25,16.82,7.6999999999999993,6.0233333333333334,0
motiongen_3016,50.267000000000003,16.879999999999995,7.7799999999999994,6.0233333333333334,0
motiongen_3017,50.283000000000001,16.936666666666667,7.8599999999999994,6.0233333333333334,0
motiongen_3018,50.299999999999997,16.993333333333332,7.9433333333333334,6.0233333333333334,0
motiongen_3019,50.317,17.046666666666667,8.0299999999999994,6.0233333333333334,0
motiongen_3020,50.332999999999998,17.096666666666664,8.1166666666666671,6.0233333333333334,0
motiongen_3021,50.350000000000001,17.143333333333331,8.2033333333333331,6.0233333333333334,0
motiongen_3022,50.366999999999997,17.189999999999998,8.293333333333333,6.0233333333333334,0
motiongen_3023,50.383000000000003,17.236666666666665,8.3833333333333329,6.0233333333333334,0
motiongen_3024,50.399999999999999,17.276666666666664,8.4733333333333327,6.0233333333333334,0
motiongen_3025,50.417000000000002,17.316666666666663,8.5666666666666664,6.0233333333333334,0
motiongen_3026,50.433,17.353333333333332,8.6600000000000001,6.0233333333333334,0
motiongen_3027,50.450000000000003,17.386666666666663,8.7566666666666659,6.0233333333333334,0
motiongen_3028,50.466999999999999,17.420000000000002,8.8499999999999996,6.0233333333333334,0
motiongen_3029,50.482999999999997,17.449999999999996,8.9466666666666654,6.0233333333333334,0
motiongen_3030,50.5,17.476666666666667,9.043333333333333,6.0233333333333334,0
motiongen_3031,50.517000000000003,17.5,9.1400000000000006,6.0233333333333334,0
motiongen_3032,50.533000000000001,17.519999999999996,9.2400000000000002,6.0233333333333334,0
motiongen_3033,50.549999999999997,17.539999999999999,9.336666666666666,6.0233333333333334,0
motiongen_3034,50.567,17.556666666666665,9.4366666666666656,6.0233333333333334,0
motiongen_3035,50.582999999999998,17.57,9.5366666666666671,6.0233333333333334,0
motiongen_3036,50.600000000000001,17.579999999999998,9.6366666666666667,6.0233333333333334,0
motiongen_3037,50.616999999999997,17.589999999999996,9.7366666666666664,6.0233333333333334,0
motiongen_3038,50.633000000000003,17.596666666666664,9.836666666666666,6.0233333333333334,0
motiongen_3039,50.649999999999999,17.600000000000001,9.9366666666666656,6.0233333333333334,0
motiongen_3040,50.667000000000002,17.600000000000001,10.036666666666667,6.0233333333333334,0
motiongen_3041,50.683,17.596666666666664,10.136666666666667,6.0233333333333334,0
motiongen_3042,50.700000000000003,17.593333333333334,10.236666666666666,6.0233333333333334,0
motiongen_3043,50.716999999999999,17.586666666666666,10.336666666666666,6.0233333333333334,0
motiongen_3044,50.732999999999997,17.576666666666668,10.436666666666666,6.0233333333333334,0
motiongen_3045,50.75,17.563333333333333,10.536666666666667,6.0233333333333334,0
motiongen_3046,50.767000000000003,17.546666666666667,10.636666666666667,6.0233333333333334,0
motiongen_3047,50.783000000000001,17.530000000000001,10.736666666666666,6.0233333333333334,0
motiongen_3048,50.799999999999997,17.509999999999998,10.833333333333334,6.0233333333333334,0
motiongen_3049,50.817,17.486666666666665,10.93,6.0233333333333334,0
motiongen_3050,50.832999999999998,17.460000000000001,11.026666666666667,6.0233333333333334,0
motiongen_3051,50.850000000000001,17.43333333333333,11.123333333333333,6.0233333333333334,0
motiongen_3052,50.866999999999997,17.403333333333329,11.219999999999999,6.0233333333333334,0
motiongen_3053,50.883000000000003,17.369999999999997,11.313333333333333,6.0233333333333334,0
motiongen_3054,50.899999999999999,17.333333333333329,11.41,6.0233333333333334,0
motiongen_3055,50.917000000000002,17.296666666666667,11.503333333333334,6.0233333333333334,0
motiongen_3056,50.933,17.256666666666668,11.593333333333334,6.0233333333333334,0
motiongen_3057,50.950000000000003,17.213333333333331,11.683333333333334,6.0233333333333334,0
motiongen_3058,50.966999999999999,17.166666666666664,11.773333333333333,6.0233333333333334,0
motiongen_3059,50.982999999999997,17.119999999999997,11.863333333333333,6.0233333333333334,0
motiongen_3060,51,17.07,11.949999999999999,6.0233333333333334,0
motiongen_3061,51.017000000000003,17.016666666666666,12.036666666666667,6.0233333333333334,0
motiongen_3062,51.033000000000001,16.963333333333331,12.120000000000001,6.0233333333333334,0
motiongen_3063,51.049999999999997,16.906666666666666,12.203333333333333,6.0233333333333334,0
motiongen_3064,51.067,16.846666666666664,12.283333333333333,6.0233333333333334,0
motiongen_3065,51.082999999999998,16.786666666666669,12.363333333333333,6.0233333333333334,0
motiongen_3066,51.100000000000001,16.723333333333329,12.44,6.0233333333333334,0
motiongen_3067,51.116999999999997,16.656666666666666,12.516666666666666,6.0233333333333334,0
motiongen_3068,51.133000000000003,16.589999999999996,12.593333333333334,6.0233333333333334,0
motiongen_3069,51.149999999999999,16.523333333333333,12.666666666666666,6.0233333333333334,0
motiongen_3070,51.167000000000002,16.449999999999999,12.736666666666666,6.0233333333333334,0
motiongen_3071,51.183,16.376666666666665,12.806666666666667,6.0233333333333334,0
motiongen_3072,51.200000000000003,16.303333333333331,12.873333333333333,6.0233333333333334,0
motiongen_3073,51.216999999999999,16.226666666666667,12.94,6.0233333333333334,0
motiongen_3074,51.232999999999997,16.149999999999999,13,6.0233333333333334,0
motiongen_3075,51.25,16.07,13.063333333333333,6.0233333333333334,0
motiongen_3076,51.267000000000003,15.99,13.123333333333333,6.0233333333333334,0
motiongen_3077,51.283000000000001,15.906666666666665,13.18,6.0233333333333334,0
motiongen_3078,51.299999999999997,15.819999999999999,13.233333333333333,6.0233333333333334,0
motiongen_3079,51.317,15.736666666666665,13.286666666666667,6.0233333333333334,0
motiongen_3080,51.332999999999998,15.649999999999999,13.336666666666666,6.0233333333333334,0
motiongen_3081,51.350000000000001,15.559999999999999,13.383333333333333,6.0233333333333334,0
motiongen_3082,51.366999999999997,15.469999999999997,13.43,6.0233333333333334,0
motiongen_3083,51.383000000000003,15.380000000000001,13.473333333333333,6.0233333333333334,0
motiongen_3084,51.399999999999999,15.289999999999999,13.513333333333334,6.0233333333333334,0
motiongen_3085,51.417000000000002,15.196666666666665,13.550000000000001,6.0233333333333334,0
motiongen_3086,51.433,15.103333333333333,13.586666666666666,6.0233333333333334,0
motiongen_3087,51.450000000000003,15.006666666666666,13.619999999999999,6.0233333333333334,0
motiongen_3088,51.466999999999999,14.91,13.65,6.0233333333333334,0
motiongen_3089,51.482999999999997,14.816666666666665,13.68,6.0233333333333334,0
motiongen_3090,51.5,14.716666666666665,13.706666666666667,6.0233333333333334,0
motiongen_3091,51.517000000000003,14.619999999999997,13.73,6.0233333333333334,0
motiongen_3092,51.533000000000001,14.523333333333332,13.75,6.0233333333333334,0
motiongen_3093,51.549999999999997,14.423333333333334,13.766666666666666,6.0233333333333334,0
motiongen_3094,51.567,14.323333333333332,13.783333333333333,6.0233333333333334,0
motiongen_3095,51.582999999999998,14.223333333333333,13.796666666666667,6.0233333333333334,0
motiongen_3096,51.600000000000001,14.123333333333331,13.806666666666667,6.0233333333333334,0
motiongen_3097,51.616999999999997,14.023333333333333,13.813333333333333,6.0233333333333334,0
motiongen_3098,51.633000000000003,13.923333333333332,13.816666666666666,6.0233333333333334,0
motiongen_3099,51.649999999999999,13.823333333333332,13.82,6.0233333333333334,0
motiongen_3100,51.667000000000002,13.723333333333333,13.82,6.0233333333333334,0
motiongen_3101,51.683,13.623333333333333,13.816666666666666,6.0233333333333334,0
motiongen_3102,51.700000000000003,13.523333333333332,13.809999999999999,6.0233333333333334,0
motiongen_3103,51.716999999999999,13.423333333333332,13.803333333333333,6.0233333333333334,0
motiongen_3104,51.732999999999997,13.323333333333332,13.789999999999999,6.0233333333333334,0
motiongen_3105,51.75,13.223333333333333,13.776666666666667,6.0233333333333334,0
motiongen_3106,51.767000000000003,13.123333333333331,13.76,6.0233333333333334,0
motiongen_3107,51.783000000000001,13.026666666666666,13.743333333333334,6.0233333333333334,0
motiongen_3108,51.799999999999997,12.926666666666666,13.719999999999999,6.0233333333333334,0
motiongen_3109,51.817,12.83,13.696666666666667,6.0233333333333334,0
motiongen_3110,51.832999999999998,12.733333333333333,13.67,6.0233333333333334,0
motiongen_3111,51.850000000000001,12.636666666666665,13.640000000000001,6.0233333333333334,0
motiongen_3112,51.866999999999997,12.543333333333331,13.609999999999999,6.0233333333333334,0
motiongen_3113,51.883000000000003,12.446666666666665,13.576666666666666,6.0233333333333334,0
motiongen_3114,51.899999999999999,12.353333333333332,13.539999999999999,6.0233333333333334,0
motiongen_3115,51.917000000000002,12.259999999999998,13.5,6.0233333333333334,0
motiongen_3116,51.933,12.169999999999998,13.459999999999999,6.0233333333333334,0
motiongen_3117,51.950000000000003,12.08,13.413333333333334,6.0233333333333334,0
motiongen_3118,51.966999999999999,11.989999999999998,13.370000000000001,6.0233333333333334,0
motiongen_3119,51.982999999999997,11.903333333333332,13.32,6.0233333333333334,0
motiongen_3120,52,11.816666666666665,13.27,6.0233333333333334,0
motiongen_3121,52.017000000000003,11.729999999999999,13.216666666666667,6.0233333333333334,0
motiongen_3122,52.033000000000001,11.646666666666667,13.16,6.0233333333333334,0
motiongen_3123,52.049999999999997,11.566666666666666,13.103333333333333,6.0233333333333334,0
motiongen_3124,52.067,11.483333333333333,13.043333333333333,6.0233333333333334,0
motiongen_3125,52.082999999999998,11.406666666666666,12.98,6.0233333333333334,0
motiongen_3126,52.100000000000001,11.326666666666666,12.916666666666666,6.0233333333333334,0
motiongen_3127,52.116999999999997,11.253333333333332,12.85,6.0233333333333334,0
motiongen_3128,52.133000000000003,11.176666666666666,12.783333333333333,6.0233333333333334,0
motiongen_3129,52.149999999999999,11.106666666666666,12.713333333333333,6.0233333333333334,0
motiongen_3130,52.167000000000002,11.036666666666665,12.643333333333334,6.0233333333333334,0
motiongen_3131,52.183,10.966666666666665,12.57,6.0233333333333334,0
motiongen_3132,52.200000000000003,10.899999999999999,12.493333333333332,6.0233333333333334,0
motiongen_3133,52.216999999999999,10.836666666666666,12.416666666666666,6.0233333333333334,0
motiongen_3134,52.232999999999997,10.773333333333333,12.336666666666666,6.0233333333333334,0
motiongen_3135,52.25,10.713333333333333,12.256666666666668,6.0233333333333334,0
motiongen_3136,52.267000000000003,10.656666666666666,12.176666666666666,6.0233333333333334,0
motiongen_3137,52.283000000000001,10.6,12.093333333333334,6.0233333333333334,0
motiongen_3138,52.299999999999997,10.546666666666667,12.006666666666666,6.0233333333333334,0
motiongen_3139,52.317,10.493333333333332,11.92,6.0233333333333334,0
motiongen_3140,52.332999999999998,10.443333333333332,11.833333333333334,6.0233333333333334,0
motiongen_3141,52.350000000000001,10.396666666666667,11.746666666666666,6.0233333333333334,0
motiongen_3142,52.366999999999997,10.353333333333332,11.656666666666666,6.0233333333333334,0
motiongen_3143,52.383000000000003,10.309999999999999,11.563333333333333,6.0233333333333334,0
motiongen_3144,52.399999999999999,10.27,11.473333333333333,6.0233333333333334,0
motiongen_3145,52.417000000000002,10.233333333333333,11.379999999999999,6.0233333333333334,0
motiongen_3146,52.433,10.199999999999999,11.283333333333333,6.0233333333333334,0
motiongen_3147,52.450000000000003,10.166666666666664,11.19,6.0233333333333334,0
motiongen_3148,52.466999999999999,10.136666666666665,11.093333333333334,6.0233333333333334,0
motiongen_3149,52.482999999999997,10.109999999999999,10.996666666666666,6.0233333333333334,0
motiongen_3150,52.5,10.086666666666664,10.9,6.0233333333333334,0
motiongen_3151,52.517000000000003,10.063333333333333,10.800000000000001,6.0233333333333334,0
motiongen_3152,52.533000000000001,10.043333333333331,10.703333333333333,6.0233333333333334,0
motiongen_3153,52.549999999999997,10.026666666666666,10.603333333333333,6.0233333333333334,0
motiongen_3154,52.567,10.013333333333332,10.503333333333334,6.0233333333333334,0
motiongen_3155,52.582999999999998,9.9999999999999982,10.403333333333332,6.0233333333333334,0
motiongen_3156,52.600000000000001,9.9899999999999984,10.303333333333333,6.0233333333333334,0
motiongen_3157,52.616999999999997,9.9833333333333325,10.203333333333333,6.0233333333333334,0.0033333333333333335
motiongen_3158,52.633000000000003,9.9800000000000004,10.103333333333333,6.0233333333333334,-0.0033333333333333335
motiongen_3159,52.649999999999999,9.9800000000000004,10.003333333333334,6.0233333333333334,0
motiongen_3160,52.667000000000002,9.9800000000000004,9.9033333333333324,6.0233333333333334,0
motiongen_3161,52.683,9.9866666666666664,9.8033333333333328,6.0233333333333334,0
motiongen_3162,52.700000000000003,9.9933333333333323,9.7033333333333331,6.0233333333333334,0
motiongen_3163,52.716999999999999,10.003333333333332,9.6033333333333335,6.0233333333333334,0
motiongen_3164,52.732999999999997,10.013333333333332,9.5033333333333339,6.0233333333333334,0
motiongen_3165,52.75,10.029999999999999,9.4033333333333324,6.0233333333333334,0
motiongen_3166,52.767000000000003,10.046666666666665,9.3066666666666666,6.0233333333333334,0
motiongen_3167,52.783000000000001,10.066666666666666,9.206666666666667,6.0233333333333334,0
motiongen_3168,52.799999999999997,10.086666666666664,9.1099999999999994,6.0233333333333334,0
motiongen_3169,52.817,10.113333333333332,9.0133333333333336,6.0233333333333334,0
motiongen_3170,52.832999999999998,10.139999999999999,8.9166666666666661,6.0233333333333334,0
motiongen_3171,52.850000000000001,10.17,8.8200000000000003,6.0233333333333334,0
motiongen_3172,52.866999999999997,10.203333333333331,8.7233333333333327,6.0233333333333334,0
motiongen_3173,52.883000000000003,10.239999999999998,8.629999999999999,6.0233333333333334,0
motiongen_3174,52.899999999999999,10.276666666666666,8.5366666666666671,6.0233333333333334,0
motiongen_3175,52.917000000000002,10.316666666666666,8.4466666666666672,6.0233333333333334,0
motiongen_3176,52.933,10.359999999999999,8.3533333333333335,6.0233333333333334,0
motiongen_3177,52.950000000000003,10.403333333333332,8.2633333333333336,6.0233333333333334,0
motiongen_3178,52.966999999999999,10.449999999999999,8.1766666666666659,6.0233333333333334,0
motiongen_3179,52.982999999999997,10.499999999999998,8.086666666666666,6.0233333333333334,0
motiongen_3180,53,10.553333333333333,8.0033333333333339,6.0233333333333334,0
motiongen_3181,53.017000000000003,10.606666666666666,7.9166666666666661,6.0233333333333334,0
motiongen_3182,53.033000000000001,10.663333333333332,7.833333333333333,6.0233333333333334,0
motiongen_3183,53.049999999999997,10.719999999999999,7.753333333333333,6.0233333333333334,0
motiongen_3184,53.067,10.779999999999999,7.6733333333333338,6.0233333333333334,0
motiongen_3185,53.082999999999998,10.843333333333332,7.5933333333333337,6.0233333333333334,0
motiongen_3186,53.100000000000001,10.91,7.5166666666666657,6.0233333333333334,0
motiongen_3187,53.116999999999997,10.976666666666667,7.4433333333333334,6.0233333333333334,0
motiongen_3188,53.133000000000003,11.043333333333333,7.3699999999999992,6.0233333333333334,0
motiongen_3189,53.149999999999999,11.113333333333333,7.2966666666666669,6.0233333333333334,0
motiongen_3190,53.167000000000002,11.186666666666666,7.2266666666666666,6.0233333333333334,0
motiongen_3191,53.183,11.26,7.1600000000000001,6.0233333333333334,0
motiongen_3192,53.200000000000003,11.336666666666664,7.0933333333333328,6.0233333333333334,0
motiongen_3193,53.216999999999999,11.413333333333332,7.0299999999999994,6.0233333333333334,0
motiongen_3194,53.232999999999997,11.493333333333332,6.9699999999999998,6.0233333333333334,0
motiongen_3195,53.25,11.573333333333332,6.9100000000000001,6.0233333333333334,0
motiongen_3196,53.267000000000003,11.656666666666665,6.8533333333333335,6.0233333333333334,0
motiongen_3197,53.283000000000001,11.739999999999998,6.7966666666666669,6.0233333333333334,0
motiongen_3198,53.299999999999997,11.826666666666666,6.7433333333333332,6.0233333333333334,0
motiongen_3199,53.317,11.913333333333332,6.6933333333333334,6.0233333333333334,0
motiongen_3200,53.332999999999998,12,6.6466666666666665,6.0233333333333334,0
motiongen_3201,53.350000000000001,12.09,6.5999999999999996,6.0233333333333334,0
motiongen_3202,53.366999999999997,12.179999999999998,6.5566666666666666,6.0233333333333334,0
motiongen_3203,53.383000000000003,12.273333333333332,6.5166666666666657,6.0233333333333334,0
motiongen_3204,53.399999999999999,12.366666666666665,6.4766666666666666,6.0233333333333334,0
motiongen_3205,53.417000000000002,12.459999999999999,6.4399999999999995,6.0233333333333334,0
motiongen_3206,53.433,12.553333333333333,6.4066666666666663,6.0233333333333334,0
motiongen_3207,53.450000000000003,12.649999999999999,6.3733333333333331,6.0233333333333334,0
motiongen_3208,53.466999999999999,12.743333333333332,6.3466666666666658,6.0233333333333334,0
motiongen_3209,53.482999999999997,12.843333333333334,6.3200000000000003,6.0233333333333334,0
motiongen_3210,53.5,12.94,6.296666666666666,6.0233333333333334,0
motiongen_3211,53.517000000000003,13.036666666666665,6.2766666666666655,6.0233333333333334,0
motiongen_3212,53.533000000000001,13.136666666666665,6.2566666666666668,6.0233333333333334,0
motiongen_3213,53.549999999999997,13.236666666666666,6.2400000000000002,6.0233333333333334,0
motiongen_3214,53.567,13.333333333333332,6.2266666666666666,6.0233333333333334,0
motiongen_3215,53.582999999999998,13.433333333333332,6.2166666666666668,6.0233333333333334,0
motiongen_3216,53.600000000000001,13.533333333333333,6.21,6.0233333333333334,0
motiongen_3217,53.616999999999997,13.636666666666667,6.2033333333333331,6.0233333333333334,0
motiongen_3218,53.633000000000003,13.736666666666666,6.1999999999999993,6.0233333333333334,0
motiongen_3219,53.649999999999999,13.836666666666666,6.1999999999999993,6.0233333333333334,0
motiongen_3220,53.667000000000002,13.936666666666664,6.2033333333333331,6.0233333333333334,0
motiongen_3221,53.683,14.036666666666665,6.2066666666666661,6.0233333333333334,0
motiongen_3222,53.700000000000003,14.136666666666667,6.2166666666666668,6.0233333333333334,0
motiongen_3223,53.716999999999999,14.236666666666666,6.2266666666666666,6.0233333333333334,0
motiongen_3224,53.732999999999997,14.336666666666664,6.2400000000000002,6.0233333333333334,0
motiongen_3225,53.75,14.436666666666666,6.2566666666666668,6.0233333333333334,0
motiongen_3226,53.767000000000003,14.533333333333331,6.2733333333333334,6.0233333333333334,0
motiongen_3227,53.783000000000001,14.633333333333333,6.293333333333333,6.0233333333333334,0
motiongen_3228,53.799999999999997,14.729999999999999,6.3166666666666664,6.0233333333333334,0
motiongen_3229,53.817,14.826666666666666,6.3433333333333328,6.0233333333333334,0
motiongen_3230,53.832999999999998,14.923333333333332,6.3733333333333331,6.0233333333333334,0
motiongen_3231,53.850000000000001,15.019999999999998,6.4033333333333324,6.0233333333333334,0
motiongen_3232,53.866999999999997,15.113333333333333,6.4366666666666656,6.0233333333333334,0
motiongen_3233,53.883000000000003,15.206666666666665,6.4733333333333327,6.0233333333333334,0
motiongen_3234,53.899999999999999,15.300000000000001,6.5133333333333336,6.0233333333333334,0
motiongen_3235,53.917000000000002,15.390000000000001,6.5533333333333328,6.0233333333333334,0
motiongen_3236,53.933,15.483333333333333,6.5966666666666658,6.0233333333333334,0
motiongen_3237,53.950000000000003,15.569999999999999,6.6433333333333326,6.0233333333333334,0
motiongen_3238,53.966999999999999,15.659999999999998,6.6899999999999995,6.0233333333333334,0
motiongen_3239,53.982999999999997,15.746666666666664,6.7400000000000002,6.0233333333333334,0
motiongen_3240,54,15.83,6.793333333333333,6.0233333333333334,0
motiongen_3241,54.017000000000003,15.916666666666666,6.8466666666666667,6.0233333333333334,0
motiongen_3242,54.033000000000001,15.996666666666666,6.9066666666666663,6.0233333333333334,0
motiongen_3243,54.049999999999997,16.079999999999998,6.9633333333333329,6.0233333333333334,0
motiongen_3244,54.067,16.16,7.0266666666666664,6.0233333333333334,0
motiongen_3245,54.082999999999998,16.236666666666665,7.0899999999999999,6.0233333333333334,0
motiongen_3246,54.100000000000001,16.313333333333333,7.1533333333333324,6.0233333333333334,0
motiongen_3247,54.116999999999997,16.386666666666663,7.2233333333333327,6.0233333333333334,0
motiongen_3248,54.133000000000003,16.460000000000001,7.29,6.0233333333333334,0
motiongen_3249,54.149999999999999,16.530000000000001,7.3633333333333333,6.0233333333333334,0
motiongen_3250,54.167000000000002,16.600000000000001,7.4366666666666656,6.0233333333333334,0
motiongen_3251,54.183,16.666666666666664,7.5099999999999998,6.0233333333333334,0
motiongen_3252,54.200000000000003,16.729999999999997,7.586666666666666,6.0233333333333334,0
motiongen_3253,54.216999999999999,16.793333333333329,7.6666666666666661,6.0233333333333334,0
motiongen_3254,54.232999999999997,16.853333333333332,7.7466666666666661,6.0233333333333334,0
motiongen_3255,54.25,16.913333333333334,7.8266666666666662,6.0233333333333334,0
motiongen_3256,54.267000000000003,16.969999999999999,7.9100000000000001,6.0233333333333334,0
motiongen_3257,54.283000000000001,17.023333333333333,7.9933333333333332,6.0233333333333334,0
motiongen_3258,54.299999999999997,17.076666666666668,8.0800000000000001,6.0233333333333334,0
motiongen_3259,54.317,17.126666666666665,8.1666666666666661,6.0233333333333334,0
motiongen_3260,54.332999999999998,17.173333333333332,8.2566666666666659,6.0233333333333334,0
motiongen_3261,54.350000000000001,17.216666666666661,8.3466666666666658,6.0233333333333334,0
motiongen_3262,54.366999999999997,17.259999999999998,8.4366666666666674,6.0233333333333334,0
motiongen_3263,54.383000000000003,17.299999999999997,8.5299999999999994,6.0233333333333334,0
motiongen_3264,54.399999999999999,17.336666666666666,8.6233333333333331,6.0233333333333334,0
motiongen_3265,54.417000000000002,17.373333333333335,8.7166666666666668,6.0233333333333334,0
motiongen_3266,54.433,17.406666666666666,8.8100000000000005,6.0233333333333334,0
motiongen_3267,54.450000000000003,17.436666666666667,8.9066666666666663,6.0233333333333334,0
motiongen_3268,54.466999999999999,17.463333333333331,9.0033333333333339,6.0233333333333334,0
motiongen_3269,54.482999999999997,17.490000000000002,9.0999999999999996,6.0233333333333334,0
motiongen_3270,54.5,17.513333333333335,9.1999999999999993,6.0233333333333334,0
motiongen_3271,54.517000000000003,17.533333333333331,9.2966666666666669,6.0233333333333334,0
motiongen_3272,54.533000000000001,17.549999999999997,9.3966666666666665,6.0233333333333334,0
motiongen_3273,54.549999999999997,17.566666666666663,9.4933333333333323,6.0233333333333334,0
motiongen_3274,54.567,17.576666666666668,9.5933333333333337,6.0233333333333334,0
motiongen_3275,54.582999999999998,17.586666666666666,9.6933333333333334,6.0233333333333334,0
motiongen_3276,54.600000000000001,17.593333333333334,9.793333333333333,6.0233333333333334,0
motiongen_3277,54.616999999999997,17.596666666666664,9.8933333333333326,6.0233333333333334,0
motiongen_3278,54.633000000000003,17.600000000000001,9.9966666666666661,6.0233333333333334,0
motiongen_3279,54.649999999999999,17.600000000000001,10.096666666666666,6.0233333333333334,0
motiongen_3280,54.667000000000002,17.596666666666664,10.196666666666667,6.0233333333333334,0
motiongen_3281,54.683,17.589999999999996,10.296666666666667,6.0233333333333334,0
motiongen_3282,54.700000000000003,17.579999999999998,10.396666666666667,6.0233333333333334,0
motiongen_3283,54.716999999999999,17.57,10.496666666666666,6.0233333333333334,0
motiongen_3284,54.732999999999997,17.553333333333335,10.596666666666666,6.0233333333333334,0
motiongen_3285,54.75,17.536666666666662,10.693333333333333,6.0233333333333334,0
motiongen_3286,54.767000000000003,17.519999999999996,10.793333333333333,6.0233333333333334,0
motiongen_3287,54.783000000000001,17.49666666666667,10.890000000000001,6.0233333333333334,0
motiongen_3288,54.799999999999997,17.473333333333336,10.99,6.0233333333333334,0
motiongen_3289,54.817,17.446666666666665,11.086666666666666,6.0233333333333334,0
motiongen_3290,54.832999999999998,17.416666666666664,11.18,6.0233333333333334,0
motiongen_3291,54.850000000000001,17.383333333333333,11.276666666666667,6.0233333333333334,0
motiongen_3292,54.866999999999997,17.350000000000001,11.369999999999999,6.0233333333333334,0
motiongen_3293,54.883000000000003,17.313333333333333,11.463333333333333,6.0233333333333334,0
motiongen_3294,54.899999999999999,17.273333333333333,11.556666666666667,6.0233333333333334,0
motiongen_3295,54.917000000000002,17.229999999999997,11.646666666666667,6.0233333333333334,0
motiongen_3296,54.933,17.186666666666667,11.736666666666666,6.0233333333333334,0
motiongen_3297,54.950000000000003,17.140000000000001,11.826666666666666,6.0233333333333334,0
motiongen_3298,54.966999999999999,17.090000000000003,11.913333333333334,6.0233333333333334,0
motiongen_3299,54.982999999999997,17.039999999999999,12,6.0233333333333334,0
motiongen_3300,55,16.986666666666665,12.086666666666666,6.0233333333333334,0
motiongen_3301,55.017000000000003,16.93,12.17,6.0233333333333334,0
motiongen_3302,55.033000000000001,16.869999999999997,12.25,6.0233333333333334,0
motiongen_3303,55.049999999999997,16.809999999999995,12.33,6.0233333333333334,0
motiongen_3304,55.067,16.75,12.41,6.0233333333333334,0
motiongen_3305,55.082999999999998,16.683333333333337,12.486666666666666,6.0233333333333334,0
motiongen_3306,55.100000000000001,16.619999999999997,12.563333333333333,6.0233333333333334,0
motiongen_3307,55.116999999999997,16.549999999999997,12.636666666666667,6.0233333333333334,0
motiongen_3308,55.133000000000003,16.480000000000004,12.706666666666667,6.0233333333333334,0
motiongen_3309,55.149999999999999,16.406666666666666,12.776666666666667,6.0233333333333334,0
motiongen_3310,55.167000000000002,16.333333333333332,12.846666666666668,6.0233333333333334,0
motiongen_3311,55.183,16.259999999999998,12.913333333333334,6.0233333333333334,0
motiongen_3312,55.200000000000003,16.18,12.976666666666667,6.0233333333333334,0
motiongen_3313,55.216999999999999,16.103333333333332,13.036666666666667,6.0233333333333334,0
motiongen_3314,55.232999999999997,16.023333333333333,13.096666666666668,6.0233333333333334,0
motiongen_3315,55.25,15.939999999999998,13.156666666666666,6.0233333333333334,0
motiongen_3316,55.267000000000003,15.856666666666666,13.210000000000001,6.0233333333333334,0
motiongen_3317,55.283000000000001,15.77,13.263333333333334,6.0233333333333334,0
motiongen_3318,55.299999999999997,15.683333333333332,13.316666666666666,6.0233333333333334,0
motiongen_3319,55.317,15.596666666666666,13.363333333333333,6.0233333333333334,0
motiongen_3320,55.332999999999998,15.506666666666664,13.41,6.0233333333333334,0
motiongen_3321,55.350000000000001,15.416666666666668,13.453333333333333,6.0233333333333334,0
motiongen_3322,55.366999999999997,15.326666666666666,13.496666666666666,6.0233333333333334,0
motiongen_3323,55.383000000000003,15.233333333333333,13.536666666666667,6.0233333333333334,0
motiongen_3324,55.399999999999999,15.140000000000001,13.573333333333334,6.0233333333333334,0
motiongen_3325,55.417000000000002,15.046666666666665,13.606666666666666,6.0233333333333334,0
motiongen_3326,55.433,14.949999999999999,13.640000000000001,6.0233333333333334,0
motiongen_3327,55.450000000000003,14.853333333333332,13.666666666666666,6.0233333333333334,0
motiongen_3328,55.466999999999999,14.756666666666666,13.693333333333333,6.0233333333333334,0
motiongen_3329,55.482999999999997,14.66,13.719999999999999,6.0233333333333334,0
motiongen_3330,55.5,14.563333333333333,13.74,6.0233333333333334,0
motiongen_3331,55.517000000000003,14.463333333333333,13.76,6.0233333333333334,0
motiongen_3332,55.533000000000001,14.363333333333332,13.776666666666667,6.0233333333333334,0
motiongen_3333,55.549999999999997,14.266666666666666,13.789999999999999,6.0233333333333334,0
motiongen_3334,55.567,14.166666666666668,13.800000000000001,6.0233333333333334,0
motiongen_3335,55.582999999999998,14.066666666666666,13.809999999999999,6.0233333333333334,0
motiongen_3336,55.600000000000001,13.966666666666665,13.816666666666666,6.0233333333333334,0
motiongen_3337,55.616999999999997,13.866666666666665,13.82,6.0233333333333334,0
motiongen_3338,55.633000000000003,13.763333333333332,13.82,6.0233333333333334,0
motiongen_3339,55.649999999999999,13.663333333333332,13.816666666666666,6.0233333333333334,0
motiongen_3340,55.667000000000002,13.563333333333333,13.813333333333333,6.0233333333333334,0
motiongen_3341,55.683,13.463333333333333,13.806666666666667,6.0233333333333334,0
motiongen_3342,55.700000000000003,13.363333333333332,13.796666666666667,6.0233333333333334,0
motiongen_3343,55.716999999999999,13.263333333333332,13.783333333333333,6.0233333333333334,0
motiongen_3344,55.732999999999997,13.166666666666666,13.77,6.0233333333333334,0
motiongen_3345,55.75,13.066666666666665,13.75,6.0233333333333334,0
motiongen_3346,55.767000000000003,12.966666666666667,13.73,6.0233333333333334,0
motiongen_3347,55.783000000000001,12.869999999999999,13.706666666666667,6.0233333333333334,0
motiongen_3348,55.799999999999997,12.773333333333332,13.683333333333334,6.0233333333333334,0
motiongen_3349,55.817,12.676666666666666,13.653333333333332,6.0233333333333334,0
motiongen_3350,55.832999999999998,12.579999999999998,13.623333333333333,6.0233333333333334,0
motiongen_3351,55.850000000000001,12.486666666666666,13.59,6.0233333333333334,0
motiongen_3352,55.866999999999997,12.393333333333333,13.553333333333333,6.0233333333333334,0
motiongen_3353,55.883000000000003,12.299999999999999,13.516666666666666,6.0233333333333334,0
motiongen_3354,55.899999999999999,12.206666666666665,13.476666666666667,6.0233333333333334,0
motiongen_3355,55.917000000000002,12.116666666666667,13.433333333333334,6.0233333333333334,0
motiongen_3356,55.933,12.026666666666666,13.386666666666667,6.0233333333333334,0
motiongen_3357,55.950000000000003,11.939999999999998,13.34,6.0233333333333334,0
motiongen_3358,55.966999999999999,11.853333333333332,13.289999999999999,6.0233333333333334,0
motiongen_3359,55.982999999999997,11.766666666666666,13.236666666666666,6.0233333333333334,0
motiongen_3360,56,11.68,13.183333333333334,6.0233333333333334,0
motiongen_3361,56.017000000000003,11.6,13.126666666666667,6.0233333333333334,0
motiongen_3362,56.033000000000001,11.516666666666666,13.066666666666666,6.0233333333333334,0
motiongen_3363,56.049999999999997,11.436666666666666,13.006666666666668,6.0233333333333334,0
motiongen_3364,56.067,11.359999999999999,12.943333333333333,6.0233333333333334,0
motiongen_3365,56.082999999999998,11.283333333333333,12.879999999999999,6.0233333333333334,0
motiongen_3366,56.100000000000001,11.206666666666665,12.813333333333333,6.0233333333333334,0
motiongen_3367,56.116999999999997,11.136666666666667,12.743333333333332,6.0233333333333334,0
motiongen_3368,56.133000000000003,11.063333333333333,12.673333333333334,6.0233333333333334,0
motiongen_3369,56.149999999999999,10.993333333333332,12.6,6.0233333333333334,0
motiongen_3370,56.167000000000002,10.926666666666666,12.523333333333333,6.0233333333333334,0
motiongen_3371,56.183,10.863333333333332,12.446666666666665,6.0233333333333334,0
motiongen_3372,56.200000000000003,10.799999999999999,12.369999999999999,6.0233333333333334,0
motiongen_3373,56.216999999999999,10.736666666666666,12.289999999999999,6.0233333333333334,0
motiongen_3374,56.232999999999997,10.68,12.210000000000001,6.0233333333333334,0
motiongen_3375,56.25,10.623333333333331,12.126666666666667,6.0233333333333334,0
motiongen_3376,56.267000000000003,10.566666666666665,12.043333333333333,6.0233333333333334,0
motiongen_3377,56.283000000000001,10.513333333333332,11.956666666666667,6.0233333333333334,0
motiongen_3378,56.299999999999997,10.463333333333331,11.870000000000001,6.0233333333333334,0
motiongen_3379,56.317,10.416666666666666,11.779999999999999,6.0233333333333334,0
motiongen_3380,56.332999999999998,10.369999999999999,11.693333333333333,6.0233333333333334,0
motiongen_3381,56.350000000000001,10.326666666666664,11.6,6.0233333333333334,0
motiongen_3382,56.366999999999997,10.286666666666665,11.51,6.0233333333333334,0
motiongen_3383,56.383000000000003,10.25,11.416666666666666,6.0233333333333334,0
motiongen_3384,56.399999999999999,10.213333333333333,11.323333333333334,6.0233333333333334,0
motiongen_3385,56.417000000000002,10.179999999999998,11.23,6.0233333333333334,0
motiongen_3386,56.433,10.149999999999999,11.133333333333333,6.0233333333333334,0
motiongen_3387,56.450000000000003,10.119999999999999,11.036666666666667,6.0233333333333334,0
motiongen_3388,56.466999999999999,10.096666666666666,10.94,6.0233333333333334,0
motiongen_3389,56.482999999999997,10.073333333333332,10.843333333333334,6.0233333333333334,0
motiongen_3390,56.5,10.049999999999999,10.743333333333332,6.0233333333333334,0
motiongen_3391,56.517000000000003,10.033333333333333,10.643333333333333,6.0233333333333334,0
motiongen_3392,56.533000000000001,10.016666666666666,10.546666666666667,6.0233333333333334,0
motiongen_3393,56.549999999999997,10.006666666666666,10.446666666666667,6.0233333333333334,0
motiongen_3394,56.567,9.9933333333333323,10.346666666666666,6.0233333333333334,0
motiongen_3395,56.582999999999998,9.9866666666666664,10.246666666666666,6.0233333333333334,0
motiongen_3396,56.600000000000001,9.9833333333333325,10.146666666666667,6.0233333333333334,0
motiongen_3397,56.616999999999997,9.9800000000000004,10.046666666666667,6.0233333333333334,0
motiongen_3398,56.633000000000003,9.9800000000000004,9.9433333333333334,6.0233333333333334,0
motiongen_3399,56.649999999999999,9.9833333333333325,9.8433333333333337,6.0233333333333334,0
motiongen_3400,56.667000000000002,9.9899999999999984,9.7433333333333323,6.0233333333333334,0
motiongen_3401,56.683,9.9966666666666661,9.6433333333333326,6.0233333333333334,0
motiongen_3402,56.700000000000003,10.01,9.543333333333333,6.0233333333333334,0
motiongen_3403,56.716999999999999,10.023333333333333,9.4433333333333334,6.0233333333333334,0
motiongen_3404,56.732999999999997,10.039999999999999,9.3466666666666658,6.0233333333333334,0
motiongen_3405,56.75,10.056666666666665,9.2466666666666661,6.0233333333333334,0
motiongen_3406,56.767000000000003,10.079999999999998,9.1500000000000004,6.0233333333333334,0
motiongen_3407,56.783000000000001,10.103333333333333,9.0500000000000007,6.0233333333333334,0
motiongen_3408,56.799999999999997,10.129999999999999,8.9533333333333331,6.0233333333333334,0
motiongen_3409,56.817,10.156666666666666,8.8599999999999994,6.0233333333333334,0
motiongen_3410,56.832999999999998,10.19,8.7633333333333336,6.0233333333333334,0
motiongen_3411,56.850000000000001,10.223333333333333,8.6699999999999999,6.0233333333333334,0
motiongen_3412,56.866999999999997,10.259999999999998,8.5766666666666662,6.0233333333333334,0
motiongen_3413,56.883000000000003,10.299999999999999,8.4833333333333325,6.0233333333333334,0
motiongen_3414,56.899999999999999,10.339999999999998,8.3900000000000006,6.0233333333333334,0
motiongen_3415,56.917000000000002,10.383333333333333,8.2999999999999989,6.0233333333333334,0
motiongen_3416,56.933,10.43,8.2133333333333329,6.0233333333333334,0
motiongen_3417,56.950000000000003,10.479999999999999,8.1233333333333331,6.0233333333333334,0
motiongen_3418,56.966999999999999,10.529999999999998,8.0366666666666671,6.0233333333333334,0
motiongen_3419,56.982999999999997,10.583333333333332,7.9533333333333331,6.0233333333333334,0
motiongen_3420,57,10.639999999999999,7.8699999999999992,6.0233333333333334,0
motiongen_3421,57.017000000000003,10.696666666666665,7.7866666666666662,6.0233333333333334,0
motiongen_3422,57.033000000000001,10.756666666666666,7.706666666666667,6.0233333333333334,0
motiongen_3423,57.049999999999997,10.816666666666666,7.6266666666666669,6.0233333333333334,0
motiongen_3424,57.067,10.879999999999999,7.5499999999999998,6.0233333333333334,0
motiongen_3425,57.082999999999998,10.946666666666665,7.4733333333333327,6.0233333333333334,0
motiongen_3426,57.100000000000001,11.016666666666666,7.3999999999999995,6.0233333333333334,0
motiongen_3427,57.116999999999997,11.086666666666666,7.3266666666666662,6.0233333333333334,0
motiongen_3428,57.133000000000003,11.156666666666666,7.2566666666666659,6.0233333333333334,0
motiongen_3429,57.149999999999999,11.23,7.1866666666666665,6.0233333333333334,0
motiongen_3430,57.167000000000002,11.306666666666665,7.1199999999999992,6.0233333333333334,0
motiongen_3431,57.183,11.383333333333333,7.0566666666666666,6.0233333333333334,0
motiongen_3432,57.200000000000003,11.459999999999999,6.9933333333333323,6.0233333333333334,0
motiongen_3433,57.216999999999999,11.539999999999999,6.9333333333333327,6.0233333333333334,0
motiongen_3434,57.232999999999997,11.623333333333333,6.8766666666666669,6.0233333333333334,0
motiongen_3435,57.25,11.706666666666665,6.8200000000000003,6.0233333333333334,0
motiongen_3436,57.267000000000003,11.789999999999999,6.7666666666666666,6.0233333333333334,0
motiongen_3437,57.283000000000001,11.876666666666667,6.7133333333333329,6.0233333333333334,0
motiongen_3438,57.299999999999997,11.966666666666665,6.6666666666666661,6.0233333333333334,0
motiongen_3439,57.317,12.053333333333333,6.6200000000000001,6.0233333333333334,0
motiongen_3440,57.332999999999998,12.143333333333331,6.5733333333333333,6.0233333333333334,0
motiongen_3441,57.350000000000001,12.233333333333333,6.5333333333333332,6.0233333333333334,0
motiongen_3442,57.366999999999997,12.326666666666666,6.4933333333333332,6.0233333333333334,0
motiongen_3443,57.383000000000003,12.419999999999998,6.4533333333333331,6.0233333333333334,0
motiongen_3444,57.399999999999999,12.513333333333332,6.4199999999999999,6.0233333333333334,0
motiongen_3445,57.417000000000002,12.609999999999999,6.3866666666666667,6.0233333333333334,0
motiongen_3446,57.433,12.706666666666665,6.3566666666666656,6.0233333333333334,0
motiongen_3447,57.450000000000003,12.803333333333333,6.3299999999999992,6.0233333333333334,0
motiongen_3448,57.466999999999999,12.899999999999999,6.3066666666666666,6.0233333333333334,0
motiongen_3449,57.482999999999997,12.996666666666666,6.2833333333333332,6.0233333333333334,0
motiongen_3450,57.5,13.096666666666666,6.2633333333333328,6.0233333333333334,0
motiongen_3451,57.517000000000003,13.193333333333333,6.2466666666666661,6.0233333333333334,0
motiongen_3452,57.533000000000001,13.293333333333333,6.2333333333333325,6.0233333333333334,0
motiongen_3453,57.549999999999997,13.393333333333331,6.2199999999999998,6.0233333333333334,0
motiongen_3454,57.567,13.493333333333332,6.21,6.0233333333333334,0
motiongen_3455,57.582999999999998,13.593333333333332,6.2066666666666661,6.0233333333333334,0
motiongen_3456,57.600000000000001,13.693333333333333,6.1999999999999993,6.0233333333333334,0
motiongen_3457,57.616999999999997,13.793333333333333,6.1999999999999993,6.0233333333333334,0
motiongen_3458,57.633000000000003,13.896666666666667,6.1999999999999993,6.0233333333333334,0
motiongen_3459,57.649999999999999,13.996666666666666,6.2066666666666661,6.0233333333333334,0
motiongen_3460,57.667000000000002,14.096666666666664,6.2133333333333329,6.0233333333333334,0
motiongen_3461,57.683,14.196666666666665,6.2199999999999998,6.0233333333333334,0
motiongen_3462,57.700000000000003,14.296666666666667,6.2333333333333325,6.0233333333333334,0
motiongen_3463,57.716999999999999,14.393333333333333,6.2466666666666661,6.0233333333333334,0
motiongen_3464,57.732999999999997,14.493333333333334,6.2666666666666657,6.0233333333333334,0
motiongen_3465,57.75,14.593333333333332,6.2866666666666662,6.0233333333333334,0
motiongen_3466,57.767000000000003,14.689999999999998,6.3066666666666666,6.0233333333333334,0
motiongen_3467,57.783000000000001,14.786666666666667,6.333333333333333,6.0233333333333334,0
motiongen_3468,57.799999999999997,14.883333333333333,6.3599999999999994,6.0233333333333334,0
motiongen_3469,57.817,14.98,6.3899999999999988,6.0233333333333334,0
motiongen_3470,57.832999999999998,15.073333333333332,6.4233333333333329,6.0233333333333334,0
motiongen_3471,57.850000000000001,15.169999999999998,6.4566666666666661,6.0233333333333334,0
motiongen_3472,57.866999999999997,15.259999999999998,6.4966666666666661,6.0233333333333334,0
motiongen_3473,57.883000000000003,15.353333333333333,6.5366666666666662,6.0233333333333334,0
motiongen_3474,57.899999999999999,15.443333333333333,6.5766666666666662,6.0233333333333334,0
motiongen_3475,57.917000000000002,15.533333333333331,6.6233333333333331,6.0233333333333334,0
motiongen_3476,57.933,15.623333333333331,6.6699999999999999,6.0233333333333334,0
motiongen_3477,57.950000000000003,15.709999999999997,6.7199999999999998,6.0233333333333334,0
motiongen_3478,57.966999999999999,15.796666666666667,6.7699999999999996,6.0233333333333334,0
motiongen_3479,57.982999999999997,15.879999999999999,6.8266666666666662,6.0233333333333334,0
motiongen_3480,58,15.963333333333333,6.8799999999999999,6.0233333333333334,0
motiongen_3481,58.017000000000003,16.046666666666667,6.9399999999999995,6.0233333333333334,0
motiongen_3482,58.033000000000001,16.126666666666665,7,6.0233333333333334,0
motiongen_3483,58.049999999999997,16.203333333333333,7.0633333333333326,6.0233333333333334,0
motiongen_3484,58.067,16.280000000000001,7.1266666666666669,6.0233333333333334,0
motiongen_3485,58.082999999999998,16.356666666666662,7.1933333333333334,6.0233333333333334,0
motiongen_3486,58.100000000000001,16.43,7.2633333333333336,6.0233333333333334,0
motiongen_3487,58.116999999999997,16.5,7.333333333333333,6.0233333333333334,0
motiongen_3488,58.133000000000003,16.57,7.4066666666666663,6.0233333333333334,0
motiongen_3489,58.149999999999999,16.640000000000001,7.4799999999999995,6.0233333333333334,0
motiongen_3490,58.167000000000002,16.703333333333333,7.5566666666666666,6.0233333333333334,0
motiongen_3491,58.183,16.766666666666666,7.6333333333333329,6.0233333333333334,0
motiongen_3492,58.200000000000003,16.829999999999998,7.7133333333333329,6.0233333333333334,0
motiongen_3493,58.216999999999999,16.890000000000001,7.793333333333333,6.0233333333333334,0
motiongen_3494,58.232999999999997,16.946666666666665,7.8766666666666669,6.0233333333333334,0
motiongen_3495,58.25,17,7.9599999999999991,6.0233333333333334,0
motiongen_3496,58.267000000000003,17.053333333333335,8.0466666666666669,6.0233333333333334,0
motiongen_3497,58.283000000000001,17.106666666666669,8.1333333333333329,6.0233333333333334,0
motiongen_3498,58.299999999999997,17.153333333333336,8.2199999999999989,6.0233333333333334,0
motiongen_3499,58.317,17.199999999999996,8.3099999999999987,6.0233333333333334,0
motiongen_3500,58.332999999999998,17.243333333333332,8.4000000000000004,6.0233333333333334,0
motiongen_3501,58.350000000000001,17.283333333333331,8.4900000000000002,6.0233333333333334,0
motiongen_3502,58.366999999999997,17.323333333333331,8.5833333333333321,6.0233333333333334,0
motiongen_3503,58.383000000000003,17.359999999999999,8.6766666666666659,6.0233333333333334,0
motiongen_3504,58.399999999999999,17.393333333333331,8.7733333333333334,6.0233333333333334,0
motiongen_3505,58.417000000000002,17.423333333333332,8.8666666666666671,6.0233333333333334,0
motiongen_3506,58.433,17.453333333333333,8.9633333333333329,6.0233333333333334,0
motiongen_3507,58.450000000000003,17.479999999999997,9.0600000000000005,6.0233333333333334,0
motiongen_3508,58.466999999999999,17.50333333333333,9.1566666666666663,6.0233333333333334,0
motiongen_3509,58.482999999999997,17.523333333333333,9.2566666666666659,6.0233333333333334,0
motiongen_3510,58.5,17.543333333333337,9.3533333333333335,6.0233333333333334,0
motiongen_3511,58.517000000000003,17.560000000000002,9.4533333333333331,6.0233333333333334,0
motiongen_3512,58.533000000000001,17.573333333333331,9.5533333333333328,6.0233333333333334,0
motiongen_3513,58.549999999999997,17.583333333333336,9.6533333333333324,6.0233333333333334,0
motiongen_3514,58.567,17.589999999999996,9.7533333333333339,6.0233333333333334,0
motiongen_3515,58.582999999999998,17.596666666666664,9.8533333333333335,6.0233333333333334,0
motiongen_3516,58.600000000000001,17.600000000000001,9.9533333333333331,6.0233333333333334,0
motiongen_3517,58.616999999999997,17.600000000000001,10.053333333333333,6.0233333333333334,0
motiongen_3518,58.633000000000003,17.596666666666664,10.153333333333332,6.0233333333333334,0
motiongen_3519,58.649999999999999,17.593333333333334,10.256666666666666,6.0233333333333334,0
motiongen_3520,58.667000000000002,17.583333333333336,10.356666666666666,6.0233333333333334,0
motiongen_3521,58.683,17.573333333333331,10.456666666666667,6.0233333333333334,0
motiongen_3522,58.700000000000003,17.560000000000002,10.553333333333333,6.0233333333333334,0
motiongen_3523,58.716999999999999,17.546666666666667,10.653333333333332,6.0233333333333334,0
motiongen_3524,58.732999999999997,17.526666666666671,10.753333333333334,6.0233333333333334,0
motiongen_3525,58.75,17.506666666666668,10.85,6.0233333333333334,0
motiongen_3526,58.767000000000003,17.483333333333334,10.949999999999999,6.0233333333333334,0
motiongen_3527,58.783000000000001,17.456666666666663,11.046666666666667,6.0233333333333334,0
motiongen_3528,58.799999999999997,17.426666666666669,11.143333333333333,6.0233333333333334,0
motiongen_3529,58.817,17.396666666666668,11.236666666666666,6.0233333333333334,0
motiongen_3530,58.832999999999998,17.36333333333333,11.333333333333334,6.0233333333333334,0
motiongen_3531,58.850000000000001,17.326666666666668,11.426666666666666,6.0233333333333334,0
motiongen_3532,58.866999999999997,17.289999999999999,11.516666666666666,6.0233333333333334,0
motiongen_3533,58.883000000000003,17.246666666666663,11.609999999999999,6.0233333333333334,0
motiongen_3534,58.899999999999999,17.203333333333333,11.699999999999999,6.0233333333333334,0
motiongen_3535,58.917000000000002,17.159999999999997,11.789999999999999,6.0233333333333334,0
motiongen_3536,58.933,17.109999999999999,11.876666666666667,6.0233333333333334,0
motiongen_3537,58.950000000000003,17.060000000000002,11.963333333333333,6.0233333333333334,0
motiongen_3538,58.966999999999999,17.006666666666668,12.050000000000001,6.0233333333333334,0
motiongen_3539,58.982999999999997,16.953333333333333,12.133333333333333,6.0233333333333334,0
motiongen_3540,59,16.896666666666668,12.216666666666667,6.0233333333333334,0
motiongen_3541,59.017000000000003,16.836666666666666,12.296666666666667,6.0233333333333334,0
motiongen_3542,59.033000000000001,16.776666666666664,12.376666666666667,6.0233333333333334,0
motiongen_3543,59.049999999999997,16.710000000000001,12.456666666666667,6.0233333333333334,0
motiongen_3544,59.067,16.646666666666668,12.529999999999999,6.0233333333333334,0
motiongen_3545,59.082999999999998,16.579999999999998,12.606666666666666,6.0233333333333334,0
motiongen_3546,59.100000000000001,16.509999999999998,12.68,6.0233333333333334,0
motiongen_3547,59.116999999999997,16.436666666666664,12.75,6.0233333333333334,0
motiongen_3548,59.133000000000003,16.363333333333333,12.816666666666666,6.0233333333333334,0
motiongen_3549,59.149999999999999,16.289999999999999,12.886666666666667,6.0233333333333334,0
motiongen_3550,59.167000000000002,16.213333333333331,12.949999999999999,6.0233333333333334,0
motiongen_3551,59.183,16.136666666666663,13.013333333333334,6.0233333333333334,0
motiongen_3552,59.200000000000003,16.056666666666665,13.073333333333334,6.0233333333333334,0
motiongen_3553,59.216999999999999,15.973333333333333,13.133333333333333,6.0233333333333334,0
motiongen_3554,59.232999999999997,15.889999999999999,13.19,6.0233333333333334,0
motiongen_3555,59.25,15.806666666666667,13.243333333333332,6.0233333333333334,0
motiongen_3556,59.267000000000003,15.719999999999999,13.293333333333333,6.0233333333333334,0
motiongen_3557,59.283000000000001,15.633333333333333,13.343333333333334,6.0233333333333334,0
motiongen_3558,59.299999999999997,15.543333333333331,13.393333333333333,6.0233333333333334,0
motiongen_3559,59.317,15.453333333333331,13.436666666666667,6.0233333333333334,0
motiongen_3560,59.332999999999998,15.363333333333333,13.48,6.0233333333333334,0
motiongen_3561,59.350000000000001,15.273333333333333,13.52,6.0233333333333334,0
motiongen_3562,59.366999999999997,15.179999999999998,13.556666666666667,6.0233333333333334,0
motiongen_3563,59.383000000000003,15.083333333333332,13.593333333333334,6.0233333333333334,0
motiongen_3564,59.399999999999999,14.99,13.626666666666667,6.0233333333333334,0
motiongen_3565,59.417000000000002,14.893333333333334,13.656666666666666,6.0233333333333334,0
motiongen_3566,59.433,14.796666666666665,13.683333333333334,6.0233333333333334,0
motiongen_3567,59.450000000000003,14.699999999999998,13.710000000000001,6.0233333333333334,0
motiongen_3568,59.466999999999999,14.603333333333332,13.733333333333334,6.0233333333333334,0
motiongen_3569,59.482999999999997,14.503333333333334,13.753333333333334,6.0233333333333334,0
motiongen_3570,59.5,14.406666666666665,13.77,6.0233333333333334,0
motiongen_3571,59.517000000000003,14.306666666666667,13.783333333333333,6.0233333333333334,0
motiongen_3572,59.533000000000001,14.206666666666665,13.796666666666667,6.0233333333333334,0
motiongen_3573,59.549999999999997,14.106666666666666,13.806666666666667,6.0233333333333334,0
motiongen_3574,59.567,14.006666666666668,13.813333333333333,6.0233333333333334,0
motiongen_3575,59.582999999999998,13.906666666666666,13.816666666666666,6.0233333333333334,0
motiongen_3576,59.600000000000001,13.806666666666665,13.82,6.0233333333333334,0
motiongen_3577,59.616999999999997,13.706666666666665,13.82,6.0233333333333334,0
motiongen_3578,59.633000000000003,13.606666666666666,13.816666666666666,6.0233333333333334,0
motiongen_3579,59.649999999999999,13.503333333333332,13.809999999999999,6.0233333333333334,0
motiongen_3580,59.667000000000002,13.403333333333332,13.800000000000001,6.0233333333333334,0
motiongen_3581,59.683,13.306666666666665,13.789999999999999,6.0233333333333334,0
motiongen_3582,59.700000000000003,13.206666666666667,13.773333333333333,6.0233333333333334,0
motiongen_3583,59.716999999999999,13.106666666666666,13.756666666666668,6.0233333333333334,0
motiongen_3584,59.732999999999997,13.006666666666666,13.74,6.0233333333333334,0
motiongen_3585,59.75,12.91,13.716666666666667,6.0233333333333334,0
motiongen_3586,59.767000000000003,12.813333333333333,13.693333333333333,6.0233333333333334,0
motiongen_3587,59.783000000000001,12.716666666666665,13.666666666666666,6.0233333333333334,0
motiongen_3588,59.799999999999997,12.619999999999999,13.636666666666667,6.0233333333333334,0
motiongen_3589,59.817,12.526666666666666,13.603333333333333,6.0233333333333334,0
motiongen_3590,59.832999999999998,12.43,13.57,6.0233333333333334,0
motiongen_3591,59.850000000000001,12.336666666666666,13.533333333333333,6.0233333333333334,0
motiongen_3592,59.866999999999997,12.246666666666666,13.493333333333332,6.0233333333333334,0
motiongen_3593,59.883000000000003,12.153333333333332,13.449999999999999,6.0233333333333334,0
motiongen_3594,59.899999999999999,12.063333333333333,13.406666666666666,6.0233333333333334,0
motiongen_3595,59.917000000000002,11.973333333333333,13.359999999999999,6.0233333333333334,0
motiongen_3596,59.933,11.886666666666665,13.31,6.0233333333333334,0
motiongen_3597,59.950000000000003,11.799999999999999,13.26,6.0233333333333334,0
motiongen_3598,59.966999999999999,11.716666666666667,13.206666666666667,6.0233333333333334,0
motiongen_3599,59.982999999999997,11.633333333333333,13.15,6.0233333333333334,0
motiongen_3600,60,11.549999999999999,13.093333333333334,0,0
