sample_id,time_s,x,y,speed,acceleration
motiongen_0000,0,-0.97000000000000153,10.01,6.043333333333333,2.2033333333333336
motiongen_0001,0.017000000000000001,-1.0700000000000016,10.01,6.0800000000000001,1.9433333333333334
motiongen_0002,0.033000000000000002,-1.1733333333333349,10.01,6.1133333333333342,1.6733333333333333
motiongen_0003,0.050000000000000003,-1.273333333333335,10.01,6.1400000000000006,1.3999999999999999
motiongen_0004,0.067000000000000004,-1.3766666666666683,10.01,6.1633333333333331,1.1166666666666667
motiongen_0005,0.083000000000000004,-1.4800000000000013,10.01,6.1833333333333336,0.83000000000000007
motiongen_0006,0.10000000000000001,-1.5833333333333348,10.01,6.1966666666666672,0.53666666666666674
motiongen_0007,0.11700000000000001,-1.6866666666666683,10.01,6.206666666666667,0.23999999999999999
motiongen_0008,0.13300000000000001,-1.7900000000000018,10.01,6.21,-0.063333333333333339
motiongen_0009,0.14999999999999999,-1.8933333333333349,10.01,6.21,-0.37333333333333335
motiongen_0010,0.16700000000000001,-1.9966666666666684,10.01,6.2033333333333331,-0.68333333333333335
motiongen_0011,0.183,-2.1000000000000014,10.01,6.1900000000000004,-1
motiongen_0012,0.20000000000000001,-2.2033333333333349,10.01,6.1733333333333338,-1.3200000000000001
motiongen_0013,0.217,-2.306666666666668,10.01,6.1533333333333342,-1.6433333333333333
motiongen_0014,0.23300000000000001,-2.4066666666666681,10.01,6.1266666666666669,-1.9666666666666666
motiongen_0015,0.25,-2.5100000000000016,10.01,6.0933333333333337,-2.2966666666666664
motiongen_0016,0.26700000000000002,-2.6100000000000017,10.01,6.0533333333333337,-2.6233333333333335
motiongen_0017,0.28299999999999997,-2.7133333333333347,10.01,6.0099999999999998,-2.956666666666667
motiongen_0018,0.29999999999999999,-2.8133333333333348,10.01,5.96,-3.2866666666666666
motiongen_0019,0.317,-2.9133333333333344,10.01,5.9066666666666672,-3.6166666666666667
motiongen_0020,0.33300000000000002,-3.0100000000000016,10.01,5.8466666666666667,-3.9500000000000002
motiongen_0021,0.34999999999999998,-3.1066666666666682,10.01,5.7800000000000002,-4.2800000000000002
motiongen_0022,0.36699999999999999,-3.2033333333333354,10.01,5.7100000000000009,-4.6100000000000003
motiongen_0023,0.38300000000000001,-3.3000000000000016,10.01,5.6333333333333337,-4.9366666666666674
motiongen_0024,0.40000000000000002,-3.3933333333333349,10.01,5.5500000000000007,-5.2600000000000007
motiongen_0025,0.41699999999999998,-3.4866666666666686,10.01,5.4633333333333338,-5.5833333333333339
motiongen_0026,0.433,-3.576666666666668,10.01,5.3700000000000001,-5.9033333333333333
motiongen_0027,0.45000000000000001,-3.6666666666666687,10.01,5.2700000000000005,-6.2166666666666668
motiongen_0028,0.46700000000000003,-3.7533333333333347,10.01,5.166666666666667,-6.5300000000000002
motiongen_0029,0.48299999999999998,-3.8400000000000016,10.01,5.0600000000000005,-6.8366666666666678
motiongen_0030,0.5,-3.9233333333333356,10.01,4.9433333333333342,-7.1366666666666667
motiongen_0031,0.51700000000000002,-4.0066666666666686,10.01,4.8266666666666671,-7.4333333333333336
motiongen_0032,0.53300000000000003,-4.0866666666666687,10.01,4.703333333333334,-7.7233333333333345
motiongen_0033,0.55000000000000004,-4.1666666666666687,10.01,4.5733333333333341,-8.0033333333333339
motiongen_0034,0.56699999999999995,-4.243333333333335,10.01,4.4400000000000004,-8.2800000000000011
motiongen_0035,0.58299999999999996,-4.3166666666666682,10.01,4.3033333333333337,-8.5500000000000007
motiongen_0036,0.59999999999999998,-4.3866666666666685,10.01,4.1600000000000001,-8.8100000000000005
motiongen_0037,0.61699999999999999,-4.4566666666666679,10.01,4.0133333333333336,-9.0600000000000005
motiongen_0038,0.63300000000000001,-4.5233333333333352,10.01,3.8599999999999999,-9.3066666666666666
motiongen_0039,0.65000000000000002,-4.5866666666666678,10.01,3.706666666666667,-9.5400000000000009
motiongen_0040,0.66700000000000004,-4.6500000000000021,10.01,3.5466666666666669,-9.7633333333333336
motiongen_0041,0.68300000000000005,-4.7100000000000017,10.01,3.3833333333333333,-9.9800000000000004
motiongen_0042,0.69999999999999996,-4.7666666666666684,10.01,3.2166666666666668,-10.186666666666667
motiongen_0043,0.71699999999999997,-4.8200000000000012,10.01,3.0500000000000003,-10.380000000000001
motiongen_0044,0.73299999999999998,-4.8700000000000019,10.01,2.8766666666666669,-10.563333333333334
motiongen_0045,0.75,-4.9166666666666687,10.01,2.7000000000000002,-10.736666666666668
motiongen_0046,0.76700000000000002,-4.9633333333333347,10.01,2.52,-10.9
motiongen_0047,0.78300000000000003,-5.0033333333333347,10.01,2.3399999999999999,-11.050000000000001
motiongen_0048,0.80000000000000004,-5.0433333333333348,10.01,2.1533333333333333,-11.190000000000001
motiongen_0049,0.81699999999999995,-5.0800000000000018,10.01,1.9666666666666666,-11.316666666666666
motiongen_0050,0.83299999999999996,-5.1133333333333351,10.01,1.7800000000000002,-11.433333333333334
motiongen_0051,0.84999999999999998,-5.1433333333333344,10.01,1.5900000000000001,-11.536666666666667
motiongen_0052,0.86699999999999999,-5.1700000000000017,10.01,1.3966666666666667,-11.626666666666667
motiongen_0053,0.88300000000000001,-5.1933333333333351,10.01,1.2033333333333334,-11.703333333333335
motiongen_0054,0.90000000000000002,-5.2133333333333356,10.01,1.0066666666666666,-11.770000000000001
motiongen_0055,0.91700000000000004,-5.2300000000000013,10.01,0.81000000000000005,-11.823333333333334
motiongen_0056,0.93300000000000005,-5.243333333333335,10.01,0.6133333333333334,-11.863333333333335
motiongen_0057,0.94999999999999996,-5.2533333333333356,10.01,0.41666666666666669,-11.890000000000001
motiongen_0058,0.96699999999999997,-5.2600000000000016,10.01,0.22000000000000003,-11.903333333333334
motiongen_0059,0.98299999999999998,-5.2633333333333345,10.01,0.02,9.4733333333333345
motiongen_0060,1,-5.2633333333333345,10.01,0.17666666666666667,11.893333333333334
motiongen_0061,1.0169999999999999,-5.2600000000000016,10.01,0.37666666666666671,11.870000000000001
motiongen_0062,1.0329999999999999,-5.2533333333333356,10.01,0.57333333333333336,11.833333333333334
motiongen_0063,1.05,-5.243333333333335,10.01,0.77000000000000002,11.783333333333335
motiongen_0064,1.0669999999999999,-5.2333333333333352,10.01,0.96666666666666667,11.720000000000001
motiongen_0065,1.083,-5.2166666666666686,10.01,1.1633333333333333,11.643333333333333
motiongen_0066,1.1000000000000001,-5.1966666666666681,10.01,1.3566666666666667,11.556666666666667
motiongen_0067,1.117,-5.1733333333333356,10.01,1.55,11.453333333333333
motiongen_0068,1.133,-5.1466666666666683,10.01,1.7400000000000002,11.343333333333334
motiongen_0069,1.1499999999999999,-5.1200000000000019,10.01,1.9299999999999999,11.216666666666669
motiongen_0070,1.167,-5.0866666666666687,10.01,2.1166666666666667,11.08
motiongen_0071,1.1830000000000001,-5.0500000000000016,10.01,2.2999999999999998,10.933333333333334
motiongen_0072,1.2,-5.0133333333333354,10.01,2.4833333333333334,10.773333333333335
motiongen_0073,1.2170000000000001,-4.9733333333333354,10.01,2.6633333333333336,10.600000000000001
motiongen_0074,1.2330000000000001,-4.9266666666666685,10.01,2.8399999999999999,10.42
motiongen_0075,1.25,-4.8800000000000017,10.01,3.0133333333333336,10.226666666666667
motiongen_0076,1.2669999999999999,-4.8300000000000018,10.01,3.1833333333333331,10.023333333333333
motiongen_0077,1.2829999999999999,-4.7766666666666682,10.01,3.3499999999999996,9.8100000000000005
motiongen_0078,1.3,-4.7200000000000015,10.01,3.5133333333333336,9.586666666666666
motiongen_0079,1.3169999999999999,-4.6633333333333349,10.01,3.6733333333333338,9.3533333333333335
motiongen_0080,1.333,-4.6000000000000014,10.01,3.8300000000000001,9.1100000000000012
motiongen_0081,1.3500000000000001,-4.536666666666668,10.01,3.9833333333333338,8.8599999999999994
motiongen_0082,1.367,-4.4700000000000015,10.01,4.1300000000000008,8.6033333333333335
motiongen_0083,1.383,-4.4033333333333351,10.01,4.2733333333333334,8.336666666666666
motiongen_0084,1.3999999999999999,-4.3300000000000018,10.01,4.413333333333334,8.0600000000000005
motiongen_0085,1.417,-4.2566666666666677,10.01,4.5466666666666669,7.7800000000000002
motiongen_0086,1.4330000000000001,-4.1800000000000015,10.01,4.6766666666666667,7.4900000000000002
motiongen_0087,1.45,-4.1033333333333353,10.01,4.7999999999999998,7.1966666666666663
motiongen_0088,1.4670000000000001,-4.0233333333333352,10.01,4.9199999999999999,6.8966666666666665
motiongen_0089,1.4830000000000001,-3.9400000000000013,10.01,5.0366666666666662,6.5933333333333337
motiongen_0090,1.5,-3.8566666666666682,10.01,5.1466666666666674,6.2833333333333332
motiongen_0091,1.5169999999999999,-3.7733333333333343,10.01,5.25,5.9666666666666668
motiongen_0092,1.5329999999999999,-3.6833333333333353,10.01,5.3500000000000005,5.6500000000000004
motiongen_0093,1.55,-3.5966666666666685,10.01,5.4433333333333334,5.3266666666666671
motiongen_0094,1.5669999999999999,-3.5033333333333347,10.01,5.5333333333333332,5.003333333333333
motiongen_0095,1.583,-3.4133333333333349,10.01,5.6166666666666671,4.6766666666666667
motiongen_0096,1.6000000000000001,-3.3200000000000016,10.01,5.6933333333333334,4.3466666666666667
motiongen_0097,1.617,-3.2233333333333354,10.01,5.7666666666666666,4.0166666666666675
motiongen_0098,1.633,-3.1266666666666683,10.01,5.8333333333333339,3.686666666666667
motiongen_0099,1.6499999999999999,-3.0300000000000016,10.01,5.8933333333333335,3.3533333333333335
motiongen_0100,1.667,-2.9333333333333345,10.01,5.9500000000000002,3.0233333333333334
motiongen_0101,1.6830000000000001,-2.8333333333333348,10.01,6,2.6933333333333338
motiongen_0102,1.7,-2.7333333333333347,10.01,6.0466666666666669,2.3633333333333333
motiongen_0103,1.7170000000000001,-2.6333333333333351,10.01,6.0866666666666669,2.0366666666666666
motiongen_0104,1.7330000000000001,-2.5300000000000016,10.01,6.1200000000000001,1.7100000000000002
motiongen_0105,1.75,-2.4300000000000015,10.01,6.1466666666666674,1.3866666666666667
motiongen_0106,1.7669999999999999,-2.326666666666668,10.01,6.1699999999999999,1.0666666666666667
motiongen_0107,1.7829999999999999,-2.2233333333333349,10.01,6.1900000000000004,0.75
motiongen_0108,1.8,-2.1200000000000014,10.01,6.2000000000000002,0.4366666666666667
motiongen_0109,1.8169999999999999,-2.0166666666666684,10.01,6.206666666666667,0.12666666666666668
motiongen_0110,1.833,-1.9133333333333349,10.01,6.21,-0.17666666666666667
motiongen_0111,1.8500000000000001,-1.8100000000000018,10.01,6.206666666666667,-0.47666666666666663
motiongen_0112,1.867,-1.7066666666666683,10.01,6.2000000000000002,-0.77000000000000002
motiongen_0113,1.883,-1.6033333333333348,10.01,6.1866666666666674,-1.0600000000000001
motiongen_0114,1.8999999999999999,-1.5000000000000013,10.01,6.1699999999999999,-1.3400000000000001
motiongen_0115,1.917,-1.3966666666666683,10.01,6.1466666666666674,-1.6166666666666667
motiongen_0116,1.9330000000000001,-1.293333333333335,10.01,6.1200000000000001,-1.8866666666666665
motiongen_0117,1.95,-1.1933333333333349,10.01,6.0866666666666669,-2.1500000000000004
motiongen_0118,1.9670000000000001,-1.0900000000000016,10.01,6.0533333333333337,-2.4066666666666667
motiongen_0119,1.9830000000000001,-0.99000000000000155,10.01,6.0133333333333336,-2.6566666666666667
motiongen_0120,2,-0.89000000000000168,10.01,5.9666666666666668,-2.8966666666666669
motiongen_0121,2.0169999999999999,-0.79000000000000159,10.01,5.9199999999999999,-3.1299999999999999
motiongen_0122,2.0329999999999999,-0.69333333333333469,10.01,5.8666666666666671,-3.3566666666666665
motiongen_0123,2.0499999999999998,-0.59333333333333482,10.01,5.8100000000000005,-3.5766666666666667
motiongen_0124,2.0670000000000002,-0.49666666666666803,10.01,5.7533333333333339,-3.7866666666666666
motiongen_0125,2.0830000000000002,-0.40333333333333488,10.01,5.6900000000000004,-3.9900000000000002
motiongen_0126,2.1000000000000001,-0.3066666666666682,10.01,5.623333333333334,-4.1866666666666665
motiongen_0127,2.117,-0.21333333333333482,10.01,5.5533333333333337,-4.3766666666666669
motiongen_0128,2.133,-0.12000000000000144,10.01,5.4799999999999995,-4.5566666666666666
motiongen_0129,2.1499999999999999,-0.030000000000001414,10.01,5.4033333333333333,-4.7266666666666666
motiongen_0130,2.1669999999999998,0.059999999999998554,10.01,5.3233333333333333,-4.8933333333333335
motiongen_0131,2.1829999999999998,0.14999999999999852,10.01,5.2433333333333332,-5.0499999999999998
motiongen_0132,2.2000000000000002,0.23666666666666519,10.01,5.1600000000000001,-5.2000000000000002
motiongen_0133,2.2170000000000001,0.32333333333333192,10.01,5.0733333333333333,-5.3400000000000007
motiongen_0134,2.2330000000000001,0.40666666666666523,10.01,4.9833333333333343,-5.4766666666666666
motiongen_0135,2.25,0.48999999999999855,10.01,4.8933333333333335,-5.6033333333333335
motiongen_0136,2.2669999999999999,0.57333333333333192,10.01,4.7999999999999998,-5.7233333333333336
motiongen_0137,2.2829999999999999,0.65333333333333188,10.01,4.703333333333334,-5.8366666666666669
motiongen_0138,2.2999999999999998,0.72999999999999865,10.01,4.6066666666666665,-5.9433333333333334
motiongen_0139,2.3170000000000002,0.8066666666666652,10.01,4.5066666666666668,-6.0466666666666669
motiongen_0140,2.3330000000000002,0.88333333333333197,10.01,4.4066666666666672,-6.1400000000000006
motiongen_0141,2.3500000000000001,0.95666666666666522,10.01,4.3033333333333337,-6.2266666666666675
motiongen_0142,2.367,1.0266666666666653,10.01,4.2000000000000002,-6.3100000000000005
motiongen_0143,2.383,1.0966666666666653,10.01,4.0933333333333337,-6.3866666666666667
motiongen_0144,2.3999999999999999,1.1666666666666652,10.01,3.9900000000000002,-6.46
motiongen_0145,2.4169999999999998,1.2333333333333321,10.01,3.8799999999999999,-6.5266666666666664
motiongen_0146,2.4329999999999998,1.2966666666666653,10.01,3.773333333333333,-6.5866666666666669
motiongen_0147,2.4500000000000002,1.3599999999999985,10.01,3.6633333333333336,-6.6433333333333335
motiongen_0148,2.4670000000000001,1.4199999999999986,10.01,3.5499999999999998,-6.6966666666666663
motiongen_0149,2.4830000000000001,1.4799999999999986,10.01,3.4400000000000004,-6.7433333333333341
motiongen_0150,2.5,1.5366666666666653,10.01,3.3266666666666667,-6.79
motiongen_0151,2.5169999999999999,1.5933333333333319,10.01,3.2133333333333334,-6.8300000000000001
motiongen_0152,2.5329999999999999,1.6466666666666652,10.01,3.1000000000000001,-6.8666666666666671
motiongen_0153,2.5499999999999998,1.6966666666666652,10.01,2.9866666666666668,-6.8999999999999995
motiongen_0154,2.5670000000000002,1.7466666666666653,10.01,2.8700000000000001,-6.9300000000000006
motiongen_0155,2.5830000000000002,1.7966666666666653,10.01,2.7566666666666668,-6.9566666666666679
motiongen_0156,2.6000000000000001,1.8399999999999985,10.01,2.6400000000000001,-6.9799999999999995
motiongen_0157,2.617,1.8866666666666652,10.01,2.5233333333333334,-7.0033333333333339
motiongen_0158,2.633,1.9266666666666652,10.01,2.4066666666666667,-7.0233333333333343
motiongen_0159,2.6499999999999999,1.9666666666666652,10.01,2.2900000000000005,-7.0400000000000009
motiongen_0160,2.6669999999999998,2.006666666666665,10.01,2.1733333333333333,-7.0566666666666666
motiongen_0161,2.6829999999999998,2.0433333333333321,10.01,2.0533333333333332,-7.0700000000000003
motiongen_0162,2.7000000000000002,2.0766666666666653,10.01,1.9366666666666665,-7.080000000000001
motiongen_0163,2.7170000000000001,2.1099999999999985,10.01,1.8200000000000003,-7.0933333333333337
motiongen_0164,2.7330000000000001,2.1399999999999988,10.01,1.7000000000000002,-7.0999999999999996
motiongen_0165,2.75,2.1666666666666652,10.01,1.5833333333333333,-7.1100000000000003
motiongen_0166,2.7669999999999999,2.193333333333332,10.01,1.4633333333333334,-7.1166666666666663
motiongen_0167,2.7829999999999999,2.2166666666666655,10.01,1.3466666666666669,-7.123333333333334
motiongen_0168,2.7999999999999998,2.2399999999999984,10.01,1.2266666666666668,-7.1266666666666669
motiongen_0169,2.8170000000000002,2.2599999999999989,10.01,1.1066666666666667,-7.1299999999999999
motiongen_0170,2.8330000000000002,2.2799999999999985,10.01,0.98999999999999999,-7.1333333333333337
motiongen_0171,2.8500000000000001,2.2966666666666655,10.01,0.87000000000000011,-7.1366666666666667
motiongen_0172,2.867,2.3099999999999987,10.01,0.75,-7.1399999999999997
motiongen_0173,2.883,2.3233333333333324,10.01,0.63333333333333341,-7.1433333333333326
motiongen_0174,2.8999999999999999,2.3333333333333317,10.01,0.51333333333333331,-7.1433333333333326
motiongen_0175,2.9169999999999998,2.3433333333333319,10.01,0.39333333333333331,-7.1433333333333326
motiongen_0176,2.9329999999999998,2.3499999999999988,10.01,0.27333333333333337,-7.1433333333333326
motiongen_0177,2.9500000000000002,2.3533333333333317,10.01,0.15666666666666668,-7.1466666666666674
motiongen_0178,2.9670000000000001,2.3566666666666651,10.01,0.036666666666666667,2.7466666666666666
motiongen_0179,2.9830000000000001,2.3566666666666651,10.01,0.083333333333333343,7.1466666666666674
motiongen_0180,3,2.3533333333333317,10.01,0.20000000000000001,7.1433333333333326
motiongen_0181,3.0169999999999999,2.3499999999999988,10.01,0.32000000000000001,7.1433333333333326
motiongen_0182,3.0329999999999999,2.3466666666666649,10.01,0.44000000000000006,7.1433333333333326
motiongen_0183,3.0499999999999998,2.3399999999999985,10.01,0.56000000000000005,7.1399999999999997
motiongen_0184,3.0670000000000002,2.3299999999999987,10.01,0.67666666666666675,7.1399999999999997
motiongen_0185,3.0830000000000002,2.3166666666666655,10.01,0.79666666666666663,7.1366666666666667
motiongen_0186,3.1000000000000001,2.3033333333333319,10.01,0.91666666666666674,7.1333333333333337
motiongen_0187,3.117,2.2899999999999987,10.01,1.0333333333333334,7.1299999999999999
motiongen_0188,3.133,2.2733333333333321,10.01,1.1533333333333333,7.123333333333334
motiongen_0189,3.1499999999999999,2.2533333333333321,10.01,1.2733333333333334,7.120000000000001
motiongen_0190,3.1669999999999998,2.2333333333333321,10.01,1.3899999999999999,7.1133333333333333
motiongen_0191,3.1829999999999998,2.2099999999999986,10.01,1.51,7.1066666666666674
motiongen_0192,3.2000000000000002,2.1833333333333318,10.01,1.6266666666666667,7.0966666666666667
motiongen_0193,3.2170000000000001,2.1566666666666654,10.01,1.7466666666666668,7.0866666666666669
motiongen_0194,3.2330000000000001,2.1266666666666652,10.01,1.8633333333333335,7.076666666666668
motiongen_0195,3.25,2.0966666666666653,10.01,1.9833333333333334,7.0633333333333344
motiongen_0196,3.2669999999999999,2.0633333333333317,10.01,2.1000000000000001,7.0500000000000007
motiongen_0197,3.2829999999999999,2.0266666666666655,10.01,2.2166666666666668,7.0333333333333332
motiongen_0198,3.2999999999999998,1.9899999999999987,10.01,2.3333333333333335,7.0166666666666666
motiongen_0199,3.3170000000000002,1.953333333333332,10.01,2.4500000000000002,6.9933333333333332
motiongen_0200,3.3330000000000002,1.9099999999999986,10.01,2.5666666666666669,6.9733333333333336
motiongen_0201,3.3500000000000001,1.8699999999999986,10.01,2.6833333333333336,6.9466666666666672
motiongen_0202,3.367,1.8233333333333319,10.01,2.7999999999999998,6.9166666666666679
motiongen_0203,3.383,1.7766666666666653,10.01,2.916666666666667,6.8866666666666667
motiongen_0204,3.3999999999999999,1.7299999999999986,10.01,3.0300000000000002,6.8533333333333335
motiongen_0205,3.4169999999999998,1.6766666666666652,10.01,3.1433333333333331,6.8133333333333335
motiongen_0206,3.4329999999999998,1.6266666666666652,10.01,3.2566666666666668,6.7733333333333334
motiongen_0207,3.4500000000000002,1.5699999999999987,10.01,3.3699999999999997,6.7266666666666666
motiongen_0208,3.4670000000000001,1.5166666666666653,10.01,3.4833333333333334,6.6766666666666676
motiongen_0209,3.4830000000000001,1.4566666666666652,10.01,3.5933333333333337,6.623333333333334
motiongen_0210,3.5,1.3966666666666652,10.01,3.7033333333333336,6.5633333333333335
motiongen_0211,3.5169999999999999,1.3366666666666653,10.01,3.813333333333333,6.5
motiongen_0212,3.5329999999999999,1.2733333333333319,10.01,3.9233333333333338,6.4333333333333336
motiongen_0213,3.5499999999999998,1.2066666666666652,10.01,4.0300000000000002,6.3600000000000003
motiongen_0214,3.5670000000000002,1.1399999999999986,10.01,4.1366666666666676,6.2800000000000002
motiongen_0215,3.5830000000000002,1.0699999999999985,10.01,4.2400000000000002,6.1966666666666672
motiongen_0216,3.6000000000000001,0.99999999999999856,10.01,4.3433333333333337,6.1033333333333335
motiongen_0217,3.617,0.9266666666666652,10.01,4.4466666666666672,6.0066666666666668
motiongen_0218,3.633,0.85333333333333194,10.01,4.5466666666666669,5.9033333333333333
motiongen_0219,3.6499999999999999,0.77666666666666528,10.01,4.6433333333333335,5.7933333333333339
motiongen_0220,3.6669999999999998,0.69999999999999851,10.01,4.7400000000000002,5.6766666666666667
motiongen_0221,3.6829999999999998,0.61999999999999855,10.01,4.833333333333333,5.5533333333333337
motiongen_0222,3.7000000000000002,0.53999999999999859,10.01,4.9266666666666667,5.4233333333333338
motiongen_0223,3.7170000000000001,0.45999999999999858,10.01,5.0166666666666666,5.2866666666666671
motiongen_0224,3.7330000000000001,0.37666666666666521,10.01,5.1066666666666674,5.1433333333333335
motiongen_0225,3.75,0.28999999999999854,10.01,5.1933333333333334,4.9900000000000002
motiongen_0226,3.7669999999999999,0.20333333333333187,10.01,5.2733333333333334,4.8300000000000001
motiongen_0227,3.7829999999999999,0.11666666666666525,10.01,5.3566666666666665,4.663333333333334
motiongen_0228,3.7999999999999998,0.026666666666665173,10.01,5.4333333333333336,4.4866666666666672
motiongen_0229,3.8170000000000002,-0.063333333333334796,10.01,5.5066666666666668,4.3033333333333337
motiongen_0230,3.8330000000000002,-0.15666666666666818,10.01,5.5800000000000001,4.1133333333333333
motiongen_0231,3.8500000000000001,-0.25000000000000144,10.01,5.6466666666666665,3.9133333333333331
motiongen_0232,3.867,-0.34333333333333482,10.01,5.7133333333333338,3.706666666666667
motiongen_0233,3.883,-0.4400000000000015,10.01,5.7766666666666673,3.4933333333333336
motiongen_0234,3.8999999999999999,-0.53333333333333477,10.01,5.8333333333333339,3.2733333333333334
motiongen_0235,3.9169999999999998,-0.63333333333333486,10.01,5.8866666666666667,3.0433333333333334
motiongen_0236,3.9329999999999998,-0.73000000000000154,10.01,5.9400000000000004,2.8066666666666666
motiongen_0237,3.9500000000000002,-0.83000000000000163,10.01,5.9866666666666672,2.5600000000000001
motiongen_0238,3.9670000000000001,-0.93000000000000149,10.01,6.0266666666666673,2.3100000000000001
motiongen_0239,3.9830000000000001,-1.0300000000000016,10.01,6.0666666666666673,2.0500000000000003
motiongen_0240,4,-1.1300000000000014,10.01,6.1000000000000005,1.7866666666666668
motiongen_0241,4.0170000000000003,-1.2333333333333349,10.01,6.1299999999999999,1.5133333333333334
motiongen_0242,4.0330000000000004,-1.333333333333335,10.01,6.1566666666666672,1.2333333333333334
motiongen_0243,4.0499999999999998,-1.4366666666666681,10.01,6.1766666666666667,0.94999999999999996
motiongen_0244,4.0670000000000002,-1.5400000000000014,10.01,6.1933333333333342,0.66000000000000003
motiongen_0245,4.0830000000000002,-1.6433333333333349,10.01,6.2033333333333331,0.36333333333333334
motiongen_0246,4.0999999999999996,-1.7466666666666684,10.01,6.21,0.059999999999999998
motiongen_0247,4.117,-1.8500000000000014,10.01,6.21,-0.24333333333333332
motiongen_0248,4.133,-1.9533333333333349,10.01,6.206666666666667,-0.55666666666666675
motiongen_0249,4.1500000000000004,-2.0566666666666684,10.01,6.1966666666666672,-0.87000000000000011
motiongen_0250,4.1669999999999998,-2.1600000000000015,10.01,6.1833333333333336,-1.1866666666666668
motiongen_0251,4.1829999999999998,-2.2633333333333345,10.01,6.1633333333333331,-1.51
motiongen_0252,4.2000000000000002,-2.366666666666668,10.01,6.1366666666666667,-1.8333333333333335
motiongen_0253,4.2169999999999996,-2.4666666666666681,10.01,6.1066666666666674,-2.1600000000000001
motiongen_0254,4.2329999999999997,-2.5700000000000016,10.01,6.0700000000000003,-2.4900000000000002
motiongen_0255,4.25,-2.6700000000000013,10.01,6.0300000000000002,-2.8199999999999998
motiongen_0256,4.2670000000000003,-2.7700000000000014,10.01,5.9833333333333334,-3.1499999999999999
motiongen_0257,4.2830000000000004,-2.8700000000000014,10.01,5.9299999999999997,-3.4833333333333334
motiongen_0258,4.2999999999999998,-2.9700000000000015,10.01,5.873333333333334,-3.813333333333333
motiongen_0259,4.3170000000000002,-3.0666666666666682,10.01,5.8066666666666666,-4.1433333333333335
motiongen_0260,4.3330000000000002,-3.1633333333333353,10.01,5.7400000000000002,-4.4733333333333336
motiongen_0261,4.3499999999999996,-3.2600000000000016,10.01,5.663333333333334,-4.8033333333333337
motiongen_0262,4.367,-3.3533333333333348,10.01,5.5833333333333339,-5.1266666666666669
motiongen_0263,4.383,-3.4466666666666685,10.01,5.5,-5.4500000000000002
motiongen_0264,4.4000000000000004,-3.5400000000000018,10.01,5.4066666666666672,-5.7733333333333334
motiongen_0265,4.4169999999999998,-3.6300000000000017,10.01,5.3133333333333335,-6.0899999999999999
motiongen_0266,4.4329999999999998,-3.7166666666666686,10.01,5.21,-6.4033333333333333
motiongen_0267,4.4500000000000002,-3.8066666666666684,10.01,5.1033333333333335,-6.71
motiongen_0268,4.4669999999999996,-3.8900000000000015,10.01,4.9933333333333332,-7.0133333333333336
motiongen_0269,4.4829999999999997,-3.9733333333333345,10.01,4.8766666666666669,-7.3133333333333335
motiongen_0270,4.5,-4.0533333333333346,10.01,4.753333333333333,-7.6033333333333344
motiongen_0271,4.5170000000000003,-4.1333333333333346,10.01,4.6266666666666669,-7.8900000000000006
motiongen_0272,4.5330000000000004,-4.2100000000000017,10.01,4.496666666666667,-8.1666666666666679
motiongen_0273,4.5499999999999998,-4.2866666666666688,10.01,4.3600000000000003,-8.4400000000000013
motiongen_0274,4.5670000000000002,-4.3600000000000021,10.01,4.2166666666666668,-8.7033333333333349
motiongen_0275,4.5830000000000002,-4.4300000000000015,10.01,4.0733333333333333,-8.9600000000000009
motiongen_0276,4.5999999999999996,-4.4966666666666679,10.01,3.9233333333333338,-9.206666666666667
motiongen_0277,4.617,-4.5633333333333352,10.01,3.77,-9.4433333333333351
motiongen_0278,4.633,-4.6233333333333348,10.01,3.6133333333333337,-9.6733333333333338
motiongen_0279,4.6500000000000004,-4.6866666666666683,10.01,3.4533333333333336,-9.8933333333333344
motiongen_0280,4.6669999999999998,-4.743333333333335,10.01,3.2866666666666666,-10.103333333333333
motiongen_0281,4.6829999999999998,-4.7966666666666686,10.01,3.1200000000000001,-10.303333333333335
motiongen_0282,4.7000000000000002,-4.8500000000000023,10.01,2.9466666666666668,-10.49
motiongen_0283,4.7169999999999996,-4.9000000000000012,10.01,2.7733333333333334,-10.67
motiongen_0284,4.7329999999999997,-4.9433333333333351,10.01,2.5933333333333337,-10.836666666666666
motiongen_0285,4.75,-4.9866666666666681,10.01,2.4133333333333336,-10.99
motiongen_0286,4.7670000000000003,-5.0266666666666682,10.01,2.2300000000000004,-11.133333333333333
motiongen_0287,4.7830000000000004,-5.0666666666666682,10.01,2.0433333333333334,-11.266666666666667
motiongen_0288,4.7999999999999998,-5.1000000000000014,10.01,1.8566666666666669,-11.386666666666667
motiongen_0289,4.8170000000000002,-5.1300000000000017,10.01,1.6666666666666667,-11.496666666666666
motiongen_0290,4.8330000000000002,-5.1566666666666681,10.01,1.4766666666666668,-11.59
motiongen_0291,4.8499999999999996,-5.1833333333333345,10.01,1.2833333333333334,-11.673333333333334
motiongen_0292,4.867,-5.2033333333333349,10.01,1.0866666666666667,-11.743333333333334
motiongen_0293,4.883,-5.2233333333333345,10.01,0.89333333333333342,-11.803333333333333
motiongen_0294,4.9000000000000004,-5.2366666666666681,10.01,0.69666666666666666,-11.846666666666666
motiongen_0295,4.9169999999999998,-5.2500000000000018,10.01,0.49666666666666665,-11.880000000000001
motiongen_0296,4.9329999999999998,-5.2566666666666686,10.01,0.29999999999999999,-11.9
motiongen_0297,4.9500000000000002,-5.2633333333333345,10.01,0.10333333333333333,-0.29999999999999999
motiongen_0298,4.9669999999999996,-5.2633333333333345,10.01,0.096666666666666679,11.9
motiongen_0299,4.9829999999999997,-5.2633333333333345,10.01,0.29666666666666669,11.880000000000001
motiongen_0300,5,-5.2566666666666686,10.01,0.49333333333333335,11.850000000000001
motiongen_0301,5.0170000000000003,-5.2500000000000018,10.01,0.68999999999999995,11.803333333333333
motiongen_0302,5.0330000000000004,-5.2366666666666681,10.01,0.88666666666666671,11.746666666666668
motiongen_0303,5.0499999999999998,-5.2233333333333345,10.01,1.0833333333333335,11.676666666666668
motiongen_0304,5.0670000000000002,-5.2033333333333349,10.01,1.2766666666666668,11.593333333333334
motiongen_0305,5.0830000000000002,-5.1833333333333345,10.01,1.47,11.496666666666666
motiongen_0306,5.0999999999999996,-5.1600000000000019,10.01,1.6633333333333333,11.390000000000001
motiongen_0307,5.117,-5.1300000000000017,10.01,1.8533333333333335,11.27
motiongen_0308,5.133,-5.1000000000000014,10.01,2.04,11.136666666666668
motiongen_0309,5.1500000000000004,-5.0666666666666682,10.01,2.226666666666667,10.993333333333334
motiongen_0310,5.1669999999999998,-5.0300000000000011,10.01,2.4100000000000001,10.84
motiongen_0311,5.1829999999999998,-4.9900000000000011,10.01,2.5900000000000003,10.673333333333334
motiongen_0312,5.2000000000000002,-4.9466666666666681,10.01,2.7666666666666666,10.493333333333334
motiongen_0313,5.2169999999999996,-4.9000000000000012,10.01,2.9433333333333334,10.306666666666667
motiongen_0314,5.2329999999999997,-4.8500000000000023,10.01,3.1133333333333337,10.106666666666667
motiongen_0315,5.25,-4.8000000000000016,10.01,3.2833333333333332,9.8966666666666665
motiongen_0316,5.2670000000000003,-4.743333333333335,10.01,3.4466666666666668,9.6799999999999997
motiongen_0317,5.2830000000000004,-4.6866666666666683,10.01,3.6099999999999999,9.4500000000000011
motiongen_0318,5.2999999999999998,-4.6266666666666678,10.01,3.7666666666666666,9.2133333333333329
motiongen_0319,5.3170000000000002,-4.5633333333333352,10.01,3.9199999999999999,8.9633333333333347
motiongen_0320,5.3330000000000002,-4.5000000000000018,10.01,4.0700000000000003,8.7100000000000009
motiongen_0321,5.3499999999999996,-4.4300000000000015,10.01,4.2133333333333338,8.4466666666666672
motiongen_0322,5.367,-4.3600000000000021,10.01,4.3566666666666665,8.1733333333333338
motiongen_0323,5.383,-4.2866666666666688,10.01,4.4900000000000002,7.8966666666666674
motiongen_0324,5.4000000000000004,-4.2133333333333347,10.01,4.623333333333334,7.6100000000000003
motiongen_0325,5.4169999999999998,-4.1366666666666676,10.01,4.75,7.3200000000000012
motiongen_0326,5.4329999999999998,-4.0566666666666684,10.01,4.8733333333333331,7.0199999999999996
motiongen_0327,5.4500000000000002,-3.9766666666666683,10.01,4.9900000000000002,6.7166666666666677
motiongen_0328,5.4669999999999996,-3.8933333333333344,10.01,5.1000000000000005,6.4100000000000001
motiongen_0329,5.4829999999999997,-3.8066666666666684,10.01,5.206666666666667,6.0966666666666667
motiongen_0330,5.5,-3.7200000000000015,10.01,5.3100000000000005,5.7800000000000002
motiongen_0331,5.5170000000000003,-3.6333333333333355,10.01,5.4066666666666672,5.46
motiongen_0332,5.5330000000000004,-3.5433333333333348,10.01,5.496666666666667,5.1366666666666667
motiongen_0333,5.5499999999999998,-3.4500000000000015,10.01,5.5833333333333339,4.8100000000000005
motiongen_0334,5.5670000000000002,-3.3566666666666678,10.01,5.663333333333334,4.4833333333333334
motiongen_0335,5.5830000000000002,-3.2633333333333354,10.01,5.7366666666666672,4.1533333333333333
motiongen_0336,5.5999999999999996,-3.1666666666666683,10.01,5.8066666666666666,3.8199999999999998
motiongen_0337,5.617,-3.0700000000000016,10.01,5.8700000000000001,3.4899999999999998
motiongen_0338,5.633,-2.9733333333333345,10.01,5.9266666666666667,3.1600000000000001
motiongen_0339,5.6500000000000004,-2.8733333333333348,10.01,5.9800000000000004,2.8266666666666667
motiongen_0340,5.6669999999999998,-2.7733333333333348,10.01,6.0266666666666673,2.4966666666666666
motiongen_0341,5.6829999999999998,-2.6733333333333347,10.01,6.0700000000000003,2.1700000000000004
motiongen_0342,5.7000000000000002,-2.573333333333335,10.01,6.1066666666666674,1.8433333333333335
motiongen_0343,5.7169999999999996,-2.4700000000000015,10.01,6.1366666666666667,1.52
motiongen_0344,5.7329999999999997,-2.3700000000000014,10.01,6.1633333333333331,1.1966666666666668
motiongen_0345,5.75,-2.2666666666666679,10.01,6.1833333333333336,0.88000000000000012
motiongen_0346,5.7670000000000003,-2.1633333333333349,10.01,6.1966666666666672,0.56333333333333335
motiongen_0347,5.7830000000000004,-2.0600000000000014,10.01,6.206666666666667,0.25333333333333335
motiongen_0348,5.7999999999999998,-1.9566666666666683,10.01,6.21,-0.053333333333333337
motiongen_0349,5.8170000000000002,-1.8533333333333348,10.01,6.21,-0.35333333333333333
motiongen_0350,5.8330000000000002,-1.7500000000000018,10.01,6.2033333333333331,-0.65000000000000002
motiongen_0351,5.8499999999999996,-1.6466666666666683,10.01,6.1933333333333342,-0.93999999999999995
motiongen_0352,5.867,-1.5433333333333348,10.01,6.1766666666666667,-1.2266666666666668
motiongen_0353,5.883,-1.4400000000000013,10.01,6.1566666666666672,-1.5066666666666668
motiongen_0354,5.9000000000000004,-1.3366666666666682,10.01,6.1299999999999999,-1.7766666666666668
motiongen_0355,5.9169999999999998,-1.2333333333333349,10.01,6.1000000000000005,-2.0433333333333334
motiongen_0356,5.9329999999999998,-1.1333333333333349,10.01,6.0666666666666673,-2.3033333333333332
motiongen_0357,5.9500000000000002,-1.0333333333333348,10.01,6.0300000000000002,-2.5533333333333337
motiongen_0358,5.9669999999999996,-0.93000000000000149,10.01,5.9866666666666672,-2.7999999999999998
motiongen_0359,5.9829999999999997,-0.83333333333333481,10.01,5.9400000000000004,-3.0366666666666671
motiongen_0360,6,-0.73333333333333472,10.01,5.8899999999999997,-3.2666666666666666
motiongen_0361,6.0170000000000003,-0.63333333333333486,10.01,5.8333333333333339,-3.4866666666666668
motiongen_0362,6.0330000000000004,-0.53666666666666807,10.01,5.7766666666666673,-3.7033333333333336
motiongen_0363,6.0499999999999998,-0.4400000000000015,10.01,5.7166666666666668,-3.9100000000000001
motiongen_0364,6.0670000000000002,-0.34666666666666812,10.01,5.6500000000000004,-4.1066666666666665
motiongen_0365,6.0830000000000002,-0.25000000000000144,10.01,5.5800000000000001,-4.3000000000000007
motiongen_0366,6.0999999999999996,-0.16000000000000147,10.01,5.5100000000000007,-4.4833333333333334
motiongen_0367,6.117,-0.066666666666668095,10.01,5.4366666666666665,-4.6566666666666672
motiongen_0368,6.133,0.023333333333331874,10.01,5.3566666666666665,-4.8266666666666671
motiongen_0369,6.1500000000000004,0.1133333333333319,10.01,5.2766666666666664,-4.9866666666666672
motiongen_0370,6.1669999999999998,0.19999999999999857,10.01,5.1933333333333334,-5.1366666666666667
motiongen_0371,6.1829999999999998,0.28666666666666524,10.01,5.1066666666666674,-5.2833333333333332
motiongen_0372,6.2000000000000002,0.37333333333333185,10.01,5.0200000000000005,-5.4199999999999999
motiongen_0373,6.2169999999999996,0.45666666666666522,10.01,4.9300000000000006,-5.5500000000000007
motiongen_0374,6.2329999999999997,0.53999999999999859,10.01,4.8366666666666669,-5.6733333333333338
motiongen_0375,6.25,0.61999999999999855,10.01,4.7433333333333341,-5.7900000000000009
motiongen_0376,6.2670000000000003,0.69666666666666521,10.01,4.6466666666666665,-5.9000000000000004
motiongen_0377,6.2830000000000004,0.77666666666666528,10.01,4.5466666666666669,-6.003333333333333
motiongen_0378,6.2999999999999998,0.84999999999999853,10.01,4.4466666666666672,-6.1033333333333335
motiongen_0379,6.3170000000000002,0.9266666666666652,10.01,4.3466666666666667,-6.1933333333333342
motiongen_0380,6.3330000000000002,0.99666666666666526,10.01,4.2433333333333332,-6.2766666666666673
motiongen_0381,6.3499999999999996,1.0699999999999985,10.01,4.1366666666666676,-6.3566666666666674
motiongen_0382,6.367,1.1366666666666652,10.01,4.0333333333333332,-6.4300000000000006
motiongen_0383,6.383,1.2033333333333318,10.01,3.9266666666666667,-6.5
motiongen_0384,6.4000000000000004,1.2699999999999987,10.01,3.8166666666666669,-6.5633333333333335
motiongen_0385,6.4169999999999998,1.3333333333333319,10.01,3.706666666666667,-6.6200000000000001
motiongen_0386,6.4329999999999998,1.3966666666666652,10.01,3.5966666666666667,-6.6766666666666676
motiongen_0387,6.4500000000000002,1.4566666666666652,10.01,3.4866666666666668,-6.7266666666666666
motiongen_0388,6.4669999999999996,1.5133333333333319,10.01,3.3733333333333335,-6.7700000000000005
motiongen_0389,6.4829999999999997,1.5699999999999987,10.01,3.2600000000000002,-6.8133333333333335
motiongen_0390,6.5,1.623333333333332,10.01,3.1466666666666665,-6.8500000000000005
motiongen_0391,6.5170000000000003,1.6766666666666652,10.01,3.0333333333333337,-6.8866666666666667
motiongen_0392,6.5330000000000004,1.7266666666666652,10.01,2.9199999999999999,-6.9166666666666679
motiongen_0393,6.5499999999999998,1.7766666666666653,10.01,2.8033333333333332,-6.9466666666666672
motiongen_0394,6.5670000000000002,1.8233333333333319,10.01,2.686666666666667,-6.9700000000000006
motiongen_0395,6.5830000000000002,1.8666666666666651,10.01,2.5700000000000003,-6.9933333333333332
motiongen_0396,6.5999999999999996,1.9099999999999986,10.01,2.4533333333333336,-7.0133333333333336
motiongen_0397,6.617,1.9499999999999986,10.01,2.3366666666666664,-7.0333333333333332
motiongen_0398,6.633,1.9899999999999987,10.01,2.2200000000000002,-7.0500000000000007
motiongen_0399,6.6500000000000004,2.0266666666666655,10.01,2.1033333333333335,-7.0633333333333344
motiongen_0400,6.6669999999999998,2.0633333333333317,10.01,1.9866666666666666,-7.076666666666668
motiongen_0401,6.6829999999999998,2.0966666666666653,10.01,1.8666666666666669,-7.0866666666666669
motiongen_0402,6.7000000000000002,2.1266666666666652,10.01,1.7500000000000002,-7.0966666666666667
motiongen_0403,6.7169999999999996,2.1566666666666654,10.01,1.6300000000000001,-7.1066666666666674
motiongen_0404,6.7329999999999997,2.1833333333333318,10.01,1.5133333333333334,-7.1133333333333333
motiongen_0405,6.75,2.2066666666666652,10.01,1.3933333333333333,-7.120000000000001
motiongen_0406,6.7670000000000003,2.2299999999999986,10.01,1.2766666666666668,-7.123333333333334
motiongen_0407,6.7830000000000004,2.2533333333333321,10.01,1.1566666666666667,-7.1299999999999999
motiongen_0408,6.7999999999999998,2.2733333333333321,10.01,1.0366666666666666,-7.1333333333333337
motiongen_0409,6.8170000000000002,2.2899999999999987,10.01,0.92000000000000015,-7.1366666666666667
motiongen_0410,6.8330000000000002,2.3033333333333319,10.01,0.80000000000000004,-7.1399999999999997
motiongen_0411,6.8499999999999996,2.3166666666666655,10.01,0.67999999999999994,-7.1399999999999997
motiongen_0412,6.867,2.3299999999999987,10.01,0.56333333333333335,-7.1433333333333326
motiongen_0413,6.883,2.3399999999999985,10.01,0.44333333333333336,-7.1433333333333326
motiongen_0414,6.9000000000000004,2.3466666666666649,10.01,0.32333333333333336,-7.1433333333333326
motiongen_0415,6.9169999999999998,2.3499999999999988,10.01,0.20333333333333334,-7.1466666666666674
motiongen_0416,6.9329999999999998,2.3533333333333317,10.01,0.08666666666666667,-3.1233333333333335
motiongen_0417,6.9500000000000002,2.3566666666666651,10.01,0.033333333333333333,7.1466666666666674
motiongen_0418,6.9669999999999996,2.3566666666666651,10.01,0.15333333333333335,7.1433333333333326
motiongen_0419,6.9829999999999997,2.3533333333333317,10.01,0.27333333333333337,7.1433333333333326
motiongen_0420,7,2.3499999999999988,10.01,0.39000000000000001,7.1433333333333326
motiongen_0421,7.0170000000000003,2.3433333333333319,10.01,0.51000000000000001,7.1433333333333326
motiongen_0422,7.0330000000000004,2.3333333333333317,10.01,0.63,7.1399999999999997
motiongen_0423,7.0499999999999998,2.3233333333333324,10.01,0.7466666666666667,7.1366666666666667
motiongen_0424,7.0670000000000002,2.3099999999999987,10.01,0.8666666666666667,7.1333333333333337
motiongen_0425,7.0830000000000002,2.2966666666666655,10.01,0.98666666666666669,7.1299999999999999
motiongen_0426,7.0999999999999996,2.2799999999999985,10.01,1.1033333333333335,7.1266666666666669
motiongen_0427,7.117,2.2599999999999989,10.01,1.2233333333333334,7.123333333333334
motiongen_0428,7.133,2.2399999999999984,10.01,1.3433333333333335,7.1166666666666663
motiongen_0429,7.1500000000000004,2.2199999999999989,10.01,1.46,7.1100000000000003
motiongen_0430,7.1669999999999998,2.193333333333332,10.01,1.5800000000000001,7.0999999999999996
motiongen_0431,7.1829999999999998,2.1666666666666652,10.01,1.6966666666666668,7.0933333333333337
motiongen_0432,7.2000000000000002,2.1399999999999988,10.01,1.8166666666666669,7.080000000000001
motiongen_0433,7.2169999999999996,2.1099999999999985,10.01,1.9333333333333333,7.0700000000000003
motiongen_0434,7.2329999999999997,2.0766666666666653,10.01,2.0500000000000003,7.0566666666666666
motiongen_0435,7.25,2.0433333333333321,10.01,2.1700000000000004,7.0400000000000009
motiongen_0436,7.2670000000000003,2.006666666666665,10.01,2.2866666666666671,7.0233333333333343
motiongen_0437,7.2830000000000004,1.9699999999999986,10.01,2.4033333333333333,7.0033333333333339
motiongen_0438,7.2999999999999998,1.9299999999999986,10.01,2.52,6.9799999999999995
motiongen_0439,7.3170000000000002,1.8866666666666652,10.01,2.6366666666666667,6.9566666666666679
motiongen_0440,7.3330000000000002,1.8433333333333319,10.01,2.7533333333333334,6.9300000000000006
motiongen_0441,7.3499999999999996,1.7966666666666653,10.01,2.8666666666666667,6.8999999999999995
motiongen_0442,7.367,1.7499999999999987,10.01,2.9833333333333334,6.8666666666666671
motiongen_0443,7.383,1.6999999999999986,10.01,3.0966666666666671,6.8300000000000001
motiongen_0444,7.4000000000000004,1.6466666666666652,10.01,3.21,6.79
motiongen_0445,7.4169999999999998,1.5933333333333319,10.01,3.3233333333333333,6.746666666666667
motiongen_0446,7.4329999999999998,1.5399999999999987,10.01,3.4366666666666665,6.6966666666666663
motiongen_0447,7.4500000000000002,1.4799999999999986,10.01,3.5499999999999998,6.6466666666666665
motiongen_0448,7.4669999999999996,1.423333333333332,10.01,3.6600000000000006,6.5900000000000007
motiongen_0449,7.4829999999999997,1.3599999999999985,10.01,3.77,6.5266666666666664
motiongen_0450,7.5,1.2999999999999985,10.01,3.8766666666666669,6.46
motiongen_0451,7.5170000000000003,1.2333333333333321,10.01,3.9866666666666668,6.3900000000000006
motiongen_0452,7.5330000000000004,1.1666666666666652,10.01,4.0933333333333337,6.3133333333333335
motiongen_0453,7.5499999999999998,1.0999999999999988,10.01,4.1966666666666663,6.2300000000000004
motiongen_0454,7.5670000000000002,1.0299999999999985,10.01,4.3000000000000007,6.1433333333333335
motiongen_0455,7.5830000000000002,0.95666666666666522,10.01,4.4033333333333333,6.0466666666666669
motiongen_0456,7.5999999999999996,0.88333333333333197,10.01,4.5033333333333339,5.9466666666666672
motiongen_0457,7.617,0.8099999999999985,10.01,4.6033333333333335,5.8399999999999999
motiongen_0458,7.633,0.73333333333333184,10.01,4.7000000000000002,5.7266666666666666
motiongen_0459,7.6500000000000004,0.65333333333333188,10.01,4.7966666666666669,5.6066666666666665
motiongen_0460,7.6669999999999998,0.57333333333333192,10.01,4.8900000000000006,5.4799999999999995
motiongen_0461,7.6829999999999998,0.4933333333333319,10.01,4.9800000000000004,5.3433333333333337
motiongen_0462,7.7000000000000002,0.40999999999999853,10.01,5.0700000000000003,5.2033333333333331
motiongen_0463,7.7169999999999996,0.32666666666666522,10.01,5.1566666666666663,5.0533333333333337
motiongen_0464,7.7329999999999997,0.23999999999999855,10.01,5.2400000000000002,4.8966666666666674
motiongen_0465,7.75,0.15333333333333188,10.01,5.3233333333333333,4.7333333333333334
motiongen_0466,7.7670000000000003,0.063333333333331909,10.01,5.4000000000000004,4.5600000000000005
motiongen_0467,7.7830000000000004,-0.026666666666668115,10.01,5.4766666666666666,4.3800000000000008
motiongen_0468,7.7999999999999998,-0.11666666666666814,10.01,5.5500000000000007,4.1933333333333334
motiongen_0469,7.8170000000000002,-0.21000000000000152,10.01,5.6200000000000001,3.996666666666667
motiongen_0470,7.8330000000000002,-0.30333333333333479,10.01,5.6866666666666665,3.793333333333333
motiongen_0471,7.8499999999999996,-0.40000000000000147,10.01,5.7500000000000009,3.5833333333333335
motiongen_0472,7.867,-0.49666666666666803,10.01,5.8100000000000005,3.3633333333333333
motiongen_0473,7.883,-0.59333333333333482,10.01,5.8666666666666671,3.1366666666666667
motiongen_0474,7.9000000000000004,-0.6900000000000015,10.01,5.9199999999999999,2.9033333333333333
motiongen_0475,7.9169999999999998,-0.79000000000000159,10.01,5.9666666666666668,2.6633333333333336
motiongen_0476,7.9329999999999998,-0.88666666666666827,10.01,6.0099999999999998,2.4133333333333336
motiongen_0477,7.9500000000000002,-0.98666666666666814,10.01,6.0499999999999998,2.1566666666666667
motiongen_0478,7.9669999999999996,-1.0900000000000016,10.01,6.0866666666666669,1.8933333333333333
motiongen_0479,7.9829999999999997,-1.1900000000000015,10.01,6.1200000000000001,1.6266666666666667
motiongen_0480,8,-1.293333333333335,10.01,6.1466666666666674,1.3500000000000001
motiongen_0481,8.0169999999999995,-1.3933333333333351,10.01,6.1699999999999999,1.0666666666666667
motiongen_0482,8.0329999999999995,-1.4966666666666681,10.01,6.1866666666666674,0.78000000000000003
motiongen_0483,8.0500000000000007,-1.6000000000000014,10.01,6.2000000000000002,0.48333333333333334
motiongen_0484,8.0670000000000002,-1.7033333333333349,10.01,6.206666666666667,0.18666666666666668
motiongen_0485,8.0830000000000002,-1.8066666666666684,10.01,6.21,-0.12
motiongen_0486,8.0999999999999996,-1.9100000000000015,10.01,6.21,-0.42666666666666669
motiongen_0487,8.1170000000000009,-2.013333333333335,10.01,6.2000000000000002,-0.73999999999999999
motiongen_0488,8.1329999999999991,-2.1166666666666685,10.01,6.1900000000000004,-1.0566666666666666
motiongen_0489,8.1500000000000004,-2.2200000000000015,10.01,6.1699999999999999,-1.3766666666666667
motiongen_0490,8.1669999999999998,-2.3233333333333346,10.01,6.1500000000000004,-1.7000000000000002
motiongen_0491,8.1829999999999998,-2.4266666666666681,10.01,6.1200000000000001,-2.0266666666666668
motiongen_0492,8.1999999999999993,-2.5266666666666682,10.01,6.0866666666666669,-2.3533333333333335
motiongen_0493,8.2170000000000005,-2.6300000000000017,10.01,6.0466666666666669,-2.6833333333333336
motiongen_0494,8.2330000000000005,-2.7300000000000013,10.01,6.003333333333333,-3.0133333333333336
motiongen_0495,8.25,-2.8300000000000014,10.01,5.953333333333334,-3.3466666666666667
motiongen_0496,8.2669999999999995,-2.9300000000000015,10.01,5.8966666666666665,-3.6766666666666667
motiongen_0497,8.2829999999999995,-3.0266666666666682,10.01,5.8366666666666669,-4.0066666666666668
motiongen_0498,8.3000000000000007,-3.1266666666666683,10.01,5.7666666666666666,-4.3400000000000007
motiongen_0499,8.3170000000000002,-3.2200000000000015,10.01,5.6966666666666672,-4.666666666666667
motiongen_0500,8.3330000000000002,-3.3166666666666678,10.01,5.6166666666666671,-4.9933333333333332
motiongen_0501,8.3499999999999996,-3.4100000000000015,10.01,5.5333333333333332,-5.3200000000000003
motiongen_0502,8.3670000000000009,-3.5033333333333347,10.01,5.4466666666666663,-5.6399999999999997
motiongen_0503,8.3829999999999991,-3.5933333333333355,10.01,5.3533333333333335,-5.96
motiongen_0504,8.4000000000000004,-3.6833333333333353,10.01,5.2533333333333339,-6.2733333333333334
motiongen_0505,8.4169999999999998,-3.7700000000000014,10.01,5.1500000000000004,-6.5833333333333339
motiongen_0506,8.4329999999999998,-3.8566666666666682,10.01,5.04,-6.8900000000000006
motiongen_0507,8.4499999999999993,-3.9400000000000013,10.01,4.9233333333333338,-7.1900000000000004
motiongen_0508,8.4670000000000005,-4.0200000000000014,10.01,4.8033333333333337,-7.4833333333333343
motiongen_0509,8.4830000000000005,-4.1000000000000014,10.01,4.6799999999999997,-7.7733333333333334
motiongen_0510,8.5,-4.1800000000000015,10.01,4.5499999999999998,-8.0533333333333328
motiongen_0511,8.5169999999999995,-4.2566666666666677,10.01,4.416666666666667,-8.3300000000000001
motiongen_0512,8.5329999999999995,-4.3300000000000018,10.01,4.2766666666666664,-8.5966666666666676
motiongen_0513,8.5500000000000007,-4.4000000000000021,10.01,4.1333333333333337,-8.8533333333333335
motiongen_0514,8.5670000000000002,-4.4700000000000015,10.01,3.9866666666666668,-9.1066666666666674
motiongen_0515,8.5830000000000002,-4.536666666666668,10.01,3.833333333333333,-9.3466666666666658
motiongen_0516,8.5999999999999996,-4.6000000000000014,10.01,3.6766666666666667,-9.5800000000000001
motiongen_0517,8.6170000000000009,-4.660000000000001,10.01,3.5200000000000005,-9.8033333333333328
motiongen_0518,8.6329999999999991,-4.7200000000000015,10.01,3.3566666666666665,-10.016666666666667
motiongen_0519,8.6500000000000004,-4.7766666666666682,10.01,3.1866666666666665,-10.220000000000001
motiongen_0520,8.6669999999999998,-4.8300000000000018,10.01,3.0166666666666671,-10.413333333333334
motiongen_0521,8.6829999999999998,-4.8800000000000017,10.01,2.8433333333333333,-10.596666666666666
motiongen_0522,8.6999999999999993,-4.9266666666666685,10.01,2.666666666666667,-10.766666666666667
motiongen_0523,8.7170000000000005,-4.9700000000000015,10.01,2.4866666666666668,-10.93
motiongen_0524,8.7330000000000005,-5.0133333333333354,10.01,2.3066666666666666,-11.076666666666666
motiongen_0525,8.75,-5.0500000000000016,10.01,2.1200000000000001,-11.213333333333333
motiongen_0526,8.7669999999999995,-5.0866666666666687,10.01,1.9333333333333333,-11.340000000000002
motiongen_0527,8.7829999999999995,-5.116666666666668,10.01,1.7466666666666668,-11.453333333333333
motiongen_0528,8.8000000000000007,-5.1466666666666683,10.01,1.5533333333333335,-11.553333333333335
motiongen_0529,8.8170000000000002,-5.1733333333333356,10.01,1.3633333333333333,-11.640000000000001
motiongen_0530,8.8330000000000002,-5.1966666666666681,10.01,1.1666666666666667,-11.716666666666667
motiongen_0531,8.8499999999999996,-5.2166666666666686,10.01,0.97333333333333327,-11.779999999999999
motiongen_0532,8.8670000000000009,-5.2300000000000013,10.01,0.77666666666666673,-11.83
motiongen_0533,8.8829999999999991,-5.243333333333335,10.01,0.57999999999999996,-11.870000000000001
motiongen_0534,8.9000000000000004,-5.2533333333333356,10.01,0.38,-11.893333333333334
motiongen_0535,8.9169999999999998,-5.2600000000000016,10.01,0.18333333333333335,-10.076666666666668
motiongen_0536,8.9329999999999998,-5.2633333333333345,10.01,0.016666666666666666,11.903333333333334
motiongen_0537,8.9499999999999993,-5.2633333333333345,10.01,0.21333333333333335,11.890000000000001
motiongen_0538,8.9670000000000005,-5.2600000000000016,10.01,0.41333333333333333,11.863333333333335
motiongen_0539,8.9830000000000005,-5.2533333333333356,10.01,0.60999999999999999,11.823333333333334
motiongen_0540,9,-5.243333333333335,10.01,0.80666666666666664,11.770000000000001
motiongen_0541,9.0169999999999995,-5.2300000000000013,10.01,1.0033333333333334,11.706666666666667
motiongen_0542,9.0329999999999995,-5.2133333333333356,10.01,1.1966666666666668,11.630000000000001
motiongen_0543,9.0500000000000007,-5.1933333333333351,10.01,1.3933333333333333,11.536666666666667
motiongen_0544,9.0670000000000002,-5.1700000000000017,10.01,1.5833333333333333,11.436666666666667
motiongen_0545,9.0830000000000002,-5.1433333333333344,10.01,1.7733333333333334,11.32
motiongen_0546,9.0999999999999996,-5.1133333333333351,10.01,1.9633333333333334,11.193333333333333
motiongen_0547,9.1170000000000009,-5.0800000000000018,10.01,2.1500000000000004,11.053333333333333
motiongen_0548,9.1329999999999991,-5.0433333333333348,10.01,2.3333333333333335,10.903333333333334
motiongen_0549,9.1500000000000004,-5.0066666666666686,10.01,2.5166666666666666,10.743333333333334
motiongen_0550,9.1669999999999998,-4.9633333333333347,10.01,2.6933333333333338,10.57
motiongen_0551,9.1829999999999998,-4.9200000000000017,10.01,2.8700000000000001,10.383333333333335
motiongen_0552,9.1999999999999993,-4.8700000000000019,10.01,3.0433333333333334,10.19
motiongen_0553,9.2170000000000005,-4.8200000000000012,10.01,3.2133333333333334,9.9833333333333343
motiongen_0554,9.2330000000000005,-4.7666666666666684,10.01,3.3800000000000003,9.7700000000000014
motiongen_0555,9.25,-4.7100000000000017,10.01,3.5433333333333334,9.543333333333333
motiongen_0556,9.2669999999999995,-4.6500000000000021,10.01,3.7033333333333336,9.3100000000000005
motiongen_0557,9.2829999999999995,-4.5900000000000016,10.01,3.8566666666666669,9.0666666666666682
motiongen_0558,9.3000000000000007,-4.5266666666666691,10.01,4.0100000000000007,8.8166666666666664
motiongen_0559,9.3170000000000002,-4.4600000000000017,10.01,4.1566666666666672,8.5533333333333328
motiongen_0560,9.3330000000000002,-4.3900000000000015,10.01,4.2966666666666669,8.2866666666666671
motiongen_0561,9.3499999999999996,-4.3166666666666682,10.01,4.4366666666666665,8.0099999999999998
motiongen_0562,9.3670000000000009,-4.243333333333335,10.01,4.5700000000000003,7.7300000000000004
motiongen_0563,9.3829999999999991,-4.1666666666666687,10.01,4.7000000000000002,7.4400000000000013
motiongen_0564,9.4000000000000004,-4.0900000000000016,10.01,4.8233333333333341,7.1433333333333326
motiongen_0565,9.4169999999999998,-4.0100000000000016,10.01,4.9400000000000004,6.8433333333333337
motiongen_0566,9.4329999999999998,-3.9266666666666685,10.01,5.0566666666666666,6.5366666666666671
motiongen_0567,9.4499999999999993,-3.8433333333333355,10.01,5.1633333333333331,6.2266666666666675
motiongen_0568,9.4670000000000005,-3.7566666666666686,10.01,5.2666666666666675,5.9100000000000001
motiongen_0569,9.4830000000000005,-3.6700000000000017,10.01,5.3666666666666671,5.5900000000000007
motiongen_0570,9.5,-3.5800000000000018,10.01,5.46,5.2700000000000005
motiongen_0571,9.5169999999999995,-3.4866666666666686,10.01,5.5466666666666669,4.9433333333333342
motiongen_0572,9.5329999999999995,-3.3966666666666678,10.01,5.6300000000000008,4.6166666666666671
motiongen_0573,9.5500000000000007,-3.3033333333333346,10.01,5.706666666666667,4.2866666666666671
motiongen_0574,9.5670000000000002,-3.2066666666666683,10.01,5.7800000000000002,3.956666666666667
motiongen_0575,9.5830000000000002,-3.1100000000000017,10.01,5.8433333333333328,3.6266666666666669
motiongen_0576,9.5999999999999996,-3.0133333333333345,10.01,5.9066666666666672,3.2933333333333334
motiongen_0577,9.6170000000000009,-2.9133333333333344,10.01,5.96,2.9633333333333334
motiongen_0578,9.6329999999999991,-2.8166666666666682,10.01,6.0099999999999998,2.6333333333333337
motiongen_0579,9.6500000000000004,-2.7166666666666681,10.01,6.0533333333333337,2.3033333333333332
motiongen_0580,9.6669999999999998,-2.6133333333333351,10.01,6.0899999999999999,1.9766666666666666
motiongen_0581,9.6829999999999998,-2.513333333333335,10.01,6.1233333333333331,1.6500000000000001
motiongen_0582,9.6999999999999993,-2.4100000000000015,10.01,6.1533333333333342,1.3300000000000001
motiongen_0583,9.7170000000000005,-2.306666666666668,10.01,6.1733333333333338,1.01
motiongen_0584,9.7330000000000005,-2.2066666666666683,10.01,6.1900000000000004,0.69333333333333336
motiongen_0585,9.75,-2.1033333333333348,10.01,6.2033333333333331,0.38
motiongen_0586,9.7669999999999995,-2.0000000000000013,10.01,6.21,0.073333333333333334
motiongen_0587,9.7829999999999995,-1.8966666666666683,10.01,6.21,-0.23000000000000004
motiongen_0588,9.8000000000000007,-1.7900000000000018,10.01,6.206666666666667,-0.53000000000000003
motiongen_0589,9.8170000000000002,-1.6866666666666683,10.01,6.1966666666666672,-0.82333333333333336
motiongen_0590,9.8330000000000002,-1.5833333333333348,10.01,6.1833333333333336,-1.1100000000000001
motiongen_0591,9.8499999999999996,-1.4833333333333347,10.01,6.166666666666667,-1.3899999999999999
motiongen_0592,9.8670000000000009,-1.3800000000000017,10.01,6.1433333333333335,-1.6666666666666667
motiongen_0593,9.8829999999999991,-1.2766666666666682,10.01,6.1133333333333342,-1.9366666666666665
motiongen_0594,9.9000000000000004,-1.1733333333333349,10.01,6.083333333333333,-2.1966666666666668
motiongen_0595,9.9169999999999998,-1.0733333333333348,10.01,6.0466666666666669,-2.4500000000000002
motiongen_0596,9.9329999999999998,-0.97333333333333472,10.01,6.003333333333333,-2.7000000000000002
motiongen_0597,9.9499999999999993,-0.87333333333333485,10.01,5.96,-2.9399999999999999
motiongen_0598,9.9670000000000005,-0.77333333333333476,10.01,5.9100000000000001,-3.1733333333333333
motiongen_0599,9.9830000000000005,-0.67333333333333489,10.01,5.8566666666666665,-3.3966666666666665
motiongen_0600,10,-0.57666666666666822,10.01,5.7999999999999998,-3.6166666666666667
motiongen_0601,10.016999999999999,-0.48000000000000154,10.01,5.7400000000000002,-3.8266666666666667
motiongen_0602,10.032999999999999,-0.38333333333333486,10.01,5.6766666666666667,-4.0266666666666664
motiongen_0603,10.050000000000001,-0.29000000000000148,10.01,5.6100000000000003,-4.2200000000000006
motiongen_0604,10.067,-0.19666666666666821,10.01,5.54,-4.4066666666666672
motiongen_0605,10.083,-0.10333333333333483,10.01,5.4666666666666668,-4.5866666666666669
motiongen_0606,10.1,-0.013333333333334751,10.01,5.3900000000000006,-4.7566666666666668
motiongen_0607,10.117000000000001,0.076666666666665217,10.01,5.3100000000000005,-4.9199999999999999
motiongen_0608,10.132999999999999,0.16666666666666524,10.01,5.2300000000000004,-5.0766666666666662
motiongen_0609,10.15,0.25333333333333186,10.01,5.1433333333333335,-5.2233333333333336
motiongen_0610,10.167,0.33666666666666523,10.01,5.0566666666666666,-5.3666666666666671
motiongen_0611,10.183,0.4233333333333319,10.01,4.9666666666666668,-5.5
motiongen_0612,10.199999999999999,0.50666666666666527,10.01,4.8766666666666669,-5.6266666666666669
motiongen_0613,10.217000000000001,0.58666666666666523,10.01,4.7833333333333341,-5.7433333333333341
motiongen_0614,10.233000000000001,0.66666666666666519,10.01,4.6866666666666665,-5.8566666666666665
motiongen_0615,10.25,0.74333333333333185,10.01,4.5899999999999999,-5.9633333333333329
motiongen_0616,10.266999999999999,0.81999999999999851,10.01,4.4900000000000002,-6.0633333333333335
motiongen_0617,10.282999999999999,0.89666666666666528,10.01,4.3866666666666667,-6.1566666666666672
motiongen_0618,10.300000000000001,0.96999999999999853,10.01,4.2866666666666671,-6.2433333333333332
motiongen_0619,10.317,1.0399999999999987,10.01,4.1800000000000006,-6.3266666666666662
motiongen_0620,10.333,1.1099999999999985,10.01,4.0766666666666671,-6.4000000000000004
motiongen_0621,10.35,1.1766666666666652,10.01,3.9700000000000002,-6.4733333333333336
motiongen_0622,10.367000000000001,1.2433333333333318,10.01,3.8599999999999999,-6.5366666666666671
motiongen_0623,10.382999999999999,1.3066666666666653,10.01,3.753333333333333,-6.5966666666666676
motiongen_0624,10.4,1.3699999999999988,10.01,3.6433333333333335,-6.6533333333333333
motiongen_0625,10.417,1.4299999999999984,10.01,3.5299999999999998,-6.706666666666667
motiongen_0626,10.433,1.4899999999999987,10.01,3.4200000000000004,-6.753333333333333
motiongen_0627,10.449999999999999,1.5466666666666653,10.01,3.3066666666666666,-6.7966666666666677
motiongen_0628,10.467000000000001,1.6033333333333319,10.01,3.1933333333333334,-6.8366666666666678
motiongen_0629,10.483000000000001,1.6566666666666652,10.01,3.0800000000000001,-6.8733333333333331
motiongen_0630,10.5,1.7066666666666652,10.01,2.9666666666666668,-6.9033333333333342
motiongen_0631,10.516999999999999,1.7566666666666653,10.01,2.8500000000000001,-6.9333333333333336
motiongen_0632,10.532999999999999,1.8033333333333321,10.01,2.7333333333333334,-6.9600000000000009
motiongen_0633,10.550000000000001,1.8499999999999985,10.01,2.6200000000000001,-6.9866666666666672
motiongen_0634,10.567,1.893333333333332,10.01,2.5033333333333334,-7.0066666666666668
motiongen_0635,10.583,1.933333333333332,10.01,2.3866666666666667,-7.0266666666666673
motiongen_0636,10.6,1.9733333333333321,10.01,2.2700000000000005,-7.0433333333333339
motiongen_0637,10.617000000000001,2.0133333333333319,10.01,2.1500000000000004,-7.0566666666666666
motiongen_0638,10.632999999999999,2.0466666666666651,10.01,2.0333333333333332,-7.0733333333333333
motiongen_0639,10.65,2.0833333333333321,10.01,1.9166666666666665,-7.0833333333333339
motiongen_0640,10.667,2.113333333333332,10.01,1.7966666666666669,-7.0933333333333337
motiongen_0641,10.683,2.1433333333333318,10.01,1.6800000000000002,-7.1033333333333326
motiongen_0642,10.699999999999999,2.173333333333332,10.01,1.5600000000000001,-7.1100000000000003
motiongen_0643,10.717000000000001,2.1966666666666654,10.01,1.4433333333333334,-7.1166666666666663
motiongen_0644,10.733000000000001,2.2233333333333318,10.01,1.3233333333333335,-7.123333333333334
motiongen_0645,10.75,2.2433333333333323,10.01,1.2066666666666668,-7.1266666666666669
motiongen_0646,10.766999999999999,2.2633333333333319,10.01,1.0866666666666667,-7.1299999999999999
motiongen_0647,10.782999999999999,2.2833333333333323,10.01,0.96666666666666667,-7.1366666666666667
motiongen_0648,10.800000000000001,2.2999999999999989,10.01,0.85000000000000009,-7.1366666666666667
motiongen_0649,10.817,2.3133333333333321,10.01,0.72999999999999998,-7.1399999999999997
motiongen_0650,10.833,2.3233333333333324,10.01,0.60999999999999999,-7.1433333333333326
motiongen_0651,10.85,2.3333333333333317,10.01,0.49333333333333335,-7.1433333333333326
motiongen_0652,10.867000000000001,2.3433333333333319,10.01,0.37333333333333335,-7.1433333333333326
motiongen_0653,10.882999999999999,2.3499999999999988,10.01,0.25333333333333335,-7.1466666666666674
motiongen_0654,10.9,2.3533333333333317,10.01,0.13333333333333333,-7.1466666666666674
motiongen_0655,10.917,2.3566666666666651,10.01,0.016666666666666666,5.3000000000000007
motiongen_0656,10.933,2.3566666666666651,10.01,0.10333333333333333,7.1466666666666674
motiongen_0657,10.949999999999999,2.3533333333333317,10.01,0.22333333333333336,7.1433333333333326
motiongen_0658,10.967000000000001,2.3499999999999988,10.01,0.34333333333333332,7.1433333333333326
motiongen_0659,10.983000000000001,2.3433333333333319,10.01,0.46000000000000008,7.1433333333333326
motiongen_0660,11,2.3366666666666651,10.01,0.57999999999999996,7.1399999999999997
motiongen_0661,11.016999999999999,2.3266666666666653,10.01,0.69999999999999996,7.1399999999999997
motiongen_0662,11.032999999999999,2.3166666666666655,10.01,0.81666666666666665,7.1366666666666667
motiongen_0663,11.050000000000001,2.3033333333333319,10.01,0.93666666666666676,7.1333333333333337
motiongen_0664,11.067,2.2866666666666653,10.01,1.0566666666666666,7.1299999999999999
motiongen_0665,11.083,2.2699999999999987,10.01,1.1733333333333333,7.123333333333334
motiongen_0666,11.1,2.2499999999999987,10.01,1.2933333333333334,7.120000000000001
motiongen_0667,11.117000000000001,2.2266666666666657,10.01,1.4133333333333333,7.1133333333333333
motiongen_0668,11.132999999999999,2.2033333333333323,10.01,1.53,7.1033333333333326
motiongen_0669,11.15,2.1799999999999988,10.01,1.6500000000000001,7.0966666666666667
motiongen_0670,11.167,2.1499999999999986,10.01,1.7666666666666668,7.0866666666666669
motiongen_0671,11.183,2.1233333333333322,10.01,1.8866666666666665,7.0733333333333333
motiongen_0672,11.199999999999999,2.0899999999999985,10.01,2.0033333333333334,7.0633333333333344
motiongen_0673,11.217000000000001,2.0566666666666653,10.01,2.1200000000000001,7.0466666666666669
motiongen_0674,11.233000000000001,2.0233333333333317,10.01,2.2400000000000002,7.0300000000000002
motiongen_0675,11.25,1.9833333333333321,10.01,2.3566666666666665,7.0133333333333336
motiongen_0676,11.266999999999999,1.9466666666666652,10.01,2.4733333333333336,6.9900000000000002
motiongen_0677,11.282999999999999,1.903333333333332,10.01,2.5900000000000003,6.9666666666666668
motiongen_0678,11.300000000000001,1.8599999999999985,10.01,2.706666666666667,6.9399999999999995
motiongen_0679,11.317,1.8166666666666651,10.01,2.8199999999999998,6.9133333333333331
motiongen_0680,11.333,1.7699999999999987,10.01,2.936666666666667,6.8800000000000008
motiongen_0681,11.35,1.7199999999999986,10.01,3.0500000000000003,6.8466666666666667
motiongen_0682,11.367000000000001,1.6699999999999986,10.01,3.1633333333333331,6.8066666666666666
motiongen_0683,11.382999999999999,1.6166666666666651,10.01,3.2766666666666668,6.7633333333333336
motiongen_0684,11.4,1.5599999999999987,10.01,3.3899999999999997,6.7166666666666677
motiongen_0685,11.417,1.5066666666666653,10.01,3.5033333333333334,6.666666666666667
motiongen_0686,11.433,1.4466666666666652,10.01,3.6133333333333337,6.6133333333333333
motiongen_0687,11.449999999999999,1.3866666666666654,10.01,3.7233333333333336,6.5533333333333337
motiongen_0688,11.467000000000001,1.3233333333333319,10.01,3.833333333333333,6.4900000000000002
motiongen_0689,11.483000000000001,1.2599999999999985,10.01,3.9399999999999999,6.4199999999999999
motiongen_0690,11.5,1.193333333333332,10.01,4.0500000000000007,6.3466666666666667
motiongen_0691,11.516999999999999,1.1266666666666652,10.01,4.1533333333333333,6.2666666666666666
motiongen_0692,11.532999999999999,1.0566666666666653,10.01,4.2600000000000007,6.1800000000000006
motiongen_0693,11.550000000000001,0.98666666666666525,10.01,4.3633333333333333,6.0866666666666669
motiongen_0694,11.567,0.913333333333332,10.01,4.4633333333333338,5.9900000000000002
motiongen_0695,11.583,0.83999999999999853,10.01,4.5633333333333335,5.8866666666666667
motiongen_0696,11.6,0.76333333333333186,10.01,4.6600000000000001,5.7733333333333334
motiongen_0697,11.617000000000001,0.6866666666666652,10.01,4.7566666666666668,5.6566666666666672
motiongen_0698,11.632999999999999,0.60666666666666524,10.01,4.8500000000000005,5.5333333333333332
motiongen_0699,11.65,0.52666666666666528,10.01,4.9433333333333342,5.4000000000000004
motiongen_0700,11.667,0.44333333333333191,10.01,5.0333333333333332,5.2633333333333336
motiongen_0701,11.683,0.35999999999999854,10.01,5.1200000000000001,5.1166666666666663
motiongen_0702,11.699999999999999,0.27333333333333187,10.01,5.206666666666667,4.9633333333333338
motiongen_0703,11.717000000000001,0.1866666666666652,10.01,5.29,4.7999999999999998
motiongen_0704,11.733000000000001,0.099999999999998535,10.01,5.3700000000000001,4.6333333333333329
motiongen_0705,11.75,0.0099999999999985101,10.01,5.4466666666666663,4.456666666666667
motiongen_0706,11.766999999999999,-0.080000000000001514,10.01,5.5199999999999996,4.2699999999999996
motiongen_0707,11.782999999999999,-0.17333333333333478,10.01,5.5933333333333337,4.0800000000000001
motiongen_0708,11.800000000000001,-0.26666666666666816,10.01,5.6600000000000001,3.8799999999999999
motiongen_0709,11.817,-0.36000000000000143,10.01,5.7233333333333336,3.6699999999999999
motiongen_0710,11.833,-0.45666666666666822,10.01,5.7866666666666671,3.4533333333333336
motiongen_0711,11.85,-0.55333333333333479,10.01,5.8433333333333328,3.2333333333333334
motiongen_0712,11.867000000000001,-0.65000000000000147,10.01,5.8966666666666665,3
motiongen_0713,11.882999999999999,-0.74666666666666814,10.01,5.9466666666666672,2.7633333333333332
motiongen_0714,11.9,-0.84666666666666823,10.01,5.9933333333333341,2.5166666666666666
motiongen_0715,11.917,-0.9466666666666681,10.01,6.0366666666666671,2.2633333333333336
motiongen_0716,11.933,-1.0466666666666682,10.01,6.0733333333333341,2.0033333333333334
motiongen_0717,11.949999999999999,-1.1500000000000015,10.01,6.1066666666666674,1.7366666666666668
motiongen_0718,11.967000000000001,-1.2500000000000016,10.01,6.1366666666666667,1.4633333333333334
motiongen_0719,11.983000000000001,-1.3533333333333351,10.01,6.1600000000000001,1.1833333333333333
motiongen_0720,12,-1.4566666666666681,10.01,6.1800000000000006,0.89666666666666672
motiongen_0721,12.016999999999999,-1.556666666666668,10.01,6.1933333333333342,0.60666666666666669
motiongen_0722,12.032999999999999,-1.6600000000000015,10.01,6.2033333333333331,0.31
motiongen_0723,12.050000000000001,-1.763333333333335,10.01,6.21,0.0066666666666666671
motiongen_0724,12.067,-1.8700000000000014,10.01,6.21,-0.29999999999999999
motiongen_0725,12.083,-1.9733333333333349,10.01,6.2033333333333331,-0.60999999999999999
motiongen_0726,12.1,-2.0766666666666684,10.01,6.1933333333333342,-0.92666666666666675
motiongen_0727,12.117000000000001,-2.1800000000000015,10.01,6.1800000000000006,-1.2466666666666668
motiongen_0728,12.132999999999999,-2.2800000000000016,10.01,6.1600000000000001,-1.5666666666666667
motiongen_0729,12.15,-2.3833333333333346,10.01,6.1333333333333337,-1.8933333333333333
motiongen_0730,12.167,-2.4866666666666681,10.01,6.1000000000000005,-2.2200000000000002
motiongen_0731,12.183,-2.5866666666666682,10.01,6.0633333333333335,-2.5500000000000003
motiongen_0732,12.199999999999999,-2.6900000000000013,10.01,6.0200000000000005,-2.8799999999999999
motiongen_0733,12.217000000000001,-2.7900000000000014,10.01,5.9733333333333336,-3.21
motiongen_0734,12.233000000000001,-2.8900000000000015,10.01,5.9199999999999999,-3.5400000000000005
motiongen_0735,12.25,-2.9866666666666681,10.01,5.8600000000000003,-3.8733333333333331
motiongen_0736,12.266999999999999,-3.0866666666666682,10.01,5.7966666666666669,-4.2033333333333331
motiongen_0737,12.282999999999999,-3.1833333333333353,10.01,5.7266666666666666,-4.5333333333333341
motiongen_0738,12.300000000000001,-3.2766666666666686,10.01,5.6500000000000004,-4.8600000000000003
motiongen_0739,12.317,-3.3700000000000014,10.01,5.5700000000000003,-5.1866666666666674
motiongen_0740,12.333,-3.4633333333333347,10.01,5.4833333333333334,-5.5100000000000007
motiongen_0741,12.35,-3.5566666666666684,10.01,5.3900000000000006,-5.830000000000001
motiongen_0742,12.367000000000001,-3.6466666666666683,10.01,5.2933333333333339,-6.1466666666666674
motiongen_0743,12.382999999999999,-3.7333333333333343,10.01,5.1933333333333334,-6.456666666666667
motiongen_0744,12.4,-3.8200000000000012,10.01,5.083333333333333,-6.7666666666666666
motiongen_0745,12.417,-3.9066666666666681,10.01,4.9700000000000006,-7.0666666666666673
motiongen_0746,12.433,-3.9866666666666681,10.01,4.8533333333333335,-7.3633333333333342
motiongen_0747,12.449999999999999,-4.0700000000000021,10.01,4.7300000000000004,-7.6566666666666672
motiongen_0748,12.467000000000001,-4.1466666666666683,10.01,4.6033333333333335,-7.9400000000000004
motiongen_0749,12.483000000000001,-4.2233333333333345,10.01,4.4699999999999998,-8.2166666666666668
motiongen_0750,12.5,-4.3000000000000016,10.01,4.3333333333333339,-8.4866666666666664
motiongen_0751,12.516999999999999,-4.3700000000000019,10.01,4.1933333333333334,-8.75
motiongen_0752,12.532999999999999,-4.4400000000000022,10.01,4.0466666666666669,-9.0033333333333339
motiongen_0753,12.550000000000001,-4.5100000000000016,10.01,3.8966666666666669,-9.25
motiongen_0754,12.567,-4.573333333333335,10.01,3.7433333333333336,-9.4866666666666681
motiongen_0755,12.583,-4.6366666666666685,10.01,3.5833333333333335,-9.7133333333333347
motiongen_0756,12.6,-4.6966666666666681,10.01,3.4233333333333333,-9.9300000000000015
motiongen_0757,12.617000000000001,-4.7533333333333347,10.01,3.2566666666666668,-10.140000000000001
motiongen_0758,12.632999999999999,-4.8066666666666684,10.01,3.0866666666666669,-10.336666666666668
motiongen_0759,12.65,-4.8600000000000012,10.01,2.916666666666667,-10.523333333333333
motiongen_0760,12.667,-4.9066666666666681,10.01,2.7399999999999998,-10.700000000000001
motiongen_0761,12.683,-4.9533333333333349,10.01,2.5633333333333335,-10.863333333333333
motiongen_0762,12.699999999999999,-4.9966666666666679,10.01,2.3799999999999999,-11.016666666666667
motiongen_0763,12.717000000000001,-5.036666666666668,10.01,2.1966666666666668,-11.16
motiongen_0764,12.733000000000001,-5.073333333333335,10.01,2.0100000000000002,-11.290000000000001
motiongen_0765,12.75,-5.1066666666666682,10.01,1.8233333333333335,-11.406666666666668
motiongen_0766,12.766999999999999,-5.1366666666666685,10.01,1.6333333333333333,-11.513333333333334
motiongen_0767,12.782999999999999,-5.1633333333333349,10.01,1.4399999999999999,-11.606666666666667
motiongen_0768,12.800000000000001,-5.1866666666666683,10.01,1.2466666666666668,-11.686666666666666
motiongen_0769,12.817,-5.2066666666666688,10.01,1.0533333333333335,-11.756666666666668
motiongen_0770,12.833,-5.2266666666666683,10.01,0.85666666666666669,-11.813333333333334
motiongen_0771,12.85,-5.240000000000002,10.01,0.66000000000000003,-11.853333333333333
motiongen_0772,12.867000000000001,-5.2500000000000018,10.01,0.46333333333333337,-11.883333333333333
motiongen_0773,12.882999999999999,-5.2566666666666686,10.01,0.26333333333333336,-11.903333333333334
motiongen_0774,12.9,-5.2633333333333345,10.01,0.066666666666666666,3.956666666666667
motiongen_0775,12.917,-5.2633333333333345,10.01,0.13333333333333333,11.896666666666667
motiongen_0776,12.933,-5.2600000000000016,10.01,0.33000000000000002,11.876666666666667
motiongen_0777,12.949999999999999,-5.2566666666666686,10.01,0.53000000000000003,11.843333333333334
motiongen_0778,12.967000000000001,-5.2466666666666688,10.01,0.72666666666666668,11.793333333333333
motiongen_0779,12.983000000000001,-5.2366666666666681,10.01,0.92333333333333345,11.733333333333334
motiongen_0780,13,-5.2200000000000015,10.01,1.1166666666666667,11.663333333333334
motiongen_0781,13.016999999999999,-5.200000000000002,10.01,1.3133333333333335,11.576666666666666
motiongen_0782,13.032999999999999,-5.1800000000000015,10.01,1.5066666666666668,11.48
motiongen_0783,13.050000000000001,-5.1533333333333351,10.01,1.6966666666666668,11.370000000000001
motiongen_0784,13.067,-5.1266666666666687,10.01,1.8866666666666665,11.246666666666668
motiongen_0785,13.083,-5.0933333333333355,10.01,2.0733333333333333,11.113333333333333
motiongen_0786,13.1,-5.0600000000000014,10.01,2.2600000000000002,10.966666666666667
motiongen_0787,13.117000000000001,-5.0233333333333343,10.01,2.4399999999999999,10.81
motiongen_0788,13.132999999999999,-4.9800000000000013,10.01,2.6233333333333335,10.640000000000001
motiongen_0789,13.15,-4.9366666666666683,10.01,2.7999999999999998,10.463333333333333
motiongen_0790,13.167,-4.8900000000000023,10.01,2.9733333333333336,10.27
motiongen_0791,13.183,-4.8433333333333355,10.01,3.1433333333333331,10.07
motiongen_0792,13.199999999999999,-4.7900000000000018,10.01,3.3133333333333335,9.8600000000000012
motiongen_0793,13.217000000000001,-4.7333333333333352,10.01,3.4766666666666666,9.6400000000000006
motiongen_0794,13.233000000000001,-4.6766666666666685,10.01,3.6366666666666667,9.4066666666666681
motiongen_0795,13.25,-4.616666666666668,10.01,3.793333333333333,9.1666666666666679
motiongen_0796,13.266999999999999,-4.5533333333333346,10.01,3.9466666666666668,8.9200000000000017
motiongen_0797,13.282999999999999,-4.486666666666669,10.01,4.0966666666666676,8.663333333333334
motiongen_0798,13.300000000000001,-4.4166666666666679,10.01,4.2400000000000002,8.3966666666666683
motiongen_0799,13.317,-4.3466666666666685,10.01,4.3800000000000008,8.1266666666666669
motiongen_0800,13.333,-4.2733333333333352,10.01,4.5166666666666666,7.8466666666666676
motiongen_0801,13.35,-4.200000000000002,10.01,4.6466666666666665,7.5599999999999996
motiongen_0802,13.367000000000001,-4.1233333333333357,10.01,4.7733333333333334,7.2666666666666675
motiongen_0803,13.382999999999999,-4.0433333333333357,10.01,4.8933333333333335,6.9666666666666668
motiongen_0804,13.4,-3.9600000000000017,10.01,5.0099999999999998,6.663333333333334
motiongen_0805,13.417,-3.8766666666666687,10.01,5.1200000000000001,6.3533333333333335
motiongen_0806,13.433,-3.7933333333333348,10.01,5.2266666666666675,6.04
motiongen_0807,13.449999999999999,-3.7033333333333349,10.01,5.3266666666666671,5.7233333333333336
motiongen_0808,13.467000000000001,-3.616666666666668,10.01,5.4233333333333338,5.4033333333333333
motiongen_0809,13.483000000000001,-3.5266666666666686,10.01,5.5133333333333336,5.0766666666666662
motiongen_0810,13.5,-3.4333333333333349,10.01,5.5966666666666667,4.75
motiongen_0811,13.516999999999999,-3.3400000000000016,10.01,5.6766666666666667,4.4233333333333338
motiongen_0812,13.532999999999999,-3.2466666666666684,10.01,5.7500000000000009,4.0933333333333337
motiongen_0813,13.550000000000001,-3.1500000000000017,10.01,5.8166666666666673,3.7633333333333336
motiongen_0814,13.567,-3.0533333333333346,10.01,5.8799999999999999,3.4299999999999997
motiongen_0815,13.583,-2.9566666666666683,10.01,5.9366666666666665,3.1000000000000001
motiongen_0816,13.6,-2.8566666666666682,10.01,5.9900000000000002,2.77
motiongen_0817,13.617000000000001,-2.7566666666666682,10.01,6.0366666666666671,2.4399999999999999
motiongen_0818,13.632999999999999,-2.6566666666666685,10.01,6.0766666666666671,2.1100000000000003
motiongen_0819,13.65,-2.553333333333335,10.01,6.1133333333333342,1.7833333333333334
motiongen_0820,13.667,-2.4533333333333349,10.01,6.1400000000000006,1.46
motiongen_0821,13.683,-2.3500000000000014,10.01,6.166666666666667,1.1400000000000001
motiongen_0822,13.699999999999999,-2.2466666666666684,10.01,6.1833333333333336,0.82333333333333336
motiongen_0823,13.717000000000001,-2.1433333333333349,10.01,6.2000000000000002,0.50666666666666671
motiongen_0824,13.733000000000001,-2.0400000000000014,10.01,6.206666666666667,0.19666666666666666
motiongen_0825,13.75,-1.9366666666666683,10.01,6.21,-0.10666666666666667
motiongen_0826,13.766999999999999,-1.8333333333333353,10.01,6.21,-0.40666666666666668
motiongen_0827,13.782999999999999,-1.7300000000000018,10.01,6.2033333333333331,-0.70333333333333337
motiongen_0828,13.800000000000001,-1.6266666666666683,10.01,6.1900000000000004,-0.99333333333333329
motiongen_0829,13.817,-1.5233333333333348,10.01,6.1733333333333338,-1.2766666666666668
motiongen_0830,13.833,-1.4200000000000013,10.01,6.1533333333333342,-1.5533333333333335
motiongen_0831,13.85,-1.3200000000000016,10.01,6.1266666666666669,-1.8266666666666669
motiongen_0832,13.867000000000001,-1.2166666666666681,10.01,6.0966666666666667,-2.0900000000000003
motiongen_0833,13.882999999999999,-1.1133333333333348,10.01,6.0600000000000005,-2.3466666666666667
motiongen_0834,13.9,-1.0133333333333348,10.01,6.0233333333333334,-2.6000000000000001
motiongen_0835,13.917,-0.91333333333333466,10.01,5.9800000000000004,-2.8433333333333333
motiongen_0836,13.933,-0.8133333333333348,10.01,5.9299999999999997,-3.0766666666666671
motiongen_0837,13.949999999999999,-0.71666666666666812,10.01,5.8799999999999999,-3.3066666666666666
motiongen_0838,13.967000000000001,-0.61666666666666825,10.01,5.8233333333333341,-3.5266666666666668
motiongen_0839,13.983000000000001,-0.52000000000000146,10.01,5.7666666666666666,-3.7400000000000007
motiongen_0840,14,-0.42333333333333489,10.01,5.703333333333334,-3.9466666666666668
motiongen_0841,14.016999999999999,-0.3300000000000014,10.01,5.6366666666666667,-4.1433333333333335
motiongen_0842,14.032999999999999,-0.23333333333333472,10.01,5.5700000000000003,-4.3333333333333339
motiongen_0843,14.050000000000001,-0.14333333333333476,10.01,5.496666666666667,-4.5133333333333336
motiongen_0844,14.067,-0.050000000000001488,10.01,5.4199999999999999,-4.6866666666666665
motiongen_0845,14.083,0.039999999999998537,10.01,5.3433333333333337,-4.8533333333333335
motiongen_0846,14.1,0.12999999999999851,10.01,5.2633333333333336,-5.0133333333333336
motiongen_0847,14.117000000000001,0.21666666666666523,10.01,5.1800000000000006,-5.1633333333333331
motiongen_0848,14.132999999999999,0.3033333333333319,10.01,5.0933333333333337,-5.3066666666666675
motiongen_0849,14.15,0.38666666666666522,10.01,5.003333333333333,-5.4433333333333334
motiongen_0850,14.167,0.46999999999999853,10.01,4.9133333333333331,-5.5733333333333333
motiongen_0851,14.183,0.5533333333333319,10.01,4.8200000000000003,-5.6966666666666672
motiongen_0852,14.199999999999999,0.63333333333333186,10.01,4.7266666666666666,-5.8100000000000005
motiongen_0853,14.217000000000001,0.71333333333333182,10.01,4.6299999999999999,-5.9199999999999999
motiongen_0854,14.233000000000001,0.78999999999999859,10.01,4.5300000000000002,-6.0233333333333334
motiongen_0855,14.25,0.86333333333333195,10.01,4.4299999999999997,-6.1200000000000001
motiongen_0856,14.266999999999999,0.93999999999999861,10.01,4.3266666666666671,-6.206666666666667
motiongen_0857,14.282999999999999,1.0099999999999985,10.01,4.2233333333333336,-6.293333333333333
motiongen_0858,14.300000000000001,1.0799999999999987,10.01,4.1200000000000001,-6.3700000000000001
motiongen_0859,14.317,1.1499999999999986,10.01,4.0133333333333336,-6.4433333333333334
motiongen_0860,14.333,1.2166666666666652,10.01,3.9066666666666667,-6.5100000000000007
motiongen_0861,14.35,1.2833333333333319,10.01,3.7966666666666669,-6.5733333333333333
motiongen_0862,14.367000000000001,1.3466666666666653,10.01,3.686666666666667,-6.6300000000000008
motiongen_0863,14.382999999999999,1.4066666666666652,10.01,3.5766666666666667,-6.6833333333333336
motiongen_0864,14.4,1.4666666666666652,10.01,3.4666666666666668,-6.7333333333333334
motiongen_0865,14.417,1.5233333333333319,10.01,3.3533333333333335,-6.7799999999999994
motiongen_0866,14.433,1.5799999999999987,10.01,3.2400000000000002,-6.8199999999999994
motiongen_0867,14.449999999999999,1.633333333333332,10.01,3.1266666666666665,-6.8566666666666665
motiongen_0868,14.467000000000001,1.6866666666666652,10.01,3.0133333333333336,-6.8900000000000006
motiongen_0869,14.483000000000001,1.7366666666666652,10.01,2.8966666666666669,-6.9233333333333338
motiongen_0870,14.5,1.7833333333333321,10.01,2.7833333333333332,-6.9500000000000002
motiongen_0871,14.516999999999999,1.8299999999999985,10.01,2.666666666666667,-6.9766666666666666
motiongen_0872,14.532999999999999,1.8766666666666652,10.01,2.5500000000000003,-6.9966666666666679
motiongen_0873,14.550000000000001,1.9166666666666652,10.01,2.4333333333333336,-7.0199999999999996
motiongen_0874,14.567,1.9599999999999986,10.01,2.3166666666666664,-7.036666666666668
motiongen_0875,14.583,1.9966666666666653,10.01,2.2000000000000002,-7.0533333333333337
motiongen_0876,14.6,2.0333333333333319,10.01,2.0833333333333335,-7.0666666666666673
motiongen_0877,14.617000000000001,2.0699999999999985,10.01,1.9633333333333334,-7.080000000000001
motiongen_0878,14.632999999999999,2.0999999999999988,10.01,1.8466666666666669,-7.0899999999999999
motiongen_0879,14.65,2.133333333333332,10.01,1.7266666666666668,-7.0999999999999996
motiongen_0880,14.667,2.1599999999999984,10.01,1.6100000000000001,-7.1066666666666674
motiongen_0881,14.683,2.1866666666666656,10.01,1.49,-7.1133333333333333
motiongen_0882,14.699999999999999,2.213333333333332,10.01,1.3733333333333333,-7.120000000000001
motiongen_0883,14.717000000000001,2.2366666666666655,10.01,1.2533333333333334,-7.1266666666666669
motiongen_0884,14.733000000000001,2.2566666666666655,10.01,1.1366666666666667,-7.1299999999999999
motiongen_0885,14.75,2.2766666666666655,10.01,1.0166666666666666,-7.1333333333333337
motiongen_0886,14.766999999999999,2.2933333333333321,10.01,0.89666666666666672,-7.1366666666666667
motiongen_0887,14.782999999999999,2.3066666666666658,10.01,0.78000000000000003,-7.1399999999999997
motiongen_0888,14.800000000000001,2.3199999999999985,10.01,0.66000000000000003,-7.1399999999999997
motiongen_0889,14.817,2.3299999999999987,10.01,0.54000000000000004,-7.1433333333333326
motiongen_0890,14.833,2.3399999999999985,10.01,0.42000000000000004,-7.1433333333333326
motiongen_0891,14.85,2.3466666666666649,10.01,0.30333333333333334,-7.1433333333333326
motiongen_0892,14.867000000000001,2.3533333333333317,10.01,0.18333333333333335,-7.1466666666666674
motiongen_0893,14.882999999999999,2.3566666666666651,10.01,0.063333333333333339,-0.56666666666666676
motiongen_0894,14.9,2.3566666666666651,10.01,0.053333333333333337,7.1466666666666674
motiongen_0895,14.917,2.3566666666666651,10.01,0.17333333333333334,7.1433333333333326
motiongen_0896,14.933,2.3533333333333317,10.01,0.29333333333333333,7.1433333333333326
motiongen_0897,14.949999999999999,2.3466666666666649,10.01,0.41333333333333333,7.1433333333333326
motiongen_0898,14.967000000000001,2.3399999999999985,10.01,0.53000000000000003,7.1399999999999997
motiongen_0899,14.983000000000001,2.3333333333333317,10.01,0.65000000000000002,7.1399999999999997
motiongen_0900,15,2.3199999999999985,10.01,0.77000000000000002,7.1366666666666667
motiongen_0901,15.016999999999999,2.3066666666666658,10.01,0.88666666666666671,7.1333333333333337
motiongen_0902,15.032999999999999,2.2933333333333321,10.01,1.0066666666666666,7.1299999999999999
motiongen_0903,15.050000000000001,2.2766666666666655,10.01,1.1266666666666667,7.1266666666666669
motiongen_0904,15.067,2.2566666666666655,10.01,1.2433333333333334,7.120000000000001
motiongen_0905,15.083,2.2366666666666655,10.01,1.3633333333333333,7.1133333333333333
motiongen_0906,15.1,2.213333333333332,10.01,1.4833333333333334,7.1066666666666674
motiongen_0907,15.117000000000001,2.1899999999999986,10.01,1.6000000000000001,7.0999999999999996
motiongen_0908,15.132999999999999,2.1633333333333322,10.01,1.7200000000000002,7.0899999999999999
motiongen_0909,15.15,2.133333333333332,10.01,1.8366666666666669,7.080000000000001
motiongen_0910,15.167,2.1033333333333317,10.01,1.9533333333333334,7.0666666666666673
motiongen_0911,15.183,2.0699999999999985,10.01,2.0733333333333333,7.0533333333333337
motiongen_0912,15.199999999999999,2.0366666666666653,10.01,2.1900000000000004,7.036666666666668
motiongen_0913,15.217000000000001,1.9999999999999987,10.01,2.3066666666666666,7.0199999999999996
motiongen_0914,15.233000000000001,1.9599999999999986,10.01,2.4233333333333333,7.0000000000000009
motiongen_0915,15.25,1.9199999999999986,10.01,2.54,6.9766666666666666
motiongen_0916,15.266999999999999,1.8799999999999986,10.01,2.6566666666666667,6.9533333333333331
motiongen_0917,15.282999999999999,1.8333333333333319,10.01,2.7733333333333334,6.9233333333333338
motiongen_0918,15.300000000000001,1.7866666666666653,10.01,2.8900000000000001,6.8933333333333335
motiongen_0919,15.317,1.7399999999999987,10.01,3.0033333333333334,6.8599999999999994
motiongen_0920,15.333,1.6899999999999986,10.01,3.1166666666666671,6.8233333333333341
motiongen_0921,15.35,1.6366666666666652,10.01,3.23,6.7833333333333341
motiongen_0922,15.367000000000001,1.5833333333333319,10.01,3.3433333333333333,6.7366666666666664
motiongen_0923,15.382999999999999,1.5299999999999987,10.01,3.4566666666666666,6.6900000000000004
motiongen_0924,15.4,1.4699999999999986,10.01,3.5699999999999998,6.6366666666666676
motiongen_0925,15.417,1.4099999999999984,10.01,3.6800000000000006,6.5800000000000001
motiongen_0926,15.433,1.3499999999999988,10.01,3.79,6.5166666666666675
motiongen_0927,15.449999999999999,1.2866666666666653,10.01,3.8966666666666669,6.4500000000000002
motiongen_0928,15.467000000000001,1.2233333333333318,10.01,4.0033333333333339,6.3766666666666669
motiongen_0929,15.483000000000001,1.1566666666666652,10.01,4.1100000000000003,6.2999999999999998
motiongen_0930,15.5,1.0866666666666651,10.01,4.2166666666666668,6.2166666666666668
motiongen_0931,15.516999999999999,1.0166666666666653,10.01,4.3200000000000003,6.1266666666666669
motiongen_0932,15.532999999999999,0.9433333333333318,10.01,4.4233333333333338,6.0300000000000002
motiongen_0933,15.550000000000001,0.86999999999999855,10.01,4.5233333333333334,5.9299999999999997
motiongen_0934,15.567,0.79666666666666519,10.01,4.6200000000000001,5.8200000000000003
motiongen_0935,15.583,0.71999999999999864,10.01,4.7166666666666668,5.706666666666667
motiongen_0936,15.6,0.63999999999999857,10.01,4.8133333333333335,5.5833333333333339
motiongen_0937,15.617000000000001,0.5599999999999985,10.01,4.9066666666666672,5.456666666666667
motiongen_0938,15.632999999999999,0.47666666666666524,10.01,4.996666666666667,5.3200000000000003
motiongen_0939,15.65,0.39333333333333187,10.01,5.0866666666666669,5.1766666666666667
motiongen_0940,15.667,0.30999999999999855,10.01,5.1733333333333338,5.0266666666666673
motiongen_0941,15.683,0.22333333333333186,10.01,5.2566666666666668,4.8666666666666671
motiongen_0942,15.699999999999999,0.13666666666666522,10.01,5.3366666666666669,4.703333333333334
motiongen_0943,15.717000000000001,0.046666666666665191,10.01,5.416666666666667,4.5300000000000002
motiongen_0944,15.733000000000001,-0.043333333333334778,10.01,5.4900000000000002,4.3466666666666667
motiongen_0945,15.75,-0.13333333333333475,10.01,5.5633333333333335,4.1566666666666672
motiongen_0946,15.766999999999999,-0.22666666666666813,10.01,5.6333333333333337,3.96
motiongen_0947,15.782999999999999,-0.32000000000000151,10.01,5.7000000000000002,3.7566666666666668
motiongen_0948,15.800000000000001,-0.41666666666666818,10.01,5.7599999999999998,3.5433333333333334
motiongen_0949,15.817,-0.51333333333333475,10.01,5.8200000000000003,3.3233333333333333
motiongen_0950,15.833,-0.61000000000000143,10.01,5.8766666666666669,3.0966666666666671
motiongen_0951,15.85,-0.70666666666666811,10.01,5.9266666666666667,2.8599999999999999
motiongen_0952,15.867000000000001,-0.8066666666666682,10.01,5.9733333333333336,2.6200000000000001
motiongen_0953,15.882999999999999,-0.90666666666666806,10.01,6.0200000000000005,2.3700000000000001
motiongen_0954,15.9,-1.0066666666666682,10.01,6.0566666666666666,2.1100000000000003
motiongen_0955,15.917,-1.106666666666668,10.01,6.0933333333333337,1.8466666666666669
motiongen_0956,15.933,-1.2100000000000015,10.01,6.1233333333333331,1.5766666666666667
motiongen_0957,15.949999999999999,-1.3100000000000016,10.01,6.1500000000000004,1.3
motiongen_0958,15.967000000000001,-1.4133333333333351,10.01,6.1733333333333338,1.0166666666666666
motiongen_0959,15.983000000000001,-1.5166666666666682,10.01,6.1900000000000004,0.72666666666666668
motiongen_0960,16,-1.6200000000000014,10.01,6.2000000000000002,0.43333333333333335
motiongen_0961,16.016999999999999,-1.7233333333333349,10.01,6.206666666666667,0.13333333333333333
motiongen_0962,16.033000000000001,-1.8266666666666684,10.01,6.21,-0.17333333333333334
motiongen_0963,16.050000000000001,-1.9300000000000015,10.01,6.206666666666667,-0.48333333333333334
motiongen_0964,16.067,-2.033333333333335,10.01,6.2000000000000002,-0.79666666666666663
motiongen_0965,16.082999999999998,-2.1366666666666685,10.01,6.1866666666666674,-1.1133333333333335
motiongen_0966,16.100000000000001,-2.2400000000000015,10.01,6.166666666666667,-1.4366666666666668
motiongen_0967,16.117000000000001,-2.3433333333333346,10.01,6.1433333333333335,-1.7600000000000002
motiongen_0968,16.132999999999999,-2.4433333333333347,10.01,6.1133333333333342,-2.0833333333333335
motiongen_0969,16.149999999999999,-2.5466666666666682,10.01,6.0800000000000001,-2.4133333333333336
motiongen_0970,16.167000000000002,-2.6466666666666683,10.01,6.04,-2.7433333333333332
motiongen_0971,16.183,-2.7500000000000013,10.01,5.9933333333333341,-3.0733333333333337
motiongen_0972,16.199999999999999,-2.846666666666668,10.01,5.9433333333333334,-3.4033333333333333
motiongen_0973,16.216999999999999,-2.9466666666666681,10.01,5.8866666666666667,-3.7366666666666668
motiongen_0974,16.233000000000001,-3.0466666666666682,10.01,5.8233333333333341,-4.0666666666666664
motiongen_0975,16.25,-3.1433333333333353,10.01,5.7566666666666668,-4.3966666666666665
motiongen_0976,16.266999999999999,-3.2400000000000015,10.01,5.6833333333333336,-4.7266666666666666
motiongen_0977,16.283000000000001,-3.3333333333333348,10.01,5.6033333333333335,-5.0533333333333337
motiongen_0978,16.300000000000001,-3.4266666666666685,10.01,5.5199999999999996,-5.3766666666666669
motiongen_0979,16.317,-3.5200000000000018,10.01,5.4300000000000006,-5.6966666666666672
motiongen_0980,16.332999999999998,-3.6100000000000012,10.01,5.3333333333333339,-6.0166666666666666
motiongen_0981,16.350000000000001,-3.6966666666666681,10.01,5.2333333333333334,-6.3300000000000001
motiongen_0982,16.367000000000001,-3.786666666666668,10.01,5.1299999999999999,-6.6400000000000006
motiongen_0983,16.382999999999999,-3.8700000000000019,10.01,5.0200000000000005,-6.9433333333333342
motiongen_0984,16.399999999999999,-3.9533333333333349,10.01,4.9033333333333342,-7.2433333333333341
motiongen_0985,16.417000000000002,-4.0366666666666688,10.01,4.7833333333333341,-7.5366666666666671
motiongen_0986,16.433,-4.1166666666666689,10.01,4.6566666666666672,-7.8233333333333333
motiongen_0987,16.449999999999999,-4.1933333333333351,10.01,4.5266666666666673,-8.1033333333333335
motiongen_0988,16.466999999999999,-4.2700000000000014,10.01,4.3899999999999997,-8.3766666666666669
motiongen_0989,16.483000000000001,-4.3433333333333346,10.01,4.25,-8.6433333333333344
motiongen_0990,16.5,-4.4133333333333349,10.01,4.1066666666666665,-8.9000000000000004
motiongen_0991,16.516999999999999,-4.4800000000000022,10.01,3.96,-9.1500000000000004
motiongen_0992,16.533000000000001,-4.5466666666666677,10.01,3.8066666666666666,-9.3900000000000006
motiongen_0993,16.550000000000001,-4.6100000000000021,10.01,3.6499999999999999,-9.620000000000001
motiongen_0994,16.567,-4.6700000000000017,10.01,3.4899999999999998,-9.8433333333333337
motiongen_0995,16.582999999999998,-4.7300000000000022,10.01,3.3266666666666667,-10.053333333333335
motiongen_0996,16.600000000000001,-4.786666666666668,10.01,3.1566666666666667,-10.256666666666668
motiongen_0997,16.617000000000001,-4.8366666666666687,10.01,2.9866666666666668,-10.446666666666667
motiongen_0998,16.632999999999999,-4.8866666666666685,10.01,2.8133333333333335,-10.626666666666667
motiongen_0999,16.649999999999999,-4.9333333333333353,10.01,2.6366666666666667,-10.796666666666667
motiongen_1000,16.667000000000002,-4.9766666666666683,10.01,2.4566666666666666,-10.956666666666667
motiongen_1001,16.683,-5.0200000000000014,10.01,2.2733333333333334,-11.103333333333333
motiongen_1002,16.699999999999999,-5.0566666666666684,10.01,2.0866666666666669,-11.236666666666666
motiongen_1003,16.716999999999999,-5.0933333333333355,10.01,1.8999999999999999,-11.359999999999999
motiongen_1004,16.733000000000001,-5.1233333333333348,10.01,1.7100000000000002,-11.470000000000001
motiongen_1005,16.75,-5.1533333333333351,10.01,1.52,-11.57
motiongen_1006,16.766999999999999,-5.1766666666666685,10.01,1.3266666666666669,-11.656666666666666
motiongen_1007,16.783000000000001,-5.200000000000002,10.01,1.1333333333333335,-11.73
motiongen_1008,16.800000000000001,-5.2200000000000015,10.01,0.93666666666666676,-11.790000000000001
motiongen_1009,16.817,-5.2333333333333352,10.01,0.73999999999999999,-11.84
motiongen_1010,16.832999999999998,-5.2466666666666688,10.01,0.54333333333333333,-11.873333333333333
motiongen_1011,16.850000000000001,-5.2566666666666686,10.01,0.34666666666666668,-11.896666666666667
motiongen_1012,16.867000000000001,-5.2600000000000016,10.01,0.14666666666666667,-5.8200000000000003
motiongen_1013,16.882999999999999,-5.2633333333333345,10.01,0.050000000000000003,11.903333333333334
motiongen_1014,16.899999999999999,-5.2633333333333345,10.01,0.25,11.886666666666667
motiongen_1015,16.917000000000002,-5.2600000000000016,10.01,0.44666666666666671,11.856666666666667
motiongen_1016,16.933,-5.2500000000000018,10.01,0.64333333333333342,11.816666666666666
motiongen_1017,16.949999999999999,-5.240000000000002,10.01,0.84333333333333338,11.76
motiongen_1018,16.966999999999999,-5.2266666666666683,10.01,1.0366666666666666,11.693333333333333
motiongen_1019,16.983000000000001,-5.2100000000000017,10.01,1.2333333333333334,11.613333333333333
motiongen_1020,17,-5.1900000000000013,10.01,1.4266666666666667,11.52
motiongen_1021,17.016999999999999,-5.1633333333333349,10.01,1.6166666666666667,11.416666666666666
motiongen_1022,17.033000000000001,-5.1366666666666685,10.01,1.8100000000000003,11.300000000000001
motiongen_1023,17.050000000000001,-5.1066666666666682,10.01,1.9966666666666666,11.17
motiongen_1024,17.067,-5.073333333333335,10.01,2.1833333333333336,11.030000000000001
motiongen_1025,17.082999999999998,-5.036666666666668,10.01,2.3666666666666667,10.876666666666667
motiongen_1026,17.100000000000001,-5.0000000000000018,10.01,2.5466666666666669,10.713333333333333
motiongen_1027,17.117000000000001,-4.9566666666666688,10.01,2.7266666666666666,10.536666666666667
motiongen_1028,17.132999999999999,-4.9100000000000019,10.01,2.9033333333333333,10.35
motiongen_1029,17.149999999999999,-4.8633333333333351,10.01,3.0733333333333337,10.153333333333332
motiongen_1030,17.167000000000002,-4.8100000000000023,10.01,3.2433333333333332,9.9466666666666672
motiongen_1031,17.183,-4.7566666666666686,10.01,3.4099999999999997,9.7300000000000004
motiongen_1032,17.199999999999999,-4.7000000000000011,10.01,3.5733333333333337,9.5033333333333339
motiongen_1033,17.216999999999999,-4.6400000000000015,10.01,3.73,9.2666666666666657
motiongen_1034,17.233000000000001,-4.580000000000001,10.01,3.8833333333333337,9.0233333333333334
motiongen_1035,17.25,-4.5133333333333354,10.01,4.0366666666666671,8.7699999999999996
motiongen_1036,17.266999999999999,-4.446666666666669,10.01,4.1800000000000006,8.5066666666666677
motiongen_1037,17.283000000000001,-4.3766666666666678,10.01,4.3233333333333333,8.2366666666666681
motiongen_1038,17.300000000000001,-4.3033333333333346,10.01,4.4600000000000009,7.96
motiongen_1039,17.317,-4.2300000000000013,10.01,4.5933333333333328,7.6766666666666667
motiongen_1040,17.332999999999998,-4.1533333333333351,10.01,4.7199999999999998,7.3866666666666676
motiongen_1041,17.350000000000001,-4.0766666666666689,10.01,4.8433333333333337,7.0899999999999999
motiongen_1042,17.367000000000001,-3.993333333333335,10.01,4.9633333333333338,6.79
motiongen_1043,17.382999999999999,-3.9133333333333349,10.01,5.0766666666666662,6.4800000000000004
motiongen_1044,17.399999999999999,-3.826666666666668,10.01,5.1833333333333336,6.1699999999999999
motiongen_1045,17.417000000000002,-3.7400000000000011,10.01,5.2866666666666671,5.8533333333333335
motiongen_1046,17.433,-3.6533333333333351,10.01,5.3833333333333337,5.5333333333333332
motiongen_1047,17.449999999999999,-3.5633333333333352,10.01,5.4766666666666666,5.21
motiongen_1048,17.466999999999999,-3.4733333333333349,10.01,5.5633333333333335,4.8866666666666667
motiongen_1049,17.483000000000001,-3.3800000000000017,10.01,5.6433333333333335,4.5566666666666666
motiongen_1050,17.5,-3.2833333333333354,10.01,5.7199999999999998,4.2299999999999995
motiongen_1051,17.516999999999999,-3.1900000000000017,10.01,5.7900000000000009,3.8966666666666669
motiongen_1052,17.533000000000001,-3.0933333333333346,10.01,5.8566666666666665,3.5666666666666669
motiongen_1053,17.550000000000001,-2.9966666666666684,10.01,5.916666666666667,3.2366666666666668
motiongen_1054,17.567,-2.8966666666666683,10.01,5.9699999999999998,2.9033333333333333
motiongen_1055,17.582999999999998,-2.7966666666666682,10.01,6.0166666666666666,2.5733333333333337
motiongen_1056,17.600000000000001,-2.6966666666666681,10.01,6.0600000000000005,2.246666666666667
motiongen_1057,17.617000000000001,-2.5966666666666685,10.01,6.0966666666666667,1.9166666666666665
motiongen_1058,17.632999999999999,-2.493333333333335,10.01,6.1299999999999999,1.5933333333333333
motiongen_1059,17.649999999999999,-2.3933333333333349,10.01,6.1566666666666672,1.27
motiongen_1060,17.667000000000002,-2.2900000000000014,10.01,6.1766666666666667,0.95333333333333325
motiongen_1061,17.683,-2.1866666666666683,10.01,6.1933333333333342,0.63666666666666671
motiongen_1062,17.699999999999999,-2.0833333333333348,10.01,6.2033333333333331,0.32333333333333336
motiongen_1063,17.716999999999999,-1.9800000000000013,10.01,6.21,0.016666666666666666
motiongen_1064,17.733000000000001,-1.8766666666666683,10.01,6.21,-0.28666666666666668
motiongen_1065,17.75,-1.7733333333333352,10.01,6.206666666666667,-0.58333333333333337
motiongen_1066,17.766999999999999,-1.6700000000000017,10.01,6.1966666666666672,-0.87333333333333341
motiongen_1067,17.783000000000001,-1.5666666666666682,10.01,6.1800000000000006,-1.1599999999999999
motiongen_1068,17.800000000000001,-1.4633333333333347,10.01,6.1600000000000001,-1.4399999999999999
motiongen_1069,17.817,-1.3600000000000017,10.01,6.1366666666666667,-1.7166666666666668
motiongen_1070,17.832999999999998,-1.2600000000000016,10.01,6.1100000000000003,-1.9833333333333334
motiongen_1071,17.850000000000001,-1.1566666666666681,10.01,6.0766666666666671,-2.2433333333333336
motiongen_1072,17.867000000000001,-1.0566666666666682,10.01,6.04,-2.4966666666666666
motiongen_1073,17.882999999999999,-0.9533333333333347,10.01,5.996666666666667,-2.7433333333333332
motiongen_1074,17.899999999999999,-0.85333333333333483,10.01,5.9500000000000002,-2.9833333333333334
motiongen_1075,17.917000000000002,-0.75666666666666815,10.01,5.9000000000000004,-3.2133333333333334
motiongen_1076,17.933,-0.65666666666666829,10.01,5.8466666666666667,-3.4366666666666665
motiongen_1077,17.949999999999999,-0.56000000000000139,10.01,5.7900000000000009,-3.6533333333333338
motiongen_1078,17.966999999999999,-0.46333333333333493,10.01,5.7300000000000004,-3.8633333333333337
motiongen_1079,17.983000000000001,-0.36666666666666814,10.01,5.666666666666667,-4.0633333333333335
motiongen_1080,18,-0.27333333333333476,10.01,5.5966666666666667,-4.2566666666666668
motiongen_1081,18.016999999999999,-0.18000000000000149,10.01,5.5266666666666664,-4.4400000000000004
motiongen_1082,18.033000000000001,-0.086666666666668113,10.01,5.4533333333333331,-4.6166666666666671
motiongen_1083,18.050000000000001,0.003333333333331856,10.01,5.3766666666666669,-4.7866666666666671
motiongen_1084,18.067,0.09333333333333188,10.01,5.2966666666666669,-4.9500000000000002
motiongen_1085,18.082999999999998,0.17999999999999855,10.01,5.2133333333333338,-5.1033333333333335
motiongen_1086,18.100000000000001,0.26666666666666522,10.01,5.1299999999999999,-5.25
motiongen_1087,18.117000000000001,0.35333333333333189,10.01,5.04,-5.3900000000000006
motiongen_1088,18.132999999999999,0.4366666666666652,10.01,4.9500000000000002,-5.5233333333333334
motiongen_1089,18.149999999999999,0.51999999999999857,10.01,4.8600000000000003,-5.6466666666666665
motiongen_1090,18.167000000000002,0.59999999999999853,10.01,4.7633333333333336,-5.7666666666666666
motiongen_1091,18.183,0.67999999999999861,10.01,4.6699999999999999,-5.8766666666666669
motiongen_1092,18.199999999999999,0.75666666666666527,10.01,4.5700000000000003,-5.9800000000000004
motiongen_1093,18.216999999999999,0.83333333333333193,10.01,4.4699999999999998,-6.0800000000000001
motiongen_1094,18.233000000000001,0.90999999999999859,10.01,4.3700000000000001,-6.1733333333333338
motiongen_1095,18.25,0.97999999999999854,10.01,4.2666666666666666,-6.2599999999999998
motiongen_1096,18.266999999999999,1.0533333333333319,10.01,4.163333333333334,-6.3399999999999999
motiongen_1097,18.283000000000001,1.123333333333332,10.01,4.0566666666666675,-6.4133333333333331
motiongen_1098,18.300000000000001,1.1899999999999986,10.01,3.9500000000000002,-6.4833333333333334
motiongen_1099,18.317,1.2566666666666653,10.01,3.8433333333333337,-6.5500000000000007
motiongen_1100,18.332999999999998,1.3199999999999985,10.01,3.7333333333333338,-6.6066666666666665
motiongen_1101,18.350000000000001,1.3799999999999986,10.01,3.6233333333333335,-6.663333333333334
motiongen_1102,18.367000000000001,1.443333333333332,10.01,3.5133333333333336,-6.7133333333333329
motiongen_1103,18.382999999999999,1.4999999999999987,10.01,3.4000000000000004,-6.7600000000000007
motiongen_1104,18.399999999999999,1.5566666666666653,10.01,3.2866666666666666,-6.8033333333333337
motiongen_1105,18.417000000000002,1.613333333333332,10.01,3.1733333333333333,-6.8433333333333337
motiongen_1106,18.433,1.663333333333332,10.01,3.0600000000000001,-6.8766666666666678
motiongen_1107,18.449999999999999,1.7166666666666652,10.01,2.9466666666666668,-6.9100000000000001
motiongen_1108,18.466999999999999,1.7633333333333321,10.01,2.8300000000000001,-6.9399999999999995
motiongen_1109,18.483000000000001,1.8133333333333319,10.01,2.7133333333333334,-6.9666666666666668
motiongen_1110,18.5,1.8566666666666651,10.01,2.5966666666666667,-6.9900000000000002
motiongen_1111,18.516999999999999,1.8999999999999986,10.01,2.48,-7.0100000000000007
motiongen_1112,18.533000000000001,1.943333333333332,10.01,2.3633333333333333,-7.0300000000000002
motiongen_1113,18.550000000000001,1.9799999999999986,10.01,2.246666666666667,-7.0466666666666669
motiongen_1114,18.567,2.0199999999999987,10.01,2.1300000000000003,-7.0599999999999996
motiongen_1115,18.582999999999998,2.0533333333333319,10.01,2.0133333333333332,-7.0733333333333333
motiongen_1116,18.600000000000001,2.0866666666666651,10.01,1.8933333333333333,-7.0866666666666669
motiongen_1117,18.617000000000001,2.1199999999999983,10.01,1.7766666666666668,-7.0966666666666667
motiongen_1118,18.632999999999999,2.1499999999999986,10.01,1.6566666666666667,-7.1033333333333326
motiongen_1119,18.649999999999999,2.1766666666666654,10.01,1.54,-7.1133333333333333
motiongen_1120,18.667000000000002,2.2033333333333323,10.01,1.4199999999999999,-7.1166666666666663
motiongen_1121,18.683,2.2266666666666657,10.01,1.3033333333333335,-7.123333333333334
motiongen_1122,18.699999999999999,2.2466666666666653,10.01,1.1833333333333333,-7.1299999999999999
motiongen_1123,18.716999999999999,2.2666666666666657,10.01,1.0666666666666667,-7.1333333333333337
motiongen_1124,18.733000000000001,2.2866666666666653,10.01,0.94666666666666666,-7.1366666666666667
motiongen_1125,18.75,2.2999999999999989,10.01,0.82666666666666666,-7.1366666666666667
motiongen_1126,18.766999999999999,2.3133333333333321,10.01,0.70999999999999996,-7.1399999999999997
motiongen_1127,18.783000000000001,2.3266666666666653,10.01,0.58999999999999997,-7.1433333333333326
motiongen_1128,18.800000000000001,2.3366666666666651,10.01,0.46999999999999997,-7.1433333333333326
motiongen_1129,18.817,2.3433333333333319,10.01,0.34999999999999998,-7.1433333333333326
motiongen_1130,18.832999999999998,2.3499999999999988,10.01,0.23333333333333336,-7.1466666666666674
motiongen_1131,18.850000000000001,2.3533333333333317,10.01,0.11333333333333334,-6.4333333333333336
motiongen_1132,18.867000000000001,2.3566666666666651,10.01,0.0066666666666666671,7.1466666666666674
motiongen_1133,18.882999999999999,2.3566666666666651,10.01,0.12666666666666668,7.1466666666666674
motiongen_1134,18.899999999999999,2.3533333333333317,10.01,0.24333333333333332,7.1433333333333326
motiongen_1135,18.917000000000002,2.3499999999999988,10.01,0.36333333333333334,7.1433333333333326
motiongen_1136,18.933,2.3433333333333319,10.01,0.48333333333333334,7.1433333333333326
motiongen_1137,18.949999999999999,2.3366666666666651,10.01,0.59999999999999998,7.1399999999999997
motiongen_1138,18.966999999999999,2.3266666666666653,10.01,0.71999999999999997,7.1366666666666667
motiongen_1139,18.983000000000001,2.3133333333333321,10.01,0.84000000000000008,7.1366666666666667
motiongen_1140,19,2.2999999999999989,10.01,0.95666666666666667,7.1333333333333337
motiongen_1141,19.016999999999999,2.2833333333333323,10.01,1.0766666666666667,7.1266666666666669
motiongen_1142,19.033000000000001,2.2666666666666657,10.01,1.1966666666666668,7.123333333333334
motiongen_1143,19.050000000000001,2.2466666666666653,10.01,1.3133333333333335,7.1166666666666663
motiongen_1144,19.067,2.2233333333333318,10.01,1.4333333333333333,7.1100000000000003
motiongen_1145,19.082999999999998,2.1999999999999984,10.01,1.5533333333333335,7.1033333333333326
motiongen_1146,19.100000000000001,2.173333333333332,10.01,1.6700000000000002,7.0933333333333337
motiongen_1147,19.117000000000001,2.1466666666666656,10.01,1.7866666666666668,7.0833333333333339
motiongen_1148,19.132999999999999,2.1166666666666654,10.01,1.9066666666666665,7.0733333333333333
motiongen_1149,19.149999999999999,2.0833333333333321,10.01,2.0233333333333334,7.0599999999999996
motiongen_1150,19.167000000000002,2.0499999999999985,10.01,2.1433333333333335,7.0433333333333339
motiongen_1151,19.183,2.0166666666666653,10.01,2.2600000000000002,7.0266666666666673
motiongen_1152,19.199999999999999,1.9766666666666652,10.01,2.3766666666666665,7.0066666666666668
motiongen_1153,19.216999999999999,1.9366666666666652,10.01,2.4933333333333336,6.9866666666666672
motiongen_1154,19.233000000000001,1.8966666666666652,10.01,2.6100000000000003,6.9633333333333338
motiongen_1155,19.25,1.8533333333333319,10.01,2.7266666666666666,6.9366666666666665
motiongen_1156,19.266999999999999,1.8066666666666653,10.01,2.8399999999999999,6.9066666666666672
motiongen_1157,19.283000000000001,1.7599999999999987,10.01,2.956666666666667,6.8733333333333331
motiongen_1158,19.300000000000001,1.7099999999999986,10.01,3.0700000000000003,6.8400000000000007
motiongen_1159,19.317,1.6599999999999986,10.01,3.1866666666666665,6.8000000000000007
motiongen_1160,19.332999999999998,1.6066666666666651,10.01,3.3000000000000003,6.7566666666666677
motiongen_1161,19.350000000000001,1.5533333333333319,10.01,3.4099999999999997,6.71
motiongen_1162,19.367000000000001,1.4933333333333318,10.01,3.5233333333333334,6.6566666666666672
motiongen_1163,19.382999999999999,1.4366666666666652,10.01,3.6333333333333337,6.6033333333333335
motiongen_1164,19.399999999999999,1.3766666666666654,10.01,3.7433333333333336,6.5433333333333339
motiongen_1165,19.417000000000002,1.3133333333333319,10.01,3.8533333333333331,6.4766666666666675
motiongen_1166,19.433,1.2499999999999987,10.01,3.96,6.4066666666666663
motiongen_1167,19.449999999999999,1.1833333333333318,10.01,4.0666666666666664,6.3300000000000001
motiongen_1168,19.466999999999999,1.1166666666666654,10.01,4.1733333333333338,6.25
motiongen_1169,19.483000000000001,1.0466666666666651,10.01,4.2766666666666664,6.1633333333333331
motiongen_1170,19.5,0.97333333333333194,10.01,4.3800000000000008,6.0700000000000003
motiongen_1171,19.516999999999999,0.89999999999999858,10.01,4.4800000000000004,5.9699999999999998
motiongen_1172,19.533000000000001,0.82666666666666522,10.01,4.580000000000001,5.8666666666666671
motiongen_1173,19.550000000000001,0.74999999999999856,10.01,4.6799999999999997,5.7533333333333339
motiongen_1174,19.567,0.6733333333333319,10.01,4.7733333333333334,5.6333333333333337
motiongen_1175,19.582999999999998,0.59333333333333194,10.01,4.8666666666666671,5.5100000000000007
motiongen_1176,19.600000000000001,0.50999999999999857,10.01,4.96,5.3766666666666669
motiongen_1177,19.617000000000001,0.42999999999999855,10.01,5.0499999999999998,5.2366666666666664
motiongen_1178,19.632999999999999,0.34333333333333188,10.01,5.1366666666666667,5.0899999999999999
motiongen_1179,19.649999999999999,0.25999999999999857,10.01,5.2233333333333336,4.9333333333333336
motiongen_1180,19.667000000000002,0.17333333333333184,10.01,5.3033333333333337,4.7700000000000005
motiongen_1181,19.683,0.083333333333331872,10.01,5.3833333333333337,4.5999999999999996
motiongen_1182,19.699999999999999,-0.0066666666666681529,10.01,5.46,4.4233333333333338
motiongen_1183,19.716999999999999,-0.096666666666668122,10.01,5.5333333333333332,4.2366666666666664
motiongen_1184,19.733000000000001,-0.1900000000000015,10.01,5.6033333333333335,4.0433333333333339
motiongen_1185,19.75,-0.28333333333333477,10.01,5.6733333333333338,3.8433333333333337
motiongen_1186,19.766999999999999,-0.37666666666666815,10.01,5.7366666666666672,3.6333333333333337
motiongen_1187,19.783000000000001,-0.47333333333333494,10.01,5.7966666666666669,3.4166666666666665
motiongen_1188,19.800000000000001,-0.57000000000000139,10.01,5.8533333333333335,3.1899999999999999
motiongen_1189,19.817,-0.66666666666666829,10.01,5.9066666666666672,2.96
motiongen_1190,19.832999999999998,-0.76666666666666816,10.01,5.956666666666667,2.7199999999999998
motiongen_1191,19.850000000000001,-0.86333333333333484,10.01,6,2.4733333333333336
motiongen_1192,19.867000000000001,-0.96333333333333471,10.01,6.043333333333333,2.2166666666666668
motiongen_1193,19.882999999999999,-1.0666666666666682,10.01,6.0800000000000001,1.9566666666666666
motiongen_1194,19.899999999999999,-1.1666666666666681,10.01,6.1133333333333342,1.6900000000000002
motiongen_1195,19.917000000000002,-1.2700000000000016,10.01,6.1400000000000006,1.4133333333333333
motiongen_1196,19.933,-1.3700000000000017,10.01,6.1633333333333331,1.1333333333333335
motiongen_1197,19.949999999999999,-1.4733333333333347,10.01,6.1833333333333336,0.84666666666666668
motiongen_1198,19.966999999999999,-1.576666666666668,10.01,6.1966666666666672,0.55333333333333334
motiongen_1199,19.983000000000001,-1.6800000000000015,10.01,6.206666666666667,0.25666666666666665
motiongen_1200,20,-1.783333333333335,10.01,6.21,-0.046666666666666669
motiongen_1201,20.016999999999999,-1.886666666666668,10.01,6.21,-0.35666666666666669
motiongen_1202,20.033000000000001,-1.9900000000000015,10.01,6.2033333333333331,-0.66666666666666674
motiongen_1203,20.050000000000001,-2.093333333333335,10.01,6.1933333333333342,-0.98333333333333328
motiongen_1204,20.067,-2.1966666666666685,10.01,6.1766666666666667,-1.3033333333333335
motiongen_1205,20.082999999999998,-2.3000000000000016,10.01,6.1533333333333342,-1.6266666666666667
motiongen_1206,20.100000000000001,-2.4033333333333347,10.01,6.1266666666666669,-1.95
motiongen_1207,20.117000000000001,-2.5033333333333347,10.01,6.0933333333333337,-2.2766666666666668
motiongen_1208,20.132999999999999,-2.6066666666666682,10.01,6.0566666666666666,-2.6066666666666669
motiongen_1209,20.149999999999999,-2.7066666666666679,10.01,6.0133333333333336,-2.936666666666667
motiongen_1210,20.167000000000002,-2.806666666666668,10.01,5.9633333333333329,-3.27
motiongen_1211,20.183,-2.9066666666666681,10.01,5.9100000000000001,-3.6000000000000005
motiongen_1212,20.199999999999999,-3.0066666666666682,10.01,5.8499999999999996,-3.9300000000000002
motiongen_1213,20.216999999999999,-3.1033333333333353,10.01,5.7833333333333341,-4.2633333333333336
motiongen_1214,20.233000000000001,-3.2000000000000015,10.01,5.7133333333333338,-4.5899999999999999
motiongen_1215,20.25,-3.2933333333333348,10.01,5.6366666666666667,-4.9199999999999999
motiongen_1216,20.266999999999999,-3.3866666666666685,10.01,5.5533333333333337,-5.2433333333333332
motiongen_1217,20.283000000000001,-3.4800000000000018,10.01,5.4666666666666668,-5.5666666666666664
motiongen_1218,20.300000000000001,-3.573333333333335,10.01,5.373333333333334,-5.8866666666666667
motiongen_1219,20.317,-3.6600000000000019,10.01,5.2766666666666664,-6.2000000000000002
motiongen_1220,20.332999999999998,-3.7500000000000018,10.01,5.1733333333333338,-6.5133333333333336
motiongen_1221,20.350000000000001,-3.8366666666666687,10.01,5.0633333333333335,-6.8199999999999994
motiongen_1222,20.367000000000001,-3.9200000000000017,10.01,4.9500000000000002,-7.120000000000001
motiongen_1223,20.382999999999999,-4.0033333333333356,10.01,4.833333333333333,-7.416666666666667
motiongen_1224,20.399999999999999,-4.0833333333333357,10.01,4.71,-7.7066666666666661
motiongen_1225,20.417000000000002,-4.1633333333333349,10.01,4.580000000000001,-7.9899999999999993
motiongen_1226,20.433,-4.2366666666666681,10.01,4.4466666666666672,-8.2666666666666675
motiongen_1227,20.449999999999999,-4.3133333333333352,10.01,4.3099999999999996,-8.5333333333333332
motiongen_1228,20.466999999999999,-4.3833333333333346,10.01,4.166666666666667,-8.7966666666666669
motiongen_1229,20.483000000000001,-4.4533333333333349,10.01,4.0200000000000005,-9.0466666666666669
motiongen_1230,20.5,-4.5200000000000022,10.01,3.8700000000000001,-9.293333333333333
motiongen_1231,20.516999999999999,-4.5833333333333348,10.01,3.7133333333333338,-9.5266666666666673
motiongen_1232,20.533000000000001,-4.6466666666666683,10.01,3.5566666666666666,-9.7533333333333339
motiongen_1233,20.550000000000001,-4.7066666666666679,10.01,3.3933333333333335,-9.9700000000000006
motiongen_1234,20.567,-4.7633333333333354,10.01,3.2266666666666666,-10.173333333333334
motiongen_1235,20.582999999999998,-4.8166666666666682,10.01,3.0566666666666671,-10.370000000000001
motiongen_1236,20.600000000000001,-4.866666666666668,10.01,2.8833333333333333,-10.556666666666667
motiongen_1237,20.617000000000001,-4.9166666666666687,10.01,2.71,-10.73
motiongen_1238,20.632999999999999,-4.9600000000000017,10.01,2.5300000000000002,-10.893333333333333
motiongen_1239,20.649999999999999,-5.0033333333333347,10.01,2.3500000000000001,-11.043333333333335
motiongen_1240,20.667000000000002,-5.0433333333333348,10.01,2.1633333333333336,-11.183333333333334
motiongen_1241,20.683,-5.076666666666668,10.01,1.9766666666666666,-11.31
motiongen_1242,20.699999999999999,-5.1100000000000012,10.01,1.7900000000000003,-11.426666666666668
motiongen_1243,20.716999999999999,-5.1400000000000015,10.01,1.6000000000000001,-11.530000000000001
motiongen_1244,20.733000000000001,-5.1666666666666687,10.01,1.4066666666666667,-11.623333333333335
motiongen_1245,20.75,-5.1900000000000013,10.01,1.2133333333333334,-11.699999999999999
motiongen_1246,20.766999999999999,-5.2100000000000017,10.01,1.0166666666666666,-11.766666666666666
motiongen_1247,20.783000000000001,-5.2266666666666683,10.01,0.82333333333333336,-11.82
motiongen_1248,20.800000000000001,-5.243333333333335,10.01,0.62333333333333341,-11.859999999999999
motiongen_1249,20.817,-5.2533333333333356,10.01,0.42666666666666669,-11.890000000000001
motiongen_1250,20.832999999999998,-5.2600000000000016,10.01,0.23000000000000004,-11.903333333333334
motiongen_1251,20.850000000000001,-5.2633333333333345,10.01,0.029999999999999999,8.2133333333333329
motiongen_1252,20.867000000000001,-5.2633333333333345,10.01,0.16666666666666669,11.893333333333334
motiongen_1253,20.882999999999999,-5.2600000000000016,10.01,0.3666666666666667,11.870000000000001
motiongen_1254,20.899999999999999,-5.2533333333333356,10.01,0.56333333333333335,11.833333333333334
motiongen_1255,20.917000000000002,-5.2466666666666688,10.01,0.76000000000000001,11.783333333333335
motiongen_1256,20.933,-5.2333333333333352,10.01,0.95666666666666667,11.723333333333333
motiongen_1257,20.949999999999999,-5.2166666666666686,10.01,1.1533333333333333,11.646666666666668
motiongen_1258,20.966999999999999,-5.1966666666666681,10.01,1.3466666666666669,11.56
motiongen_1259,20.983000000000001,-5.1766666666666685,10.01,1.54,11.460000000000001
motiongen_1260,21,-5.1500000000000012,10.01,1.7300000000000002,11.346666666666668
motiongen_1261,21.016999999999999,-5.1200000000000019,10.01,1.9199999999999999,11.223333333333334
motiongen_1262,21.033000000000001,-5.0900000000000016,10.01,2.1066666666666669,11.086666666666668
motiongen_1263,21.050000000000001,-5.0533333333333355,10.01,2.2900000000000005,10.940000000000001
motiongen_1264,21.067,-5.0166666666666684,10.01,2.4733333333333336,10.780000000000001
motiongen_1265,21.082999999999998,-4.9733333333333354,10.01,2.6533333333333338,10.609999999999999
motiongen_1266,21.100000000000001,-4.9300000000000024,10.01,2.8300000000000001,10.43
motiongen_1267,21.117000000000001,-4.8833333333333355,10.01,3.0033333333333334,10.236666666666668
motiongen_1268,21.132999999999999,-4.8333333333333348,10.01,3.1733333333333333,10.033333333333333
motiongen_1269,21.149999999999999,-4.7800000000000011,10.01,3.3433333333333333,9.8200000000000003
motiongen_1270,21.167000000000002,-4.7233333333333354,10.01,3.5066666666666668,9.5966666666666676
motiongen_1271,21.183,-4.6666666666666679,10.01,3.666666666666667,9.3666666666666671
motiongen_1272,21.199999999999999,-4.6033333333333353,10.01,3.8233333333333337,9.1233333333333348
motiongen_1273,21.216999999999999,-4.5400000000000018,10.01,3.9733333333333332,8.8733333333333331
motiongen_1274,21.233000000000001,-4.4733333333333354,10.01,4.123333333333334,8.6166666666666671
motiongen_1275,21.25,-4.406666666666669,10.01,4.2666666666666666,8.3499999999999996
motiongen_1276,21.266999999999999,-4.3333333333333348,10.01,4.4033333333333333,8.076666666666668
motiongen_1277,21.283000000000001,-4.2600000000000016,10.01,4.5400000000000009,7.7933333333333339
motiongen_1278,21.300000000000001,-4.1866666666666683,10.01,4.6699999999999999,7.5066666666666659
motiongen_1279,21.317,-4.1066666666666682,10.01,4.793333333333333,7.2133333333333338
motiongen_1280,21.332999999999998,-4.0266666666666682,10.01,4.9133333333333331,6.9133333333333331
motiongen_1281,21.350000000000001,-3.9466666666666681,10.01,5.0300000000000002,6.6066666666666665
motiongen_1282,21.367000000000001,-3.8633333333333351,10.01,5.1400000000000006,6.2966666666666669
motiongen_1283,21.382999999999999,-3.7766666666666682,10.01,5.2433333333333332,5.9833333333333334
motiongen_1284,21.399999999999999,-3.6900000000000013,10.01,5.3433333333333337,5.666666666666667
motiongen_1285,21.417000000000002,-3.6000000000000023,10.01,5.4399999999999995,5.3433333333333337
motiongen_1286,21.433,-3.5100000000000016,10.01,5.5266666666666664,5.0200000000000005
motiongen_1287,21.449999999999999,-3.4166666666666679,10.01,5.6100000000000003,4.6933333333333334
motiongen_1288,21.466999999999999,-3.3233333333333346,10.01,5.6900000000000004,4.3633333333333333
motiongen_1289,21.483000000000001,-3.2300000000000018,10.01,5.7633333333333336,4.0333333333333332
motiongen_1290,21.5,-3.1333333333333346,10.01,5.830000000000001,3.7033333333333336
motiongen_1291,21.516999999999999,-3.0366666666666684,10.01,5.8899999999999997,3.3733333333333335
motiongen_1292,21.533000000000001,-2.9366666666666683,10.01,5.9466666666666672,3.04
motiongen_1293,21.550000000000001,-2.8400000000000016,10.01,6,2.71
motiongen_1294,21.567,-2.7400000000000015,10.01,6.043333333333333,2.3799999999999999
motiongen_1295,21.582999999999998,-2.6366666666666685,10.01,6.083333333333333,2.0533333333333332
motiongen_1296,21.600000000000001,-2.5366666666666684,10.01,6.1166666666666671,1.7266666666666668
motiongen_1297,21.617000000000001,-2.4333333333333349,10.01,6.1466666666666674,1.4033333333333333
motiongen_1298,21.632999999999999,-2.3333333333333348,10.01,6.1699999999999999,1.0833333333333335
motiongen_1299,21.649999999999999,-2.2300000000000018,10.01,6.1866666666666674,0.76666666666666672
motiongen_1300,21.667000000000002,-2.1266666666666683,10.01,6.2000000000000002,0.45333333333333337
motiongen_1301,21.683,-2.0233333333333348,10.01,6.206666666666667,0.14333333333333334
motiongen_1302,21.699999999999999,-1.9200000000000013,10.01,6.21,-0.16
motiongen_1303,21.716999999999999,-1.8166666666666682,10.01,6.206666666666667,-0.46000000000000008
motiongen_1304,21.733000000000001,-1.7133333333333352,10.01,6.2000000000000002,-0.75666666666666671
motiongen_1305,21.75,-1.6100000000000017,10.01,6.1866666666666674,-1.0433333333333334
motiongen_1306,21.766999999999999,-1.5066666666666682,10.01,6.1699999999999999,-1.3266666666666669
motiongen_1307,21.783000000000001,-1.4033333333333351,10.01,6.1466666666666674,-1.6033333333333333
motiongen_1308,21.800000000000001,-1.3000000000000016,10.01,6.1200000000000001,-1.8733333333333335
motiongen_1309,21.817,-1.2000000000000015,10.01,6.0899999999999999,-2.1366666666666667
motiongen_1310,21.832999999999998,-1.0966666666666682,10.01,6.0533333333333337,-2.3933333333333335
motiongen_1311,21.850000000000001,-0.99666666666666814,10.01,6.0133333333333336,-2.6433333333333335
motiongen_1312,21.867000000000001,-0.89666666666666828,10.01,5.9699999999999998,-2.8833333333333333
motiongen_1313,21.882999999999999,-0.79666666666666819,10.01,5.9233333333333329,-3.1200000000000001
motiongen_1314,21.899999999999999,-0.6966666666666681,10.01,5.8700000000000001,-3.3466666666666667
motiongen_1315,21.917000000000002,-0.60000000000000142,10.01,5.8133333333333335,-3.5666666666666669
motiongen_1316,21.933,-0.50333333333333474,10.01,5.7566666666666668,-3.7766666666666668
motiongen_1317,21.949999999999999,-0.40666666666666818,10.01,5.6933333333333334,-3.98
motiongen_1318,21.966999999999999,-0.3133333333333348,10.01,5.6266666666666669,-4.1766666666666667
motiongen_1319,21.983000000000001,-0.21666666666666823,10.01,5.5566666666666666,-4.3666666666666671
motiongen_1320,22,-0.12666666666666815,10.01,5.4833333333333334,-4.5466666666666669
motiongen_1321,22.016999999999999,-0.033333333333334769,10.01,5.4066666666666672,-4.7199999999999998
motiongen_1322,22.033000000000001,0.0566666666666652,10.01,5.3300000000000001,-4.8833333333333337
motiongen_1323,22.050000000000001,0.14333333333333187,10.01,5.246666666666667,-5.04
motiongen_1324,22.067,0.23333333333333187,10.01,5.1633333333333331,-5.1900000000000004
motiongen_1325,22.082999999999998,0.31666666666666521,10.01,5.0766666666666662,-5.3333333333333339
motiongen_1326,22.100000000000001,0.40333333333333188,10.01,4.9866666666666672,-5.4700000000000006
motiongen_1327,22.117000000000001,0.48666666666666525,10.01,4.8966666666666674,-5.5966666666666667
motiongen_1328,22.132999999999999,0.56666666666666521,10.01,4.8033333333333337,-5.7166666666666668
motiongen_1329,22.149999999999999,0.64666666666666517,10.01,4.71,-5.830000000000001
motiongen_1330,22.167000000000002,0.72666666666666524,10.01,4.6100000000000003,-5.9400000000000004
motiongen_1331,22.183,0.8033333333333319,10.01,4.5133333333333336,-6.04
motiongen_1332,22.199999999999999,0.87666666666666526,10.01,4.4100000000000001,-6.1333333333333337
motiongen_1333,22.216999999999999,0.95333333333333181,10.01,4.3099999999999996,-6.2233333333333336
motiongen_1334,22.233000000000001,1.0233333333333321,10.01,4.206666666666667,-6.3066666666666666
motiongen_1335,22.25,1.0933333333333319,10.01,4.1000000000000005,-6.3833333333333337
motiongen_1336,22.266999999999999,1.1633333333333318,10.01,3.9933333333333332,-6.456666666666667
motiongen_1337,22.283000000000001,1.2299999999999986,10.01,3.8866666666666667,-6.5233333333333334
motiongen_1338,22.300000000000001,1.2933333333333319,10.01,3.7766666666666668,-6.5833333333333339
motiongen_1339,22.317,1.3566666666666654,10.01,3.666666666666667,-6.6400000000000006
motiongen_1340,22.332999999999998,1.4166666666666652,10.01,3.5566666666666666,-6.6933333333333334
motiongen_1341,22.350000000000001,1.4766666666666652,10.01,3.4466666666666668,-6.7433333333333341
motiongen_1342,22.367000000000001,1.5333333333333319,10.01,3.3333333333333335,-6.7866666666666671
motiongen_1343,22.382999999999999,1.5899999999999987,10.01,3.2200000000000002,-6.8266666666666671
motiongen_1344,22.399999999999999,1.643333333333332,10.01,3.1066666666666669,-6.8633333333333342
motiongen_1345,22.417000000000002,1.6966666666666652,10.01,2.9933333333333336,-6.8966666666666665
motiongen_1346,22.433,1.7466666666666653,10.01,2.8766666666666669,-6.9266666666666667
motiongen_1347,22.449999999999999,1.7933333333333321,10.01,2.7633333333333332,-6.9566666666666679
motiongen_1348,22.466999999999999,1.8399999999999985,10.01,2.6466666666666669,-6.9799999999999995
motiongen_1349,22.483000000000001,1.883333333333332,10.01,2.5300000000000002,-7.0033333333333339
motiongen_1350,22.5,1.9266666666666652,10.01,2.4133333333333336,-7.0233333333333343
motiongen_1351,22.516999999999999,1.9666666666666652,10.01,2.2966666666666664,-7.0400000000000009
motiongen_1352,22.533000000000001,2.0033333333333321,10.01,2.1800000000000002,-7.0533333333333337
motiongen_1353,22.550000000000001,2.0399999999999983,10.01,2.0600000000000001,-7.0700000000000003
motiongen_1354,22.567,2.0733333333333319,10.01,1.9433333333333334,-7.080000000000001
motiongen_1355,22.582999999999998,2.1066666666666656,10.01,1.8266666666666669,-7.0899999999999999
motiongen_1356,22.600000000000001,2.1366666666666654,10.01,1.7066666666666668,-7.0999999999999996
motiongen_1357,22.617000000000001,2.1666666666666652,10.01,1.5900000000000001,-7.1100000000000003
motiongen_1358,22.632999999999999,2.193333333333332,10.01,1.47,-7.1166666666666663
motiongen_1359,22.649999999999999,2.2166666666666655,10.01,1.3500000000000001,-7.120000000000001
motiongen_1360,22.667000000000002,2.2399999999999984,10.01,1.2333333333333334,-7.1266666666666669
motiongen_1361,22.683,2.2599999999999989,10.01,1.1133333333333335,-7.1299999999999999
motiongen_1362,22.699999999999999,2.2766666666666655,10.01,0.9966666666666667,-7.1333333333333337
motiongen_1363,22.716999999999999,2.2933333333333321,10.01,0.87666666666666671,-7.1366666666666667
motiongen_1364,22.733000000000001,2.3099999999999987,10.01,0.75666666666666671,-7.1399999999999997
motiongen_1365,22.75,2.3233333333333324,10.01,0.63666666666666671,-7.1399999999999997
motiongen_1366,22.766999999999999,2.3333333333333317,10.01,0.52000000000000002,-7.1433333333333326
motiongen_1367,22.783000000000001,2.3399999999999985,10.01,0.40000000000000002,-7.1433333333333326
motiongen_1368,22.800000000000001,2.3466666666666649,10.01,0.28000000000000003,-7.1433333333333326
motiongen_1369,22.817,2.3533333333333317,10.01,0.16333333333333336,-7.1466666666666674
motiongen_1370,22.832999999999998,2.3566666666666651,10.01,0.043333333333333335,1.9866666666666666
motiongen_1371,22.850000000000001,2.3566666666666651,10.01,0.076666666666666675,7.1466666666666674
motiongen_1372,22.867000000000001,2.3533333333333317,10.01,0.19666666666666666,7.1433333333333326
motiongen_1373,22.882999999999999,2.3499999999999988,10.01,0.31333333333333335,7.1433333333333326
motiongen_1374,22.899999999999999,2.3466666666666649,10.01,0.43333333333333335,7.1433333333333326
motiongen_1375,22.917000000000002,2.3399999999999985,10.01,0.55333333333333334,7.1399999999999997
motiongen_1376,22.933,2.3299999999999987,10.01,0.67000000000000004,7.1399999999999997
motiongen_1377,22.949999999999999,2.3199999999999985,10.01,0.79000000000000004,7.1366666666666667
motiongen_1378,22.966999999999999,2.3066666666666658,10.01,0.91000000000000014,7.1333333333333337
motiongen_1379,22.983000000000001,2.2899999999999987,10.01,1.0266666666666666,7.1299999999999999
motiongen_1380,23,2.2733333333333321,10.01,1.1466666666666667,7.1266666666666669
motiongen_1381,23.016999999999999,2.2533333333333321,10.01,1.2666666666666668,7.120000000000001
motiongen_1382,23.033000000000001,2.2333333333333321,10.01,1.3833333333333333,7.1133333333333333
motiongen_1383,23.050000000000001,2.2099999999999986,10.01,1.5033333333333334,7.1066666666666674
motiongen_1384,23.067,2.1833333333333318,10.01,1.6200000000000001,7.0966666666666667
motiongen_1385,23.082999999999998,2.1566666666666654,10.01,1.7400000000000002,7.0899999999999999
motiongen_1386,23.100000000000001,2.1299999999999986,10.01,1.8566666666666669,7.076666666666668
motiongen_1387,23.117000000000001,2.0966666666666653,10.01,1.9766666666666666,7.0633333333333344
motiongen_1388,23.132999999999999,2.0666666666666655,10.01,2.0933333333333333,7.0500000000000007
motiongen_1389,23.149999999999999,2.0299999999999985,10.01,2.2100000000000004,7.0333333333333332
motiongen_1390,23.167000000000002,1.9933333333333321,10.01,2.3300000000000001,7.0166666666666666
motiongen_1391,23.183,1.953333333333332,10.01,2.4466666666666668,6.9966666666666679
motiongen_1392,23.199999999999999,1.913333333333332,10.01,2.5633333333333335,6.9733333333333336
motiongen_1393,23.216999999999999,1.8699999999999986,10.01,2.6766666666666667,6.9466666666666672
motiongen_1394,23.233000000000001,1.8266666666666651,10.01,2.7933333333333334,6.9200000000000008
motiongen_1395,23.25,1.7799999999999987,10.01,2.9100000000000001,6.8866666666666667
motiongen_1396,23.266999999999999,1.7299999999999986,10.01,3.0233333333333334,6.8533333333333335
motiongen_1397,23.283000000000001,1.6799999999999986,10.01,3.1366666666666667,6.8166666666666664
motiongen_1398,23.300000000000001,1.6299999999999986,10.01,3.2533333333333334,6.7733333333333334
motiongen_1399,23.317,1.5733333333333319,10.01,3.3633333333333333,6.7300000000000004
motiongen_1400,23.332999999999998,1.5199999999999987,10.01,3.4766666666666666,6.6800000000000006
motiongen_1401,23.350000000000001,1.4599999999999986,10.01,3.5866666666666669,6.6266666666666669
motiongen_1402,23.367000000000001,1.3999999999999986,10.01,3.7000000000000006,6.5666666666666664
motiongen_1403,23.382999999999999,1.3399999999999985,10.01,3.8066666666666666,6.5033333333333339
motiongen_1404,23.399999999999999,1.2766666666666653,10.01,3.916666666666667,6.4366666666666674
motiongen_1405,23.417000000000002,1.2099999999999986,10.01,4.0233333333333334,6.3633333333333333
motiongen_1406,23.433,1.1433333333333318,10.01,4.1300000000000008,6.2833333333333332
motiongen_1407,23.449999999999999,1.0733333333333319,10.01,4.2333333333333334,6.2000000000000002
motiongen_1408,23.466999999999999,1.0033333333333321,10.01,4.3366666666666669,6.1100000000000003
motiongen_1409,23.483000000000001,0.92999999999999861,10.01,4.4400000000000004,6.0133333333333336
motiongen_1410,23.5,0.85666666666666524,10.01,4.5400000000000009,5.9100000000000001
motiongen_1411,23.516999999999999,0.78333333333333188,10.01,4.6399999999999997,5.7999999999999998
motiongen_1412,23.533000000000001,0.70333333333333192,10.01,4.7366666666666672,5.6833333333333336
motiongen_1413,23.550000000000001,0.62666666666666515,10.01,4.8300000000000001,5.5599999999999996
motiongen_1414,23.567,0.54666666666666519,10.01,4.9233333333333338,5.4333333333333336
motiongen_1415,23.582999999999998,0.46333333333333188,10.01,5.0133333333333336,5.2933333333333339
motiongen_1416,23.600000000000001,0.37999999999999856,10.01,5.1000000000000005,5.1500000000000004
motiongen_1417,23.617000000000001,0.29333333333333189,10.01,5.1866666666666674,4.996666666666667
motiongen_1418,23.632999999999999,0.20666666666666522,10.01,5.2700000000000005,4.8399999999999999
motiongen_1419,23.649999999999999,0.1199999999999985,10.01,5.3500000000000005,4.6699999999999999
motiongen_1420,23.667000000000002,0.029999999999998528,10.01,5.4300000000000006,4.496666666666667
motiongen_1421,23.683,-0.060000000000001497,10.01,5.5033333333333339,4.3133333333333335
motiongen_1422,23.699999999999999,-0.15000000000000147,10.01,5.5766666666666671,4.123333333333334
motiongen_1423,23.716999999999999,-0.24333333333333473,10.01,5.6433333333333335,3.9266666666666667
motiongen_1424,23.733000000000001,-0.33666666666666811,10.01,5.7100000000000009,3.7200000000000006
motiongen_1425,23.75,-0.4333333333333349,10.01,5.7733333333333334,3.5066666666666668
motiongen_1426,23.766999999999999,-0.53000000000000147,10.01,5.830000000000001,3.2833333333333332
motiongen_1427,23.783000000000001,-0.62666666666666826,10.01,5.8866666666666667,3.0566666666666671
motiongen_1428,23.800000000000001,-0.72333333333333472,10.01,5.9366666666666665,2.8199999999999998
motiongen_1429,23.817,-0.8233333333333348,10.01,5.9833333333333334,2.5733333333333337
motiongen_1430,23.832999999999998,-0.92333333333333467,10.01,6.0266666666666673,2.3233333333333333
motiongen_1431,23.850000000000001,-1.0233333333333348,10.01,6.0633333333333335,2.0633333333333335
motiongen_1432,23.867000000000001,-1.126666666666668,10.01,6.1000000000000005,1.8000000000000003
motiongen_1433,23.882999999999999,-1.2266666666666681,10.01,6.1299999999999999,1.5266666666666668
motiongen_1434,23.899999999999999,-1.3300000000000016,10.01,6.1533333333333342,1.25
motiongen_1435,23.917000000000002,-1.4300000000000013,10.01,6.1766666666666667,0.96333333333333326
motiongen_1436,23.933,-1.5333333333333348,10.01,6.1900000000000004,0.67333333333333345
motiongen_1437,23.949999999999999,-1.636666666666668,10.01,6.2033333333333331,0.38
motiongen_1438,23.966999999999999,-1.7400000000000015,10.01,6.21,0.076666666666666675
motiongen_1439,23.983000000000001,-1.8433333333333346,10.01,6.21,-0.23000000000000004
motiongen_1440,24,-1.9466666666666681,10.01,6.206666666666667,-0.54000000000000004
motiongen_1441,24.016999999999999,-2.0500000000000016,10.01,6.1966666666666672,-0.85333333333333339
motiongen_1442,24.033000000000001,-2.1533333333333351,10.01,6.1833333333333336,-1.1699999999999999
motiongen_1443,24.050000000000001,-2.2566666666666682,10.01,6.1633333333333331,-1.4933333333333334
motiongen_1444,24.067,-2.3600000000000017,10.01,6.1400000000000006,-1.8166666666666669
motiongen_1445,24.082999999999998,-2.4633333333333347,10.01,6.1100000000000003,-2.1433333333333335
motiongen_1446,24.100000000000001,-2.5633333333333348,10.01,6.0733333333333341,-2.4733333333333336
motiongen_1447,24.117000000000001,-2.6666666666666683,10.01,6.0333333333333341,-2.8033333333333332
motiongen_1448,24.132999999999999,-2.7666666666666679,10.01,5.9833333333333334,-3.1333333333333333
motiongen_1449,24.149999999999999,-2.866666666666668,10.01,5.9333333333333336,-3.4633333333333334
motiongen_1450,24.167000000000002,-2.9633333333333352,10.01,5.8766666666666669,-3.7966666666666669
motiongen_1451,24.183,-3.0633333333333352,10.01,5.8133333333333335,-4.1266666666666669
motiongen_1452,24.199999999999999,-3.1600000000000015,10.01,5.7433333333333341,-4.456666666666667
motiongen_1453,24.216999999999999,-3.2566666666666686,10.01,5.6700000000000008,-4.7833333333333341
motiongen_1454,24.233000000000001,-3.3500000000000014,10.01,5.5900000000000007,-5.1100000000000003
motiongen_1455,24.25,-3.4433333333333347,10.01,5.5033333333333339,-5.4333333333333336
motiongen_1456,24.266999999999999,-3.533333333333335,10.01,5.413333333333334,-5.7566666666666668
motiongen_1457,24.283000000000001,-3.6233333333333348,10.01,5.3166666666666664,-6.0733333333333341
motiongen_1458,24.300000000000001,-3.7133333333333347,10.01,5.2166666666666668,-6.3866666666666667
motiongen_1459,24.317,-3.8000000000000016,10.01,5.1100000000000003,-6.6933333333333334
motiongen_1460,24.332999999999998,-3.8866666666666685,10.01,4.996666666666667,-6.9966666666666679
motiongen_1461,24.350000000000001,-3.9700000000000015,10.01,4.8799999999999999,-7.2966666666666669
motiongen_1462,24.367000000000001,-4.0500000000000016,10.01,4.7599999999999998,-7.5900000000000007
motiongen_1463,24.382999999999999,-4.1300000000000017,10.01,4.6333333333333329,-7.873333333333334
motiongen_1464,24.399999999999999,-4.2066666666666688,10.01,4.5033333333333339,-8.1533333333333342
motiongen_1465,24.417000000000002,-4.283333333333335,10.01,4.3666666666666671,-8.4266666666666676
motiongen_1466,24.433,-4.3533333333333353,10.01,4.2266666666666666,-8.6900000000000013
motiongen_1467,24.449999999999999,-4.4266666666666685,10.01,4.0800000000000001,-8.9466666666666672
motiongen_1468,24.466999999999999,-4.493333333333335,10.01,3.9333333333333331,-9.1933333333333334
motiongen_1469,24.483000000000001,-4.5600000000000014,10.01,3.7799999999999998,-9.4333333333333336
motiongen_1470,24.5,-4.6233333333333348,10.01,3.6200000000000006,-9.6600000000000001
motiongen_1471,24.516999999999999,-4.6833333333333353,10.01,3.4600000000000004,-9.8800000000000008
motiongen_1472,24.533000000000001,-4.7400000000000011,10.01,3.2966666666666669,-10.090000000000002
motiongen_1473,24.550000000000001,-4.7933333333333348,10.01,3.1266666666666665,-10.290000000000001
motiongen_1474,24.567,-4.8466666666666685,10.01,2.956666666666667,-10.48
motiongen_1475,24.582999999999998,-4.8966666666666683,10.01,2.7799999999999998,-10.66
motiongen_1476,24.600000000000001,-4.9433333333333351,10.01,2.6033333333333335,-10.826666666666668
motiongen_1477,24.617000000000001,-4.9866666666666681,10.01,2.4233333333333333,-10.983333333333334
motiongen_1478,24.632999999999999,-5.0266666666666682,10.01,2.2400000000000002,-11.126666666666667
motiongen_1479,24.649999999999999,-5.0633333333333344,10.01,2.0533333333333332,-11.260000000000002
motiongen_1480,24.667000000000002,-5.0966666666666685,10.01,1.8666666666666669,-11.380000000000001
motiongen_1481,24.683,-5.1300000000000017,10.01,1.6766666666666667,-11.49
motiongen_1482,24.699999999999999,-5.1566666666666681,10.01,1.4866666666666668,-11.586666666666668
motiongen_1483,24.716999999999999,-5.1800000000000015,10.01,1.2933333333333334,-11.67
motiongen_1484,24.733000000000001,-5.2033333333333349,10.01,1.1000000000000001,-11.74
motiongen_1485,24.75,-5.2200000000000015,10.01,0.90333333333333343,-11.800000000000001
motiongen_1486,24.766999999999999,-5.2366666666666681,10.01,0.70666666666666667,-11.846666666666666
motiongen_1487,24.783000000000001,-5.2466666666666688,10.01,0.51000000000000001,-11.880000000000001
motiongen_1488,24.800000000000001,-5.2566666666666686,10.01,0.31,-11.9
motiongen_1489,24.817,-5.2633333333333345,10.01,0.11333333333333334,-1.5633333333333332
motiongen_1490,24.832999999999998,-5.2633333333333345,10.01,0.08666666666666667,11.9
motiongen_1491,24.850000000000001,-5.2633333333333345,10.01,0.28333333333333338,11.883333333333333
motiongen_1492,24.867000000000001,-5.2566666666666686,10.01,0.48333333333333334,11.850000000000001
motiongen_1493,24.882999999999999,-5.2500000000000018,10.01,0.67999999999999994,11.806666666666667
motiongen_1494,24.899999999999999,-5.2366666666666681,10.01,0.87666666666666671,11.75
motiongen_1495,24.917000000000002,-5.2233333333333345,10.01,1.0733333333333335,11.68
motiongen_1496,24.933,-5.2066666666666688,10.01,1.2666666666666668,11.596666666666668
motiongen_1497,24.949999999999999,-5.1833333333333345,10.01,1.46,11.503333333333334
motiongen_1498,24.966999999999999,-5.1600000000000019,10.01,1.6533333333333333,11.396666666666667
motiongen_1499,24.983000000000001,-5.1333333333333355,10.01,1.8433333333333335,11.276666666666667
motiongen_1500,25,-5.1033333333333344,10.01,2.0300000000000002,11.146666666666667
motiongen_1501,25.016999999999999,-5.0666666666666682,10.01,2.2166666666666668,11.003333333333334
motiongen_1502,25.033000000000001,-5.0300000000000011,10.01,2.3999999999999999,10.846666666666668
motiongen_1503,25.050000000000001,-4.9900000000000011,10.01,2.5800000000000001,10.680000000000001
motiongen_1504,25.067,-4.9466666666666681,10.01,2.7566666666666668,10.503333333333334
motiongen_1505,25.082999999999998,-4.9033333333333351,10.01,2.9333333333333336,10.316666666666668
motiongen_1506,25.100000000000001,-4.8533333333333353,10.01,3.1066666666666669,10.116666666666667
motiongen_1507,25.117000000000001,-4.8033333333333355,10.01,3.2733333333333334,9.9100000000000001
motiongen_1508,25.132999999999999,-4.7466666666666679,10.01,3.4400000000000004,9.6900000000000013
motiongen_1509,25.149999999999999,-4.6900000000000022,10.01,3.6000000000000005,9.4633333333333329
motiongen_1510,25.167000000000002,-4.6300000000000017,10.01,3.7566666666666668,9.2233333333333327
motiongen_1511,25.183,-4.5666666666666682,10.01,3.9133333333333331,8.9766666666666666
motiongen_1512,25.199999999999999,-4.5033333333333347,10.01,4.0600000000000005,8.7233333333333345
motiongen_1513,25.216999999999999,-4.4333333333333353,10.01,4.206666666666667,8.4599999999999991
motiongen_1514,25.233000000000001,-4.3633333333333351,10.01,4.3466666666666667,8.1899999999999995
motiongen_1515,25.25,-4.2933333333333348,10.01,4.4833333333333334,7.910000000000001
motiongen_1516,25.266999999999999,-4.2166666666666677,10.01,4.6166666666666671,7.626666666666666
motiongen_1517,25.283000000000001,-4.1400000000000015,10.01,4.7433333333333341,7.3333333333333339
motiongen_1518,25.300000000000001,-4.0600000000000014,10.01,4.8666666666666671,7.036666666666668
motiongen_1519,25.317,-3.9800000000000013,10.01,4.9833333333333343,6.7333333333333334
motiongen_1520,25.332999999999998,-3.8966666666666683,10.01,5.0966666666666667,6.4266666666666667
motiongen_1521,25.350000000000001,-3.8133333333333344,10.01,5.2033333333333331,6.1133333333333342
motiongen_1522,25.367000000000001,-3.7266666666666683,10.01,5.3033333333333337,5.7966666666666669
motiongen_1523,25.382999999999999,-3.6366666666666685,10.01,5.4000000000000004,5.4766666666666666
motiongen_1524,25.399999999999999,-3.5466666666666686,10.01,5.4933333333333332,5.1533333333333333
motiongen_1525,25.417000000000002,-3.4566666666666679,10.01,5.5766666666666671,4.8266666666666671
motiongen_1526,25.433,-3.3633333333333346,10.01,5.6600000000000001,4.5000000000000009
motiongen_1527,25.449999999999999,-3.2666666666666684,10.01,5.7333333333333334,4.1699999999999999
motiongen_1528,25.466999999999999,-3.1733333333333347,10.01,5.8033333333333337,3.8399999999999999
motiongen_1529,25.483000000000001,-3.0766666666666684,10.01,5.8666666666666671,3.5066666666666668
motiongen_1530,25.5,-2.9766666666666683,10.01,5.9266666666666667,3.1766666666666667
motiongen_1531,25.516999999999999,-2.8800000000000012,10.01,5.9766666666666666,2.8466666666666667
motiongen_1532,25.533000000000001,-2.7800000000000016,10.01,6.0266666666666673,2.5166666666666666
motiongen_1533,25.550000000000001,-2.6800000000000015,10.01,6.0666666666666673,2.186666666666667
motiongen_1534,25.567,-2.5766666666666684,10.01,6.1033333333333335,1.8600000000000003
motiongen_1535,25.582999999999998,-2.4766666666666683,10.01,6.1366666666666667,1.5366666666666668
motiongen_1536,25.600000000000001,-2.3733333333333348,10.01,6.1600000000000001,1.2133333333333334
motiongen_1537,25.617000000000001,-2.2700000000000014,10.01,6.1800000000000006,0.89666666666666672
motiongen_1538,25.632999999999999,-2.1666666666666683,10.01,6.1966666666666672,0.57999999999999996
motiongen_1539,25.649999999999999,-2.0666666666666682,10.01,6.206666666666667,0.27000000000000002
motiongen_1540,25.667000000000002,-1.9600000000000013,10.01,6.21,-0.036666666666666667
motiongen_1541,25.683,-1.8566666666666682,10.01,6.21,-0.33999999999999997
motiongen_1542,25.699999999999999,-1.7533333333333352,10.01,6.2033333333333331,-0.63666666666666671
motiongen_1543,25.716999999999999,-1.6500000000000017,10.01,6.1933333333333342,-0.92666666666666675
motiongen_1544,25.733000000000001,-1.5466666666666682,10.01,6.1766666666666667,-1.21
motiongen_1545,25.75,-1.4466666666666681,10.01,6.1566666666666672,-1.49
motiongen_1546,25.766999999999999,-1.343333333333335,10.01,6.1333333333333337,-1.7633333333333334
motiongen_1547,25.783000000000001,-1.2400000000000015,10.01,6.1033333333333335,-2.0300000000000002
motiongen_1548,25.800000000000001,-1.1400000000000015,10.01,6.0700000000000003,-2.2900000000000005
motiongen_1549,25.817,-1.0366666666666682,10.01,6.0300000000000002,-2.54
motiongen_1550,25.832999999999998,-0.93666666666666809,10.01,5.9900000000000002,-2.7866666666666666
motiongen_1551,25.850000000000001,-0.83666666666666822,10.01,5.9433333333333334,-3.0233333333333334
motiongen_1552,25.867000000000001,-0.73666666666666814,10.01,5.8933333333333335,-3.2533333333333334
motiongen_1553,25.882999999999999,-0.64000000000000146,10.01,5.8366666666666669,-3.4766666666666666
motiongen_1554,25.899999999999999,-0.54333333333333478,10.01,5.7800000000000002,-3.6899999999999999
motiongen_1555,25.917000000000002,-0.44666666666666821,10.01,5.7199999999999998,-3.8966666666666669
motiongen_1556,25.933,-0.35000000000000142,10.01,5.6533333333333333,-4.0966666666666676
motiongen_1557,25.949999999999999,-0.25666666666666815,10.01,5.5866666666666669,-4.29
motiongen_1558,25.966999999999999,-0.16333333333333477,10.01,5.5133333333333336,-4.4733333333333336
motiongen_1559,25.983000000000001,-0.070000000000001505,10.01,5.4399999999999995,-4.6500000000000004
motiongen_1560,26,0.019999999999998519,10.01,5.3600000000000003,-4.8166666666666673
motiongen_1561,26.016999999999999,0.10999999999999854,10.01,5.2800000000000002,-4.9766666666666675
motiongen_1562,26.033000000000001,0.19666666666666521,10.01,5.2000000000000002,-5.1299999999999999
motiongen_1563,26.050000000000001,0.28333333333333188,10.01,5.1133333333333333,-5.2766666666666664
motiongen_1564,26.067,0.36666666666666525,10.01,5.0233333333333334,-5.413333333333334
motiongen_1565,26.082999999999998,0.45333333333333187,10.01,4.9333333333333336,-5.5433333333333339
motiongen_1566,26.100000000000001,0.53333333333333188,10.01,4.8433333333333337,-5.6700000000000008
motiongen_1567,26.117000000000001,0.61666666666666525,10.01,4.746666666666667,-5.7866666666666671
motiongen_1568,26.132999999999999,0.69333333333333191,10.01,4.6500000000000004,-5.8966666666666665
motiongen_1569,26.149999999999999,0.76999999999999857,10.01,4.5533333333333337,-6
motiongen_1570,26.167000000000002,0.84666666666666524,10.01,4.453333333333334,-6.0966666666666667
motiongen_1571,26.183,0.92333333333333201,10.01,4.3499999999999996,-6.1866666666666674
motiongen_1572,26.199999999999999,0.99333333333333196,10.01,4.25,-6.2733333333333334
motiongen_1573,26.216999999999999,1.0666666666666651,10.01,4.1433333333333335,-6.3533333333333335
motiongen_1574,26.233000000000001,1.133333333333332,10.01,4.0366666666666671,-6.4266666666666667
motiongen_1575,26.25,1.1999999999999986,10.01,3.9300000000000002,-6.496666666666667
motiongen_1576,26.266999999999999,1.2666666666666653,10.01,3.8233333333333337,-6.5600000000000005
motiongen_1577,26.283000000000001,1.3299999999999987,10.01,3.7133333333333338,-6.6200000000000001
motiongen_1578,26.300000000000001,1.393333333333332,10.01,3.6033333333333335,-6.6733333333333329
motiongen_1579,26.317,1.4533333333333318,10.01,3.4933333333333336,-6.7233333333333336
motiongen_1580,26.332999999999998,1.5099999999999987,10.01,3.3800000000000003,-6.7700000000000005
motiongen_1581,26.350000000000001,1.5666666666666653,10.01,3.2666666666666666,-6.8100000000000005
motiongen_1582,26.367000000000001,1.6199999999999986,10.01,3.1533333333333333,-6.8500000000000005
motiongen_1583,26.382999999999999,1.673333333333332,10.01,3.04,-6.8833333333333337
motiongen_1584,26.399999999999999,1.7233333333333321,10.01,2.9233333333333333,-6.9166666666666679
motiongen_1585,26.417000000000002,1.7733333333333321,10.01,2.8100000000000001,-6.9433333333333342
motiongen_1586,26.433,1.8199999999999985,10.01,2.6933333333333338,-6.9700000000000006
motiongen_1587,26.449999999999999,1.8666666666666651,10.01,2.5766666666666667,-6.9933333333333332
motiongen_1588,26.466999999999999,1.9066666666666652,10.01,2.46,-7.0133333333333336
motiongen_1589,26.483000000000001,1.9499999999999986,10.01,2.3433333333333333,-7.0333333333333332
motiongen_1590,26.5,1.9866666666666652,10.01,2.226666666666667,-7.0500000000000007
motiongen_1591,26.516999999999999,2.0266666666666655,10.01,2.1100000000000003,-7.0633333333333344
motiongen_1592,26.533000000000001,2.0599999999999987,10.01,1.99,-7.076666666666668
motiongen_1593,26.550000000000001,2.0933333333333319,10.01,1.8733333333333335,-7.0866666666666669
motiongen_1594,26.567,2.1233333333333322,10.01,1.7566666666666668,-7.0966666666666667
motiongen_1595,26.582999999999998,2.153333333333332,10.01,1.6366666666666667,-7.1066666666666674
motiongen_1596,26.600000000000001,2.1799999999999988,10.01,1.52,-7.1133333333333333
motiongen_1597,26.617000000000001,2.2066666666666652,10.01,1.3999999999999999,-7.120000000000001
motiongen_1598,26.632999999999999,2.2299999999999986,10.01,1.28,-7.123333333333334
motiongen_1599,26.649999999999999,2.2499999999999987,10.01,1.1633333333333333,-7.1299999999999999
motiongen_1600,26.667000000000002,2.2699999999999987,10.01,1.0433333333333334,-7.1333333333333337
motiongen_1601,26.683,2.2866666666666653,10.01,0.92666666666666675,-7.1366666666666667
motiongen_1602,26.699999999999999,2.3033333333333319,10.01,0.80666666666666664,-7.1399999999999997
motiongen_1603,26.716999999999999,2.3166666666666655,10.01,0.68666666666666665,-7.1399999999999997
motiongen_1604,26.733000000000001,2.3299999999999987,10.01,0.56666666666666676,-7.1433333333333326
motiongen_1605,26.75,2.3366666666666651,10.01,0.45000000000000007,-7.1433333333333326
motiongen_1606,26.766999999999999,2.3466666666666649,10.01,0.33000000000000002,-7.1433333333333326
motiongen_1607,26.783000000000001,2.3499999999999988,10.01,0.21000000000000002,-7.1466666666666674
motiongen_1608,26.800000000000001,2.3533333333333317,10.01,0.093333333333333338,-3.8799999999999999
motiongen_1609,26.817,2.3566666666666651,10.01,0.026666666666666668,7.1466666666666674
motiongen_1610,26.832999999999998,2.3566666666666651,10.01,0.14666666666666667,7.1466666666666674
motiongen_1611,26.850000000000001,2.3533333333333317,10.01,0.26666666666666666,7.1433333333333326
motiongen_1612,26.867000000000001,2.3499999999999988,10.01,0.38333333333333336,7.1433333333333326
motiongen_1613,26.882999999999999,2.3433333333333319,10.01,0.5033333333333333,7.1433333333333326
motiongen_1614,26.899999999999999,2.3333333333333317,10.01,0.62333333333333341,7.1399999999999997
motiongen_1615,26.917000000000002,2.3233333333333324,10.01,0.73999999999999999,7.1366666666666667
motiongen_1616,26.933,2.3099999999999987,10.01,0.8600000000000001,7.1333333333333337
motiongen_1617,26.949999999999999,2.2966666666666655,10.01,0.97999999999999998,7.1299999999999999
motiongen_1618,26.966999999999999,2.2799999999999985,10.01,1.0966666666666667,7.1266666666666669
motiongen_1619,26.983000000000001,2.2633333333333319,10.01,1.2166666666666668,7.123333333333334
motiongen_1620,27,2.2433333333333323,10.01,1.3366666666666669,7.1166666666666663
motiongen_1621,27.016999999999999,2.2199999999999989,10.01,1.4533333333333334,7.1100000000000003
motiongen_1622,27.033000000000001,2.1966666666666654,10.01,1.5733333333333333,7.1033333333333326
motiongen_1623,27.050000000000001,2.1699999999999986,10.01,1.6900000000000002,7.0933333333333337
motiongen_1624,27.067,2.1399999999999988,10.01,1.8100000000000003,7.0833333333333339
motiongen_1625,27.082999999999998,2.1099999999999985,10.01,1.9266666666666665,7.0700000000000003
motiongen_1626,27.100000000000001,2.0799999999999983,10.01,2.0466666666666669,7.0566666666666666
motiongen_1627,27.117000000000001,2.0433333333333321,10.01,2.1633333333333336,7.0400000000000009
motiongen_1628,27.132999999999999,2.0099999999999989,10.01,2.2800000000000002,7.0233333333333343
motiongen_1629,27.149999999999999,1.9699999999999986,10.01,2.3966666666666665,7.0033333333333339
motiongen_1630,27.167000000000002,1.9299999999999986,10.01,2.5133333333333336,6.9833333333333343
motiongen_1631,27.183,1.8899999999999986,10.01,2.6300000000000003,6.9600000000000009
motiongen_1632,27.199999999999999,1.8433333333333319,10.01,2.7466666666666666,6.9300000000000006
motiongen_1633,27.216999999999999,1.7999999999999987,10.01,2.8633333333333333,6.8999999999999995
motiongen_1634,27.233000000000001,1.7499999999999987,10.01,2.976666666666667,6.8700000000000001
motiongen_1635,27.25,1.703333333333332,10.01,3.0900000000000003,6.833333333333333
motiongen_1636,27.266999999999999,1.6499999999999986,10.01,3.2066666666666666,6.793333333333333
motiongen_1637,27.283000000000001,1.5966666666666653,10.01,3.3200000000000003,6.746666666666667
motiongen_1638,27.300000000000001,1.5399999999999987,10.01,3.4299999999999997,6.6999999999999993
motiongen_1639,27.317,1.4833333333333318,10.01,3.5433333333333334,6.6500000000000004
motiongen_1640,27.332999999999998,1.4266666666666652,10.01,3.6533333333333338,6.5933333333333337
motiongen_1641,27.350000000000001,1.363333333333332,10.01,3.7633333333333336,6.5300000000000002
motiongen_1642,27.367000000000001,1.3033333333333319,10.01,3.8733333333333331,6.4666666666666668
motiongen_1643,27.382999999999999,1.2366666666666652,10.01,3.98,6.3933333333333335
motiongen_1644,27.399999999999999,1.1699999999999986,10.01,4.0866666666666669,6.3166666666666673
motiongen_1645,27.417000000000002,1.1033333333333319,10.01,4.1933333333333334,6.2366666666666672
motiongen_1646,27.433,1.0333333333333319,10.01,4.2966666666666669,6.1466666666666674
motiongen_1647,27.449999999999999,0.95999999999999852,10.01,4.3966666666666665,6.0533333333333337
motiongen_1648,27.466999999999999,0.88666666666666527,10.01,4.5000000000000009,5.953333333333334
motiongen_1649,27.483000000000001,0.81333333333333191,10.01,4.5966666666666667,5.8466666666666667
motiongen_1650,27.5,0.73666666666666525,10.01,4.6966666666666672,5.7333333333333334
motiongen_1651,27.516999999999999,0.65666666666666518,10.01,4.79,5.6133333333333333
motiongen_1652,27.533000000000001,0.57666666666666522,10.01,4.8833333333333337,5.4866666666666664
motiongen_1653,27.550000000000001,0.4966666666666652,10.01,4.9766666666666675,5.3533333333333335
motiongen_1654,27.567,0.41333333333333189,10.01,5.0666666666666673,5.21
motiongen_1655,27.582999999999998,0.32999999999999852,10.01,5.1533333333333333,5.0600000000000005
motiongen_1656,27.600000000000001,0.24333333333333187,10.01,5.2366666666666664,4.9066666666666672
motiongen_1657,27.617000000000001,0.15666666666666523,10.01,5.3200000000000003,4.7400000000000002
motiongen_1658,27.632999999999999,0.066666666666665209,10.01,5.3966666666666665,4.5700000000000003
motiongen_1659,27.649999999999999,-0.02333333333333476,10.01,5.4733333333333336,4.3899999999999997
motiongen_1660,27.667000000000002,-0.11333333333333484,10.01,5.5466666666666669,4.2033333333333331
motiongen_1661,27.683,-0.20666666666666822,10.01,5.6166666666666671,4.0066666666666668
motiongen_1662,27.699999999999999,-0.30000000000000149,10.01,5.6833333333333336,3.8033333333333337
motiongen_1663,27.716999999999999,-0.39333333333333487,10.01,5.746666666666667,3.5933333333333337
motiongen_1664,27.733000000000001,-0.49000000000000143,10.01,5.8066666666666666,3.3766666666666665
motiongen_1665,27.75,-0.58666666666666822,10.01,5.8633333333333333,3.1499999999999999
motiongen_1666,27.766999999999999,-0.6833333333333349,10.01,5.916666666666667,2.916666666666667
motiongen_1667,27.783000000000001,-0.78333333333333477,10.01,5.9633333333333329,2.6766666666666667
motiongen_1668,27.800000000000001,-0.88333333333333486,10.01,6.0099999999999998,2.4266666666666667
motiongen_1669,27.817,-0.98333333333333472,10.01,6.0499999999999998,2.1700000000000004
motiongen_1670,27.832999999999998,-1.0833333333333348,10.01,6.0866666666666669,1.9099999999999999
motiongen_1671,27.850000000000001,-1.1833333333333349,10.01,6.1166666666666671,1.6400000000000001
motiongen_1672,27.867000000000001,-1.2866666666666682,10.01,6.1433333333333335,1.3633333333333333
motiongen_1673,27.882999999999999,-1.3900000000000017,10.01,6.166666666666667,1.0833333333333335
motiongen_1674,27.899999999999999,-1.4933333333333347,10.01,6.1866666666666674,0.79333333333333333
motiongen_1675,27.917000000000002,-1.596666666666668,10.01,6.2000000000000002,0.5
motiongen_1676,27.933,-1.7000000000000015,10.01,6.206666666666667,0.20333333333333334
motiongen_1677,27.949999999999999,-1.803333333333335,10.01,6.21,-0.10333333333333333
motiongen_1678,27.966999999999999,-1.9066666666666681,10.01,6.21,-0.41000000000000003
motiongen_1679,27.983000000000001,-2.0100000000000016,10.01,6.2033333333333331,-0.72333333333333338
motiongen_1680,28,-2.1133333333333351,10.01,6.1900000000000004,-1.04
motiongen_1681,28.016999999999999,-2.2166666666666686,10.01,6.1733333333333338,-1.3599999999999999
motiongen_1682,28.033000000000001,-2.3166666666666682,10.01,6.1500000000000004,-1.6833333333333333
motiongen_1683,28.050000000000001,-2.4200000000000017,10.01,6.1233333333333331,-2.0100000000000002
motiongen_1684,28.067,-2.5233333333333348,10.01,6.0866666666666669,-2.3366666666666664
motiongen_1685,28.082999999999998,-2.6233333333333348,10.01,6.0499999999999998,-2.666666666666667
motiongen_1686,28.100000000000001,-2.7266666666666679,10.01,6.003333333333333,-2.996666666666667
motiongen_1687,28.117000000000001,-2.826666666666668,10.01,5.953333333333334,-3.3266666666666667
motiongen_1688,28.132999999999999,-2.9233333333333351,10.01,5.9000000000000004,-3.6600000000000006
motiongen_1689,28.149999999999999,-3.0233333333333352,10.01,5.8399999999999999,-3.9900000000000002
motiongen_1690,28.167000000000002,-3.1200000000000014,10.01,5.7733333333333334,-4.3200000000000003
motiongen_1691,28.183,-3.2166666666666686,10.01,5.7000000000000002,-4.6500000000000004
motiongen_1692,28.199999999999999,-3.3100000000000014,10.01,5.623333333333334,-4.9766666666666675
motiongen_1693,28.216999999999999,-3.4033333333333347,10.01,5.54,-5.3033333333333337
motiongen_1694,28.233000000000001,-3.4966666666666679,10.01,5.4500000000000002,-5.623333333333334
motiongen_1695,28.25,-3.5866666666666687,10.01,5.3566666666666665,-5.9433333333333334
motiongen_1696,28.266999999999999,-3.6766666666666685,10.01,5.2566666666666668,-6.2566666666666668
motiongen_1697,28.283000000000001,-3.7666666666666684,10.01,5.1533333333333333,-6.5666666666666664
motiongen_1698,28.300000000000001,-3.8500000000000014,10.01,5.043333333333333,-6.8733333333333331
motiongen_1699,28.317,-3.9366666666666683,10.01,4.9300000000000006,-7.1733333333333338
motiongen_1700,28.332999999999998,-4.0166666666666684,10.01,4.8100000000000005,-7.4700000000000006
motiongen_1701,28.350000000000001,-4.0966666666666685,10.01,4.6866666666666665,-7.7566666666666668
motiongen_1702,28.367000000000001,-4.1766666666666676,10.01,4.5566666666666666,-8.0400000000000009
motiongen_1703,28.382999999999999,-4.2500000000000018,10.01,4.4233333333333338,-8.3133333333333344
motiongen_1704,28.399999999999999,-4.3266666666666689,10.01,4.2833333333333332,-8.5833333333333339
motiongen_1705,28.417000000000002,-4.3966666666666683,10.01,4.1400000000000006,-8.8400000000000016
motiongen_1706,28.433,-4.4666666666666686,10.01,3.9933333333333332,-9.0933333333333337
motiongen_1707,28.449999999999999,-4.533333333333335,10.01,3.8433333333333337,-9.3366666666666678
motiongen_1708,28.466999999999999,-4.5966666666666685,10.01,3.686666666666667,-9.5700000000000003
motiongen_1709,28.483000000000001,-4.6566666666666681,10.01,3.5266666666666668,-9.7933333333333348
motiongen_1710,28.5,-4.7166666666666686,10.01,3.3633333333333333,-10.006666666666666
motiongen_1711,28.516999999999999,-4.7733333333333352,10.01,3.1966666666666668,-10.210000000000001
motiongen_1712,28.533000000000001,-4.826666666666668,10.01,3.0266666666666668,-10.403333333333334
motiongen_1713,28.550000000000001,-4.8766666666666687,10.01,2.8533333333333335,-10.586666666666668
motiongen_1714,28.567,-4.9233333333333356,10.01,2.6766666666666667,-10.760000000000002
motiongen_1715,28.582999999999998,-4.9700000000000015,10.01,2.4966666666666666,-10.92
motiongen_1716,28.600000000000001,-5.0100000000000016,10.01,2.3166666666666664,-11.07
motiongen_1717,28.617000000000001,-5.0500000000000016,10.01,2.1300000000000003,-11.206666666666667
motiongen_1718,28.632999999999999,-5.0833333333333348,10.01,1.9433333333333334,-11.333333333333334
motiongen_1719,28.649999999999999,-5.116666666666668,10.01,1.7566666666666668,-11.446666666666667
motiongen_1720,28.667000000000002,-5.1466666666666683,10.01,1.5633333333333332,-11.546666666666667
motiongen_1721,28.683,-5.1733333333333356,10.01,1.3733333333333333,-11.636666666666667
motiongen_1722,28.699999999999999,-5.1933333333333351,10.01,1.1799999999999999,-11.713333333333333
motiongen_1723,28.716999999999999,-5.2133333333333356,10.01,0.98333333333333328,-11.776666666666667
motiongen_1724,28.733000000000001,-5.2300000000000013,10.01,0.78666666666666663,-11.83
motiongen_1725,28.75,-5.243333333333335,10.01,0.58999999999999997,-11.866666666666667
motiongen_1726,28.766999999999999,-5.2533333333333356,10.01,0.39333333333333331,-11.893333333333334
motiongen_1727,28.783000000000001,-5.2600000000000016,10.01,0.19333333333333336,-11.340000000000002
motiongen_1728,28.800000000000001,-5.2633333333333345,10.01,0.0033333333333333335,11.903333333333334
motiongen_1729,28.817,-5.2633333333333345,10.01,0.20333333333333334,11.890000000000001
motiongen_1730,28.832999999999998,-5.2600000000000016,10.01,0.40000000000000002,11.866666666666667
motiongen_1731,28.850000000000001,-5.2533333333333356,10.01,0.59999999999999998,11.826666666666668
motiongen_1732,28.867000000000001,-5.243333333333335,10.01,0.79666666666666663,11.773333333333333
motiongen_1733,28.882999999999999,-5.2300000000000013,10.01,0.99333333333333329,11.710000000000001
motiongen_1734,28.899999999999999,-5.2133333333333356,10.01,1.1866666666666668,11.633333333333335
motiongen_1735,28.917000000000002,-5.1933333333333351,10.01,1.3799999999999999,11.543333333333335
motiongen_1736,28.933,-5.1700000000000017,10.01,1.5733333333333333,11.44
motiongen_1737,28.949999999999999,-5.1433333333333344,10.01,1.7633333333333334,11.326666666666668
motiongen_1738,28.966999999999999,-5.116666666666668,10.01,1.9533333333333334,11.199999999999999
motiongen_1739,28.983000000000001,-5.0833333333333348,10.01,2.1400000000000001,11.063333333333334
motiongen_1740,29,-5.0466666666666686,10.01,2.3233333333333333,10.913333333333334
motiongen_1741,29.016999999999999,-5.0066666666666686,10.01,2.5066666666666668,10.75
motiongen_1742,29.033000000000001,-4.9666666666666686,10.01,2.686666666666667,10.58
motiongen_1743,29.050000000000001,-4.9200000000000017,10.01,2.8633333333333333,10.393333333333333
motiongen_1744,29.067,-4.8733333333333348,10.01,3.0333333333333337,10.200000000000001
motiongen_1745,29.082999999999998,-4.823333333333335,10.01,3.2033333333333331,9.9966666666666679
motiongen_1746,29.100000000000001,-4.7700000000000022,10.01,3.3699999999999997,9.7800000000000011
motiongen_1747,29.117000000000001,-4.7133333333333347,10.01,3.5333333333333337,9.5566666666666666
motiongen_1748,29.132999999999999,-4.6533333333333351,10.01,3.6933333333333338,9.3233333333333341
motiongen_1749,29.149999999999999,-4.5933333333333346,10.01,3.8500000000000001,9.0800000000000018
motiongen_1750,29.167000000000002,-4.530000000000002,10.01,4,8.8300000000000001
motiongen_1751,29.183,-4.4633333333333347,10.01,4.1466666666666665,8.5700000000000003
motiongen_1752,29.199999999999999,-4.3933333333333353,10.01,4.29,8.3000000000000007
motiongen_1753,29.216999999999999,-4.323333333333335,10.01,4.4299999999999997,8.0266666666666673
motiongen_1754,29.233000000000001,-4.2466666666666688,10.01,4.5633333333333335,7.7433333333333332
motiongen_1755,29.25,-4.1733333333333347,10.01,4.6933333333333334,7.453333333333334
motiongen_1756,29.266999999999999,-4.0933333333333346,10.01,4.8166666666666673,7.160000000000001
motiongen_1757,29.283000000000001,-4.0133333333333345,10.01,4.9366666666666674,6.8599999999999994
motiongen_1758,29.300000000000001,-3.9300000000000015,10.01,5.0499999999999998,6.5533333333333337
motiongen_1759,29.317,-3.8466666666666685,10.01,5.1600000000000001,6.2433333333333332
motiongen_1760,29.332999999999998,-3.7600000000000016,10.01,5.2633333333333336,5.9266666666666667
motiongen_1761,29.350000000000001,-3.6733333333333356,10.01,5.3633333333333333,5.6100000000000003
motiongen_1762,29.367000000000001,-3.5833333333333348,10.01,5.456666666666667,5.2866666666666671
motiongen_1763,29.382999999999999,-3.493333333333335,10.01,5.5433333333333339,4.96
motiongen_1764,29.399999999999999,-3.4000000000000017,10.01,5.6266666666666669,4.6333333333333329
motiongen_1765,29.417000000000002,-3.3066666666666684,10.01,5.703333333333334,4.3066666666666666
motiongen_1766,29.433,-3.2133333333333347,10.01,5.7733333333333334,3.9733333333333332
motiongen_1767,29.449999999999999,-3.1166666666666685,10.01,5.8399999999999999,3.6433333333333335
motiongen_1768,29.466999999999999,-3.0166666666666684,10.01,5.9033333333333333,3.3133333333333335
motiongen_1769,29.483000000000001,-2.9200000000000013,10.01,5.956666666666667,2.98
motiongen_1770,29.5,-2.8200000000000016,10.01,6.0066666666666668,2.6500000000000004
motiongen_1771,29.516999999999999,-2.7200000000000015,10.01,6.0499999999999998,2.3199999999999998
motiongen_1772,29.533000000000001,-2.6200000000000019,10.01,6.0899999999999999,1.9933333333333334
motiongen_1773,29.550000000000001,-2.5166666666666684,10.01,6.1233333333333331,1.6700000000000002
motiongen_1774,29.567,-2.4166666666666683,10.01,6.1500000000000004,1.3466666666666669
motiongen_1775,29.582999999999998,-2.3133333333333348,10.01,6.1733333333333338,1.0266666666666666
motiongen_1776,29.600000000000001,-2.2100000000000017,10.01,6.1900000000000004,0.70999999999999996
motiongen_1777,29.617000000000001,-2.1066666666666682,10.01,6.2033333333333331,0.39666666666666667
motiongen_1778,29.632999999999999,-2.0033333333333347,10.01,6.21,0.08666666666666667
motiongen_1779,29.649999999999999,-1.9000000000000012,10.01,6.21,-0.21666666666666667
motiongen_1780,29.667000000000002,-1.7966666666666682,10.01,6.206666666666667,-0.51333333333333331
motiongen_1781,29.683,-1.6933333333333351,10.01,6.1966666666666672,-0.80666666666666664
motiongen_1782,29.699999999999999,-1.5900000000000016,10.01,6.1833333333333336,-1.0966666666666667
motiongen_1783,29.716999999999999,-1.4866666666666681,10.01,6.166666666666667,-1.3766666666666667
motiongen_1784,29.733000000000001,-1.3833333333333351,10.01,6.1433333333333335,-1.6533333333333333
motiongen_1785,29.75,-1.283333333333335,10.01,6.1166666666666671,-1.9199999999999999
motiongen_1786,29.766999999999999,-1.1800000000000015,10.01,6.083333333333333,-2.1833333333333336
motiongen_1787,29.783000000000001,-1.0800000000000016,10.01,6.0466666666666669,-2.4399999999999999
motiongen_1788,29.800000000000001,-0.97666666666666813,10.01,6.0066666666666668,-2.686666666666667
motiongen_1789,29.817,-0.87666666666666826,10.01,5.9633333333333329,-2.9266666666666667
motiongen_1790,29.832999999999998,-0.78000000000000158,10.01,5.913333333333334,-3.1600000000000001
motiongen_1791,29.850000000000001,-0.68000000000000149,10.01,5.8600000000000003,-3.3866666666666667
motiongen_1792,29.867000000000001,-0.58333333333333481,10.01,5.8033333333333337,-3.6033333333333335
motiongen_1793,29.882999999999999,-0.48666666666666802,10.01,5.7433333333333341,-3.813333333333333
motiongen_1794,29.899999999999999,-0.39000000000000146,10.01,5.6799999999999997,-4.0166666666666675
motiongen_1795,29.917000000000002,-0.29666666666666819,10.01,5.6133333333333333,-4.21
motiongen_1796,29.933,-0.20000000000000151,10.01,5.5433333333333339,-4.3966666666666665
motiongen_1797,29.949999999999999,-0.11000000000000154,10.01,5.4700000000000006,-4.5766666666666671
motiongen_1798,29.966999999999999,-0.016666666666668106,10.01,5.3933333333333335,-4.75
motiongen_1799,29.983000000000001,0.073333333333331863,10.01,5.3133333333333335,-4.9133333333333331
motiongen_1800,30,0.15999999999999853,10.01,5.2333333333333334,-5.0666666666666673
motiongen_1801,30.016999999999999,0.2466666666666652,10.01,5.1466666666666674,-5.2166666666666668
motiongen_1802,30.033000000000001,0.33333333333333187,10.01,5.0600000000000005,-5.3566666666666665
motiongen_1803,30.050000000000001,0.41666666666666524,10.01,4.9733333333333336,-5.4933333333333332
motiongen_1804,30.067,0.49999999999999856,10.01,4.8799999999999999,-5.6200000000000001
motiongen_1805,30.082999999999998,0.58333333333333193,10.01,4.7866666666666671,-5.7366666666666672
motiongen_1806,30.100000000000001,0.66333333333333189,10.01,4.6900000000000004,-5.8499999999999996
motiongen_1807,30.117000000000001,0.73999999999999866,10.01,4.5933333333333328,-5.956666666666667
motiongen_1808,30.132999999999999,0.81666666666666521,10.01,4.4933333333333341,-6.0566666666666666
motiongen_1809,30.149999999999999,0.88999999999999857,10.01,4.3933333333333335,-6.1500000000000004
motiongen_1810,30.167000000000002,0.96333333333333193,10.01,4.29,-6.2400000000000002
motiongen_1811,30.183,1.0366666666666653,10.01,4.1866666666666665,-6.3200000000000003
motiongen_1812,30.199999999999999,1.1066666666666651,10.01,4.0800000000000001,-6.3966666666666674
motiongen_1813,30.216999999999999,1.173333333333332,10.01,3.976666666666667,-6.4666666666666668
motiongen_1814,30.233000000000001,1.2399999999999984,10.01,3.8666666666666667,-6.5333333333333332
motiongen_1815,30.25,1.3033333333333319,10.01,3.7566666666666668,-6.5933333333333337
motiongen_1816,30.266999999999999,1.3666666666666654,10.01,3.6499999999999999,-6.6500000000000004
motiongen_1817,30.283000000000001,1.4266666666666652,10.01,3.5366666666666666,-6.703333333333334
motiongen_1818,30.300000000000001,1.4866666666666652,10.01,3.4266666666666667,-6.75
motiongen_1819,30.317,1.5433333333333319,10.01,3.3133333333333335,-6.793333333333333
motiongen_1820,30.332999999999998,1.5999999999999988,10.01,3.2000000000000002,-6.833333333333333
motiongen_1821,30.350000000000001,1.653333333333332,10.01,3.0866666666666669,-6.8700000000000001
motiongen_1822,30.367000000000001,1.703333333333332,10.01,2.9733333333333336,-6.9033333333333342
motiongen_1823,30.382999999999999,1.7533333333333321,10.01,2.8566666666666669,-6.9333333333333336
motiongen_1824,30.399999999999999,1.7999999999999987,10.01,2.7399999999999998,-6.9600000000000009
motiongen_1825,30.417000000000002,1.8466666666666651,10.01,2.6266666666666669,-6.9833333333333343
motiongen_1826,30.433,1.8899999999999986,10.01,2.5100000000000002,-7.0066666666666668
motiongen_1827,30.449999999999999,1.933333333333332,10.01,2.3933333333333335,-7.0266666666666673
motiongen_1828,30.466999999999999,1.9733333333333321,10.01,2.2733333333333334,-7.0433333333333339
motiongen_1829,30.483000000000001,2.0099999999999989,10.01,2.1566666666666667,-7.0566666666666666
motiongen_1830,30.5,2.0466666666666651,10.01,2.04,-7.0700000000000003
motiongen_1831,30.516999999999999,2.0799999999999983,10.01,1.9233333333333333,-7.0833333333333339
motiongen_1832,30.533000000000001,2.113333333333332,10.01,1.8033333333333335,-7.0933333333333337
motiongen_1833,30.550000000000001,2.1433333333333318,10.01,1.6866666666666668,-7.1033333333333326
motiongen_1834,30.567,2.1699999999999986,10.01,1.5666666666666667,-7.1100000000000003
motiongen_1835,30.582999999999998,2.1966666666666654,10.01,1.45,-7.1166666666666663
motiongen_1836,30.600000000000001,2.2199999999999989,10.01,1.3300000000000001,-7.123333333333334
motiongen_1837,30.617000000000001,2.2433333333333323,10.01,1.21,-7.1266666666666669
motiongen_1838,30.632999999999999,2.2633333333333319,10.01,1.0933333333333335,-7.1299999999999999
motiongen_1839,30.649999999999999,2.2799999999999985,10.01,0.97333333333333327,-7.1333333333333337
motiongen_1840,30.667000000000002,2.2966666666666655,10.01,0.85333333333333339,-7.1366666666666667
motiongen_1841,30.683,2.3133333333333321,10.01,0.73666666666666669,-7.1399999999999997
motiongen_1842,30.699999999999999,2.3233333333333324,10.01,0.6166666666666667,-7.1433333333333326
motiongen_1843,30.716999999999999,2.3333333333333317,10.01,0.49666666666666665,-7.1433333333333326
motiongen_1844,30.733000000000001,2.3433333333333319,10.01,0.38,-7.1433333333333326
motiongen_1845,30.75,2.3499999999999988,10.01,0.26000000000000001,-7.1466666666666674
motiongen_1846,30.766999999999999,2.3533333333333317,10.01,0.14000000000000001,-7.1466666666666674
motiongen_1847,30.783000000000001,2.3566666666666651,10.01,0.023333333333333334,4.5433333333333339
motiongen_1848,30.800000000000001,2.3566666666666651,10.01,0.096666666666666679,7.1466666666666674
motiongen_1849,30.817,2.3533333333333317,10.01,0.21666666666666667,7.1433333333333326
motiongen_1850,30.832999999999998,2.3499999999999988,10.01,0.33666666666666673,7.1433333333333326
motiongen_1851,30.850000000000001,2.3466666666666649,10.01,0.45333333333333337,7.1433333333333326
motiongen_1852,30.867000000000001,2.3366666666666651,10.01,0.57333333333333336,7.1399999999999997
motiongen_1853,30.882999999999999,2.3266666666666653,10.01,0.69333333333333336,7.1399999999999997
motiongen_1854,30.899999999999999,2.3166666666666655,10.01,0.81000000000000005,7.1366666666666667
motiongen_1855,30.917000000000002,2.3033333333333319,10.01,0.93000000000000016,7.1333333333333337
motiongen_1856,30.933,2.2866666666666653,10.01,1.05,7.1299999999999999
motiongen_1857,30.949999999999999,2.2699999999999987,10.01,1.1666666666666667,7.123333333333334
motiongen_1858,30.966999999999999,2.2499999999999987,10.01,1.2866666666666668,7.120000000000001
motiongen_1859,30.983000000000001,2.2299999999999986,10.01,1.4066666666666667,7.1133333333333333
motiongen_1860,31,2.2066666666666652,10.01,1.5233333333333334,7.1066666666666674
motiongen_1861,31.016999999999999,2.1799999999999988,10.01,1.6433333333333333,7.0966666666666667
motiongen_1862,31.033000000000001,2.153333333333332,10.01,1.7600000000000002,7.0866666666666669
motiongen_1863,31.050000000000001,2.1233333333333322,10.01,1.8799999999999999,7.076666666666668
motiongen_1864,31.067,2.0933333333333319,10.01,1.9966666666666666,7.0633333333333344
motiongen_1865,31.082999999999998,2.0599999999999987,10.01,2.1133333333333333,7.0466666666666669
motiongen_1866,31.100000000000001,2.0233333333333317,10.01,2.2333333333333334,7.0300000000000002
motiongen_1867,31.117000000000001,1.9866666666666652,10.01,2.3500000000000001,7.0133333333333336
motiongen_1868,31.132999999999999,1.9466666666666652,10.01,2.4666666666666668,6.9933333333333332
motiongen_1869,31.149999999999999,1.9066666666666652,10.01,2.5833333333333335,6.9700000000000006
motiongen_1870,31.167000000000002,1.863333333333332,10.01,2.7000000000000002,6.9433333333333342
motiongen_1871,31.183,1.8166666666666651,10.01,2.8133333333333335,6.9133333333333331
motiongen_1872,31.199999999999999,1.7699999999999987,10.01,2.9300000000000002,6.8833333333333337
motiongen_1873,31.216999999999999,1.7233333333333321,10.01,3.0433333333333334,6.8466666666666667
motiongen_1874,31.233000000000001,1.673333333333332,10.01,3.1600000000000001,6.8100000000000005
motiongen_1875,31.25,1.6199999999999986,10.01,3.2733333333333334,6.7666666666666666
motiongen_1876,31.266999999999999,1.5633333333333319,10.01,3.3833333333333333,6.7200000000000006
motiongen_1877,31.283000000000001,1.5066666666666653,10.01,3.4966666666666666,6.6699999999999999
motiongen_1878,31.300000000000001,1.4499999999999984,10.01,3.6066666666666669,6.6166666666666671
motiongen_1879,31.317,1.3899999999999988,10.01,3.7200000000000006,6.5566666666666675
motiongen_1880,31.332999999999998,1.3266666666666653,10.01,3.8266666666666667,6.4933333333333332
motiongen_1881,31.350000000000001,1.2633333333333319,10.01,3.936666666666667,6.4233333333333338
motiongen_1882,31.367000000000001,1.1999999999999986,10.01,4.0433333333333339,6.3500000000000005
motiongen_1883,31.382999999999999,1.1299999999999986,10.01,4.1500000000000004,6.2700000000000005
motiongen_1884,31.399999999999999,1.0633333333333319,10.01,4.2533333333333339,6.1833333333333336
motiongen_1885,31.417000000000002,0.98999999999999855,10.01,4.3566666666666665,6.0933333333333337
motiongen_1886,31.433,0.9199999999999986,10.01,4.456666666666667,5.9933333333333341
motiongen_1887,31.449999999999999,0.84333333333333194,10.01,4.5566666666666666,5.8899999999999997
motiongen_1888,31.466999999999999,0.76666666666666528,10.01,4.6566666666666672,5.7800000000000002
motiongen_1889,31.483000000000001,0.68999999999999861,10.01,4.753333333333333,5.663333333333334
motiongen_1890,31.5,0.60999999999999854,10.01,4.8466666666666667,5.54
motiongen_1891,31.516999999999999,0.52999999999999858,10.01,4.9400000000000004,5.4066666666666672
motiongen_1892,31.533000000000001,0.44666666666666521,10.01,5.0300000000000002,5.2700000000000005
motiongen_1893,31.550000000000001,0.3633333333333319,10.01,5.1166666666666663,5.1233333333333331
motiongen_1894,31.567,0.27999999999999858,10.01,5.2033333333333331,4.9700000000000006
motiongen_1895,31.582999999999998,0.19333333333333186,10.01,5.2866666666666671,4.8100000000000005
motiongen_1896,31.600000000000001,0.10333333333333189,10.01,5.3666666666666671,4.6399999999999997
motiongen_1897,31.617000000000001,0.013333333333331865,10.01,5.4433333333333334,4.4633333333333338
motiongen_1898,31.632999999999999,-0.076666666666668104,10.01,5.5166666666666666,4.2800000000000002
motiongen_1899,31.649999999999999,-0.16666666666666818,10.01,5.5900000000000007,4.0900000000000007
motiongen_1900,31.667000000000002,-0.26000000000000145,10.01,5.6566666666666672,3.8900000000000001
motiongen_1901,31.683,-0.35666666666666813,10.01,5.7199999999999998,3.6833333333333336
motiongen_1902,31.699999999999999,-0.45000000000000151,10.01,5.7833333333333341,3.4666666666666668
motiongen_1903,31.716999999999999,-0.54666666666666819,10.01,5.8399999999999999,3.2433333333333332
motiongen_1904,31.733000000000001,-0.64333333333333487,10.01,5.8933333333333335,3.0133333333333336
motiongen_1905,31.75,-0.74333333333333473,10.01,5.9433333333333334,2.7766666666666668
motiongen_1906,31.766999999999999,-0.84000000000000163,10.01,5.9900000000000002,2.5300000000000002
motiongen_1907,31.783000000000001,-0.9400000000000015,10.01,6.0333333333333341,2.2766666666666668
motiongen_1908,31.800000000000001,-1.0433333333333348,10.01,6.0700000000000003,2.0166666666666666
motiongen_1909,31.817,-1.1433333333333349,10.01,6.1033333333333335,1.7500000000000002
motiongen_1910,31.832999999999998,-1.243333333333335,10.01,6.1333333333333337,1.4766666666666668
motiongen_1911,31.850000000000001,-1.3466666666666682,10.01,6.1600000000000001,1.2
motiongen_1912,31.867000000000001,-1.4500000000000013,10.01,6.1800000000000006,0.91333333333333344
motiongen_1913,31.882999999999999,-1.553333333333335,10.01,6.1933333333333342,0.62333333333333341
motiongen_1914,31.899999999999999,-1.6566666666666681,10.01,6.2033333333333331,0.32666666666666672
motiongen_1915,31.917000000000002,-1.7600000000000016,10.01,6.21,0.023333333333333334
motiongen_1916,31.933,-1.8633333333333346,10.01,6.21,-0.28333333333333338
motiongen_1917,31.949999999999999,-1.9666666666666681,10.01,6.206666666666667,-0.59333333333333338
motiongen_1918,31.966999999999999,-2.0700000000000016,10.01,6.1966666666666672,-0.91000000000000014
motiongen_1919,31.983000000000001,-2.1733333333333351,10.01,6.1800000000000006,-1.23
motiongen_1920,32,-2.2766666666666682,10.01,6.1600000000000001,-1.55
motiongen_1921,32.017000000000003,-2.3800000000000017,10.01,6.1333333333333337,-1.8766666666666665
motiongen_1922,32.033000000000001,-2.4800000000000018,10.01,6.1033333333333335,-2.2033333333333336
motiongen_1923,32.049999999999997,-2.5833333333333348,10.01,6.0666666666666673,-2.5300000000000002
motiongen_1924,32.067,-2.6833333333333349,10.01,6.0233333333333334,-2.8599999999999999
motiongen_1925,32.082999999999998,-2.783333333333335,10.01,5.9766666666666666,-3.1933333333333334
motiongen_1926,32.100000000000001,-2.8833333333333351,10.01,5.9233333333333329,-3.5233333333333334
motiongen_1927,32.116999999999997,-2.9833333333333352,10.01,5.8633333333333333,-3.8533333333333331
motiongen_1928,32.133000000000003,-3.0800000000000014,10.01,5.7999999999999998,-4.1866666666666665
motiongen_1929,32.149999999999999,-3.1766666666666685,10.01,5.7300000000000004,-4.5166666666666666
motiongen_1930,32.167000000000002,-3.2733333333333348,10.01,5.6533333333333333,-4.8433333333333337
motiongen_1931,32.183,-3.3666666666666685,10.01,5.5733333333333333,-5.1699999999999999
motiongen_1932,32.200000000000003,-3.4600000000000017,10.01,5.4866666666666664,-5.4933333333333332
motiongen_1933,32.216999999999999,-3.5500000000000016,10.01,5.3966666666666665,-5.8133333333333335
motiongen_1934,32.232999999999997,-3.6400000000000023,10.01,5.3000000000000007,-6.1299999999999999
motiongen_1935,32.25,-3.7300000000000013,10.01,5.1966666666666663,-6.4400000000000004
motiongen_1936,32.267000000000003,-3.8166666666666682,10.01,5.0899999999999999,-6.75
motiongen_1937,32.283000000000001,-3.9000000000000012,10.01,4.9766666666666675,-7.0500000000000007
motiongen_1938,32.299999999999997,-3.9833333333333352,10.01,4.8600000000000003,-7.3500000000000005
motiongen_1939,32.317,-4.0633333333333352,10.01,4.7366666666666672,-7.6399999999999997
motiongen_1940,32.332999999999998,-4.1433333333333344,10.01,4.6100000000000003,-7.9233333333333329
motiongen_1941,32.350000000000001,-4.2200000000000015,10.01,4.4766666666666666,-8.2033333333333331
motiongen_1942,32.366999999999997,-4.2966666666666677,10.01,4.3400000000000007,-8.4733333333333327
motiongen_1943,32.383000000000003,-4.3666666666666689,10.01,4.2000000000000002,-8.7366666666666664
motiongen_1944,32.399999999999999,-4.4366666666666683,10.01,4.0533333333333337,-8.9900000000000002
motiongen_1945,32.417000000000002,-4.5066666666666686,10.01,3.9033333333333338,-9.2366666666666664
motiongen_1946,32.433,-4.5700000000000021,10.01,3.75,-9.4733333333333345
motiongen_1947,32.450000000000003,-4.6333333333333346,10.01,3.5933333333333337,-9.7000000000000011
motiongen_1948,32.466999999999999,-4.6933333333333351,10.01,3.4299999999999997,-9.9199999999999999
motiongen_1949,32.482999999999997,-4.7500000000000018,10.01,3.2666666666666666,-10.126666666666667
motiongen_1950,32.5,-4.8033333333333355,10.01,3.0966666666666671,-10.326666666666666
motiongen_1951,32.517000000000003,-4.8566666666666682,10.01,2.9266666666666667,-10.513333333333334
motiongen_1952,32.533000000000001,-4.9033333333333351,10.01,2.75,-10.69
motiongen_1953,32.549999999999997,-4.950000000000002,10.01,2.5733333333333337,-10.856666666666667
motiongen_1954,32.567,-4.993333333333335,10.01,2.3900000000000001,-11.01
motiongen_1955,32.582999999999998,-5.033333333333335,10.01,2.206666666666667,-11.153333333333334
motiongen_1956,32.600000000000001,-5.0700000000000012,10.01,2.02,-11.283333333333333
motiongen_1957,32.616999999999997,-5.1033333333333344,10.01,1.8333333333333335,-11.4
motiongen_1958,32.633000000000003,-5.1333333333333355,10.01,1.6433333333333333,-11.506666666666668
motiongen_1959,32.649999999999999,-5.1600000000000019,10.01,1.45,-11.603333333333333
motiongen_1960,32.667000000000002,-5.1866666666666683,10.01,1.2566666666666668,-11.683333333333334
motiongen_1961,32.683,-5.2066666666666688,10.01,1.0633333333333335,-11.753333333333334
motiongen_1962,32.700000000000003,-5.2233333333333345,10.01,0.8666666666666667,-11.81
motiongen_1963,32.716999999999999,-5.240000000000002,10.01,0.67000000000000004,-11.853333333333333
motiongen_1964,32.732999999999997,-5.2500000000000018,10.01,0.47333333333333333,-11.883333333333333
motiongen_1965,32.75,-5.2566666666666686,10.01,0.27666666666666667,-11.9
motiongen_1966,32.767000000000003,-5.2633333333333345,10.01,0.076666666666666675,2.6933333333333338
motiongen_1967,32.783000000000001,-5.2633333333333345,10.01,0.12333333333333334,11.9
motiongen_1968,32.799999999999997,-5.2633333333333345,10.01,0.32000000000000001,11.876666666666667
motiongen_1969,32.817,-5.2566666666666686,10.01,0.51666666666666672,11.843333333333334
motiongen_1970,32.832999999999998,-5.2466666666666688,10.01,0.71666666666666667,11.796666666666667
motiongen_1971,32.850000000000001,-5.2366666666666681,10.01,0.91333333333333344,11.736666666666666
motiongen_1972,32.866999999999997,-5.2200000000000015,10.01,1.1066666666666667,11.666666666666668
motiongen_1973,32.883000000000003,-5.2033333333333349,10.01,1.3033333333333335,11.580000000000002
motiongen_1974,32.899999999999999,-5.1800000000000015,10.01,1.4966666666666668,11.483333333333333
motiongen_1975,32.917000000000002,-5.1566666666666681,10.01,1.6866666666666668,11.376666666666667
motiongen_1976,32.933,-5.1266666666666687,10.01,1.8766666666666665,11.253333333333334
motiongen_1977,32.950000000000003,-5.0966666666666685,10.01,2.0633333333333335,11.119999999999999
motiongen_1978,32.966999999999999,-5.0633333333333344,10.01,2.2500000000000004,10.976666666666668
motiongen_1979,32.982999999999997,-5.0233333333333343,10.01,2.4333333333333336,10.82
motiongen_1980,33,-4.9833333333333343,10.01,2.6133333333333337,10.65
motiongen_1981,33.017000000000003,-4.9400000000000013,10.01,2.79,10.470000000000001
motiongen_1982,33.033000000000001,-4.8933333333333353,10.01,2.9633333333333334,10.283333333333333
motiongen_1983,33.049999999999997,-4.8433333333333355,10.01,3.1366666666666667,10.08
motiongen_1984,33.067,-4.7933333333333348,10.01,3.3033333333333332,9.8699999999999992
motiongen_1985,33.082999999999998,-4.7366666666666681,10.01,3.4666666666666668,9.6500000000000004
motiongen_1986,33.100000000000001,-4.6800000000000015,10.01,3.6299999999999999,9.4199999999999999
motiongen_1987,33.116999999999997,-4.620000000000001,10.01,3.7866666666666666,9.1799999999999997
motiongen_1988,33.133000000000003,-4.5566666666666684,10.01,3.9399999999999999,8.9333333333333336
motiongen_1989,33.149999999999999,-4.490000000000002,10.01,4.0866666666666669,8.6766666666666676
motiongen_1990,33.167000000000002,-4.4233333333333347,10.01,4.2333333333333334,8.413333333333334
motiongen_1991,33.183,-4.3500000000000014,10.01,4.373333333333334,8.1400000000000006
motiongen_1992,33.200000000000003,-4.280000000000002,10.01,4.5099999999999998,7.8600000000000003
motiongen_1993,33.216999999999999,-4.2033333333333349,10.01,4.6399999999999997,7.5733333333333333
motiongen_1994,33.232999999999997,-4.1266666666666687,10.01,4.7666666666666666,7.2833333333333341
motiongen_1995,33.25,-4.0466666666666686,10.01,4.8866666666666667,6.9833333333333343
motiongen_1996,33.267000000000003,-3.9666666666666686,10.01,5.003333333333333,6.6800000000000006
motiongen_1997,33.283000000000001,-3.8833333333333355,10.01,5.1133333333333333,6.3700000000000001
motiongen_1998,33.299999999999997,-3.7966666666666686,10.01,5.2200000000000006,6.0566666666666666
motiongen_1999,33.317,-3.7100000000000017,10.01,5.3233333333333333,5.7400000000000002
motiongen_2000,33.332999999999998,-3.6200000000000019,10.01,5.416666666666667,5.4199999999999999
motiongen_2001,33.350000000000001,-3.5300000000000016,10.01,5.5066666666666668,5.0966666666666667
motiongen_2002,33.366999999999997,-3.4400000000000017,10.01,5.5933333333333337,4.7700000000000005
motiongen_2003,33.383000000000003,-3.3466666666666685,10.01,5.6733333333333338,4.4400000000000004
motiongen_2004,33.399999999999999,-3.2500000000000018,10.01,5.746666666666667,4.1100000000000003
motiongen_2005,33.417000000000002,-3.1566666666666685,10.01,5.8133333333333335,3.7799999999999998
motiongen_2006,33.433,-3.0566666666666684,10.01,5.8766666666666669,3.4499999999999997
motiongen_2007,33.450000000000003,-2.9600000000000013,10.01,5.9366666666666665,3.1166666666666671
motiongen_2008,33.466999999999999,-2.8600000000000017,10.01,5.9866666666666672,2.7866666666666666
motiongen_2009,33.482999999999997,-2.7600000000000016,10.01,6.0333333333333341,2.4566666666666666
motiongen_2010,33.5,-2.6600000000000019,10.01,6.0733333333333341,2.1266666666666669
motiongen_2011,33.517000000000003,-2.5600000000000018,10.01,6.1100000000000003,1.8033333333333335
motiongen_2012,33.533000000000001,-2.4566666666666683,10.01,6.1400000000000006,1.4766666666666668
motiongen_2013,33.549999999999997,-2.3566666666666682,10.01,6.1633333333333331,1.1566666666666667
motiongen_2014,33.567,-2.2533333333333347,10.01,6.1833333333333336,0.84000000000000008
motiongen_2015,33.582999999999998,-2.1500000000000017,10.01,6.1966666666666672,0.52333333333333332
motiongen_2016,33.600000000000001,-2.0466666666666682,10.01,6.206666666666667,0.21333333333333335
motiongen_2017,33.616999999999997,-1.9433333333333347,10.01,6.21,-0.089999999999999997
motiongen_2018,33.633000000000003,-1.8400000000000012,10.01,6.21,-0.39333333333333331
motiongen_2019,33.649999999999999,-1.7366666666666681,10.01,6.2033333333333331,-0.68666666666666665
motiongen_2020,33.667000000000002,-1.6333333333333351,10.01,6.1900000000000004,-0.97666666666666668
motiongen_2021,33.683,-1.5300000000000014,10.01,6.1733333333333338,-1.2633333333333334
motiongen_2022,33.700000000000003,-1.4266666666666681,10.01,6.1533333333333342,-1.54
motiongen_2023,33.716999999999999,-1.323333333333335,10.01,6.1266666666666669,-1.8100000000000003
motiongen_2024,33.732999999999997,-1.2233333333333349,10.01,6.0966666666666667,-2.0766666666666667
motiongen_2025,33.75,-1.1200000000000014,10.01,6.0633333333333335,-2.3333333333333335
motiongen_2026,33.767000000000003,-1.0200000000000016,10.01,6.0233333333333334,-2.5866666666666669
motiongen_2027,33.783000000000001,-0.92000000000000148,10.01,5.9800000000000004,-2.8300000000000001
motiongen_2028,33.799999999999997,-0.82000000000000162,10.01,5.9333333333333336,-3.0666666666666669
motiongen_2029,33.817,-0.72000000000000153,10.01,5.8833333333333329,-3.2933333333333334
motiongen_2030,33.832999999999998,-0.62333333333333485,10.01,5.8266666666666671,-3.5166666666666666
motiongen_2031,33.850000000000001,-0.52666666666666806,10.01,5.7700000000000005,-3.73
motiongen_2032,33.866999999999997,-0.43000000000000149,10.01,5.706666666666667,-3.9333333333333331
motiongen_2033,33.883000000000003,-0.33333333333333481,10.01,5.6399999999999997,-4.1333333333333337
motiongen_2034,33.899999999999999,-0.24000000000000143,10.01,5.5733333333333333,-4.3233333333333333
motiongen_2035,33.917000000000002,-0.14666666666666817,10.01,5.5,-4.5033333333333339
motiongen_2036,33.933,-0.056666666666668086,10.01,5.4266666666666667,-4.6799999999999997
motiongen_2037,33.950000000000003,0.036666666666665182,10.01,5.3466666666666676,-4.8466666666666667
motiongen_2038,33.966999999999999,0.12333333333333185,10.01,5.2666666666666675,-5.0066666666666668
motiongen_2039,33.982999999999997,0.2133333333333319,10.01,5.1833333333333336,-5.1566666666666663
motiongen_2040,34,0.29999999999999855,10.01,5.0966666666666667,-5.3000000000000007
motiongen_2041,34.017000000000003,0.38333333333333186,10.01,5.0099999999999998,-5.4366666666666665
motiongen_2042,34.033000000000001,0.46666666666666523,10.01,4.9199999999999999,-5.5666666666666664
motiongen_2043,34.049999999999997,0.5499999999999986,10.01,4.8266666666666671,-5.6900000000000004
motiongen_2044,34.067,0.62999999999999856,10.01,4.7300000000000004,-5.8066666666666666
motiongen_2045,34.082999999999998,0.70666666666666522,10.01,4.6333333333333329,-5.913333333333334
motiongen_2046,34.100000000000001,0.78666666666666529,10.01,4.5366666666666671,-6.0166666666666666
motiongen_2047,34.116999999999997,0.85999999999999854,10.01,4.4366666666666665,-6.1133333333333342
motiongen_2048,34.133000000000003,0.93333333333333179,10.01,4.3333333333333339,-6.2033333333333331
motiongen_2049,34.149999999999999,1.0066666666666653,10.01,4.2299999999999995,-6.2866666666666662
motiongen_2050,34.167000000000002,1.0766666666666653,10.01,4.1266666666666669,-6.3666666666666663
motiongen_2051,34.183,1.1466666666666652,10.01,4.0200000000000005,-6.4400000000000004
motiongen_2052,34.200000000000003,1.213333333333332,10.01,3.9100000000000001,-6.5066666666666668
motiongen_2053,34.216999999999999,1.2799999999999985,10.01,3.8033333333333337,-6.5700000000000003
motiongen_2054,34.232999999999997,1.3433333333333319,10.01,3.6933333333333338,-6.6300000000000008
motiongen_2055,34.25,1.403333333333332,10.01,3.5833333333333335,-6.6833333333333336
motiongen_2056,34.267000000000003,1.4633333333333318,10.01,3.4733333333333336,-6.7300000000000004
motiongen_2057,34.283000000000001,1.5199999999999987,10.01,3.3600000000000003,-6.7766666666666664
motiongen_2058,34.299999999999997,1.5766666666666653,10.01,3.2466666666666666,-6.8166666666666664
motiongen_2059,34.317,1.6299999999999986,10.01,3.1333333333333333,-6.8566666666666665
motiongen_2060,34.332999999999998,1.683333333333332,10.01,3.02,-6.8900000000000006
motiongen_2061,34.350000000000001,1.7333333333333321,10.01,2.9033333333333333,-6.9200000000000008
motiongen_2062,34.366999999999997,1.7833333333333321,10.01,2.79,-6.9500000000000002
motiongen_2063,34.383000000000003,1.8299999999999985,10.01,2.6733333333333338,-6.9733333333333336
motiongen_2064,34.399999999999999,1.873333333333332,10.01,2.5566666666666666,-6.9966666666666679
motiongen_2065,34.417000000000002,1.9166666666666652,10.01,2.4399999999999999,-7.0166666666666666
motiongen_2066,34.433,1.9566666666666652,10.01,2.3233333333333333,-7.036666666666668
motiongen_2067,34.450000000000003,1.9966666666666653,10.01,2.206666666666667,-7.0500000000000007
motiongen_2068,34.466999999999999,2.0333333333333319,10.01,2.0866666666666669,-7.0666666666666673
motiongen_2069,34.482999999999997,2.0666666666666655,10.01,1.97,-7.076666666666668
motiongen_2070,34.5,2.0999999999999988,10.01,1.8533333333333335,-7.0899999999999999
motiongen_2071,34.517000000000003,2.1299999999999986,10.01,1.7333333333333334,-7.0999999999999996
motiongen_2072,34.533000000000001,2.1599999999999984,10.01,1.6166666666666667,-7.1066666666666674
motiongen_2073,34.549999999999997,2.1866666666666656,10.01,1.4966666666666668,-7.1133333333333333
motiongen_2074,34.567,2.2099999999999986,10.01,1.3799999999999999,-7.120000000000001
motiongen_2075,34.582999999999998,2.2333333333333321,10.01,1.26,-7.1266666666666669
motiongen_2076,34.600000000000001,2.2566666666666655,10.01,1.1400000000000001,-7.1299999999999999
motiongen_2077,34.616999999999997,2.2733333333333321,10.01,1.0233333333333334,-7.1333333333333337
motiongen_2078,34.633000000000003,2.2899999999999987,10.01,0.90333333333333343,-7.1366666666666667
motiongen_2079,34.649999999999999,2.3066666666666658,10.01,0.78333333333333333,-7.1399999999999997
motiongen_2080,34.667000000000002,2.3199999999999985,10.01,0.66666666666666674,-7.1399999999999997
motiongen_2081,34.683,2.3299999999999987,10.01,0.54666666666666675,-7.1433333333333326
motiongen_2082,34.700000000000003,2.3399999999999985,10.01,0.42666666666666669,-7.1433333333333326
motiongen_2083,34.716999999999999,2.3466666666666649,10.01,0.31,-7.1433333333333326
motiongen_2084,34.732999999999997,2.3533333333333317,10.01,0.19,-7.1466666666666674
motiongen_2085,34.75,2.3566666666666651,10.01,0.070000000000000007,-1.3233333333333335
motiongen_2086,34.767000000000003,2.3566666666666651,10.01,0.050000000000000003,7.1466666666666674
motiongen_2087,34.783000000000001,2.3566666666666651,10.01,0.16666666666666669,7.1433333333333326
motiongen_2088,34.799999999999997,2.3533333333333317,10.01,0.28666666666666668,7.1433333333333326
motiongen_2089,34.817,2.3466666666666649,10.01,0.40666666666666668,7.1433333333333326
motiongen_2090,34.832999999999998,2.3399999999999985,10.01,0.52333333333333332,7.1399999999999997
motiongen_2091,34.850000000000001,2.3333333333333317,10.01,0.64333333333333342,7.1399999999999997
motiongen_2092,34.866999999999997,2.3199999999999985,10.01,0.76333333333333342,7.1366666666666667
motiongen_2093,34.883000000000003,2.3099999999999987,10.01,0.88333333333333341,7.1333333333333337
motiongen_2094,34.899999999999999,2.2933333333333321,10.01,1,7.1299999999999999
motiongen_2095,34.917000000000002,2.2766666666666655,10.01,1.1200000000000001,7.1266666666666669
motiongen_2096,34.933,2.2599999999999989,10.01,1.2366666666666668,7.120000000000001
motiongen_2097,34.950000000000003,2.2366666666666655,10.01,1.3566666666666667,7.1166666666666663
motiongen_2098,34.966999999999999,2.2166666666666655,10.01,1.4766666666666668,7.1066666666666674
motiongen_2099,34.982999999999997,2.1899999999999986,10.01,1.5933333333333333,7.0999999999999996
motiongen_2100,35,2.1633333333333322,10.01,1.7133333333333334,7.0899999999999999
motiongen_2101,35.017000000000003,2.1366666666666654,10.01,1.8300000000000003,7.080000000000001
motiongen_2102,35.033000000000001,2.1066666666666656,10.01,1.95,7.0666666666666673
motiongen_2103,35.049999999999997,2.0733333333333319,10.01,2.0666666666666669,7.0533333333333337
motiongen_2104,35.067,2.0399999999999983,10.01,2.1833333333333336,7.0400000000000009
motiongen_2105,35.082999999999998,2.0033333333333321,10.01,2.2999999999999998,7.0199999999999996
motiongen_2106,35.100000000000001,1.963333333333332,10.01,2.4166666666666665,7.0000000000000009
motiongen_2107,35.116999999999997,1.923333333333332,10.01,2.5333333333333337,6.9799999999999995
motiongen_2108,35.133000000000003,1.8799999999999986,10.01,2.6500000000000004,6.9533333333333331
motiongen_2109,35.149999999999999,1.8366666666666651,10.01,2.7666666666666666,6.9266666666666667
motiongen_2110,35.167000000000002,1.7899999999999987,10.01,2.8833333333333333,6.8966666666666665
motiongen_2111,35.183,1.7433333333333321,10.01,2.996666666666667,6.8633333333333342
motiongen_2112,35.200000000000003,1.693333333333332,10.01,3.1133333333333337,6.8266666666666671
motiongen_2113,35.216999999999999,1.6399999999999986,10.01,3.2266666666666666,6.7833333333333341
motiongen_2114,35.232999999999997,1.5866666666666653,10.01,3.3400000000000003,6.7399999999999993
motiongen_2115,35.25,1.5299999999999987,10.01,3.4499999999999997,6.6900000000000004
motiongen_2116,35.267000000000003,1.4733333333333318,10.01,3.5633333333333335,6.6400000000000006
motiongen_2117,35.283000000000001,1.4133333333333318,10.01,3.6733333333333338,6.5800000000000001
motiongen_2118,35.299999999999997,1.3533333333333319,10.01,3.7833333333333337,6.5200000000000005
motiongen_2119,35.317,1.2899999999999987,10.01,3.8900000000000001,6.4533333333333331
motiongen_2120,35.332999999999998,1.2266666666666652,10.01,4,6.3799999999999999
motiongen_2121,35.350000000000001,1.1599999999999986,10.01,4.1066666666666665,6.3033333333333337
motiongen_2122,35.366999999999997,1.0899999999999985,10.01,4.21,6.2200000000000006
motiongen_2123,35.383000000000003,1.0199999999999987,10.01,4.3133333333333335,6.1299999999999999
motiongen_2124,35.399999999999999,0.94999999999999862,10.01,4.416666666666667,6.0366666666666671
motiongen_2125,35.417000000000002,0.87333333333333196,10.01,4.5166666666666666,5.9333333333333336
motiongen_2126,35.433,0.79999999999999849,10.01,4.6166666666666671,5.8266666666666671
motiongen_2127,35.450000000000003,0.72333333333333183,10.01,4.7133333333333329,5.7133333333333338
motiongen_2128,35.466999999999999,0.64333333333333187,10.01,4.8066666666666666,5.5900000000000007
motiongen_2129,35.482999999999997,0.56333333333333191,10.01,4.9000000000000004,5.4633333333333338
motiongen_2130,35.5,0.48333333333333189,10.01,4.9933333333333332,5.3266666666666671
motiongen_2131,35.517000000000003,0.39999999999999858,10.01,5.0800000000000001,5.1833333333333336
motiongen_2132,35.533000000000001,0.31333333333333191,10.01,5.166666666666667,5.0333333333333332
motiongen_2133,35.549999999999997,0.22666666666666518,10.01,5.25,4.8766666666666669
motiongen_2134,35.567,0.13999999999999851,10.01,5.3333333333333339,4.71
motiongen_2135,35.582999999999998,0.0533333333333319,10.01,5.4100000000000001,4.5366666666666671
motiongen_2136,35.600000000000001,-0.040000000000001423,10.01,5.4866666666666664,4.3566666666666665
motiongen_2137,35.616999999999997,-0.13000000000000145,10.01,5.5599999999999996,4.1699999999999999
motiongen_2138,35.633000000000003,-0.22333333333333472,10.01,5.6300000000000008,3.9733333333333332
motiongen_2139,35.649999999999999,-0.31666666666666821,10.01,5.6966666666666672,3.7666666666666666
motiongen_2140,35.667000000000002,-0.41000000000000147,10.01,5.7566666666666668,3.5566666666666666
motiongen_2141,35.683,-0.50666666666666804,10.01,5.8166666666666673,3.3366666666666664
motiongen_2142,35.700000000000003,-0.60333333333333483,10.01,5.873333333333334,3.1100000000000003
motiongen_2143,35.716999999999999,-0.7033333333333347,10.01,5.9233333333333329,2.8733333333333335
motiongen_2144,35.732999999999997,-0.8000000000000016,10.01,5.9733333333333336,2.6300000000000003
motiongen_2145,35.75,-0.90000000000000147,10.01,6.0166666666666666,2.3833333333333333
motiongen_2146,35.767000000000003,-1.0000000000000016,10.01,6.0566666666666666,2.1266666666666669
motiongen_2147,35.783000000000001,-1.1000000000000016,10.01,6.0899999999999999,1.8600000000000003
motiongen_2148,35.799999999999997,-1.2033333333333349,10.01,6.1233333333333331,1.5900000000000001
motiongen_2149,35.817,-1.3066666666666682,10.01,6.1500000000000004,1.3133333333333335
motiongen_2150,35.832999999999998,-1.4066666666666683,10.01,6.1699999999999999,1.03
motiongen_2151,35.850000000000001,-1.5100000000000013,10.01,6.1866666666666674,0.7433333333333334
motiongen_2152,35.866999999999997,-1.6133333333333351,10.01,6.2000000000000002,0.44666666666666671
motiongen_2153,35.883000000000003,-1.7166666666666681,10.01,6.206666666666667,0.14666666666666667
motiongen_2154,35.899999999999999,-1.8200000000000016,10.01,6.21,-0.15666666666666668
motiongen_2155,35.917000000000002,-1.9233333333333347,10.01,6.206666666666667,-0.46666666666666673
motiongen_2156,35.933,-2.0266666666666682,10.01,6.2000000000000002,-0.78000000000000003
motiongen_2157,35.950000000000003,-2.1300000000000017,10.01,6.1866666666666674,-1.0966666666666667
motiongen_2158,35.966999999999999,-2.2333333333333352,10.01,6.1699999999999999,-1.4166666666666667
motiongen_2159,35.982999999999997,-2.3366666666666682,10.01,6.1466666666666674,-1.7400000000000002
motiongen_2160,36,-2.4400000000000017,10.01,6.1166666666666671,-2.0666666666666669
motiongen_2161,36.017000000000003,-2.5400000000000018,10.01,6.0800000000000001,-2.3966666666666665
motiongen_2162,36.033000000000001,-2.6433333333333349,10.01,6.043333333333333,-2.7266666666666666
motiongen_2163,36.049999999999997,-2.743333333333335,10.01,5.996666666666667,-3.0566666666666671
motiongen_2164,36.067,-2.843333333333335,10.01,5.9466666666666672,-3.3866666666666667
motiongen_2165,36.082999999999998,-2.9433333333333351,10.01,5.8899999999999997,-3.7200000000000006
motiongen_2166,36.100000000000001,-3.0400000000000014,10.01,5.8266666666666671,-4.0500000000000007
motiongen_2167,36.116999999999997,-3.1366666666666685,10.01,5.7599999999999998,-4.3800000000000008
motiongen_2168,36.133000000000003,-3.2333333333333347,10.01,5.6866666666666665,-4.71
motiongen_2169,36.149999999999999,-3.3266666666666684,10.01,5.6066666666666665,-5.0366666666666662
motiongen_2170,36.167000000000002,-3.4200000000000017,10.01,5.5233333333333334,-5.3600000000000003
motiongen_2171,36.183,-3.513333333333335,10.01,5.4333333333333336,-5.6799999999999997
motiongen_2172,36.200000000000003,-3.6033333333333353,10.01,5.3400000000000007,-6
motiongen_2173,36.216999999999999,-3.6933333333333351,10.01,5.2400000000000002,-6.3133333333333335
motiongen_2174,36.232999999999997,-3.7800000000000011,10.01,5.1333333333333337,-6.623333333333334
motiongen_2175,36.25,-3.866666666666668,10.01,5.0233333333333334,-6.9266666666666667
motiongen_2176,36.267000000000003,-3.950000000000002,10.01,4.9100000000000001,-7.2266666666666675
motiongen_2177,36.283000000000001,-4.033333333333335,10.01,4.79,-7.5199999999999996
motiongen_2178,36.299999999999997,-4.1100000000000021,10.01,4.663333333333334,-7.8100000000000005
motiongen_2179,36.317,-4.1900000000000013,10.01,4.5333333333333341,-8.0899999999999999
motiongen_2180,36.332999999999998,-4.2633333333333345,10.01,4.3966666666666665,-8.3633333333333333
motiongen_2181,36.350000000000001,-4.3366666666666678,10.01,4.2600000000000007,-8.6300000000000008
motiongen_2182,36.366999999999997,-4.4100000000000019,10.01,4.1133333333333333,-8.8866666666666667
motiongen_2183,36.383000000000003,-4.4766666666666683,10.01,3.9666666666666668,-9.1366666666666667
motiongen_2184,36.399999999999999,-4.5433333333333348,10.01,3.813333333333333,-9.3766666666666669
motiongen_2185,36.417000000000002,-4.6066666666666682,10.01,3.6566666666666667,-9.6100000000000012
motiongen_2186,36.433,-4.6666666666666679,10.01,3.4966666666666666,-9.8300000000000001
motiongen_2187,36.450000000000003,-4.7266666666666683,10.01,3.3333333333333335,-10.043333333333333
motiongen_2188,36.466999999999999,-4.783333333333335,10.01,3.1666666666666665,-10.246666666666666
motiongen_2189,36.482999999999997,-4.8333333333333348,10.01,2.996666666666667,-10.436666666666666
motiongen_2190,36.5,-4.8833333333333355,10.01,2.8233333333333333,-10.620000000000001
motiongen_2191,36.517000000000003,-4.9333333333333353,10.01,2.6466666666666669,-10.790000000000001
motiongen_2192,36.533000000000001,-4.9766666666666683,10.01,2.4666666666666668,-10.946666666666667
motiongen_2193,36.549999999999997,-5.0166666666666684,10.01,2.2833333333333337,-11.093333333333334
motiongen_2194,36.567,-5.0566666666666684,10.01,2.0966666666666667,-11.23
motiongen_2195,36.582999999999998,-5.0900000000000016,10.01,1.9099999999999999,-11.353333333333333
motiongen_2196,36.600000000000001,-5.1233333333333348,10.01,1.7200000000000002,-11.466666666666667
motiongen_2197,36.616999999999997,-5.1500000000000012,10.01,1.53,-11.563333333333333
motiongen_2198,36.633000000000003,-5.1766666666666685,10.01,1.3366666666666669,-11.653333333333334
motiongen_2199,36.649999999999999,-5.200000000000002,10.01,1.1433333333333335,-11.726666666666667
motiongen_2200,36.667000000000002,-5.2166666666666686,10.01,0.94666666666666666,-11.786666666666667
motiongen_2201,36.683,-5.2333333333333352,10.01,0.75,-11.836666666666668
motiongen_2202,36.700000000000003,-5.2466666666666688,10.01,0.55333333333333334,-11.873333333333333
motiongen_2203,36.716999999999999,-5.2566666666666686,10.01,0.35666666666666669,-11.896666666666667
motiongen_2204,36.732999999999997,-5.2600000000000016,10.01,0.15666666666666668,-7.0833333333333339
motiongen_2205,36.75,-5.2633333333333345,10.01,0.040000000000000001,11.903333333333334
motiongen_2206,36.767000000000003,-5.2633333333333345,10.01,0.23999999999999999,11.886666666666667
motiongen_2207,36.783000000000001,-5.2600000000000016,10.01,0.4366666666666667,11.859999999999999
motiongen_2208,36.799999999999997,-5.2533333333333356,10.01,0.63333333333333341,11.816666666666666
motiongen_2209,36.817,-5.240000000000002,10.01,0.83000000000000007,11.763333333333334
motiongen_2210,36.832999999999998,-5.2266666666666683,10.01,1.0266666666666666,11.696666666666667
motiongen_2211,36.850000000000001,-5.2100000000000017,10.01,1.2233333333333334,11.616666666666667
motiongen_2212,36.866999999999997,-5.1900000000000013,10.01,1.4166666666666667,11.526666666666667
motiongen_2213,36.883000000000003,-5.1666666666666687,10.01,1.6066666666666667,11.420000000000002
motiongen_2214,36.899999999999999,-5.1400000000000015,10.01,1.8000000000000003,11.306666666666667
motiongen_2215,36.917000000000002,-5.1100000000000012,10.01,1.9866666666666666,11.176666666666668
motiongen_2216,36.933,-5.076666666666668,10.01,2.1733333333333333,11.036666666666667
motiongen_2217,36.950000000000003,-5.0400000000000018,10.01,2.3566666666666665,10.883333333333335
motiongen_2218,36.966999999999999,-5.0000000000000018,10.01,2.54,10.720000000000001
motiongen_2219,36.982999999999997,-4.9600000000000017,10.01,2.7166666666666668,10.546666666666667
motiongen_2220,37,-4.9133333333333349,10.01,2.8933333333333335,10.360000000000001
motiongen_2221,37.017000000000003,-4.866666666666668,10.01,3.0666666666666669,10.163333333333334
motiongen_2222,37.033000000000001,-4.8133333333333352,10.01,3.2366666666666668,9.9600000000000009
motiongen_2223,37.049999999999997,-4.7600000000000016,10.01,3.4000000000000004,9.7433333333333341
motiongen_2224,37.067,-4.7033333333333349,10.01,3.5633333333333335,9.5166666666666675
motiongen_2225,37.082999999999998,-4.6433333333333353,10.01,3.7233333333333336,9.2799999999999994
motiongen_2226,37.100000000000001,-4.5833333333333348,10.01,3.8766666666666669,9.0366666666666671
motiongen_2227,37.116999999999997,-4.5166666666666684,10.01,4.0266666666666664,8.7833333333333332
motiongen_2228,37.133000000000003,-4.450000000000002,10.01,4.1733333333333338,8.5233333333333334
motiongen_2229,37.149999999999999,-4.3800000000000017,10.01,4.3166666666666664,8.2533333333333339
motiongen_2230,37.167000000000002,-4.3100000000000014,10.01,4.453333333333334,7.9766666666666666
motiongen_2231,37.183,-4.2333333333333352,10.01,4.5866666666666669,7.6933333333333334
motiongen_2232,37.200000000000003,-4.1566666666666681,10.01,4.7133333333333329,7.4033333333333342
motiongen_2233,37.216999999999999,-4.0800000000000018,10.01,4.8366666666666669,7.1066666666666674
motiongen_2234,37.232999999999997,-4.0000000000000018,10.01,4.956666666666667,6.8033333333333337
motiongen_2235,37.25,-3.9166666666666687,10.01,5.0700000000000003,6.496666666666667
motiongen_2236,37.267000000000003,-3.8333333333333348,10.01,5.1766666666666667,6.1866666666666674
motiongen_2237,37.283000000000001,-3.7466666666666679,10.01,5.2800000000000002,5.8700000000000001
motiongen_2238,37.299999999999997,-3.6566666666666681,10.01,5.3800000000000008,5.5500000000000007
motiongen_2239,37.317,-3.5666666666666682,10.01,5.4700000000000006,5.2300000000000004
motiongen_2240,37.332999999999998,-3.4766666666666679,10.01,5.5599999999999996,4.9033333333333342
motiongen_2241,37.350000000000001,-3.3833333333333346,10.01,5.6399999999999997,4.5766666666666671
motiongen_2242,37.366999999999997,-3.2900000000000018,10.01,5.7166666666666668,4.246666666666667
motiongen_2243,37.383000000000003,-3.1933333333333347,10.01,5.7866666666666671,3.916666666666667
motiongen_2244,37.399999999999999,-3.0966666666666685,10.01,5.8533333333333335,3.5833333333333335
motiongen_2245,37.417000000000002,-3.0000000000000013,10.01,5.913333333333334,3.2533333333333334
motiongen_2246,37.433,-2.9033333333333351,10.01,5.9666666666666668,2.9233333333333333
motiongen_2247,37.450000000000003,-2.803333333333335,10.01,6.0166666666666666,2.5933333333333337
motiongen_2248,37.466999999999999,-2.7033333333333349,10.01,6.0600000000000005,2.2633333333333336
motiongen_2249,37.482999999999997,-2.6000000000000019,10.01,6.0966666666666667,1.9366666666666665
motiongen_2250,37.5,-2.5000000000000018,10.01,6.1299999999999999,1.6100000000000001
motiongen_2251,37.517000000000003,-2.3966666666666683,10.01,6.1566666666666672,1.2866666666666668
motiongen_2252,37.533000000000001,-2.2966666666666682,10.01,6.1766666666666667,0.96999999999999997
motiongen_2253,37.549999999999997,-2.1933333333333351,10.01,6.1933333333333342,0.65333333333333343
motiongen_2254,37.567,-2.0900000000000016,10.01,6.2033333333333331,0.33999999999999997
motiongen_2255,37.582999999999998,-1.9866666666666681,10.01,6.21,0.033333333333333333
motiongen_2256,37.600000000000001,-1.8833333333333346,10.01,6.21,-0.27000000000000002
motiongen_2257,37.616999999999997,-1.7800000000000016,10.01,6.206666666666667,-0.56666666666666676
motiongen_2258,37.633000000000003,-1.6766666666666681,10.01,6.1966666666666672,-0.8600000000000001
motiongen_2259,37.649999999999999,-1.573333333333335,10.01,6.1833333333333336,-1.1466666666666667
motiongen_2260,37.667000000000002,-1.4700000000000013,10.01,6.1633333333333331,-1.4266666666666667
motiongen_2261,37.683,-1.3666666666666683,10.01,6.1400000000000006,-1.7000000000000002
motiongen_2262,37.700000000000003,-1.263333333333335,10.01,6.1100000000000003,-1.97
motiongen_2263,37.716999999999999,-1.1633333333333349,10.01,6.0766666666666671,-2.2300000000000004
motiongen_2264,37.732999999999997,-1.0600000000000016,10.01,6.04,-2.4833333333333334
motiongen_2265,37.75,-0.96000000000000152,10.01,6,-2.73
motiongen_2266,37.767000000000003,-0.86000000000000165,10.01,5.953333333333334,-2.9700000000000002
motiongen_2267,37.783000000000001,-0.76000000000000156,10.01,5.9033333333333333,-3.2000000000000002
motiongen_2268,37.799999999999997,-0.66333333333333488,10.01,5.8499999999999996,-3.4266666666666667
motiongen_2269,37.817,-0.5633333333333348,10.01,5.7933333333333339,-3.6433333333333335
motiongen_2270,37.832999999999998,-0.47000000000000153,10.01,5.7333333333333334,-3.8500000000000001
motiongen_2271,37.850000000000001,-0.37333333333333485,10.01,5.6700000000000008,-4.0533333333333337
motiongen_2272,37.866999999999997,-0.27666666666666817,10.01,5.5999999999999996,-4.246666666666667
motiongen_2273,37.883000000000003,-0.18333333333333479,10.01,5.5300000000000002,-4.4299999999999997
motiongen_2274,37.899999999999999,-0.093333333333334823,10.01,5.456666666666667,-4.6100000000000003
motiongen_2275,37.917000000000002,-0.0033333333333348536,10.01,5.3800000000000008,-4.7800000000000002
motiongen_2276,37.933,0.086666666666665226,10.01,5.3000000000000007,-4.9400000000000004
motiongen_2277,37.950000000000003,0.1766666666666652,10.01,5.2166666666666668,-5.0966666666666667
motiongen_2278,37.966999999999999,0.26333333333333186,10.01,5.1333333333333337,-5.2433333333333332
motiongen_2279,37.982999999999997,0.34999999999999853,10.01,5.0466666666666669,-5.3833333333333337
motiongen_2280,38,0.4333333333333319,10.01,4.956666666666667,-5.5133333333333336
motiongen_2281,38.017000000000003,0.51666666666666528,10.01,4.8633333333333342,-5.6399999999999997
motiongen_2282,38.033000000000001,0.59666666666666524,10.01,4.7700000000000005,-5.7599999999999998
motiongen_2283,38.049999999999997,0.6766666666666652,10.01,4.6733333333333329,-5.8700000000000001
motiongen_2284,38.067,0.75333333333333186,10.01,4.5766666666666671,-5.9766666666666666
motiongen_2285,38.082999999999998,0.82999999999999852,10.01,4.4766666666666666,-6.0733333333333341
motiongen_2286,38.100000000000001,0.90333333333333199,10.01,4.3766666666666669,-6.166666666666667
motiongen_2287,38.116999999999997,0.97666666666666524,10.01,4.2733333333333334,-6.253333333333333
motiongen_2288,38.133000000000003,1.0499999999999985,10.01,4.166666666666667,-6.333333333333333
motiongen_2289,38.149999999999999,1.1166666666666654,10.01,4.0633333333333335,-6.4100000000000001
motiongen_2290,38.167000000000002,1.1866666666666652,10.01,3.956666666666667,-6.4800000000000004
motiongen_2291,38.183,1.2533333333333319,10.01,3.8466666666666667,-6.5466666666666669
motiongen_2292,38.200000000000003,1.3166666666666653,10.01,3.7400000000000007,-6.6066666666666665
motiongen_2293,38.216999999999999,1.3799999999999986,10.01,3.6299999999999999,-6.6600000000000001
motiongen_2294,38.232999999999997,1.4399999999999986,10.01,3.5166666666666666,-6.7133333333333329
motiongen_2295,38.25,1.4966666666666653,10.01,3.4066666666666667,-6.7600000000000007
motiongen_2296,38.267000000000003,1.5533333333333319,10.01,3.2933333333333334,-6.8000000000000007
motiongen_2297,38.283000000000001,1.6099999999999985,10.01,3.1800000000000002,-6.8400000000000007
motiongen_2298,38.299999999999997,1.663333333333332,10.01,3.0666666666666669,-6.8766666666666678
motiongen_2299,38.317,1.713333333333332,10.01,2.9500000000000002,-6.9100000000000001
motiongen_2300,38.332999999999998,1.7633333333333321,10.01,2.8366666666666669,-6.9366666666666665
motiongen_2301,38.350000000000001,1.8099999999999987,10.01,2.7199999999999998,-6.9633333333333338
motiongen_2302,38.366999999999997,1.8566666666666651,10.01,2.6033333333333335,-6.9866666666666672
motiongen_2303,38.383000000000003,1.8999999999999986,10.01,2.4866666666666668,-7.0100000000000007
motiongen_2304,38.399999999999999,1.9399999999999986,10.01,2.3700000000000001,-7.0266666666666673
motiongen_2305,38.417000000000002,1.9799999999999986,10.01,2.2533333333333334,-7.0466666666666669
motiongen_2306,38.433,2.0166666666666653,10.01,2.1366666666666667,-7.0599999999999996
motiongen_2307,38.450000000000003,2.0533333333333319,10.01,2.02,-7.0733333333333333
motiongen_2308,38.466999999999999,2.0866666666666651,10.01,1.8999999999999999,-7.0833333333333339
motiongen_2309,38.482999999999997,2.1166666666666654,10.01,1.7833333333333334,-7.0933333333333337
motiongen_2310,38.5,2.1466666666666656,10.01,1.6633333333333333,-7.1033333333333326
motiongen_2311,38.517000000000003,2.1766666666666654,10.01,1.5466666666666669,-7.1100000000000003
motiongen_2312,38.533000000000001,2.1999999999999984,10.01,1.4266666666666667,-7.1166666666666663
motiongen_2313,38.549999999999997,2.2233333333333318,10.01,1.3100000000000001,-7.123333333333334
motiongen_2314,38.567,2.2466666666666653,10.01,1.1899999999999999,-7.1266666666666669
motiongen_2315,38.582999999999998,2.2666666666666657,10.01,1.0700000000000001,-7.1333333333333337
motiongen_2316,38.600000000000001,2.2833333333333323,10.01,0.95333333333333325,-7.1366666666666667
motiongen_2317,38.616999999999997,2.2999999999999989,10.01,0.83333333333333337,-7.1366666666666667
motiongen_2318,38.633000000000003,2.3133333333333321,10.01,0.71333333333333337,-7.1399999999999997
motiongen_2319,38.649999999999999,2.3266666666666653,10.01,0.59666666666666668,-7.1433333333333326
motiongen_2320,38.667000000000002,2.3366666666666651,10.01,0.47666666666666663,-7.1433333333333326
motiongen_2321,38.683,2.3433333333333319,10.01,0.35666666666666669,-7.1433333333333326
motiongen_2322,38.700000000000003,2.3499999999999988,10.01,0.23999999999999999,-7.1466666666666674
motiongen_2323,38.716999999999999,2.3533333333333317,10.01,0.12,-7.1466666666666674
motiongen_2324,38.732999999999997,2.3566666666666651,10.01,0,7.0999999999999996
motiongen_2325,38.75,2.3566666666666651,10.01,0.12,7.1466666666666674
motiongen_2326,38.767000000000003,2.3533333333333317,10.01,0.23666666666666666,7.1433333333333326
motiongen_2327,38.783000000000001,2.3499999999999988,10.01,0.35666666666666669,7.1433333333333326
motiongen_2328,38.799999999999997,2.3433333333333319,10.01,0.47666666666666663,7.1433333333333326
motiongen_2329,38.817,2.3366666666666651,10.01,0.59333333333333338,7.1399999999999997
motiongen_2330,38.832999999999998,2.3266666666666653,10.01,0.71333333333333337,7.1366666666666667
motiongen_2331,38.850000000000001,2.3133333333333321,10.01,0.83333333333333337,7.1366666666666667
motiongen_2332,38.866999999999997,2.2999999999999989,10.01,0.95333333333333325,7.1333333333333337
motiongen_2333,38.883000000000003,2.2833333333333323,10.01,1.0700000000000001,7.1266666666666669
motiongen_2334,38.899999999999999,2.2666666666666657,10.01,1.1899999999999999,7.123333333333334
motiongen_2335,38.917000000000002,2.2466666666666653,10.01,1.3066666666666669,7.1166666666666663
motiongen_2336,38.933,2.2266666666666657,10.01,1.4266666666666667,7.1100000000000003
motiongen_2337,38.950000000000003,2.1999999999999984,10.01,1.5466666666666669,7.1033333333333326
motiongen_2338,38.966999999999999,2.1766666666666654,10.01,1.6633333333333333,7.0933333333333337
motiongen_2339,38.982999999999997,2.1466666666666656,10.01,1.7833333333333334,7.0833333333333339
motiongen_2340,39,2.1166666666666654,10.01,1.8999999999999999,7.0733333333333333
motiongen_2341,39.017000000000003,2.0866666666666651,10.01,2.0166666666666666,7.0599999999999996
motiongen_2342,39.033000000000001,2.0533333333333319,10.01,2.1366666666666667,7.0466666666666669
motiongen_2343,39.049999999999997,2.0166666666666653,10.01,2.2533333333333334,7.0266666666666673
motiongen_2344,39.067,1.9799999999999986,10.01,2.3700000000000001,7.0100000000000007
motiongen_2345,39.082999999999998,1.9399999999999986,10.01,2.4866666666666668,6.9866666666666672
motiongen_2346,39.100000000000001,1.8999999999999986,10.01,2.6033333333333335,6.9633333333333338
motiongen_2347,39.116999999999997,1.8566666666666651,10.01,2.7199999999999998,6.9366666666666665
motiongen_2348,39.133000000000003,1.8099999999999987,10.01,2.8366666666666669,6.9100000000000001
motiongen_2349,39.149999999999999,1.7633333333333321,10.01,2.9500000000000002,6.8766666666666678
motiongen_2350,39.167000000000002,1.713333333333332,10.01,3.0633333333333335,6.8400000000000007
motiongen_2351,39.183,1.663333333333332,10.01,3.1800000000000002,6.8000000000000007
motiongen_2352,39.200000000000003,1.6099999999999985,10.01,3.2933333333333334,6.7600000000000007
motiongen_2353,39.216999999999999,1.5533333333333319,10.01,3.4033333333333333,6.7133333333333329
motiongen_2354,39.232999999999997,1.4966666666666653,10.01,3.5166666666666666,6.6600000000000001
motiongen_2355,39.25,1.4399999999999986,10.01,3.6266666666666669,6.6066666666666665
motiongen_2356,39.267000000000003,1.3799999999999986,10.01,3.7366666666666668,6.5466666666666669
motiongen_2357,39.283000000000001,1.3166666666666653,10.01,3.8466666666666667,6.4800000000000004
motiongen_2358,39.299999999999997,1.2533333333333319,10.01,3.956666666666667,6.4100000000000001
motiongen_2359,39.317,1.1866666666666652,10.01,4.0633333333333335,6.3366666666666669
motiongen_2360,39.332999999999998,1.1199999999999988,10.01,4.166666666666667,6.253333333333333
motiongen_2361,39.350000000000001,1.0499999999999985,10.01,4.2733333333333334,6.166666666666667
motiongen_2362,39.366999999999997,0.97666666666666524,10.01,4.373333333333334,6.0766666666666671
motiongen_2363,39.383000000000003,0.90666666666666529,10.01,4.4766666666666666,5.9766666666666666
motiongen_2364,39.399999999999999,0.82999999999999852,10.01,4.5766666666666671,5.8700000000000001
motiongen_2365,39.417000000000002,0.75333333333333186,10.01,4.6733333333333329,5.7599999999999998
motiongen_2366,39.433,0.6766666666666652,10.01,4.7700000000000005,5.6399999999999997
motiongen_2367,39.450000000000003,0.59666666666666524,10.01,4.8633333333333342,5.5166666666666666
motiongen_2368,39.466999999999999,0.51666666666666528,10.01,4.956666666666667,5.3833333333333337
motiongen_2369,39.482999999999997,0.4333333333333319,10.01,5.043333333333333,5.2433333333333332
motiongen_2370,39.5,0.34999999999999853,10.01,5.1333333333333337,5.0966666666666667
motiongen_2371,39.517000000000003,0.26333333333333186,10.01,5.2166666666666668,4.9433333333333342
motiongen_2372,39.533000000000001,0.1766666666666652,10.01,5.3000000000000007,4.7800000000000002
motiongen_2373,39.549999999999997,0.089999999999998526,10.01,5.3800000000000008,4.6100000000000003
motiongen_2374,39.567,-1.4988010832439613e-15,10.01,5.456666666666667,4.4333333333333336
motiongen_2375,39.582999999999998,-0.093333333333334823,10.01,5.5300000000000002,4.246666666666667
motiongen_2376,39.600000000000001,-0.18333333333333479,10.01,5.5999999999999996,4.0533333333333337
motiongen_2377,39.616999999999997,-0.27666666666666817,10.01,5.6700000000000008,3.8533333333333331
motiongen_2378,39.633000000000003,-0.37333333333333485,10.01,5.7333333333333334,3.6433333333333335
motiongen_2379,39.649999999999999,-0.46666666666666823,10.01,5.7933333333333339,3.4266666666666667
motiongen_2380,39.667000000000002,-0.5633333333333348,10.01,5.8499999999999996,3.2033333333333331
motiongen_2381,39.683,-0.66333333333333488,10.01,5.9033333333333333,2.9700000000000002
motiongen_2382,39.700000000000003,-0.76000000000000156,10.01,5.953333333333334,2.7333333333333334
motiongen_2383,39.716999999999999,-0.86000000000000165,10.01,6,2.4866666666666668
motiongen_2384,39.732999999999997,-0.96000000000000152,10.01,6.04,2.2300000000000004
motiongen_2385,39.75,-1.0600000000000016,10.01,6.0766666666666671,1.97
motiongen_2386,39.767000000000003,-1.1600000000000015,10.01,6.1100000000000003,1.7033333333333334
motiongen_2387,39.783000000000001,-1.263333333333335,10.01,6.1400000000000006,1.4299999999999999
motiongen_2388,39.799999999999997,-1.3666666666666683,10.01,6.1633333333333331,1.1466666666666667
motiongen_2389,39.817,-1.4666666666666681,10.01,6.1833333333333336,0.8600000000000001
motiongen_2390,39.832999999999998,-1.5700000000000016,10.01,6.1966666666666672,0.57000000000000006
motiongen_2391,39.850000000000001,-1.6733333333333351,10.01,6.206666666666667,0.27000000000000002
motiongen_2392,39.866999999999997,-1.7766666666666682,10.01,6.21,-0.029999999999999999
motiongen_2393,39.883000000000003,-1.8800000000000012,10.01,6.21,-0.33999999999999997
motiongen_2394,39.899999999999999,-1.9833333333333347,10.01,6.2033333333333331,-0.65000000000000002
motiongen_2395,39.917000000000002,-2.0866666666666682,10.01,6.1933333333333342,-0.96666666666666667
motiongen_2396,39.933,-2.1900000000000017,10.01,6.1766666666666667,-1.2866666666666668
motiongen_2397,39.950000000000003,-2.2933333333333348,10.01,6.1566666666666672,-1.6100000000000001
motiongen_2398,39.966999999999999,-2.3966666666666683,10.01,6.1299999999999999,-1.9333333333333333
motiongen_2399,39.982999999999997,-2.5000000000000018,10.01,6.0966666666666667,-2.2600000000000002
motiongen_2400,40,-2.6000000000000019,10.01,6.0600000000000005,-2.5900000000000003
motiongen_2401,40.017000000000003,-2.7033333333333349,10.01,6.0166666666666666,-2.9199999999999999
motiongen_2402,40.033000000000001,-2.803333333333335,10.01,5.9666666666666668,-3.25
motiongen_2403,40.049999999999997,-2.9000000000000012,10.01,5.913333333333334,-3.5833333333333335
motiongen_2404,40.067,-3.0000000000000013,10.01,5.8533333333333335,-3.9133333333333331
motiongen_2405,40.082999999999998,-3.0966666666666685,10.01,5.7866666666666671,-4.2433333333333332
motiongen_2406,40.100000000000001,-3.1933333333333347,10.01,5.7166666666666668,-4.5733333333333341
motiongen_2407,40.116999999999997,-3.2900000000000018,10.01,5.6399999999999997,-4.9000000000000004
motiongen_2408,40.133000000000003,-3.3833333333333346,10.01,5.5599999999999996,-5.2266666666666675
motiongen_2409,40.149999999999999,-3.4766666666666679,10.01,5.4733333333333336,-5.5500000000000007
motiongen_2410,40.167000000000002,-3.5666666666666682,10.01,5.3800000000000008,-5.8700000000000001
motiongen_2411,40.183,-3.6566666666666681,10.01,5.2833333333333332,-6.1833333333333336
motiongen_2412,40.200000000000003,-3.743333333333335,10.01,5.1800000000000006,-6.496666666666667
motiongen_2413,40.216999999999999,-3.8300000000000018,10.01,5.0700000000000003,-6.8033333333333337
motiongen_2414,40.232999999999997,-3.9166666666666687,10.01,4.956666666666667,-7.1066666666666674
motiongen_2415,40.25,-3.9966666666666688,10.01,4.8399999999999999,-7.4000000000000012
motiongen_2416,40.267000000000003,-4.0800000000000018,10.01,4.7166666666666668,-7.6900000000000004
motiongen_2417,40.283000000000001,-4.1566666666666681,10.01,4.5866666666666669,-7.9733333333333336
motiongen_2418,40.299999999999997,-4.2333333333333352,10.01,4.453333333333334,-8.25
motiongen_2419,40.317,-4.3066666666666684,10.01,4.3166666666666664,-8.5200000000000014
motiongen_2420,40.332999999999998,-4.3800000000000017,10.01,4.1733333333333338,-8.7833333333333332
motiongen_2421,40.350000000000001,-4.450000000000002,10.01,4.0266666666666664,-9.0366666666666671
motiongen_2422,40.366999999999997,-4.5166666666666684,10.01,3.8766666666666669,-9.2799999999999994
motiongen_2423,40.383000000000003,-4.580000000000001,10.01,3.7233333333333336,-9.5166666666666675
motiongen_2424,40.399999999999999,-4.6433333333333353,10.01,3.5633333333333335,-9.7400000000000002
motiongen_2425,40.417000000000002,-4.7033333333333349,10.01,3.4033333333333333,-9.956666666666667
motiongen_2426,40.433,-4.7600000000000016,10.01,3.2366666666666668,-10.163333333333334
motiongen_2427,40.450000000000003,-4.8133333333333352,10.01,3.0666666666666669,-10.360000000000001
motiongen_2428,40.466999999999999,-4.8633333333333351,10.01,2.8933333333333335,-10.546666666666667
motiongen_2429,40.482999999999997,-4.9133333333333349,10.01,2.7166666666666668,-10.720000000000001
motiongen_2430,40.5,-4.9566666666666688,10.01,2.54,-10.883333333333335
motiongen_2431,40.517000000000003,-5.0000000000000018,10.01,2.3566666666666665,-11.036666666666667
motiongen_2432,40.533000000000001,-5.0400000000000018,10.01,2.1733333333333333,-11.176666666666668
motiongen_2433,40.549999999999997,-5.076666666666668,10.01,1.9866666666666666,-11.303333333333335
motiongen_2434,40.567,-5.1100000000000012,10.01,1.8000000000000003,-11.420000000000002
motiongen_2435,40.582999999999998,-5.1400000000000015,10.01,1.6100000000000001,-11.526666666666667
motiongen_2436,40.600000000000001,-5.1666666666666687,10.01,1.4166666666666667,-11.616666666666667
motiongen_2437,40.616999999999997,-5.1900000000000013,10.01,1.2233333333333334,-11.696666666666667
motiongen_2438,40.633000000000003,-5.2100000000000017,10.01,1.03,-11.763333333333334
motiongen_2439,40.649999999999999,-5.2266666666666683,10.01,0.83333333333333337,-11.816666666666666
motiongen_2440,40.667000000000002,-5.240000000000002,10.01,0.63666666666666671,-11.859999999999999
motiongen_2441,40.683,-5.2533333333333356,10.01,0.4366666666666667,-11.886666666666667
motiongen_2442,40.700000000000003,-5.2600000000000016,10.01,0.23999999999999999,-11.903333333333334
motiongen_2443,40.716999999999999,-5.2633333333333345,10.01,0.040000000000000001,6.9500000000000002
motiongen_2444,40.732999999999997,-5.2633333333333345,10.01,0.15666666666666668,11.896666666666667
motiongen_2445,40.75,-5.2600000000000016,10.01,0.35666666666666669,11.873333333333333
motiongen_2446,40.767000000000003,-5.2566666666666686,10.01,0.55333333333333334,11.836666666666668
motiongen_2447,40.783000000000001,-5.2466666666666688,10.01,0.75,11.786666666666667
motiongen_2448,40.799999999999997,-5.2333333333333352,10.01,0.94666666666666666,11.726666666666667
motiongen_2449,40.817,-5.2166666666666686,10.01,1.1433333333333335,11.653333333333334
motiongen_2450,40.832999999999998,-5.200000000000002,10.01,1.3366666666666669,11.566666666666668
motiongen_2451,40.850000000000001,-5.1766666666666685,10.01,1.53,11.466666666666667
motiongen_2452,40.866999999999997,-5.1500000000000012,10.01,1.7200000000000002,11.353333333333333
motiongen_2453,40.883000000000003,-5.1233333333333348,10.01,1.9099999999999999,11.23
motiongen_2454,40.899999999999999,-5.0900000000000016,10.01,2.0966666666666667,11.096666666666668
motiongen_2455,40.917000000000002,-5.0566666666666684,10.01,2.2833333333333337,10.946666666666667
motiongen_2456,40.933,-5.0166666666666684,10.01,2.4633333333333334,10.790000000000001
motiongen_2457,40.950000000000003,-4.9766666666666683,10.01,2.6433333333333335,10.620000000000001
motiongen_2458,40.966999999999999,-4.9333333333333353,10.01,2.8199999999999998,10.440000000000001
motiongen_2459,40.982999999999997,-4.8866666666666685,10.01,2.996666666666667,10.246666666666666
motiongen_2460,41,-4.8366666666666687,10.01,3.1666666666666665,10.043333333333333
motiongen_2461,41.017000000000003,-4.783333333333335,10.01,3.3333333333333335,9.8333333333333339
motiongen_2462,41.033000000000001,-4.7266666666666683,10.01,3.4966666666666666,9.6100000000000012
motiongen_2463,41.049999999999997,-4.6700000000000017,10.01,3.6566666666666667,9.3766666666666669
motiongen_2464,41.067,-4.6066666666666682,10.01,3.813333333333333,9.1366666666666667
motiongen_2465,41.082999999999998,-4.5433333333333348,10.01,3.9666666666666668,8.8866666666666667
motiongen_2466,41.100000000000001,-4.4766666666666683,10.01,4.1133333333333333,8.6300000000000008
motiongen_2467,41.116999999999997,-4.4100000000000019,10.01,4.2566666666666668,8.3633333333333333
motiongen_2468,41.133000000000003,-4.3400000000000016,10.01,4.3966666666666665,8.0899999999999999
motiongen_2469,41.149999999999999,-4.2666666666666684,10.01,4.5333333333333341,7.8100000000000005
motiongen_2470,41.167000000000002,-4.1900000000000013,10.01,4.663333333333334,7.5233333333333343
motiongen_2471,41.183,-4.1133333333333351,10.01,4.7866666666666671,7.2300000000000004
motiongen_2472,41.200000000000003,-4.033333333333335,10.01,4.9066666666666672,6.9300000000000006
motiongen_2473,41.216999999999999,-3.950000000000002,10.01,5.0233333333333334,6.623333333333334
motiongen_2474,41.232999999999997,-3.866666666666668,10.01,5.1333333333333337,6.3133333333333335
motiongen_2475,41.25,-3.7800000000000011,10.01,5.2400000000000002,6
motiongen_2476,41.267000000000003,-3.6933333333333351,10.01,5.3400000000000007,5.6833333333333336
motiongen_2477,41.283000000000001,-3.6033333333333353,10.01,5.4333333333333336,5.3600000000000003
motiongen_2478,41.299999999999997,-3.513333333333335,10.01,5.5233333333333334,5.0366666666666662
motiongen_2479,41.317,-3.4233333333333347,10.01,5.6066666666666665,4.71
motiongen_2480,41.332999999999998,-3.3300000000000014,10.01,5.6866666666666665,4.3833333333333337
motiongen_2481,41.350000000000001,-3.2333333333333347,10.01,5.7599999999999998,4.0500000000000007
motiongen_2482,41.366999999999997,-3.1366666666666685,10.01,5.8266666666666671,3.7200000000000006
motiongen_2483,41.383000000000003,-3.0400000000000014,10.01,5.8899999999999997,3.3899999999999997
motiongen_2484,41.399999999999999,-2.9433333333333351,10.01,5.9433333333333334,3.0566666666666671
motiongen_2485,41.417000000000002,-2.843333333333335,10.01,5.996666666666667,2.7266666666666666
motiongen_2486,41.433,-2.743333333333335,10.01,6.04,2.3966666666666665
motiongen_2487,41.450000000000003,-2.6433333333333349,10.01,6.0800000000000001,2.0700000000000003
motiongen_2488,41.466999999999999,-2.5400000000000018,10.01,6.1166666666666671,1.7433333333333334
motiongen_2489,41.482999999999997,-2.4400000000000017,10.01,6.1433333333333335,1.4199999999999999
motiongen_2490,41.5,-2.3366666666666682,10.01,6.1699999999999999,1.1000000000000001
motiongen_2491,41.517000000000003,-2.2333333333333352,10.01,6.1866666666666674,0.78333333333333333
motiongen_2492,41.533000000000001,-2.1300000000000017,10.01,6.2000000000000002,0.46999999999999997
motiongen_2493,41.549999999999997,-2.0266666666666682,10.01,6.206666666666667,0.16
motiongen_2494,41.567,-1.9233333333333347,10.01,6.21,-0.14666666666666667
motiongen_2495,41.582999999999998,-1.8200000000000016,10.01,6.206666666666667,-0.44666666666666671
motiongen_2496,41.600000000000001,-1.7166666666666681,10.01,6.2000000000000002,-0.73999999999999999
motiongen_2497,41.616999999999997,-1.6133333333333351,10.01,6.1866666666666674,-1.03
motiongen_2498,41.633000000000003,-1.5100000000000013,10.01,6.1699999999999999,-1.3133333333333335
motiongen_2499,41.649999999999999,-1.4066666666666683,10.01,6.1500000000000004,-1.5900000000000001
motiongen_2500,41.667000000000002,-1.3066666666666682,10.01,6.1233333333333331,-1.8600000000000003
motiongen_2501,41.683,-1.2033333333333349,10.01,6.0899999999999999,-2.1233333333333335
motiongen_2502,41.700000000000003,-1.1033333333333348,10.01,6.0566666666666666,-2.3799999999999999
motiongen_2503,41.716999999999999,-1.0000000000000016,10.01,6.0166666666666666,-2.6300000000000003
motiongen_2504,41.732999999999997,-0.90000000000000147,10.01,5.9733333333333336,-2.8733333333333335
motiongen_2505,41.75,-0.8000000000000016,10.01,5.9233333333333329,-3.1066666666666669
motiongen_2506,41.767000000000003,-0.7033333333333347,10.01,5.873333333333334,-3.3333333333333335
motiongen_2507,41.783000000000001,-0.60333333333333483,10.01,5.8166666666666673,-3.5533333333333337
motiongen_2508,41.799999999999997,-0.50666666666666804,10.01,5.7566666666666668,-3.7666666666666666
motiongen_2509,41.817,-0.41333333333333488,10.01,5.6966666666666672,-3.9700000000000002
motiongen_2510,41.832999999999998,-0.31666666666666821,10.01,5.6300000000000008,-4.166666666666667
motiongen_2511,41.850000000000001,-0.22333333333333472,10.01,5.5599999999999996,-4.3566666666666665
motiongen_2512,41.866999999999997,-0.13000000000000145,10.01,5.4866666666666664,-4.5366666666666671
motiongen_2513,41.883000000000003,-0.040000000000001423,10.01,5.413333333333334,-4.71
motiongen_2514,41.899999999999999,0.049999999999998546,10.01,5.3333333333333339,-4.8733333333333331
motiongen_2515,41.917000000000002,0.13999999999999851,10.01,5.2533333333333339,-5.0333333333333332
motiongen_2516,41.933,0.22666666666666518,10.01,5.166666666666667,-5.1833333333333336
motiongen_2517,41.950000000000003,0.31333333333333191,10.01,5.083333333333333,-5.3266666666666671
motiongen_2518,41.966999999999999,0.39999999999999858,10.01,4.9933333333333332,-5.46
motiongen_2519,41.982999999999997,0.47999999999999854,10.01,4.9033333333333342,-5.5900000000000007
motiongen_2520,42,0.56333333333333191,10.01,4.8100000000000005,-5.7100000000000009
motiongen_2521,42.017000000000003,0.64333333333333187,10.01,4.7133333333333329,-5.8266666666666671
motiongen_2522,42.033000000000001,0.72333333333333183,10.01,4.6166666666666671,-5.9333333333333336
motiongen_2523,42.049999999999997,0.79999999999999849,10.01,4.5166666666666666,-6.0333333333333341
motiongen_2524,42.067,0.87333333333333196,10.01,4.416666666666667,-6.1299999999999999
motiongen_2525,42.082999999999998,0.94666666666666521,10.01,4.3133333333333335,-6.2200000000000006
motiongen_2526,42.100000000000001,1.0199999999999987,10.01,4.21,-6.3033333333333337
motiongen_2527,42.116999999999997,1.0899999999999985,10.01,4.1066666666666665,-6.3799999999999999
motiongen_2528,42.133000000000003,1.1599999999999986,10.01,4,-6.4533333333333331
motiongen_2529,42.149999999999999,1.2266666666666652,10.01,3.8933333333333331,-6.5200000000000005
motiongen_2530,42.167000000000002,1.2899999999999987,10.01,3.7833333333333337,-6.5800000000000001
motiongen_2531,42.183,1.3533333333333319,10.01,3.6733333333333338,-6.6400000000000006
motiongen_2532,42.200000000000003,1.4133333333333318,10.01,3.5633333333333335,-6.6900000000000004
motiongen_2533,42.216999999999999,1.4733333333333318,10.01,3.4533333333333336,-6.7399999999999993
motiongen_2534,42.232999999999997,1.5299999999999987,10.01,3.3400000000000003,-6.7833333333333341
motiongen_2535,42.25,1.5866666666666653,10.01,3.2266666666666666,-6.8233333333333341
motiongen_2536,42.267000000000003,1.6399999999999986,10.01,3.1133333333333337,-6.8633333333333342
motiongen_2537,42.283000000000001,1.693333333333332,10.01,2.996666666666667,-6.8966666666666665
motiongen_2538,42.299999999999997,1.7433333333333321,10.01,2.8833333333333333,-6.9266666666666667
motiongen_2539,42.317,1.7899999999999987,10.01,2.7666666666666666,-6.9533333333333331
motiongen_2540,42.332999999999998,1.8366666666666651,10.01,2.6533333333333338,-6.9799999999999995
motiongen_2541,42.350000000000001,1.8799999999999986,10.01,2.5366666666666666,-7.0000000000000009
motiongen_2542,42.366999999999997,1.923333333333332,10.01,2.4199999999999999,-7.0199999999999996
motiongen_2543,42.383000000000003,1.963333333333332,10.01,2.3033333333333332,-7.0400000000000009
motiongen_2544,42.399999999999999,2.0033333333333321,10.01,2.1833333333333336,-7.0533333333333337
motiongen_2545,42.417000000000002,2.0366666666666653,10.01,2.0666666666666669,-7.0666666666666673
motiongen_2546,42.433,2.0733333333333319,10.01,1.95,-7.080000000000001
motiongen_2547,42.450000000000003,2.1066666666666656,10.01,1.8300000000000003,-7.0899999999999999
motiongen_2548,42.466999999999999,2.1366666666666654,10.01,1.7133333333333334,-7.0999999999999996
motiongen_2549,42.482999999999997,2.1633333333333322,10.01,1.5933333333333333,-7.1066666666666674
motiongen_2550,42.5,2.1899999999999986,10.01,1.4766666666666668,-7.1166666666666663
motiongen_2551,42.517000000000003,2.2166666666666655,10.01,1.3566666666666667,-7.120000000000001
motiongen_2552,42.533000000000001,2.2366666666666655,10.01,1.24,-7.1266666666666669
motiongen_2553,42.549999999999997,2.2599999999999989,10.01,1.1200000000000001,-7.1299999999999999
motiongen_2554,42.567,2.2766666666666655,10.01,1,-7.1333333333333337
motiongen_2555,42.582999999999998,2.2933333333333321,10.01,0.88333333333333341,-7.1366666666666667
motiongen_2556,42.600000000000001,2.3099999999999987,10.01,0.76333333333333342,-7.1399999999999997
motiongen_2557,42.616999999999997,2.3199999999999985,10.01,0.64333333333333342,-7.1399999999999997
motiongen_2558,42.633000000000003,2.3333333333333317,10.01,0.52666666666666673,-7.1433333333333326
motiongen_2559,42.649999999999999,2.3399999999999985,10.01,0.40666666666666668,-7.1433333333333326
motiongen_2560,42.667000000000002,2.3466666666666649,10.01,0.28666666666666668,-7.1433333333333326
motiongen_2561,42.683,2.3533333333333317,10.01,0.16999999999999998,-7.1466666666666674
motiongen_2562,42.700000000000003,2.3566666666666651,10.01,0.050000000000000003,1.23
motiongen_2563,42.716999999999999,2.3566666666666651,10.01,0.070000000000000007,7.1466666666666674
motiongen_2564,42.732999999999997,2.3566666666666651,10.01,0.19,7.1433333333333326
motiongen_2565,42.75,2.3533333333333317,10.01,0.3066666666666667,7.1433333333333326
motiongen_2566,42.767000000000003,2.3466666666666649,10.01,0.42666666666666669,7.1433333333333326
motiongen_2567,42.783000000000001,2.3399999999999985,10.01,0.54666666666666675,7.1399999999999997
motiongen_2568,42.799999999999997,2.3299999999999987,10.01,0.66666666666666674,7.1399999999999997
motiongen_2569,42.817,2.3199999999999985,10.01,0.78333333333333333,7.1366666666666667
motiongen_2570,42.832999999999998,2.3066666666666658,10.01,0.90333333333333343,7.1333333333333337
motiongen_2571,42.850000000000001,2.2899999999999987,10.01,1.0233333333333334,7.1299999999999999
motiongen_2572,42.866999999999997,2.2733333333333321,10.01,1.1400000000000001,7.1266666666666669
motiongen_2573,42.883000000000003,2.2566666666666655,10.01,1.26,7.120000000000001
motiongen_2574,42.899999999999999,2.2333333333333321,10.01,1.3766666666666667,7.1133333333333333
motiongen_2575,42.917000000000002,2.2099999999999986,10.01,1.4966666666666668,7.1066666666666674
motiongen_2576,42.933,2.1866666666666656,10.01,1.6166666666666667,7.0999999999999996
motiongen_2577,42.950000000000003,2.1599999999999984,10.01,1.7333333333333334,7.0899999999999999
motiongen_2578,42.966999999999999,2.1299999999999986,10.01,1.8500000000000003,7.076666666666668
motiongen_2579,42.982999999999997,2.0999999999999988,10.01,1.97,7.0666666666666673
motiongen_2580,43,2.0666666666666655,10.01,2.0866666666666669,7.0500000000000007
motiongen_2581,43.017000000000003,2.0333333333333319,10.01,2.2033333333333336,7.036666666666668
motiongen_2582,43.033000000000001,1.9966666666666653,10.01,2.3233333333333333,7.0166666666666666
motiongen_2583,43.049999999999997,1.9566666666666652,10.01,2.4399999999999999,6.9966666666666679
motiongen_2584,43.067,1.9166666666666652,10.01,2.5566666666666666,6.9733333333333336
motiongen_2585,43.082999999999998,1.873333333333332,10.01,2.6733333333333338,6.9500000000000002
motiongen_2586,43.100000000000001,1.8299999999999985,10.01,2.7866666666666666,6.9200000000000008
motiongen_2587,43.116999999999997,1.7833333333333321,10.01,2.9033333333333333,6.8900000000000006
motiongen_2588,43.133000000000003,1.7333333333333321,10.01,3.0166666666666671,6.8566666666666665
motiongen_2589,43.149999999999999,1.683333333333332,10.01,3.1333333333333333,6.8166666666666664
motiongen_2590,43.167000000000002,1.6299999999999986,10.01,3.2466666666666666,6.7766666666666664
motiongen_2591,43.183,1.5766666666666653,10.01,3.3600000000000003,6.7333333333333334
motiongen_2592,43.200000000000003,1.5199999999999987,10.01,3.4699999999999998,6.6833333333333336
motiongen_2593,43.216999999999999,1.4633333333333318,10.01,3.5833333333333335,6.6300000000000008
motiongen_2594,43.232999999999997,1.403333333333332,10.01,3.6933333333333338,6.5700000000000003
motiongen_2595,43.25,1.3433333333333319,10.01,3.8033333333333337,6.5066666666666668
motiongen_2596,43.267000000000003,1.2799999999999985,10.01,3.9100000000000001,6.4400000000000004
motiongen_2597,43.283000000000001,1.213333333333332,10.01,4.0166666666666675,6.3666666666666663
motiongen_2598,43.299999999999997,1.1466666666666652,10.01,4.123333333333334,6.29
motiongen_2599,43.317,1.0766666666666653,10.01,4.2299999999999995,6.2033333333333331
motiongen_2600,43.332999999999998,1.0066666666666653,10.01,4.3333333333333339,6.1133333333333342
motiongen_2601,43.350000000000001,0.9366666666666652,10.01,4.4333333333333336,6.0166666666666666
motiongen_2602,43.366999999999997,0.85999999999999854,10.01,4.5333333333333341,5.916666666666667
motiongen_2603,43.383000000000003,0.78666666666666529,10.01,4.6333333333333329,5.8066666666666666
motiongen_2604,43.399999999999999,0.70999999999999863,10.01,4.7300000000000004,5.6900000000000004
motiongen_2605,43.417000000000002,0.62999999999999856,10.01,4.8233333333333341,5.5700000000000003
motiongen_2606,43.433,0.5499999999999986,10.01,4.916666666666667,5.4399999999999995
motiongen_2607,43.450000000000003,0.46666666666666523,10.01,5.0099999999999998,5.3033333333333337
motiongen_2608,43.466999999999999,0.38333333333333186,10.01,5.0966666666666667,5.1566666666666663
motiongen_2609,43.482999999999997,0.29999999999999855,10.01,5.1833333333333336,5.0066666666666668
motiongen_2610,43.5,0.2133333333333319,10.01,5.2666666666666675,4.8466666666666667
motiongen_2611,43.517000000000003,0.12333333333333185,10.01,5.3466666666666676,4.6799999999999997
motiongen_2612,43.533000000000001,0.036666666666665182,10.01,5.4233333333333338,4.5066666666666668
motiongen_2613,43.549999999999997,-0.053333333333334787,10.01,5.5,4.3233333333333333
motiongen_2614,43.567,-0.14666666666666817,10.01,5.5733333333333333,4.1333333333333337
motiongen_2615,43.582999999999998,-0.24000000000000143,10.01,5.6399999999999997,3.936666666666667
motiongen_2616,43.600000000000001,-0.33333333333333481,10.01,5.706666666666667,3.73
motiongen_2617,43.616999999999997,-0.43000000000000149,10.01,5.7700000000000005,3.5166666666666666
motiongen_2618,43.633000000000003,-0.52333333333333476,10.01,5.8266666666666671,3.2966666666666669
motiongen_2619,43.649999999999999,-0.62000000000000144,10.01,5.8833333333333329,3.0666666666666669
motiongen_2620,43.667000000000002,-0.72000000000000153,10.01,5.9333333333333336,2.8300000000000001
motiongen_2621,43.683,-0.82000000000000162,10.01,5.9800000000000004,2.5866666666666669
motiongen_2622,43.700000000000003,-0.91666666666666807,10.01,6.0233333333333334,2.3366666666666664
motiongen_2623,43.716999999999999,-1.0200000000000016,10.01,6.0633333333333335,2.0800000000000001
motiongen_2624,43.732999999999997,-1.1200000000000014,10.01,6.0966666666666667,1.8133333333333335
motiongen_2625,43.75,-1.2200000000000015,10.01,6.1266666666666669,1.5433333333333334
motiongen_2626,43.767000000000003,-1.323333333333335,10.01,6.1533333333333342,1.2633333333333334
motiongen_2627,43.783000000000001,-1.4266666666666681,10.01,6.1733333333333338,0.97999999999999998
motiongen_2628,43.799999999999997,-1.5300000000000014,10.01,6.1900000000000004,0.68999999999999995
motiongen_2629,43.817,-1.6333333333333351,10.01,6.2033333333333331,0.39333333333333331
motiongen_2630,43.832999999999998,-1.7366666666666681,10.01,6.21,0.093333333333333338
motiongen_2631,43.850000000000001,-1.8400000000000012,10.01,6.21,-0.21333333333333335
motiongen_2632,43.866999999999997,-1.9433333333333347,10.01,6.206666666666667,-0.52333333333333332
motiongen_2633,43.883000000000003,-2.0466666666666682,10.01,6.1966666666666672,-0.83666666666666667
motiongen_2634,43.899999999999999,-2.1500000000000017,10.01,6.1833333333333336,-1.1533333333333333
motiongen_2635,43.917000000000002,-2.2533333333333347,10.01,6.1633333333333331,-1.4766666666666668
motiongen_2636,43.933,-2.3533333333333348,10.01,6.1400000000000006,-1.8000000000000003
motiongen_2637,43.950000000000003,-2.4566666666666683,10.01,6.1100000000000003,-2.1266666666666669
motiongen_2638,43.966999999999999,-2.5600000000000018,10.01,6.0733333333333341,-2.4533333333333336
motiongen_2639,43.982999999999997,-2.6600000000000019,10.01,6.0333333333333341,-2.7833333333333332
motiongen_2640,44,-2.7600000000000016,10.01,5.9866666666666672,-3.1166666666666671
motiongen_2641,44.017000000000003,-2.8600000000000017,10.01,5.9366666666666665,-3.4466666666666668
motiongen_2642,44.033000000000001,-2.9600000000000013,10.01,5.8766666666666669,-3.7766666666666668
motiongen_2643,44.049999999999997,-3.0566666666666684,10.01,5.8166666666666673,-4.1100000000000003
motiongen_2644,44.067,-3.1533333333333347,10.01,5.746666666666667,-4.4400000000000004
motiongen_2645,44.082999999999998,-3.2500000000000018,10.01,5.6733333333333338,-4.7666666666666666
motiongen_2646,44.100000000000001,-3.3433333333333346,10.01,5.5933333333333337,-5.0933333333333337
motiongen_2647,44.116999999999997,-3.4366666666666679,10.01,5.5100000000000007,-5.416666666666667
motiongen_2648,44.133000000000003,-3.5300000000000016,10.01,5.416666666666667,-5.7366666666666672
motiongen_2649,44.149999999999999,-3.6200000000000019,10.01,5.3233333333333333,-6.0566666666666666
motiongen_2650,44.167000000000002,-3.7100000000000017,10.01,5.2200000000000006,-6.3700000000000001
motiongen_2651,44.183,-3.7966666666666686,10.01,5.1166666666666663,-6.6766666666666676
motiongen_2652,44.200000000000003,-3.8800000000000017,10.01,5.003333333333333,-6.9833333333333343
motiongen_2653,44.216999999999999,-3.9633333333333356,10.01,4.8866666666666667,-7.2800000000000011
motiongen_2654,44.232999999999997,-4.0466666666666686,10.01,4.7666666666666666,-7.5733333333333333
motiongen_2655,44.25,-4.1266666666666687,10.01,4.6399999999999997,-7.8600000000000003
motiongen_2656,44.267000000000003,-4.2033333333333349,10.01,4.5099999999999998,-8.1400000000000006
motiongen_2657,44.283000000000001,-4.2766666666666682,10.01,4.373333333333334,-8.4100000000000001
motiongen_2658,44.299999999999997,-4.3500000000000014,10.01,4.2333333333333334,-8.6766666666666676
motiongen_2659,44.317,-4.4200000000000017,10.01,4.0900000000000007,-8.9333333333333336
motiongen_2660,44.332999999999998,-4.490000000000002,10.01,3.9399999999999999,-9.1799999999999997
motiongen_2661,44.350000000000001,-4.5566666666666684,10.01,3.7866666666666666,-9.4199999999999999
motiongen_2662,44.366999999999997,-4.620000000000001,10.01,3.6299999999999999,-9.6500000000000004
motiongen_2663,44.383000000000003,-4.6800000000000015,10.01,3.4699999999999998,-9.8699999999999992
motiongen_2664,44.399999999999999,-4.7366666666666681,10.01,3.3033333333333332,-10.08
motiongen_2665,44.417000000000002,-4.7933333333333348,10.01,3.1366666666666667,-10.280000000000001
motiongen_2666,44.433,-4.8433333333333355,10.01,2.9666666666666668,-10.470000000000001
motiongen_2667,44.450000000000003,-4.8933333333333353,10.01,2.79,-10.65
motiongen_2668,44.466999999999999,-4.9400000000000013,10.01,2.6133333333333337,-10.816666666666668
motiongen_2669,44.482999999999997,-4.9833333333333343,10.01,2.4333333333333336,-10.973333333333333
motiongen_2670,44.5,-5.0233333333333343,10.01,2.2500000000000004,-11.119999999999999
motiongen_2671,44.517000000000003,-5.0600000000000014,10.01,2.0633333333333335,-11.253333333333334
motiongen_2672,44.533000000000001,-5.0966666666666685,10.01,1.8766666666666665,-11.373333333333333
motiongen_2673,44.549999999999997,-5.1266666666666687,10.01,1.6866666666666668,-11.483333333333333
motiongen_2674,44.567,-5.1566666666666681,10.01,1.4966666666666668,-11.580000000000002
motiongen_2675,44.582999999999998,-5.1800000000000015,10.01,1.3033333333333335,-11.666666666666668
motiongen_2676,44.600000000000001,-5.2033333333333349,10.01,1.1100000000000001,-11.736666666666666
motiongen_2677,44.616999999999997,-5.2200000000000015,10.01,0.91333333333333344,-11.796666666666667
motiongen_2678,44.633000000000003,-5.2366666666666681,10.01,0.71666666666666667,-11.843333333333334
motiongen_2679,44.649999999999999,-5.2466666666666688,10.01,0.52000000000000002,-11.876666666666667
motiongen_2680,44.667000000000002,-5.2566666666666686,10.01,0.32000000000000001,-11.9
motiongen_2681,44.683,-5.2633333333333345,10.01,0.12333333333333334,-2.8266666666666667
motiongen_2682,44.700000000000003,-5.2633333333333345,10.01,0.076666666666666675,11.9
motiongen_2683,44.716999999999999,-5.2633333333333345,10.01,0.27333333333333337,11.883333333333333
motiongen_2684,44.732999999999997,-5.2566666666666686,10.01,0.47333333333333333,11.853333333333333
motiongen_2685,44.75,-5.2500000000000018,10.01,0.67000000000000004,11.81
motiongen_2686,44.767000000000003,-5.240000000000002,10.01,0.8666666666666667,11.753333333333334
motiongen_2687,44.783000000000001,-5.2233333333333345,10.01,1.0633333333333335,11.683333333333334
motiongen_2688,44.799999999999997,-5.2066666666666688,10.01,1.2566666666666668,11.603333333333333
motiongen_2689,44.817,-5.1866666666666683,10.01,1.45,11.506666666666668
motiongen_2690,44.832999999999998,-5.1600000000000019,10.01,1.6433333333333333,11.4
motiongen_2691,44.850000000000001,-5.1333333333333355,10.01,1.8333333333333335,11.283333333333333
motiongen_2692,44.866999999999997,-5.1033333333333344,10.01,2.02,11.153333333333334
motiongen_2693,44.883000000000003,-5.0700000000000012,10.01,2.206666666666667,11.01
motiongen_2694,44.899999999999999,-5.033333333333335,10.01,2.3900000000000001,10.856666666666667
motiongen_2695,44.917000000000002,-4.993333333333335,10.01,2.5700000000000003,10.69
motiongen_2696,44.933,-4.950000000000002,10.01,2.75,10.513333333333334
motiongen_2697,44.950000000000003,-4.9033333333333351,10.01,2.9233333333333333,10.326666666666666
motiongen_2698,44.966999999999999,-4.8566666666666682,10.01,3.0966666666666671,10.130000000000001
motiongen_2699,44.982999999999997,-4.8033333333333355,10.01,3.2633333333333332,9.9199999999999999
motiongen_2700,45,-4.7500000000000018,10.01,3.4299999999999997,9.7033333333333331
motiongen_2701,45.017000000000003,-4.6933333333333351,10.01,3.5933333333333337,9.4733333333333345
motiongen_2702,45.033000000000001,-4.6333333333333346,10.01,3.75,9.2366666666666664
motiongen_2703,45.049999999999997,-4.5700000000000021,10.01,3.9033333333333338,8.9900000000000002
motiongen_2704,45.067,-4.5066666666666686,10.01,4.0533333333333337,8.7366666666666664
motiongen_2705,45.082999999999998,-4.4366666666666683,10.01,4.2000000000000002,8.4733333333333327
motiongen_2706,45.100000000000001,-4.3666666666666689,10.01,4.3400000000000007,8.2033333333333331
motiongen_2707,45.116999999999997,-4.2966666666666677,10.01,4.4766666666666666,7.9266666666666676
motiongen_2708,45.133000000000003,-4.2200000000000015,10.01,4.6100000000000003,7.6399999999999997
motiongen_2709,45.149999999999999,-4.1433333333333344,10.01,4.7366666666666672,7.3500000000000005
motiongen_2710,45.167000000000002,-4.0666666666666682,10.01,4.8600000000000003,7.0533333333333337
motiongen_2711,45.183,-3.9833333333333352,10.01,4.9766666666666675,6.75
motiongen_2712,45.200000000000003,-3.9000000000000012,10.01,5.0899999999999999,6.4433333333333334
motiongen_2713,45.216999999999999,-3.8166666666666682,10.01,5.1966666666666663,6.1299999999999999
motiongen_2714,45.232999999999997,-3.7300000000000013,10.01,5.3000000000000007,5.8133333333333335
motiongen_2715,45.25,-3.6400000000000023,10.01,5.3966666666666665,5.4933333333333332
motiongen_2716,45.267000000000003,-3.5500000000000016,10.01,5.4866666666666664,5.1699999999999999
motiongen_2717,45.283000000000001,-3.4600000000000017,10.01,5.5733333333333333,4.8433333333333337
motiongen_2718,45.299999999999997,-3.3666666666666685,10.01,5.6533333333333333,4.5166666666666666
motiongen_2719,45.317,-3.2733333333333348,10.01,5.7300000000000004,4.1866666666666665
motiongen_2720,45.332999999999998,-3.1766666666666685,10.01,5.7999999999999998,3.8566666666666669
motiongen_2721,45.350000000000001,-3.0800000000000014,10.01,5.8633333333333333,3.5266666666666668
motiongen_2722,45.366999999999997,-2.9833333333333352,10.01,5.9233333333333329,3.1933333333333334
motiongen_2723,45.383000000000003,-2.8833333333333351,10.01,5.9766666666666666,2.8633333333333333
motiongen_2724,45.399999999999999,-2.783333333333335,10.01,6.0233333333333334,2.5333333333333337
motiongen_2725,45.417000000000002,-2.6833333333333349,10.01,6.0666666666666673,2.2033333333333336
motiongen_2726,45.433,-2.5833333333333348,10.01,6.1033333333333335,1.8766666666666665
motiongen_2727,45.450000000000003,-2.4800000000000018,10.01,6.1333333333333337,1.5533333333333335
motiongen_2728,45.466999999999999,-2.3800000000000017,10.01,6.1600000000000001,1.23
motiongen_2729,45.482999999999997,-2.2766666666666682,10.01,6.1800000000000006,0.91333333333333344
motiongen_2730,45.5,-2.1733333333333351,10.01,6.1966666666666672,0.59666666666666668
motiongen_2731,45.517000000000003,-2.0700000000000016,10.01,6.206666666666667,0.28666666666666668
motiongen_2732,45.533000000000001,-1.9666666666666681,10.01,6.21,-0.02
motiongen_2733,45.549999999999997,-1.8633333333333346,10.01,6.21,-0.32333333333333336
motiongen_2734,45.567,-1.7600000000000016,10.01,6.2033333333333331,-0.62
motiongen_2735,45.582999999999998,-1.6566666666666681,10.01,6.1933333333333342,-0.91000000000000014
motiongen_2736,45.600000000000001,-1.553333333333335,10.01,6.1800000000000006,-1.1966666666666668
motiongen_2737,45.616999999999997,-1.4500000000000013,10.01,6.1600000000000001,-1.4766666666666668
motiongen_2738,45.633000000000003,-1.3466666666666682,10.01,6.1333333333333337,-1.7500000000000002
motiongen_2739,45.649999999999999,-1.2466666666666681,10.01,6.1033333333333335,-2.0166666666666666
motiongen_2740,45.667000000000002,-1.1433333333333349,10.01,6.0700000000000003,-2.2766666666666668
motiongen_2741,45.683,-1.0433333333333348,10.01,6.0333333333333341,-2.5266666666666668
motiongen_2742,45.700000000000003,-0.94333333333333469,10.01,5.9900000000000002,-2.7733333333333334
motiongen_2743,45.716999999999999,-0.84333333333333482,10.01,5.9466666666666672,-3.0100000000000002
motiongen_2744,45.732999999999997,-0.74333333333333473,10.01,5.8933333333333335,-3.2433333333333332
motiongen_2745,45.75,-0.64333333333333487,10.01,5.8399999999999999,-3.4633333333333334
motiongen_2746,45.767000000000003,-0.54666666666666819,10.01,5.7833333333333341,-3.6800000000000006
motiongen_2747,45.783000000000001,-0.45000000000000151,10.01,5.7233333333333336,-3.8866666666666667
motiongen_2748,45.799999999999997,-0.35666666666666813,10.01,5.6566666666666672,-4.0866666666666669
motiongen_2749,45.817,-0.26000000000000145,10.01,5.5900000000000007,-4.2800000000000002
motiongen_2750,45.832999999999998,-0.17000000000000148,10.01,5.5166666666666666,-4.4633333333333338
motiongen_2751,45.850000000000001,-0.076666666666668104,10.01,5.4433333333333334,-4.6399999999999997
motiongen_2752,45.866999999999997,0.013333333333331865,10.01,5.3666666666666671,-4.8066666666666666
motiongen_2753,45.883000000000003,0.10333333333333189,10.01,5.2866666666666671,-4.9700000000000006
motiongen_2754,45.899999999999999,0.19333333333333186,10.01,5.2033333333333331,-5.1233333333333331
motiongen_2755,45.917000000000002,0.27999999999999858,10.01,5.1166666666666663,-5.2666666666666675
motiongen_2756,45.933,0.3633333333333319,10.01,5.0300000000000002,-5.4066666666666672
motiongen_2757,45.950000000000003,0.44666666666666521,10.01,4.9400000000000004,-5.5366666666666671
motiongen_2758,45.966999999999999,0.52999999999999858,10.01,4.8466666666666667,-5.663333333333334
motiongen_2759,45.982999999999997,0.60999999999999854,10.01,4.753333333333333,-5.7800000000000002
motiongen_2760,46,0.68999999999999861,10.01,4.6566666666666672,-5.8899999999999997
motiongen_2761,46.017000000000003,0.76666666666666528,10.01,4.5600000000000005,-5.9933333333333341
motiongen_2762,46.033000000000001,0.84333333333333194,10.01,4.4600000000000009,-6.0933333333333337
motiongen_2763,46.049999999999997,0.9166666666666653,10.01,4.3566666666666665,-6.1833333333333336
motiongen_2764,46.067,0.98999999999999855,10.01,4.2533333333333339,-6.2700000000000005
motiongen_2765,46.082999999999998,1.0599999999999987,10.01,4.1500000000000004,-6.3500000000000005
motiongen_2766,46.100000000000001,1.1299999999999986,10.01,4.0433333333333339,-6.4233333333333338
motiongen_2767,46.116999999999997,1.1966666666666652,10.01,3.936666666666667,-6.4933333333333332
motiongen_2768,46.133000000000003,1.2633333333333319,10.01,3.8300000000000001,-6.5566666666666675
motiongen_2769,46.149999999999999,1.3266666666666653,10.01,3.7200000000000006,-6.6166666666666671
motiongen_2770,46.167000000000002,1.3899999999999988,10.01,3.6099999999999999,-6.6699999999999999
motiongen_2771,46.183,1.4499999999999984,10.01,3.4966666666666666,-6.7200000000000006
motiongen_2772,46.200000000000003,1.5066666666666653,10.01,3.3866666666666667,-6.7666666666666666
motiongen_2773,46.216999999999999,1.5633333333333319,10.01,3.2733333333333334,-6.8100000000000005
motiongen_2774,46.232999999999997,1.6199999999999986,10.01,3.1600000000000001,-6.8466666666666667
motiongen_2775,46.25,1.6699999999999986,10.01,3.0466666666666669,-6.8833333333333337
motiongen_2776,46.267000000000003,1.7233333333333321,10.01,2.9300000000000002,-6.9133333333333331
motiongen_2777,46.283000000000001,1.7699999999999987,10.01,2.8166666666666669,-6.9433333333333342
motiongen_2778,46.299999999999997,1.8166666666666651,10.01,2.7000000000000002,-6.9700000000000006
motiongen_2779,46.317,1.863333333333332,10.01,2.5833333333333335,-6.9933333333333332
motiongen_2780,46.332999999999998,1.9066666666666652,10.01,2.4666666666666668,-7.0133333333333336
motiongen_2781,46.350000000000001,1.9466666666666652,10.01,2.3500000000000001,-7.0300000000000002
motiongen_2782,46.366999999999997,1.9866666666666652,10.01,2.2333333333333334,-7.0466666666666669
motiongen_2783,46.383000000000003,2.0233333333333317,10.01,2.1166666666666667,-7.0633333333333344
motiongen_2784,46.399999999999999,2.0599999999999987,10.01,1.9966666666666666,-7.076666666666668
motiongen_2785,46.417000000000002,2.0933333333333319,10.01,1.8799999999999999,-7.0866666666666669
motiongen_2786,46.433,2.1233333333333322,10.01,1.7633333333333334,-7.0966666666666667
motiongen_2787,46.450000000000003,2.153333333333332,10.01,1.6433333333333333,-7.1066666666666674
motiongen_2788,46.466999999999999,2.1799999999999988,10.01,1.5266666666666668,-7.1133333333333333
motiongen_2789,46.482999999999997,2.2066666666666652,10.01,1.4066666666666667,-7.120000000000001
motiongen_2790,46.5,2.2299999999999986,10.01,1.2866666666666668,-7.123333333333334
motiongen_2791,46.517000000000003,2.2499999999999987,10.01,1.1699999999999999,-7.1299999999999999
motiongen_2792,46.533000000000001,2.2699999999999987,10.01,1.05,-7.1333333333333337
motiongen_2793,46.549999999999997,2.2866666666666653,10.01,0.93000000000000016,-7.1366666666666667
motiongen_2794,46.567,2.3033333333333319,10.01,0.81333333333333335,-7.1399999999999997
motiongen_2795,46.582999999999998,2.3166666666666655,10.01,0.69333333333333336,-7.1399999999999997
motiongen_2796,46.600000000000001,2.3266666666666653,10.01,0.57333333333333336,-7.1433333333333326
motiongen_2797,46.616999999999997,2.3366666666666651,10.01,0.45666666666666672,-7.1433333333333326
motiongen_2798,46.633000000000003,2.3466666666666649,10.01,0.33666666666666673,-7.1433333333333326
motiongen_2799,46.649999999999999,2.3499999999999988,10.01,0.21666666666666667,-7.1466666666666674
motiongen_2800,46.667000000000002,2.3533333333333317,10.01,0.096666666666666679,-4.6366666666666667
motiongen_2801,46.683,2.3566666666666651,10.01,0.02,7.1466666666666674
motiongen_2802,46.700000000000003,2.3566666666666651,10.01,0.14000000000000001,7.1466666666666674
motiongen_2803,46.716999999999999,2.3533333333333317,10.01,0.26000000000000001,7.1433333333333326
motiongen_2804,46.732999999999997,2.3499999999999988,10.01,0.37666666666666671,7.1433333333333326
motiongen_2805,46.75,2.3433333333333319,10.01,0.49666666666666665,7.1433333333333326
motiongen_2806,46.767000000000003,2.3333333333333317,10.01,0.6166666666666667,7.1399999999999997
motiongen_2807,46.783000000000001,2.3233333333333324,10.01,0.73666666666666669,7.1366666666666667
motiongen_2808,46.799999999999997,2.3133333333333321,10.01,0.85333333333333339,7.1333333333333337
motiongen_2809,46.817,2.2966666666666655,10.01,0.97333333333333327,7.1299999999999999
motiongen_2810,46.832999999999998,2.2799999999999985,10.01,1.0933333333333335,7.1266666666666669
motiongen_2811,46.850000000000001,2.2633333333333319,10.01,1.21,7.123333333333334
motiongen_2812,46.866999999999997,2.2433333333333323,10.01,1.3300000000000001,7.1166666666666663
motiongen_2813,46.883000000000003,2.2199999999999989,10.01,1.4466666666666668,7.1100000000000003
motiongen_2814,46.899999999999999,2.1966666666666654,10.01,1.5666666666666667,7.1033333333333326
motiongen_2815,46.917000000000002,2.1699999999999986,10.01,1.6833333333333333,7.0933333333333337
motiongen_2816,46.933,2.1433333333333318,10.01,1.8033333333333335,7.0833333333333339
motiongen_2817,46.950000000000003,2.113333333333332,10.01,1.9199999999999999,7.0700000000000003
motiongen_2818,46.966999999999999,2.0799999999999983,10.01,2.04,7.0566666666666666
motiongen_2819,46.982999999999997,2.0466666666666651,10.01,2.1566666666666667,7.0433333333333339
motiongen_2820,47,2.0099999999999989,10.01,2.2733333333333334,7.0266666666666673
motiongen_2821,47.017000000000003,1.9733333333333321,10.01,2.3900000000000001,7.0066666666666668
motiongen_2822,47.033000000000001,1.933333333333332,10.01,2.5066666666666668,6.9833333333333343
motiongen_2823,47.049999999999997,1.8899999999999986,10.01,2.6233333333333335,6.9600000000000009
motiongen_2824,47.067,1.8466666666666651,10.01,2.7399999999999998,6.9333333333333336
motiongen_2825,47.082999999999998,1.8033333333333321,10.01,2.8566666666666669,6.9033333333333342
motiongen_2826,47.100000000000001,1.7533333333333321,10.01,2.9700000000000002,6.8700000000000001
motiongen_2827,47.116999999999997,1.703333333333332,10.01,3.0866666666666669,6.833333333333333
motiongen_2828,47.133000000000003,1.653333333333332,10.01,3.2000000000000002,6.793333333333333
motiongen_2829,47.149999999999999,1.5999999999999988,10.01,3.3133333333333335,6.75
motiongen_2830,47.167000000000002,1.5433333333333319,10.01,3.4266666666666667,6.703333333333334
motiongen_2831,47.183,1.4866666666666652,10.01,3.5366666666666666,6.6500000000000004
motiongen_2832,47.200000000000003,1.4299999999999984,10.01,3.6466666666666669,6.5966666666666676
motiongen_2833,47.216999999999999,1.3666666666666654,10.01,3.7566666666666668,6.5333333333333332
motiongen_2834,47.232999999999997,1.3066666666666653,10.01,3.8666666666666667,6.4700000000000006
motiongen_2835,47.25,1.2399999999999984,10.01,3.9733333333333332,6.3966666666666674
motiongen_2836,47.267000000000003,1.173333333333332,10.01,4.0800000000000001,6.3200000000000003
motiongen_2837,47.283000000000001,1.1066666666666651,10.01,4.1866666666666665,6.2400000000000002
motiongen_2838,47.299999999999997,1.0366666666666653,10.01,4.29,6.1533333333333342
motiongen_2839,47.317,0.96666666666666523,10.01,4.3933333333333335,6.0566666666666666
motiongen_2840,47.332999999999998,0.89333333333333198,10.01,4.4933333333333341,5.96
motiongen_2841,47.350000000000001,0.81666666666666521,10.01,4.5933333333333328,5.8533333333333335
motiongen_2842,47.366999999999997,0.73999999999999866,10.01,4.6900000000000004,5.7400000000000002
motiongen_2843,47.383000000000003,0.66333333333333189,10.01,4.7866666666666671,5.6200000000000001
motiongen_2844,47.399999999999999,0.58333333333333193,10.01,4.8799999999999999,5.4933333333333332
motiongen_2845,47.417000000000002,0.49999999999999856,10.01,4.9700000000000006,5.3600000000000003
motiongen_2846,47.433,0.41999999999999854,10.01,5.0600000000000005,5.2166666666666668
motiongen_2847,47.450000000000003,0.33333333333333187,10.01,5.1466666666666674,5.0700000000000003
motiongen_2848,47.466999999999999,0.2466666666666652,10.01,5.2333333333333334,4.9133333333333331
motiongen_2849,47.482999999999997,0.15999999999999853,10.01,5.3133333333333335,4.75
motiongen_2850,47.5,0.073333333333331863,10.01,5.3933333333333335,4.580000000000001
motiongen_2851,47.517000000000003,-0.016666666666668106,10.01,5.4700000000000006,4.4000000000000004
motiongen_2852,47.533000000000001,-0.11000000000000154,10.01,5.5433333333333339,4.2133333333333338
motiongen_2853,47.549999999999997,-0.20000000000000151,10.01,5.6133333333333333,4.0200000000000005
motiongen_2854,47.567,-0.29333333333333478,10.01,5.6799999999999997,3.8166666666666669
motiongen_2855,47.582999999999998,-0.39000000000000146,10.01,5.7433333333333341,3.6066666666666669
motiongen_2856,47.600000000000001,-0.48333333333333472,10.01,5.8033333333333337,3.3866666666666667
motiongen_2857,47.616999999999997,-0.5800000000000014,10.01,5.8600000000000003,3.1633333333333331
motiongen_2858,47.633000000000003,-0.68000000000000149,10.01,5.913333333333334,2.9300000000000002
motiongen_2859,47.649999999999999,-0.77666666666666817,10.01,5.9633333333333329,2.6900000000000004
motiongen_2860,47.667000000000002,-0.87666666666666826,10.01,6.0066666666666668,2.4399999999999999
motiongen_2861,47.683,-0.97666666666666813,10.01,6.0466666666666669,2.186666666666667
motiongen_2862,47.700000000000003,-1.0766666666666682,10.01,6.083333333333333,1.9233333333333333
motiongen_2863,47.716999999999999,-1.1800000000000015,10.01,6.1166666666666671,1.6533333333333333
motiongen_2864,47.732999999999997,-1.2800000000000016,10.01,6.1433333333333335,1.3799999999999999
motiongen_2865,47.75,-1.3833333333333351,10.01,6.166666666666667,1.0966666666666667
motiongen_2866,47.767000000000003,-1.4866666666666681,10.01,6.1833333333333336,0.81000000000000005
motiongen_2867,47.783000000000001,-1.5900000000000016,10.01,6.1966666666666672,0.51666666666666672
motiongen_2868,47.799999999999997,-1.6933333333333351,10.01,6.206666666666667,0.21666666666666667
motiongen_2869,47.817,-1.7966666666666682,10.01,6.21,-0.08666666666666667
motiongen_2870,47.832999999999998,-1.9000000000000012,10.01,6.21,-0.39333333333333331
motiongen_2871,47.850000000000001,-2.0033333333333347,10.01,6.2033333333333331,-0.70666666666666667
motiongen_2872,47.866999999999997,-2.1066666666666682,10.01,6.1900000000000004,-1.0233333333333334
motiongen_2873,47.883000000000003,-2.2100000000000017,10.01,6.1733333333333338,-1.3433333333333335
motiongen_2874,47.899999999999999,-2.3133333333333348,10.01,6.1500000000000004,-1.6666666666666667
motiongen_2875,47.917000000000002,-2.4166666666666683,10.01,6.1233333333333331,-1.9933333333333334
motiongen_2876,47.933,-2.5166666666666684,10.01,6.0899999999999999,-2.3199999999999998
motiongen_2877,47.950000000000003,-2.6200000000000019,10.01,6.0499999999999998,-2.6500000000000004
motiongen_2878,47.966999999999999,-2.7200000000000015,10.01,6.0066666666666668,-2.98
motiongen_2879,47.982999999999997,-2.8200000000000016,10.01,5.956666666666667,-3.3100000000000001
motiongen_2880,48,-2.9200000000000013,10.01,5.9033333333333333,-3.6433333333333335
motiongen_2881,48.017000000000003,-3.0166666666666684,10.01,5.8433333333333328,-3.9733333333333332
motiongen_2882,48.033000000000001,-3.1133333333333346,10.01,5.7766666666666673,-4.3033333333333337
motiongen_2883,48.049999999999997,-3.2100000000000017,10.01,5.703333333333334,-4.6333333333333329
motiongen_2884,48.067,-3.3066666666666684,10.01,5.6266666666666669,-4.96
motiongen_2885,48.082999999999998,-3.4000000000000017,10.01,5.5433333333333339,-5.2833333333333332
motiongen_2886,48.100000000000001,-3.493333333333335,10.01,5.456666666666667,-5.6066666666666665
motiongen_2887,48.116999999999997,-3.5833333333333348,10.01,5.3633333333333333,-5.9266666666666667
motiongen_2888,48.133000000000003,-3.6733333333333356,10.01,5.2633333333333336,-6.2400000000000002
motiongen_2889,48.149999999999999,-3.7600000000000016,10.01,5.1600000000000001,-6.5533333333333337
motiongen_2890,48.167000000000002,-3.8466666666666685,10.01,5.0499999999999998,-6.8566666666666665
motiongen_2891,48.183,-3.9300000000000015,10.01,4.9366666666666674,-7.160000000000001
motiongen_2892,48.200000000000003,-4.0133333333333345,10.01,4.8166666666666673,-7.453333333333334
motiongen_2893,48.216999999999999,-4.0933333333333346,10.01,4.6933333333333334,-7.7433333333333332
motiongen_2894,48.232999999999997,-4.1700000000000017,10.01,4.5633333333333335,-8.0233333333333334
motiongen_2895,48.25,-4.2466666666666688,10.01,4.4299999999999997,-8.3000000000000007
motiongen_2896,48.267000000000003,-4.3200000000000021,10.01,4.29,-8.5666666666666664
motiongen_2897,48.283000000000001,-4.3933333333333353,10.01,4.1500000000000004,-8.826666666666668
motiongen_2898,48.299999999999997,-4.4633333333333347,10.01,4,-9.0800000000000018
motiongen_2899,48.317,-4.530000000000002,10.01,3.8500000000000001,-9.3233333333333341
motiongen_2900,48.332999999999998,-4.5933333333333346,10.01,3.6933333333333338,-9.5566666666666666
motiongen_2901,48.350000000000001,-4.6533333333333351,10.01,3.5366666666666666,-9.7800000000000011
motiongen_2902,48.366999999999997,-4.7133333333333347,10.01,3.3733333333333335,-9.9966666666666679
motiongen_2903,48.383000000000003,-4.7700000000000022,10.01,3.2066666666666666,-10.200000000000001
motiongen_2904,48.399999999999999,-4.823333333333335,10.01,3.0366666666666671,-10.393333333333333
motiongen_2905,48.417000000000002,-4.8733333333333348,10.01,2.8633333333333333,-10.576666666666668
motiongen_2906,48.433,-4.9200000000000017,10.01,2.686666666666667,-10.75
motiongen_2907,48.450000000000003,-4.9666666666666686,10.01,2.5066666666666668,-10.913333333333334
motiongen_2908,48.466999999999999,-5.0066666666666686,10.01,2.3266666666666667,-11.063333333333334
motiongen_2909,48.482999999999997,-5.0466666666666686,10.01,2.1400000000000001,-11.199999999999999
motiongen_2910,48.5,-5.0833333333333348,10.01,1.9533333333333334,-11.326666666666668
motiongen_2911,48.517000000000003,-5.1133333333333351,10.01,1.7666666666666668,-11.44
motiongen_2912,48.533000000000001,-5.1433333333333344,10.01,1.5733333333333333,-11.543333333333335
motiongen_2913,48.549999999999997,-5.1700000000000017,10.01,1.3833333333333333,-11.633333333333335
motiongen_2914,48.567,-5.1933333333333351,10.01,1.1899999999999999,-11.710000000000001
motiongen_2915,48.582999999999998,-5.2133333333333356,10.01,0.99333333333333329,-11.773333333333333
motiongen_2916,48.600000000000001,-5.2300000000000013,10.01,0.79666666666666663,-11.826666666666668
motiongen_2917,48.616999999999997,-5.243333333333335,10.01,0.59999999999999998,-11.866666666666667
motiongen_2918,48.633000000000003,-5.2533333333333356,10.01,0.40333333333333332,-11.890000000000001
motiongen_2919,48.649999999999999,-5.2600000000000016,10.01,0.20333333333333334,-11.903333333333334
motiongen_2920,48.667000000000002,-5.2633333333333345,10.01,0.0066666666666666671,11.210000000000001
motiongen_2921,48.683,-5.2633333333333345,10.01,0.19333333333333336,11.893333333333334
motiongen_2922,48.700000000000003,-5.2600000000000016,10.01,0.39000000000000001,11.866666666666667
motiongen_2923,48.716999999999999,-5.2533333333333356,10.01,0.58999999999999997,11.83
motiongen_2924,48.732999999999997,-5.243333333333335,10.01,0.78666666666666663,11.776666666666667
motiongen_2925,48.75,-5.2300000000000013,10.01,0.98333333333333328,11.713333333333333
motiongen_2926,48.767000000000003,-5.2133333333333356,10.01,1.1766666666666667,11.636666666666667
motiongen_2927,48.783000000000001,-5.1933333333333351,10.01,1.3699999999999999,11.546666666666667
motiongen_2928,48.799999999999997,-5.1733333333333356,10.01,1.5633333333333332,11.446666666666667
motiongen_2929,48.817,-5.1466666666666683,10.01,1.7533333333333334,11.333333333333334
motiongen_2930,48.832999999999998,-5.116666666666668,10.01,1.9433333333333334,11.206666666666667
motiongen_2931,48.850000000000001,-5.0833333333333348,10.01,2.1300000000000003,11.07
motiongen_2932,48.866999999999997,-5.0500000000000016,10.01,2.3133333333333335,10.92
motiongen_2933,48.883000000000003,-5.0100000000000016,10.01,2.4966666666666666,10.760000000000002
motiongen_2934,48.899999999999999,-4.9700000000000015,10.01,2.6766666666666667,10.586666666666668
motiongen_2935,48.917000000000002,-4.9233333333333356,10.01,2.8533333333333335,10.403333333333334
motiongen_2936,48.933,-4.8766666666666687,10.01,3.0266666666666668,10.210000000000001
motiongen_2937,48.950000000000003,-4.826666666666668,10.01,3.1966666666666668,10.006666666666666
motiongen_2938,48.966999999999999,-4.7733333333333352,10.01,3.3633333333333333,9.7933333333333348
motiongen_2939,48.982999999999997,-4.7166666666666686,10.01,3.5266666666666668,9.5700000000000003
motiongen_2940,49,-4.6566666666666681,10.01,3.686666666666667,9.3366666666666678
motiongen_2941,49.017000000000003,-4.5966666666666685,10.01,3.8399999999999999,9.0933333333333337
motiongen_2942,49.033000000000001,-4.533333333333335,10.01,3.9933333333333332,8.8433333333333337
motiongen_2943,49.049999999999997,-4.4666666666666686,10.01,4.1400000000000006,8.5833333333333339
motiongen_2944,49.067,-4.3966666666666683,10.01,4.2833333333333332,8.3166666666666682
motiongen_2945,49.082999999999998,-4.3266666666666689,10.01,4.4233333333333338,8.0400000000000009
motiongen_2946,49.100000000000001,-4.2533333333333347,10.01,4.5566666666666666,7.7599999999999998
motiongen_2947,49.116999999999997,-4.1766666666666676,10.01,4.6866666666666665,7.4700000000000006
motiongen_2948,49.133000000000003,-4.0966666666666685,10.01,4.8100000000000005,7.1766666666666667
motiongen_2949,49.149999999999999,-4.0166666666666684,10.01,4.9300000000000006,6.8766666666666678
motiongen_2950,49.167000000000002,-3.9366666666666683,10.01,5.043333333333333,6.5700000000000003
motiongen_2951,49.183,-3.8500000000000014,10.01,5.1533333333333333,6.2599999999999998
motiongen_2952,49.200000000000003,-3.7666666666666684,10.01,5.2566666666666668,5.9433333333333334
motiongen_2953,49.216999999999999,-3.6766666666666685,10.01,5.3566666666666665,5.6266666666666669
motiongen_2954,49.232999999999997,-3.5900000000000016,10.01,5.4500000000000002,5.3033333333333337
motiongen_2955,49.25,-3.4966666666666679,10.01,5.54,4.9800000000000004
motiongen_2956,49.267000000000003,-3.4066666666666685,10.01,5.623333333333334,4.6533333333333333
motiongen_2957,49.283000000000001,-3.3133333333333348,10.01,5.7000000000000002,4.3233333333333333
motiongen_2958,49.299999999999997,-3.2166666666666686,10.01,5.7700000000000005,3.9933333333333332
motiongen_2959,49.317,-3.1200000000000014,10.01,5.8366666666666669,3.6600000000000006
motiongen_2960,49.332999999999998,-3.0233333333333352,10.01,5.9000000000000004,3.3300000000000001
motiongen_2961,49.350000000000001,-2.9266666666666681,10.01,5.953333333333334,3
motiongen_2962,49.366999999999997,-2.826666666666668,10.01,6.003333333333333,2.6700000000000004
motiongen_2963,49.383000000000003,-2.7266666666666679,10.01,6.0499999999999998,2.3399999999999999
motiongen_2964,49.399999999999999,-2.6233333333333348,10.01,6.0866666666666669,2.0100000000000002
motiongen_2965,49.417000000000002,-2.5233333333333348,10.01,6.1200000000000001,1.6866666666666668
motiongen_2966,49.433,-2.4200000000000017,10.01,6.1500000000000004,1.3633333333333333
motiongen_2967,49.450000000000003,-2.3200000000000016,10.01,6.1733333333333338,1.0433333333333334
motiongen_2968,49.466999999999999,-2.2166666666666686,10.01,6.1900000000000004,0.72666666666666668
motiongen_2969,49.482999999999997,-2.1133333333333351,10.01,6.2000000000000002,0.41333333333333333
motiongen_2970,49.5,-2.0100000000000016,10.01,6.21,0.10333333333333333
motiongen_2971,49.517000000000003,-1.9066666666666681,10.01,6.21,-0.20000000000000001
motiongen_2972,49.533000000000001,-1.803333333333335,10.01,6.206666666666667,-0.5
motiongen_2973,49.549999999999997,-1.7000000000000015,10.01,6.2000000000000002,-0.79333333333333333
motiongen_2974,49.567,-1.596666666666668,10.01,6.1866666666666674,-1.0800000000000001
motiongen_2975,49.582999999999998,-1.4933333333333347,10.01,6.166666666666667,-1.3633333333333333
motiongen_2976,49.600000000000001,-1.3900000000000017,10.01,6.1433333333333335,-1.6366666666666667
motiongen_2977,49.616999999999997,-1.2866666666666682,10.01,6.1166666666666671,-1.9066666666666665
motiongen_2978,49.633000000000003,-1.1866666666666681,10.01,6.0866666666666669,-2.1700000000000004
motiongen_2979,49.649999999999999,-1.0833333333333348,10.01,6.0499999999999998,-2.4233333333333333
motiongen_2980,49.667000000000002,-0.98333333333333472,10.01,6.0099999999999998,-2.6733333333333338
motiongen_2981,49.683,-0.88333333333333486,10.01,5.9633333333333329,-2.9133333333333336
motiongen_2982,49.700000000000003,-0.78333333333333477,10.01,5.916666666666667,-3.1466666666666665
motiongen_2983,49.716999999999999,-0.68666666666666831,10.01,5.8633333333333333,-3.3733333333333335
motiongen_2984,49.732999999999997,-0.58666666666666822,10.01,5.8066666666666666,-3.5933333333333337
motiongen_2985,49.75,-0.49000000000000143,10.01,5.746666666666667,-3.8033333333333337
motiongen_2986,49.767000000000003,-0.39333333333333487,10.01,5.6833333333333336,-4.0066666666666668
motiongen_2987,49.783000000000001,-0.30000000000000149,10.01,5.6166666666666671,-4.2000000000000002
motiongen_2988,49.799999999999997,-0.20666666666666822,10.01,5.5466666666666669,-4.3899999999999997
motiongen_2989,49.817,-0.11333333333333484,10.01,5.4733333333333336,-4.5666666666666673
motiongen_2990,49.832999999999998,-0.02333333333333476,10.01,5.3966666666666665,-4.7400000000000002
motiongen_2991,49.850000000000001,0.066666666666665209,10.01,5.3200000000000003,-4.9033333333333342
motiongen_2992,49.866999999999997,0.15666666666666523,10.01,5.2366666666666664,-5.0600000000000005
motiongen_2993,49.883000000000003,0.24333333333333187,10.01,5.1533333333333333,-5.21
motiongen_2994,49.899999999999999,0.32999999999999852,10.01,5.0666666666666673,-5.3500000000000005
motiongen_2995,49.917000000000002,0.41333333333333189,10.01,4.9766666666666675,-5.4833333333333334
motiongen_2996,49.933,0.4966666666666652,10.01,4.8866666666666667,-5.6133333333333333
motiongen_2997,49.950000000000003,0.57666666666666522,10.01,4.793333333333333,-5.7333333333333334
motiongen_2998,49.966999999999999,0.65666666666666518,10.01,4.6966666666666672,-5.8466666666666667
motiongen_2999,49.982999999999997,0.73666666666666525,10.01,4.5999999999999996,-5.953333333333334
motiongen_3000,50,0.81333333333333191,10.01,4.5000000000000009,-6.0533333333333337
motiongen_3001,50.017000000000003,0.88666666666666527,10.01,4.4000000000000004,-6.1466666666666674
motiongen_3002,50.033000000000001,0.95999999999999852,10.01,4.2966666666666669,-6.2333333333333343
motiongen_3003,50.049999999999997,1.0333333333333319,10.01,4.1933333333333334,-6.3166666666666673
motiongen_3004,50.067,1.1033333333333319,10.01,4.0866666666666669,-6.3933333333333335
motiongen_3005,50.082999999999998,1.1699999999999986,10.01,3.98,-6.4633333333333338
motiongen_3006,50.100000000000001,1.2366666666666652,10.01,3.8733333333333331,-6.5300000000000002
motiongen_3007,50.116999999999997,1.2999999999999985,10.01,3.7633333333333336,-6.5933333333333337
motiongen_3008,50.133000000000003,1.363333333333332,10.01,3.6533333333333338,-6.6466666666666665
motiongen_3009,50.149999999999999,1.4266666666666652,10.01,3.5433333333333334,-6.6999999999999993
motiongen_3010,50.167000000000002,1.4833333333333318,10.01,3.4333333333333336,-6.746666666666667
motiongen_3011,50.183,1.5399999999999987,10.01,3.3200000000000003,-6.793333333333333
motiongen_3012,50.200000000000003,1.5966666666666653,10.01,3.2066666666666666,-6.833333333333333
motiongen_3013,50.216999999999999,1.6499999999999986,10.01,3.0933333333333337,-6.8666666666666671
motiongen_3014,50.232999999999997,1.6999999999999986,10.01,2.976666666666667,-6.8999999999999995
motiongen_3015,50.25,1.7499999999999987,10.01,2.8633333333333333,-6.9300000000000006
motiongen_3016,50.267000000000003,1.7999999999999987,10.01,2.7466666666666666,-6.9600000000000009
motiongen_3017,50.283000000000001,1.8433333333333319,10.01,2.6300000000000003,-6.9833333333333343
motiongen_3018,50.299999999999997,1.8899999999999986,10.01,2.5133333333333336,-7.0033333333333339
motiongen_3019,50.317,1.9299999999999986,10.01,2.3966666666666665,-7.0233333333333343
motiongen_3020,50.332999999999998,1.9699999999999986,10.01,2.2800000000000002,-7.0400000000000009
motiongen_3021,50.350000000000001,2.0099999999999989,10.01,2.1633333333333336,-7.0566666666666666
motiongen_3022,50.366999999999997,2.0433333333333321,10.01,2.0466666666666669,-7.0700000000000003
motiongen_3023,50.383000000000003,2.0799999999999983,10.01,1.9266666666666665,-7.0833333333333339
motiongen_3024,50.399999999999999,2.1099999999999985,10.01,1.8100000000000003,-7.0933333333333337
motiongen_3025,50.417000000000002,2.1399999999999988,10.01,1.6933333333333334,-7.1033333333333326
motiongen_3026,50.433,2.1699999999999986,10.01,1.5733333333333333,-7.1100000000000003
motiongen_3027,50.450000000000003,2.1966666666666654,10.01,1.4566666666666668,-7.1166666666666663
motiongen_3028,50.466999999999999,2.2199999999999989,10.01,1.3366666666666669,-7.123333333333334
motiongen_3029,50.482999999999997,2.2433333333333323,10.01,1.2166666666666668,-7.1266666666666669
motiongen_3030,50.5,2.2633333333333319,10.01,1.1000000000000001,-7.1299999999999999
motiongen_3031,50.517000000000003,2.2799999999999985,10.01,0.97999999999999998,-7.1333333333333337
motiongen_3032,50.533000000000001,2.2966666666666655,10.01,0.8600000000000001,-7.1366666666666667
motiongen_3033,50.549999999999997,2.3099999999999987,10.01,0.7433333333333334,-7.1399999999999997
motiongen_3034,50.567,2.3233333333333324,10.01,0.62333333333333341,-7.1433333333333326
motiongen_3035,50.582999999999998,2.3333333333333317,10.01,0.5033333333333333,-7.1433333333333326
motiongen_3036,50.600000000000001,2.3433333333333319,10.01,0.38666666666666671,-7.1433333333333326
motiongen_3037,50.616999999999997,2.3499999999999988,10.01,0.26666666666666666,-7.1466666666666674
motiongen_3038,50.633000000000003,2.3533333333333317,10.01,0.14666666666666667,-7.1466666666666674
motiongen_3039,50.649999999999999,2.3566666666666651,10.01,0.026666666666666668,3.7866666666666666
motiongen_3040,50.667000000000002,2.3566666666666651,10.01,0.089999999999999997,7.1466666666666674
motiongen_3041,50.683,2.3533333333333317,10.01,0.21000000000000002,7.1433333333333326
motiongen_3042,50.700000000000003,2.3499999999999988,10.01,0.33000000000000002,7.1433333333333326
motiongen_3043,50.716999999999999,2.3466666666666649,10.01,0.44666666666666671,7.1433333333333326
motiongen_3044,50.732999999999997,2.3366666666666651,10.01,0.56666666666666676,7.1399999999999997
motiongen_3045,50.75,2.3299999999999987,10.01,0.68666666666666665,7.1399999999999997
motiongen_3046,50.767000000000003,2.3166666666666655,10.01,0.80666666666666664,7.1366666666666667
motiongen_3047,50.783000000000001,2.3033333333333319,10.01,0.92333333333333345,7.1333333333333337
motiongen_3048,50.799999999999997,2.2899999999999987,10.01,1.0433333333333334,7.1299999999999999
motiongen_3049,50.817,2.2699999999999987,10.01,1.1633333333333333,7.123333333333334
motiongen_3050,50.832999999999998,2.2499999999999987,10.01,1.28,7.120000000000001
motiongen_3051,50.850000000000001,2.2299999999999986,10.01,1.3999999999999999,7.1133333333333333
motiongen_3052,50.866999999999997,2.2066666666666652,10.01,1.5166666666666668,7.1066666666666674
motiongen_3053,50.883000000000003,2.1833333333333318,10.01,1.6366666666666667,7.0966666666666667
motiongen_3054,50.899999999999999,2.153333333333332,10.01,1.7533333333333334,7.0866666666666669
motiongen_3055,50.917000000000002,2.1266666666666652,10.01,1.8733333333333335,7.076666666666668
motiongen_3056,50.933,2.0933333333333319,10.01,1.99,7.0633333333333344
motiongen_3057,50.950000000000003,2.0599999999999987,10.01,2.1100000000000003,7.0500000000000007
motiongen_3058,50.966999999999999,2.0266666666666655,10.01,2.226666666666667,7.0333333333333332
motiongen_3059,50.982999999999997,1.9899999999999987,10.01,2.3433333333333333,7.0133333333333336
motiongen_3060,51,1.9499999999999986,10.01,2.46,6.9933333333333332
motiongen_3061,51.017000000000003,1.9099999999999986,10.01,2.5766666666666667,6.9700000000000006
motiongen_3062,51.033000000000001,1.8666666666666651,10.01,2.6933333333333338,6.9433333333333342
motiongen_3063,51.049999999999997,1.8199999999999985,10.01,2.8100000000000001,6.9166666666666679
motiongen_3064,51.067,1.7733333333333321,10.01,2.9233333333333333,6.8833333333333337
motiongen_3065,51.082999999999998,1.7266666666666652,10.01,3.04,6.8500000000000005
motiongen_3066,51.100000000000001,1.673333333333332,10.01,3.1533333333333333,6.8100000000000005
motiongen_3067,51.116999999999997,1.623333333333332,10.01,3.2666666666666666,6.7700000000000005
motiongen_3068,51.133000000000003,1.5666666666666653,10.01,3.3800000000000003,6.7233333333333336
motiongen_3069,51.149999999999999,1.5099999999999987,10.01,3.4899999999999998,6.6733333333333329
motiongen_3070,51.167000000000002,1.4533333333333318,10.01,3.6033333333333335,6.6200000000000001
motiongen_3071,51.183,1.393333333333332,10.01,3.7133333333333338,6.5600000000000005
motiongen_3072,51.200000000000003,1.3299999999999987,10.01,3.8233333333333337,6.496666666666667
motiongen_3073,51.216999999999999,1.2666666666666653,10.01,3.9300000000000002,6.4266666666666667
motiongen_3074,51.232999999999997,1.2033333333333318,10.01,4.0366666666666671,6.3533333333333335
motiongen_3075,51.25,1.133333333333332,10.01,4.1433333333333335,6.2733333333333334
motiongen_3076,51.267000000000003,1.0666666666666651,10.01,4.246666666666667,6.1900000000000004
motiongen_3077,51.283000000000001,0.99333333333333196,10.01,4.3499999999999996,6.0966666666666667
motiongen_3078,51.299999999999997,0.92333333333333201,10.01,4.453333333333334,6
motiongen_3079,51.317,0.84666666666666524,10.01,4.5533333333333337,5.8966666666666665
motiongen_3080,51.332999999999998,0.77333333333333187,10.01,4.6500000000000004,5.7866666666666671
motiongen_3081,51.350000000000001,0.69333333333333191,10.01,4.746666666666667,5.6700000000000008
motiongen_3082,51.366999999999997,0.61666666666666525,10.01,4.8433333333333337,5.5466666666666669
motiongen_3083,51.383000000000003,0.53333333333333188,10.01,4.9333333333333336,5.413333333333334
motiongen_3084,51.399999999999999,0.45333333333333187,10.01,5.0233333333333334,5.2766666666666664
motiongen_3085,51.417000000000002,0.36999999999999855,10.01,5.1133333333333333,5.1299999999999999
motiongen_3086,51.433,0.28333333333333188,10.01,5.1966666666666663,4.9800000000000004
motiongen_3087,51.450000000000003,0.19666666666666521,10.01,5.2800000000000002,4.8166666666666673
motiongen_3088,51.466999999999999,0.10999999999999854,10.01,5.3600000000000003,4.6500000000000004
motiongen_3089,51.482999999999997,0.019999999999998519,10.01,5.4399999999999995,4.4733333333333336
motiongen_3090,51.5,-0.070000000000001505,10.01,5.5133333333333336,4.29
motiongen_3091,51.517000000000003,-0.16333333333333477,10.01,5.5833333333333339,4.1000000000000005
motiongen_3092,51.533000000000001,-0.25666666666666815,10.01,5.6533333333333333,3.8999999999999999
motiongen_3093,51.549999999999997,-0.35000000000000142,10.01,5.7166666666666668,3.6933333333333338
motiongen_3094,51.567,-0.44666666666666821,10.01,5.7800000000000002,3.4766666666666666
motiongen_3095,51.582999999999998,-0.54333333333333478,10.01,5.8366666666666669,3.2566666666666668
motiongen_3096,51.600000000000001,-0.64000000000000146,10.01,5.8933333333333335,3.0266666666666668
motiongen_3097,51.616999999999997,-0.73666666666666814,10.01,5.9433333333333334,2.7866666666666666
motiongen_3098,51.633000000000003,-0.83666666666666822,10.01,5.9900000000000002,2.5433333333333334
motiongen_3099,51.649999999999999,-0.93666666666666809,10.01,6.0300000000000002,2.2900000000000005
motiongen_3100,51.667000000000002,-1.0366666666666682,10.01,6.0700000000000003,2.0300000000000002
motiongen_3101,51.683,-1.136666666666668,10.01,6.1033333333333335,1.7666666666666668
motiongen_3102,51.700000000000003,-1.2400000000000015,10.01,6.1333333333333337,1.4933333333333334
motiongen_3103,51.716999999999999,-1.343333333333335,10.01,6.1566666666666672,1.2133333333333334
motiongen_3104,51.732999999999997,-1.4433333333333347,10.01,6.1766666666666667,0.93000000000000016
motiongen_3105,51.75,-1.5466666666666682,10.01,6.1933333333333342,0.63666666666666671
motiongen_3106,51.767000000000003,-1.6500000000000017,10.01,6.2033333333333331,0.33999999999999997
motiongen_3107,51.783000000000001,-1.7533333333333352,10.01,6.21,0.040000000000000001
motiongen_3108,51.799999999999997,-1.8566666666666682,10.01,6.21,-0.26666666666666666
motiongen_3109,51.817,-1.9600000000000013,10.01,6.206666666666667,-0.57666666666666666
motiongen_3110,51.832999999999998,-2.0633333333333348,10.01,6.1966666666666672,-0.89333333333333342
motiongen_3111,51.850000000000001,-2.1666666666666683,10.01,6.1800000000000006,-1.21
motiongen_3112,51.866999999999997,-2.2700000000000014,10.01,6.1600000000000001,-1.5333333333333334
motiongen_3113,51.883000000000003,-2.3733333333333348,10.01,6.1366666666666667,-1.8566666666666669
motiongen_3114,51.899999999999999,-2.4766666666666683,10.01,6.1033333333333335,-2.1833333333333336
motiongen_3115,51.917000000000002,-2.5766666666666684,10.01,6.0666666666666673,-2.5133333333333336
motiongen_3116,51.933,-2.6800000000000015,10.01,6.0266666666666673,-2.8433333333333333
motiongen_3117,51.950000000000003,-2.7800000000000016,10.01,5.9800000000000004,-3.1733333333333333
motiongen_3118,51.966999999999999,-2.8800000000000012,10.01,5.9266666666666667,-3.5066666666666668
motiongen_3119,51.982999999999997,-2.9766666666666683,10.01,5.8666666666666671,-3.8366666666666669
motiongen_3120,52,-3.0766666666666684,10.01,5.8033333333333337,-4.166666666666667
motiongen_3121,52.017000000000003,-3.1733333333333347,10.01,5.7333333333333334,-4.496666666666667
motiongen_3122,52.033000000000001,-3.2666666666666684,10.01,5.6600000000000001,-4.8266666666666671
motiongen_3123,52.049999999999997,-3.3633333333333346,10.01,5.5800000000000001,-5.1500000000000004
motiongen_3124,52.067,-3.4533333333333349,10.01,5.4933333333333332,-5.4766666666666666
motiongen_3125,52.082999999999998,-3.5466666666666686,10.01,5.4000000000000004,-5.7966666666666669
motiongen_3126,52.100000000000001,-3.6366666666666685,10.01,5.3033333333333337,-6.1133333333333342
motiongen_3127,52.116999999999997,-3.7233333333333354,10.01,5.2033333333333331,-6.4233333333333338
motiongen_3128,52.133000000000003,-3.8100000000000014,10.01,5.0966666666666667,-6.7333333333333334
motiongen_3129,52.149999999999999,-3.8966666666666683,10.01,4.9833333333333343,-7.036666666666668
motiongen_3130,52.167000000000002,-3.9800000000000013,10.01,4.8666666666666671,-7.3333333333333339
motiongen_3131,52.183,-4.0600000000000014,10.01,4.7433333333333341,-7.6233333333333331
motiongen_3132,52.200000000000003,-4.1400000000000015,10.01,4.6166666666666671,-7.910000000000001
motiongen_3133,52.216999999999999,-4.2166666666666677,10.01,4.4866666666666672,-8.1866666666666674
motiongen_3134,52.232999999999997,-4.2900000000000018,10.01,4.3499999999999996,-8.4599999999999991
motiongen_3135,52.25,-4.3633333333333351,10.01,4.206666666666667,-8.7233333333333345
motiongen_3136,52.267000000000003,-4.4333333333333353,10.01,4.0633333333333335,-8.9766666666666666
motiongen_3137,52.283000000000001,-4.5000000000000018,10.01,3.9133333333333331,-9.2233333333333327
motiongen_3138,52.299999999999997,-4.5666666666666682,10.01,3.7599999999999998,-9.4600000000000009
motiongen_3139,52.317,-4.6300000000000017,10.01,3.6000000000000005,-9.6900000000000013
motiongen_3140,52.332999999999998,-4.6900000000000022,10.01,3.4400000000000004,-9.9100000000000001
motiongen_3141,52.350000000000001,-4.7466666666666679,10.01,3.2733333333333334,-10.116666666666667
motiongen_3142,52.366999999999997,-4.8000000000000016,10.01,3.1066666666666669,-10.316666666666668
motiongen_3143,52.383000000000003,-4.8533333333333353,10.01,2.9333333333333336,-10.503333333333334
motiongen_3144,52.399999999999999,-4.9033333333333351,10.01,2.7599999999999998,-10.680000000000001
motiongen_3145,52.417000000000002,-4.9466666666666681,10.01,2.5800000000000001,-10.846666666666668
motiongen_3146,52.433,-4.9900000000000011,10.01,2.3999999999999999,-11.003333333333334
motiongen_3147,52.450000000000003,-5.0300000000000011,10.01,2.2166666666666668,-11.143333333333334
motiongen_3148,52.466999999999999,-5.0666666666666682,10.01,2.0300000000000002,-11.276666666666667
motiongen_3149,52.482999999999997,-5.1033333333333344,10.01,1.8433333333333335,-11.396666666666667
motiongen_3150,52.5,-5.1333333333333355,10.01,1.6533333333333333,-11.503333333333334
motiongen_3151,52.517000000000003,-5.1600000000000019,10.01,1.4633333333333334,-11.596666666666668
motiongen_3152,52.533000000000001,-5.1833333333333345,10.01,1.27,-11.68
motiongen_3153,52.549999999999997,-5.2066666666666688,10.01,1.0733333333333335,-11.75
motiongen_3154,52.567,-5.2233333333333345,10.01,0.87666666666666671,-11.806666666666667
motiongen_3155,52.582999999999998,-5.2366666666666681,10.01,0.67999999999999994,-11.850000000000001
motiongen_3156,52.600000000000001,-5.2500000000000018,10.01,0.48333333333333334,-11.883333333333333
motiongen_3157,52.616999999999997,-5.2566666666666686,10.01,0.28666666666666668,-11.9
motiongen_3158,52.633000000000003,-5.2633333333333345,10.01,0.08666666666666667,1.4333333333333333
motiongen_3159,52.649999999999999,-5.2633333333333345,10.01,0.11000000000000001,11.9
motiongen_3160,52.667000000000002,-5.2633333333333345,10.01,0.31,11.880000000000001
motiongen_3161,52.683,-5.2566666666666686,10.01,0.50666666666666671,11.846666666666666
motiongen_3162,52.700000000000003,-5.2500000000000018,10.01,0.70333333333333337,11.800000000000001
motiongen_3163,52.716999999999999,-5.2366666666666681,10.01,0.90000000000000013,11.74
motiongen_3164,52.732999999999997,-5.2200000000000015,10.01,1.0966666666666667,11.67
motiongen_3165,52.75,-5.2033333333333349,10.01,1.2933333333333334,11.586666666666668
motiongen_3166,52.767000000000003,-5.1833333333333345,10.01,1.4833333333333334,11.49
motiongen_3167,52.783000000000001,-5.1566666666666681,10.01,1.6766666666666667,11.380000000000001
motiongen_3168,52.799999999999997,-5.1300000000000017,10.01,1.8666666666666669,11.260000000000002
motiongen_3169,52.817,-5.0966666666666685,10.01,2.0533333333333332,11.126666666666667
motiongen_3170,52.832999999999998,-5.0633333333333344,10.01,2.2400000000000002,10.983333333333334
motiongen_3171,52.850000000000001,-5.0266666666666682,10.01,2.4233333333333333,10.826666666666668
motiongen_3172,52.866999999999997,-4.9866666666666681,10.01,2.6033333333333335,10.66
motiongen_3173,52.883000000000003,-4.9433333333333351,10.01,2.7799999999999998,10.48
motiongen_3174,52.899999999999999,-4.8966666666666683,10.01,2.956666666666667,10.293333333333335
motiongen_3175,52.917000000000002,-4.8466666666666685,10.01,3.1266666666666665,10.093333333333334
motiongen_3176,52.933,-4.7933333333333348,10.01,3.2933333333333334,9.8833333333333329
motiongen_3177,52.950000000000003,-4.7400000000000011,10.01,3.4600000000000004,9.663333333333334
motiongen_3178,52.966999999999999,-4.6833333333333353,10.01,3.6200000000000006,9.4333333333333336
motiongen_3179,52.982999999999997,-4.6233333333333348,10.01,3.7766666666666668,9.1933333333333334
motiongen_3180,53,-4.5600000000000014,10.01,3.9300000000000002,8.9466666666666672
motiongen_3181,53.017000000000003,-4.493333333333335,10.01,4.0800000000000001,8.6900000000000013
motiongen_3182,53.033000000000001,-4.4266666666666685,10.01,4.2233333333333336,8.4266666666666676
motiongen_3183,53.049999999999997,-4.3566666666666682,10.01,4.3666666666666671,8.1533333333333342
motiongen_3184,53.067,-4.283333333333335,10.01,4.5000000000000009,7.8766666666666669
motiongen_3185,53.082999999999998,-4.2066666666666688,10.01,4.6333333333333329,7.5900000000000007
motiongen_3186,53.100000000000001,-4.1300000000000017,10.01,4.7599999999999998,7.2966666666666669
motiongen_3187,53.116999999999997,-4.0500000000000016,10.01,4.8799999999999999,7.0000000000000009
motiongen_3188,53.133000000000003,-3.9700000000000015,10.01,4.996666666666667,6.6966666666666663
motiongen_3189,53.149999999999999,-3.8866666666666685,10.01,5.1100000000000003,6.3866666666666667
motiongen_3190,53.167000000000002,-3.8000000000000016,10.01,5.2166666666666668,6.0733333333333341
motiongen_3191,53.183,-3.7133333333333347,10.01,5.3166666666666664,5.7566666666666668
motiongen_3192,53.200000000000003,-3.6266666666666687,10.01,5.413333333333334,5.4366666666666665
motiongen_3193,53.216999999999999,-3.536666666666668,10.01,5.5033333333333339,5.1133333333333333
motiongen_3194,53.232999999999997,-3.4433333333333347,10.01,5.5900000000000007,4.7866666666666671
motiongen_3195,53.25,-3.3500000000000014,10.01,5.666666666666667,4.456666666666667
motiongen_3196,53.267000000000003,-3.2566666666666686,10.01,5.7433333333333341,4.1266666666666669
motiongen_3197,53.283000000000001,-3.1600000000000015,10.01,5.8100000000000005,3.7966666666666669
motiongen_3198,53.299999999999997,-3.0633333333333352,10.01,5.873333333333334,3.4666666666666668
motiongen_3199,53.317,-2.9666666666666681,10.01,5.9333333333333336,3.1333333333333333
motiongen_3200,53.332999999999998,-2.866666666666668,10.01,5.9833333333333334,2.8033333333333332
motiongen_3201,53.350000000000001,-2.7666666666666679,10.01,6.0300000000000002,2.4733333333333336
motiongen_3202,53.366999999999997,-2.6666666666666683,10.01,6.0733333333333341,2.1466666666666669
motiongen_3203,53.383000000000003,-2.5666666666666682,10.01,6.1066666666666674,1.8200000000000003
motiongen_3204,53.399999999999999,-2.4633333333333347,10.01,6.1400000000000006,1.4933333333333334
motiongen_3205,53.417000000000002,-2.3600000000000017,10.01,6.1633333333333331,1.1733333333333333
motiongen_3206,53.433,-2.2600000000000016,10.01,6.1833333333333336,0.85666666666666669
motiongen_3207,53.450000000000003,-2.1566666666666685,10.01,6.1966666666666672,0.54000000000000004
motiongen_3208,53.466999999999999,-2.053333333333335,10.01,6.206666666666667,0.23000000000000004
motiongen_3209,53.482999999999997,-1.9500000000000015,10.01,6.21,-0.076666666666666675
motiongen_3210,53.5,-1.846666666666668,10.01,6.21,-0.37666666666666671
motiongen_3211,53.517000000000003,-1.7400000000000015,10.01,6.2033333333333331,-0.67333333333333345
motiongen_3212,53.533000000000001,-1.636666666666668,10.01,6.1900000000000004,-0.96333333333333326
motiongen_3213,53.549999999999997,-1.5366666666666682,10.01,6.1766666666666667,-1.2466666666666668
motiongen_3214,53.567,-1.4333333333333347,10.01,6.1533333333333342,-1.5266666666666668
motiongen_3215,53.582999999999998,-1.3300000000000016,10.01,6.1299999999999999,-1.7966666666666669
motiongen_3216,53.600000000000001,-1.2266666666666681,10.01,6.1000000000000005,-2.0633333333333335
motiongen_3217,53.616999999999997,-1.126666666666668,10.01,6.0633333333333335,-2.3199999999999998
motiongen_3218,53.633000000000003,-1.0233333333333348,10.01,6.0266666666666673,-2.5733333333333337
motiongen_3219,53.649999999999999,-0.92333333333333467,10.01,5.9833333333333334,-2.8166666666666669
motiongen_3220,53.667000000000002,-0.8233333333333348,10.01,5.9366666666666665,-3.0533333333333337
motiongen_3221,53.683,-0.72666666666666813,10.01,5.8866666666666667,-3.2833333333333332
motiongen_3222,53.700000000000003,-0.62666666666666826,10.01,5.830000000000001,-3.5033333333333334
motiongen_3223,53.716999999999999,-0.53000000000000147,10.01,5.7733333333333334,-3.7166666666666668
motiongen_3224,53.732999999999997,-0.4333333333333349,10.01,5.7100000000000009,-3.9233333333333338
motiongen_3225,53.75,-0.34000000000000141,10.01,5.6466666666666665,-4.123333333333334
motiongen_3226,53.767000000000003,-0.24333333333333473,10.01,5.5766666666666671,-4.3133333333333335
motiongen_3227,53.783000000000001,-0.15333333333333476,10.01,5.5033333333333339,-4.496666666666667
motiongen_3228,53.799999999999997,-0.060000000000001497,10.01,5.4300000000000006,-4.6699999999999999
motiongen_3229,53.817,0.029999999999998528,10.01,5.3533333333333335,-4.8366666666666669
motiongen_3230,53.832999999999998,0.1199999999999985,10.01,5.2700000000000005,-4.996666666666667
motiongen_3231,53.850000000000001,0.20666666666666522,10.01,5.1866666666666674,-5.1500000000000004
motiongen_3232,53.866999999999997,0.29333333333333189,10.01,5.1033333333333335,-5.2933333333333339
motiongen_3233,53.883000000000003,0.37999999999999856,10.01,5.0133333333333336,-5.4300000000000006
motiongen_3234,53.899999999999999,0.46333333333333188,10.01,4.9233333333333338,-5.5599999999999996
motiongen_3235,53.917000000000002,0.54333333333333189,10.01,4.8300000000000001,-5.6833333333333336
motiongen_3236,53.933,0.62666666666666515,10.01,4.7366666666666672,-5.7999999999999998
motiongen_3237,53.950000000000003,0.70333333333333192,10.01,4.6399999999999997,-5.9100000000000001
motiongen_3238,53.966999999999999,0.77999999999999858,10.01,4.5400000000000009,-6.0133333333333336
motiongen_3239,53.982999999999997,0.85666666666666524,10.01,4.4400000000000004,-6.1100000000000003
motiongen_3240,54,0.92999999999999861,10.01,4.3400000000000007,-6.2000000000000002
motiongen_3241,54.017000000000003,1.0033333333333321,10.01,4.2366666666666664,-6.2833333333333332
motiongen_3242,54.033000000000001,1.0733333333333319,10.01,4.1300000000000008,-6.3633333333333333
motiongen_3243,54.049999999999997,1.1433333333333318,10.01,4.0233333333333334,-6.4366666666666674
motiongen_3244,54.067,1.2099999999999986,10.01,3.916666666666667,-6.5033333333333339
motiongen_3245,54.082999999999998,1.2766666666666653,10.01,3.8100000000000001,-6.5666666666666664
motiongen_3246,54.100000000000001,1.3399999999999985,10.01,3.7000000000000006,-6.6266666666666669
motiongen_3247,54.116999999999997,1.3999999999999986,10.01,3.5899999999999999,-6.6800000000000006
motiongen_3248,54.133000000000003,1.4599999999999986,10.01,3.4766666666666666,-6.7300000000000004
motiongen_3249,54.149999999999999,1.5166666666666653,10.01,3.3666666666666667,-6.7733333333333334
motiongen_3250,54.167000000000002,1.5733333333333319,10.01,3.2533333333333334,-6.8166666666666664
motiongen_3251,54.183,1.6266666666666652,10.01,3.1400000000000001,-6.8533333333333335
motiongen_3252,54.200000000000003,1.6799999999999986,10.01,3.0233333333333334,-6.8866666666666667
motiongen_3253,54.216999999999999,1.7299999999999986,10.01,2.9100000000000001,-6.9200000000000008
motiongen_3254,54.232999999999997,1.7799999999999987,10.01,2.7933333333333334,-6.9466666666666672
motiongen_3255,54.25,1.8266666666666651,10.01,2.6800000000000002,-6.9733333333333336
motiongen_3256,54.267000000000003,1.8699999999999986,10.01,2.5633333333333335,-6.9966666666666679
motiongen_3257,54.283000000000001,1.913333333333332,10.01,2.4466666666666668,-7.0166666666666666
motiongen_3258,54.299999999999997,1.953333333333332,10.01,2.3300000000000001,-7.0333333333333332
motiongen_3259,54.317,1.9933333333333321,10.01,2.2133333333333334,-7.0500000000000007
motiongen_3260,54.332999999999998,2.0299999999999985,10.01,2.0933333333333333,-7.0633333333333344
motiongen_3261,54.350000000000001,2.0633333333333317,10.01,1.9766666666666666,-7.076666666666668
motiongen_3262,54.366999999999997,2.0966666666666653,10.01,1.8600000000000003,-7.0899999999999999
motiongen_3263,54.383000000000003,2.1299999999999986,10.01,1.7400000000000002,-7.0966666666666667
motiongen_3264,54.399999999999999,2.1566666666666654,10.01,1.6233333333333333,-7.1066666666666674
motiongen_3265,54.417000000000002,2.1833333333333318,10.01,1.5033333333333334,-7.1133333333333333
motiongen_3266,54.433,2.2099999999999986,10.01,1.3866666666666667,-7.120000000000001
motiongen_3267,54.450000000000003,2.2333333333333321,10.01,1.2666666666666668,-7.1266666666666669
motiongen_3268,54.466999999999999,2.2533333333333321,10.01,1.1466666666666667,-7.1299999999999999
motiongen_3269,54.482999999999997,2.2733333333333321,10.01,1.03,-7.1333333333333337
motiongen_3270,54.5,2.2899999999999987,10.01,0.91000000000000014,-7.1366666666666667
motiongen_3271,54.517000000000003,2.3066666666666658,10.01,0.79000000000000004,-7.1399999999999997
motiongen_3272,54.533000000000001,2.3199999999999985,10.01,0.67333333333333345,-7.1399999999999997
motiongen_3273,54.549999999999997,2.3299999999999987,10.01,0.55333333333333334,-7.1433333333333326
motiongen_3274,54.567,2.3399999999999985,10.01,0.43333333333333335,-7.1433333333333326
motiongen_3275,54.582999999999998,2.3466666666666649,10.01,0.31666666666666671,-7.1433333333333326
motiongen_3276,54.600000000000001,2.3499999999999988,10.01,0.19666666666666666,-7.1466666666666674
motiongen_3277,54.616999999999997,2.3533333333333317,10.01,0.076666666666666675,-2.0833333333333335
motiongen_3278,54.633000000000003,2.3566666666666651,10.01,0.043333333333333335,7.1466666666666674
motiongen_3279,54.649999999999999,2.3566666666666651,10.01,0.16,7.1433333333333326
motiongen_3280,54.667000000000002,2.3533333333333317,10.01,0.28000000000000003,7.1433333333333326
motiongen_3281,54.683,2.3466666666666649,10.01,0.40000000000000002,7.1433333333333326
motiongen_3282,54.700000000000003,2.3399999999999985,10.01,0.52000000000000002,7.1399999999999997
motiongen_3283,54.716999999999999,2.3333333333333317,10.01,0.63666666666666671,7.1399999999999997
motiongen_3284,54.732999999999997,2.3233333333333324,10.01,0.75666666666666671,7.1366666666666667
motiongen_3285,54.75,2.3099999999999987,10.01,0.87666666666666671,7.1333333333333337
motiongen_3286,54.767000000000003,2.2933333333333321,10.01,0.99333333333333329,7.1299999999999999
motiongen_3287,54.783000000000001,2.2799999999999985,10.01,1.1133333333333335,7.1266666666666669
motiongen_3288,54.799999999999997,2.2599999999999989,10.01,1.2333333333333334,7.120000000000001
motiongen_3289,54.817,2.2399999999999984,10.01,1.3500000000000001,7.1166666666666663
motiongen_3290,54.832999999999998,2.2166666666666655,10.01,1.47,7.1100000000000003
motiongen_3291,54.850000000000001,2.193333333333332,10.01,1.5866666666666667,7.0999999999999996
motiongen_3292,54.866999999999997,2.1666666666666652,10.01,1.7066666666666668,7.0899999999999999
motiongen_3293,54.883000000000003,2.1366666666666654,10.01,1.8233333333333335,7.080000000000001
motiongen_3294,54.899999999999999,2.1066666666666656,10.01,1.9433333333333334,7.0700000000000003
motiongen_3295,54.917000000000002,2.0733333333333319,10.01,2.0600000000000001,7.0533333333333337
motiongen_3296,54.933,2.0399999999999983,10.01,2.1766666666666667,7.0400000000000009
motiongen_3297,54.950000000000003,2.0033333333333321,10.01,2.2966666666666664,7.0233333333333343
motiongen_3298,54.966999999999999,1.9666666666666652,10.01,2.4133333333333336,7.0033333333333339
motiongen_3299,54.982999999999997,1.9266666666666652,10.01,2.5300000000000002,6.9799999999999995
motiongen_3300,55,1.883333333333332,10.01,2.6466666666666669,6.9566666666666679
motiongen_3301,55.017000000000003,1.8399999999999985,10.01,2.7599999999999998,6.9266666666666667
motiongen_3302,55.033000000000001,1.7933333333333321,10.01,2.8766666666666669,6.8966666666666665
motiongen_3303,55.049999999999997,1.7466666666666653,10.01,2.9900000000000002,6.8633333333333342
motiongen_3304,55.067,1.6966666666666652,10.01,3.1066666666666669,6.8266666666666671
motiongen_3305,55.082999999999998,1.643333333333332,10.01,3.2200000000000002,6.7866666666666671
motiongen_3306,55.100000000000001,1.5899999999999987,10.01,3.3333333333333335,6.7433333333333341
motiongen_3307,55.116999999999997,1.5333333333333319,10.01,3.4466666666666668,6.6933333333333334
motiongen_3308,55.133000000000003,1.4766666666666652,10.01,3.5566666666666666,6.6433333333333335
motiongen_3309,55.149999999999999,1.4166666666666652,10.01,3.666666666666667,6.5833333333333339
motiongen_3310,55.167000000000002,1.3566666666666654,10.01,3.7766666666666668,6.5233333333333334
motiongen_3311,55.183,1.2933333333333319,10.01,3.8866666666666667,6.456666666666667
motiongen_3312,55.200000000000003,1.2299999999999986,10.01,3.9933333333333332,6.3833333333333337
motiongen_3313,55.216999999999999,1.1633333333333318,10.01,4.1000000000000005,6.3066666666666666
motiongen_3314,55.232999999999997,1.0933333333333319,10.01,4.2033333333333331,6.2233333333333336
motiongen_3315,55.25,1.0233333333333321,10.01,4.3099999999999996,6.1366666666666667
motiongen_3316,55.267000000000003,0.95333333333333181,10.01,4.4100000000000001,6.04
motiongen_3317,55.283000000000001,0.87999999999999856,10.01,4.5099999999999998,5.9400000000000004
motiongen_3318,55.299999999999997,0.8033333333333319,10.01,4.6100000000000003,5.8333333333333339
motiongen_3319,55.317,0.72666666666666524,10.01,4.706666666666667,5.7166666666666668
motiongen_3320,55.332999999999998,0.64666666666666517,10.01,4.8033333333333337,5.5966666666666667
motiongen_3321,55.350000000000001,0.56666666666666521,10.01,4.8966666666666674,5.4700000000000006
motiongen_3322,55.366999999999997,0.48666666666666525,10.01,4.9866666666666672,5.3333333333333339
motiongen_3323,55.383000000000003,0.40333333333333188,10.01,5.0766666666666662,5.1933333333333334
motiongen_3324,55.399999999999999,0.31999999999999851,10.01,5.1633333333333331,5.043333333333333
motiongen_3325,55.417000000000002,0.23333333333333187,10.01,5.246666666666667,4.8833333333333337
motiongen_3326,55.433,0.14666666666666522,10.01,5.3300000000000001,4.7199999999999998
motiongen_3327,55.450000000000003,0.0566666666666652,10.01,5.4066666666666672,4.5466666666666669
motiongen_3328,55.466999999999999,-0.033333333333334769,10.01,5.4833333333333334,4.3666666666666671
motiongen_3329,55.482999999999997,-0.12333333333333474,10.01,5.5566666666666666,4.1800000000000006
motiongen_3330,55.5,-0.21666666666666823,10.01,5.6266666666666669,3.9833333333333338
motiongen_3331,55.517000000000003,-0.3100000000000015,10.01,5.6933333333333334,3.7799999999999998
motiongen_3332,55.533000000000001,-0.40666666666666818,10.01,5.7533333333333339,3.5666666666666669
motiongen_3333,55.549999999999997,-0.50333333333333474,10.01,5.8133333333333335,3.3466666666666667
motiongen_3334,55.567,-0.60000000000000142,10.01,5.8700000000000001,3.1200000000000001
motiongen_3335,55.582999999999998,-0.6966666666666681,10.01,5.9233333333333329,2.8866666666666667
motiongen_3336,55.600000000000001,-0.79666666666666819,10.01,5.9699999999999998,2.6433333333333335
motiongen_3337,55.616999999999997,-0.89666666666666828,10.01,6.0133333333333336,2.3966666666666665
motiongen_3338,55.633000000000003,-0.99666666666666814,10.01,6.0533333333333337,2.1400000000000001
motiongen_3339,55.649999999999999,-1.0966666666666682,10.01,6.0899999999999999,1.8766666666666665
motiongen_3340,55.667000000000002,-1.1966666666666681,10.01,6.1200000000000001,1.6066666666666667
motiongen_3341,55.683,-1.3000000000000016,10.01,6.1466666666666674,1.3300000000000001
motiongen_3342,55.700000000000003,-1.4033333333333351,10.01,6.1699999999999999,1.0466666666666666
motiongen_3343,55.716999999999999,-1.5033333333333347,10.01,6.1866666666666674,0.75666666666666671
motiongen_3344,55.732999999999997,-1.6066666666666682,10.01,6.2000000000000002,0.46333333333333337
motiongen_3345,55.75,-1.7100000000000017,10.01,6.206666666666667,0.16333333333333336
motiongen_3346,55.767000000000003,-1.8133333333333352,10.01,6.21,-0.14000000000000001
motiongen_3347,55.783000000000001,-1.9200000000000013,10.01,6.206666666666667,-0.45000000000000007
motiongen_3348,55.799999999999997,-2.0233333333333348,10.01,6.2000000000000002,-0.76333333333333342
motiongen_3349,55.817,-2.1266666666666683,10.01,6.1866666666666674,-1.0800000000000001
motiongen_3350,55.832999999999998,-2.2300000000000018,10.01,6.1699999999999999,-1.3999999999999999
motiongen_3351,55.850000000000001,-2.3300000000000014,10.01,6.1466666666666674,-1.7233333333333334
motiongen_3352,55.866999999999997,-2.4333333333333349,10.01,6.1166666666666671,-2.0500000000000003
motiongen_3353,55.883000000000003,-2.5366666666666684,10.01,6.083333333333333,-2.3766666666666665
motiongen_3354,55.899999999999999,-2.6366666666666685,10.01,6.043333333333333,-2.706666666666667
motiongen_3355,55.917000000000002,-2.7366666666666681,10.01,6,-3.04
motiongen_3356,55.933,-2.8366666666666682,10.01,5.9466666666666672,-3.3699999999999997
motiongen_3357,55.950000000000003,-2.9366666666666683,10.01,5.8933333333333335,-3.7000000000000006
motiongen_3358,55.966999999999999,-3.0366666666666684,10.01,5.830000000000001,-4.0333333333333332
motiongen_3359,55.982999999999997,-3.1333333333333346,10.01,5.7633333333333336,-4.3633333333333333
motiongen_3360,56,-3.2266666666666683,10.01,5.6900000000000004,-4.6900000000000004
motiongen_3361,56.017000000000003,-3.3233333333333346,10.01,5.6133333333333333,-5.0166666666666666
motiongen_3362,56.033000000000001,-3.4166666666666679,10.01,5.5300000000000002,-5.3433333333333337
motiongen_3363,56.049999999999997,-3.5100000000000016,10.01,5.4399999999999995,-5.663333333333334
motiongen_3364,56.067,-3.6000000000000023,10.01,5.3466666666666676,-5.9833333333333334
motiongen_3365,56.082999999999998,-3.6900000000000013,10.01,5.246666666666667,-6.2966666666666669
motiongen_3366,56.100000000000001,-3.7766666666666682,10.01,5.1400000000000006,-6.6066666666666665
motiongen_3367,56.116999999999997,-3.8600000000000012,10.01,5.0300000000000002,-6.9133333333333331
motiongen_3368,56.133000000000003,-3.9466666666666681,10.01,4.916666666666667,-7.2133333333333338
motiongen_3369,56.149999999999999,-4.0266666666666682,10.01,4.7966666666666669,-7.5066666666666659
motiongen_3370,56.167000000000002,-4.1066666666666682,10.01,4.6699999999999999,-7.7933333333333339
motiongen_3371,56.183,-4.1866666666666683,10.01,4.5400000000000009,-8.0733333333333341
motiongen_3372,56.200000000000003,-4.2600000000000016,10.01,4.4066666666666672,-8.3499999999999996
motiongen_3373,56.216999999999999,-4.3333333333333348,10.01,4.2666666666666666,-8.6166666666666671
motiongen_3374,56.232999999999997,-4.406666666666669,10.01,4.123333333333334,-8.8733333333333331
motiongen_3375,56.25,-4.4733333333333354,10.01,3.9733333333333332,-9.1233333333333348
motiongen_3376,56.267000000000003,-4.5400000000000018,10.01,3.8233333333333337,-9.3633333333333351
motiongen_3377,56.283000000000001,-4.6033333333333353,10.01,3.666666666666667,-9.5966666666666676
motiongen_3378,56.299999999999997,-4.6666666666666679,10.01,3.5066666666666668,-9.8200000000000003
motiongen_3379,56.317,-4.7233333333333354,10.01,3.3433333333333333,-10.033333333333333
motiongen_3380,56.332999999999998,-4.7800000000000011,10.01,3.1766666666666667,-10.236666666666668
motiongen_3381,56.350000000000001,-4.8333333333333348,10.01,3.0066666666666668,-10.426666666666668
motiongen_3382,56.366999999999997,-4.8833333333333355,10.01,2.8300000000000001,-10.609999999999999
motiongen_3383,56.383000000000003,-4.9300000000000024,10.01,2.6533333333333338,-10.780000000000001
motiongen_3384,56.399999999999999,-4.9733333333333354,10.01,2.4733333333333336,-10.940000000000001
motiongen_3385,56.417000000000002,-5.0133333333333354,10.01,2.2933333333333334,-11.086666666666668
motiongen_3386,56.433,-5.0533333333333355,10.01,2.1066666666666669,-11.223333333333334
motiongen_3387,56.450000000000003,-5.0900000000000016,10.01,1.9199999999999999,-11.346666666666668
motiongen_3388,56.466999999999999,-5.1200000000000019,10.01,1.7300000000000002,-11.460000000000001
motiongen_3389,56.482999999999997,-5.1500000000000012,10.01,1.54,-11.56
motiongen_3390,56.5,-5.1733333333333356,10.01,1.3466666666666669,-11.646666666666668
motiongen_3391,56.517000000000003,-5.1966666666666681,10.01,1.1533333333333333,-11.723333333333333
motiongen_3392,56.533000000000001,-5.2166666666666686,10.01,0.95999999999999996,-11.783333333333335
motiongen_3393,56.549999999999997,-5.2333333333333352,10.01,0.76333333333333342,-11.833333333333334
motiongen_3394,56.567,-5.2466666666666688,10.01,0.56333333333333335,-11.870000000000001
motiongen_3395,56.582999999999998,-5.2533333333333356,10.01,0.3666666666666667,-11.893333333333334
motiongen_3396,56.600000000000001,-5.2600000000000016,10.01,0.16999999999999998,-8.3433333333333337
motiongen_3397,56.616999999999997,-5.2633333333333345,10.01,0.029999999999999999,11.903333333333334
motiongen_3398,56.633000000000003,-5.2633333333333345,10.01,0.22666666666666668,11.890000000000001
motiongen_3399,56.649999999999999,-5.2600000000000016,10.01,0.42666666666666669,11.859999999999999
motiongen_3400,56.667000000000002,-5.2533333333333356,10.01,0.62333333333333341,11.82
motiongen_3401,56.683,-5.243333333333335,10.01,0.82000000000000006,11.766666666666666
motiongen_3402,56.700000000000003,-5.2266666666666683,10.01,1.0166666666666666,11.699999999999999
motiongen_3403,56.716999999999999,-5.2100000000000017,10.01,1.2133333333333334,11.623333333333335
motiongen_3404,56.732999999999997,-5.1900000000000013,10.01,1.4066666666666667,11.530000000000001
motiongen_3405,56.75,-5.1666666666666687,10.01,1.5966666666666667,11.426666666666668
motiongen_3406,56.767000000000003,-5.1400000000000015,10.01,1.7900000000000003,11.31
motiongen_3407,56.783000000000001,-5.1100000000000012,10.01,1.9766666666666666,11.183333333333334
motiongen_3408,56.799999999999997,-5.076666666666668,10.01,2.1633333333333336,11.043333333333335
motiongen_3409,56.817,-5.0433333333333348,10.01,2.3466666666666667,10.893333333333333
motiongen_3410,56.832999999999998,-5.0033333333333347,10.01,2.5300000000000002,10.73
motiongen_3411,56.850000000000001,-4.9600000000000017,10.01,2.706666666666667,10.556666666666667
motiongen_3412,56.866999999999997,-4.9166666666666687,10.01,2.8833333333333333,10.370000000000001
motiongen_3413,56.883000000000003,-4.866666666666668,10.01,3.0566666666666671,10.176666666666668
motiongen_3414,56.899999999999999,-4.8166666666666682,10.01,3.2266666666666666,9.9700000000000006
motiongen_3415,56.917000000000002,-4.7633333333333354,10.01,3.3933333333333335,9.7533333333333339
motiongen_3416,56.933,-4.7066666666666679,10.01,3.5533333333333337,9.5266666666666673
motiongen_3417,56.950000000000003,-4.6466666666666683,10.01,3.7133333333333338,9.293333333333333
motiongen_3418,56.966999999999999,-4.5866666666666678,10.01,3.8700000000000001,9.0500000000000007
motiongen_3419,56.982999999999997,-4.5200000000000022,10.01,4.0200000000000005,8.7966666666666669
motiongen_3420,57,-4.4533333333333349,10.01,4.166666666666667,8.5366666666666671
motiongen_3421,57.017000000000003,-4.3833333333333346,10.01,4.3066666666666666,8.2666666666666675
motiongen_3422,57.033000000000001,-4.3133333333333352,10.01,4.4466666666666672,7.9899999999999993
motiongen_3423,57.049999999999997,-4.240000000000002,10.01,4.580000000000001,7.7066666666666661
motiongen_3424,57.067,-4.1633333333333349,10.01,4.706666666666667,7.416666666666667
motiongen_3425,57.082999999999998,-4.0833333333333357,10.01,4.8300000000000001,7.123333333333334
motiongen_3426,57.100000000000001,-4.0033333333333356,10.01,4.9500000000000002,6.8199999999999994
motiongen_3427,57.116999999999997,-3.9200000000000017,10.01,5.0633333333333335,6.5133333333333336
motiongen_3428,57.133000000000003,-3.8366666666666687,10.01,5.1733333333333338,6.2033333333333331
motiongen_3429,57.149999999999999,-3.7500000000000018,10.01,5.2766666666666664,5.8866666666666667
motiongen_3430,57.167000000000002,-3.6633333333333349,10.01,5.373333333333334,5.5666666666666664
motiongen_3431,57.183,-3.573333333333335,10.01,5.4666666666666668,5.246666666666667
motiongen_3432,57.200000000000003,-3.4800000000000018,10.01,5.5533333333333337,4.9199999999999999
motiongen_3433,57.216999999999999,-3.3900000000000015,10.01,5.6366666666666667,4.5933333333333328
motiongen_3434,57.232999999999997,-3.2933333333333348,10.01,5.7133333333333338,4.2633333333333336
motiongen_3435,57.25,-3.2000000000000015,10.01,5.7833333333333341,3.9333333333333331
motiongen_3436,57.267000000000003,-3.1033333333333353,10.01,5.8499999999999996,3.6033333333333335
motiongen_3437,57.283000000000001,-3.0066666666666682,10.01,5.9100000000000001,3.27
motiongen_3438,57.299999999999997,-2.9066666666666681,10.01,5.9633333333333329,2.9399999999999999
motiongen_3439,57.317,-2.806666666666668,10.01,6.0133333333333336,2.6100000000000003
motiongen_3440,57.332999999999998,-2.7066666666666679,10.01,6.0566666666666666,2.2800000000000002
motiongen_3441,57.350000000000001,-2.6066666666666682,10.01,6.0933333333333337,1.9533333333333334
motiongen_3442,57.366999999999997,-2.5066666666666682,10.01,6.1266666666666669,1.6266666666666667
motiongen_3443,57.383000000000003,-2.4033333333333347,10.01,6.1533333333333342,1.3066666666666669
motiongen_3444,57.399999999999999,-2.3000000000000016,10.01,6.1766666666666667,0.98666666666666669
motiongen_3445,57.417000000000002,-2.1966666666666685,10.01,6.1933333333333342,0.67000000000000004
motiongen_3446,57.433,-2.093333333333335,10.01,6.2033333333333331,0.35666666666666669
motiongen_3447,57.450000000000003,-1.9900000000000015,10.01,6.21,0.050000000000000003
motiongen_3448,57.466999999999999,-1.886666666666668,10.01,6.21,-0.25333333333333335
motiongen_3449,57.482999999999997,-1.783333333333335,10.01,6.206666666666667,-0.55000000000000004
motiongen_3450,57.5,-1.6800000000000015,10.01,6.1966666666666672,-0.84333333333333338
motiongen_3451,57.517000000000003,-1.576666666666668,10.01,6.1833333333333336,-1.1300000000000001
motiongen_3452,57.533000000000001,-1.4733333333333347,10.01,6.1633333333333331,-1.4133333333333333
motiongen_3453,57.549999999999997,-1.3700000000000017,10.01,6.1400000000000006,-1.6866666666666668
motiongen_3454,57.567,-1.2700000000000016,10.01,6.1133333333333342,-1.9533333333333334
motiongen_3455,57.582999999999998,-1.1666666666666681,10.01,6.0800000000000001,-2.2166666666666668
motiongen_3456,57.600000000000001,-1.0666666666666682,10.01,6.043333333333333,-2.4700000000000002
motiongen_3457,57.616999999999997,-0.96666666666666812,10.01,6,-2.7166666666666668
motiongen_3458,57.633000000000003,-0.86666666666666825,10.01,5.956666666666667,-2.956666666666667
motiongen_3459,57.649999999999999,-0.76666666666666816,10.01,5.9066666666666672,-3.1899999999999999
motiongen_3460,57.667000000000002,-0.66666666666666829,10.01,5.8533333333333335,-3.4133333333333336
motiongen_3461,57.683,-0.57000000000000139,10.01,5.7966666666666669,-3.6299999999999999
motiongen_3462,57.700000000000003,-0.47333333333333494,10.01,5.7366666666666672,-3.8399999999999999
motiongen_3463,57.716999999999999,-0.37666666666666815,10.01,5.6733333333333338,-4.04
motiongen_3464,57.732999999999997,-0.28333333333333477,10.01,5.6033333333333335,-4.2366666666666664
motiongen_3465,57.75,-0.1900000000000015,10.01,5.5333333333333332,-4.4200000000000008
motiongen_3466,57.767000000000003,-0.096666666666668122,10.01,5.46,-4.5999999999999996
motiongen_3467,57.783000000000001,-0.0066666666666681529,10.01,5.3833333333333337,-4.7700000000000005
motiongen_3468,57.799999999999997,0.083333333333331872,10.01,5.3033333333333337,-4.9333333333333336
motiongen_3469,57.817,0.16999999999999854,10.01,5.2233333333333336,-5.0866666666666669
motiongen_3470,57.832999999999998,0.25999999999999857,10.01,5.1366666666666667,-5.2333333333333334
motiongen_3471,57.850000000000001,0.34333333333333188,10.01,5.0499999999999998,-5.3766666666666669
motiongen_3472,57.866999999999997,0.42999999999999855,10.01,4.96,-5.5066666666666668
motiongen_3473,57.883000000000003,0.50999999999999857,10.01,4.8700000000000001,-5.6333333333333337
motiongen_3474,57.899999999999999,0.59333333333333194,10.01,4.7733333333333334,-5.7533333333333339
motiongen_3475,57.917000000000002,0.6733333333333319,10.01,4.6799999999999997,-5.8633333333333333
motiongen_3476,57.933,0.74999999999999856,10.01,4.580000000000001,-5.9699999999999998
motiongen_3477,57.950000000000003,0.82666666666666522,10.01,4.4833333333333334,-6.0700000000000003
motiongen_3478,57.966999999999999,0.89999999999999858,10.01,4.3800000000000008,-6.1633333333333331
motiongen_3479,57.982999999999997,0.97333333333333194,10.01,4.2766666666666664,-6.25
motiongen_3480,58,1.0466666666666651,10.01,4.1733333333333338,-6.3300000000000001
motiongen_3481,58.017000000000003,1.113333333333332,10.01,4.0666666666666664,-6.4066666666666663
motiongen_3482,58.033000000000001,1.1833333333333318,10.01,3.96,-6.4766666666666675
motiongen_3483,58.049999999999997,1.2499999999999987,10.01,3.8533333333333331,-6.5433333333333339
motiongen_3484,58.067,1.3133333333333319,10.01,3.7433333333333336,-6.6033333333333335
motiongen_3485,58.082999999999998,1.3766666666666654,10.01,3.6333333333333337,-6.6566666666666672
motiongen_3486,58.100000000000001,1.4366666666666652,10.01,3.5233333333333334,-6.71
motiongen_3487,58.116999999999997,1.4933333333333318,10.01,3.4133333333333336,-6.7566666666666677
motiongen_3488,58.133000000000003,1.5499999999999987,10.01,3.3000000000000003,-6.8000000000000007
motiongen_3489,58.149999999999999,1.6066666666666651,10.01,3.1866666666666665,-6.8400000000000007
motiongen_3490,58.167000000000002,1.6599999999999986,10.01,3.0733333333333337,-6.8733333333333331
motiongen_3491,58.183,1.7099999999999986,10.01,2.956666666666667,-6.9066666666666672
motiongen_3492,58.200000000000003,1.7599999999999987,10.01,2.8433333333333333,-6.9366666666666665
motiongen_3493,58.216999999999999,1.8066666666666653,10.01,2.7266666666666666,-6.9633333333333338
motiongen_3494,58.232999999999997,1.8533333333333319,10.01,2.6100000000000003,-6.9866666666666672
motiongen_3495,58.25,1.8966666666666652,10.01,2.4933333333333336,-7.0066666666666668
motiongen_3496,58.267000000000003,1.9366666666666652,10.01,2.3766666666666665,-7.0266666666666673
motiongen_3497,58.283000000000001,1.9766666666666652,10.01,2.2600000000000002,-7.0433333333333339
motiongen_3498,58.299999999999997,2.0166666666666653,10.01,2.1433333333333335,-7.0599999999999996
motiongen_3499,58.317,2.0499999999999985,10.01,2.0266666666666668,-7.0733333333333333
motiongen_3500,58.332999999999998,2.0833333333333321,10.01,1.9066666666666665,-7.0833333333333339
motiongen_3501,58.350000000000001,2.1166666666666654,10.01,1.7900000000000003,-7.0933333333333337
motiongen_3502,58.366999999999997,2.1466666666666656,10.01,1.6700000000000002,-7.1033333333333326
motiongen_3503,58.383000000000003,2.173333333333332,10.01,1.5533333333333335,-7.1100000000000003
motiongen_3504,58.399999999999999,2.1999999999999984,10.01,1.4333333333333333,-7.1166666666666663
motiongen_3505,58.417000000000002,2.2233333333333318,10.01,1.3166666666666669,-7.123333333333334
motiongen_3506,58.433,2.2466666666666653,10.01,1.1966666666666668,-7.1266666666666669
motiongen_3507,58.450000000000003,2.2666666666666657,10.01,1.0766666666666667,-7.1333333333333337
motiongen_3508,58.466999999999999,2.2833333333333323,10.01,0.95999999999999996,-7.1366666666666667
motiongen_3509,58.482999999999997,2.2999999999999989,10.01,0.84000000000000008,-7.1366666666666667
motiongen_3510,58.5,2.3133333333333321,10.01,0.71999999999999997,-7.1399999999999997
motiongen_3511,58.517000000000003,2.3266666666666653,10.01,0.60333333333333339,-7.1433333333333326
motiongen_3512,58.533000000000001,2.3366666666666651,10.01,0.48333333333333334,-7.1433333333333326
motiongen_3513,58.549999999999997,2.3433333333333319,10.01,0.36333333333333334,-7.1433333333333326
motiongen_3514,58.567,2.3499999999999988,10.01,0.24333333333333332,-7.1466666666666674
motiongen_3515,58.582999999999998,2.3533333333333317,10.01,0.12666666666666668,-7.1466666666666674
motiongen_3516,58.600000000000001,2.3566666666666651,10.01,0.0066666666666666671,6.3399999999999999
motiongen_3517,58.616999999999997,2.3566666666666651,10.01,0.11333333333333334,7.1466666666666674
motiongen_3518,58.633000000000003,2.3533333333333317,10.01,0.23000000000000004,7.1433333333333326
motiongen_3519,58.649999999999999,2.3499999999999988,10.01,0.34999999999999998,7.1433333333333326
motiongen_3520,58.667000000000002,2.3433333333333319,10.01,0.46999999999999997,7.1433333333333326
motiongen_3521,58.683,2.3366666666666651,10.01,0.58999999999999997,7.1399999999999997
motiongen_3522,58.700000000000003,2.3266666666666653,10.01,0.70666666666666667,7.1366666666666667
motiongen_3523,58.716999999999999,2.3133333333333321,10.01,0.82666666666666666,7.1366666666666667
motiongen_3524,58.732999999999997,2.2999999999999989,10.01,0.94666666666666666,7.1333333333333337
motiongen_3525,58.75,2.2866666666666653,10.01,1.0633333333333335,7.1266666666666669
motiongen_3526,58.767000000000003,2.2666666666666657,10.01,1.1833333333333333,7.123333333333334
motiongen_3527,58.783000000000001,2.2466666666666653,10.01,1.3033333333333335,7.1166666666666663
motiongen_3528,58.799999999999997,2.2266666666666657,10.01,1.4199999999999999,7.1100000000000003
motiongen_3529,58.817,2.2033333333333323,10.01,1.54,7.1033333333333326
motiongen_3530,58.832999999999998,2.1766666666666654,10.01,1.6566666666666667,7.0966666666666667
motiongen_3531,58.850000000000001,2.1499999999999986,10.01,1.7766666666666668,7.0866666666666669
motiongen_3532,58.866999999999997,2.1199999999999983,10.01,1.8933333333333333,7.0733333333333333
motiongen_3533,58.883000000000003,2.0866666666666651,10.01,2.0133333333333332,7.0599999999999996
motiongen_3534,58.899999999999999,2.0533333333333319,10.01,2.1300000000000003,7.0466666666666669
motiongen_3535,58.917000000000002,2.0199999999999987,10.01,2.246666666666667,7.0300000000000002
motiongen_3536,58.933,1.9833333333333321,10.01,2.3633333333333333,7.0100000000000007
motiongen_3537,58.950000000000003,1.943333333333332,10.01,2.48,6.9900000000000002
motiongen_3538,58.966999999999999,1.8999999999999986,10.01,2.5966666666666667,6.9666666666666668
motiongen_3539,58.982999999999997,1.8566666666666651,10.01,2.7133333333333334,6.9399999999999995
motiongen_3540,59,1.8133333333333319,10.01,2.8300000000000001,6.9100000000000001
motiongen_3541,59.017000000000003,1.7666666666666653,10.01,2.9433333333333334,6.8766666666666678
motiongen_3542,59.033000000000001,1.7166666666666652,10.01,3.0600000000000001,6.8433333333333337
motiongen_3543,59.049999999999997,1.6666666666666652,10.01,3.1733333333333333,6.8033333333333337
motiongen_3544,59.067,1.613333333333332,10.01,3.2866666666666666,6.7600000000000007
motiongen_3545,59.082999999999998,1.5566666666666653,10.01,3.4000000000000004,6.7133333333333329
motiongen_3546,59.100000000000001,1.4999999999999987,10.01,3.5099999999999998,6.663333333333334
motiongen_3547,59.116999999999997,1.443333333333332,10.01,3.6233333333333335,6.6100000000000003
motiongen_3548,59.133000000000003,1.383333333333332,10.01,3.7333333333333338,6.5500000000000007
motiongen_3549,59.149999999999999,1.3199999999999985,10.01,3.8399999999999999,6.4833333333333334
motiongen_3550,59.167000000000002,1.2566666666666653,10.01,3.9500000000000002,6.4133333333333331
motiongen_3551,59.183,1.1899999999999986,10.01,4.0566666666666675,6.3399999999999999
motiongen_3552,59.200000000000003,1.123333333333332,10.01,4.163333333333334,6.2599999999999998
motiongen_3553,59.216999999999999,1.0533333333333319,10.01,4.2666666666666666,6.1733333333333338
motiongen_3554,59.232999999999997,0.98333333333333195,10.01,4.3700000000000001,6.0800000000000001
motiongen_3555,59.25,0.90999999999999859,10.01,4.4699999999999998,5.9833333333333334
motiongen_3556,59.267000000000003,0.83333333333333193,10.01,4.5700000000000003,5.8766666666666669
motiongen_3557,59.283000000000001,0.75999999999999857,10.01,4.666666666666667,5.7666666666666666
motiongen_3558,59.299999999999997,0.67999999999999861,10.01,4.7633333333333336,5.6466666666666665
motiongen_3559,59.317,0.59999999999999853,10.01,4.8600000000000003,5.5233333333333334
motiongen_3560,59.332999999999998,0.51999999999999857,10.01,4.9500000000000002,5.3900000000000006
motiongen_3561,59.350000000000001,0.4366666666666652,10.01,5.04,5.25
motiongen_3562,59.366999999999997,0.35333333333333189,10.01,5.1266666666666669,5.1033333333333335
motiongen_3563,59.383000000000003,0.26666666666666522,10.01,5.2133333333333338,4.9500000000000002
motiongen_3564,59.399999999999999,0.17999999999999855,10.01,5.2966666666666669,4.79
motiongen_3565,59.417000000000002,0.09333333333333188,10.01,5.3766666666666669,4.6200000000000001
motiongen_3566,59.433,0.003333333333331856,10.01,5.4533333333333331,4.4433333333333334
motiongen_3567,59.450000000000003,-0.086666666666668113,10.01,5.5266666666666664,4.2566666666666668
motiongen_3568,59.466999999999999,-0.18000000000000149,10.01,5.5966666666666667,4.0633333333333335
motiongen_3569,59.482999999999997,-0.27333333333333476,10.01,5.663333333333334,3.8633333333333337
motiongen_3570,59.5,-0.36666666666666814,10.01,5.7300000000000004,3.6566666666666667
motiongen_3571,59.517000000000003,-0.46333333333333493,10.01,5.7900000000000009,3.4400000000000004
motiongen_3572,59.533000000000001,-0.56000000000000139,10.01,5.8466666666666667,3.2166666666666668
motiongen_3573,59.549999999999997,-0.65666666666666829,10.01,5.9000000000000004,2.9833333333333334
motiongen_3574,59.567,-0.75333333333333474,10.01,5.9500000000000002,2.7433333333333332
motiongen_3575,59.582999999999998,-0.85333333333333483,10.01,5.996666666666667,2.5
motiongen_3576,59.600000000000001,-0.9533333333333347,10.01,6.0366666666666671,2.246666666666667
motiongen_3577,59.616999999999997,-1.0533333333333348,10.01,6.0766666666666671,1.9833333333333334
motiongen_3578,59.633000000000003,-1.1566666666666681,10.01,6.1100000000000003,1.7166666666666668
motiongen_3579,59.649999999999999,-1.2566666666666682,10.01,6.1366666666666667,1.4433333333333334
motiongen_3580,59.667000000000002,-1.3600000000000017,10.01,6.1600000000000001,1.1633333333333333
motiongen_3581,59.683,-1.4633333333333347,10.01,6.1800000000000006,0.87666666666666671
motiongen_3582,59.700000000000003,-1.5666666666666682,10.01,6.1966666666666672,0.58333333333333337
motiongen_3583,59.716999999999999,-1.6700000000000017,10.01,6.206666666666667,0.28666666666666668
motiongen_3584,59.732999999999997,-1.7733333333333352,10.01,6.21,-0.016666666666666666
motiongen_3585,59.75,-1.8766666666666683,10.01,6.21,-0.32333333333333336
motiongen_3586,59.767000000000003,-1.9800000000000013,10.01,6.2033333333333331,-0.63333333333333341
motiongen_3587,59.783000000000001,-2.0833333333333348,10.01,6.1933333333333342,-0.94999999999999996
motiongen_3588,59.799999999999997,-2.1866666666666683,10.01,6.1766666666666667,-1.27
motiongen_3589,59.817,-2.2900000000000014,10.01,6.1566666666666672,-1.5900000000000001
motiongen_3590,59.832999999999998,-2.3900000000000015,10.01,6.1299999999999999,-1.9166666666666665
motiongen_3591,59.850000000000001,-2.493333333333335,10.01,6.0966666666666667,-2.2433333333333336
motiongen_3592,59.866999999999997,-2.5966666666666685,10.01,6.0600000000000005,-2.5733333333333337
motiongen_3593,59.883000000000003,-2.6966666666666681,10.01,6.0166666666666666,-2.9033333333333333
motiongen_3594,59.899999999999999,-2.7966666666666682,10.01,5.9699999999999998,-3.2333333333333334
motiongen_3595,59.917000000000002,-2.8966666666666683,10.01,5.916666666666667,-3.5666666666666669
motiongen_3596,59.933,-2.9933333333333345,10.01,5.8566666666666665,-3.8966666666666669
motiongen_3597,59.950000000000003,-3.0933333333333346,10.01,5.7900000000000009,-4.2266666666666666
motiongen_3598,59.966999999999999,-3.1900000000000017,10.01,5.7199999999999998,-4.5566666666666666
motiongen_3599,59.982999999999997,-3.2833333333333354,10.01,5.6466666666666665,0
motiongen_3600,60,-3.3800000000000017,10.01,0,0
