sample_id,time_s,x,y,speed,acceleration
motiongen_0000,0,4.79,1.6319999999999999,0.875,-1.331
motiongen_0001,0.017000000000000001,4.8040000000000003,1.6299999999999999,0.85199999999999998,-1.379
motiongen_0002,0.033000000000000002,4.8179999999999996,1.6279999999999999,0.82899999999999996,-1.425
motiongen_0003,0.050000000000000003,4.8319999999999999,1.6259999999999999,0.80600000000000005,-1.468
motiongen_0004,0.067000000000000004,4.8450000000000006,1.6240000000000001,0.78100000000000003,-1.5089999999999999
motiongen_0005,0.083000000000000004,4.8580000000000005,1.621,0.75600000000000001,-1.5469999999999999
motiongen_0006,0.10000000000000001,4.8710000000000004,1.619,0.72999999999999998,-1.5820000000000001
motiongen_0007,0.11700000000000001,4.883,1.617,0.70399999999999996,-1.615
motiongen_0008,0.13300000000000001,4.8940000000000001,1.615,0.67700000000000005,-1.6439999999999999
motiongen_0009,0.14999999999999999,4.9050000000000002,1.6120000000000001,0.64900000000000002,-1.671
motiongen_0010,0.16700000000000001,4.9160000000000004,1.6100000000000001,0.622,-1.694
motiongen_0011,0.183,4.9260000000000002,1.6080000000000001,0.59299999999999997,-1.7150000000000001
motiongen_0012,0.20000000000000001,4.9359999999999999,1.6060000000000001,0.56499999999999995,-1.732
motiongen_0013,0.217,4.9450000000000003,1.6040000000000001,0.53600000000000003,-1.7470000000000001
motiongen_0014,0.23300000000000001,4.9529999999999994,1.6020000000000001,0.50700000000000001,-1.7589999999999999
motiongen_0015,0.25,4.9619999999999997,1.6000000000000001,0.47799999999999998,-1.768
motiongen_0016,0.26700000000000002,4.9689999999999994,1.5980000000000001,0.44800000000000001,-1.774
motiongen_0017,0.28299999999999997,4.9770000000000003,1.5960000000000001,0.41899999999999998,-1.778
motiongen_0018,0.29999999999999999,4.9830000000000005,1.5940000000000001,0.38900000000000001,-1.7789999999999999
motiongen_0019,0.317,4.9900000000000002,1.593,0.35899999999999999,-1.7769999999999999
motiongen_0020,0.33300000000000002,4.9950000000000001,1.591,0.33000000000000002,-1.774
motiongen_0021,0.34999999999999998,5.0009999999999994,1.5900000000000001,0.29999999999999999,-1.768
motiongen_0022,0.36699999999999999,5.0060000000000002,1.5880000000000001,0.27100000000000002,-1.7589999999999999
motiongen_0023,0.38300000000000001,5.0099999999999998,1.587,0.24099999999999999,-1.7490000000000001
motiongen_0024,0.40000000000000002,5.0140000000000002,1.5860000000000001,0.21199999999999999,-1.7370000000000001
motiongen_0025,0.41699999999999998,5.0169999999999995,1.585,0.183,-1.7230000000000001
motiongen_0026,0.433,5.0199999999999996,1.5840000000000001,0.154,-1.708
motiongen_0027,0.45000000000000001,5.0229999999999997,1.5840000000000001,0.126,-1.6899999999999999
motiongen_0028,0.46700000000000003,5.0250000000000004,1.583,0.098000000000000004,-1.6719999999999999
motiongen_0029,0.48299999999999998,5.0259999999999998,1.583,0.070000000000000007,-1.6519999999999999
motiongen_0030,0.5,5.0270000000000001,1.5820000000000001,0.042000000000000003,-1.631
motiongen_0031,0.51700000000000002,5.0280000000000005,1.5820000000000001,0.014999999999999999,-0.218
motiongen_0032,0.53300000000000003,5.0280000000000005,1.5820000000000001,0.012,1.585
motiongen_0033,0.55000000000000004,5.0280000000000005,1.5820000000000001,0.037999999999999999,1.5609999999999999
motiongen_0034,0.56699999999999995,5.0270000000000001,1.5820000000000001,0.064000000000000001,1.536
motiongen_0035,0.58299999999999996,5.0259999999999998,1.583,0.089999999999999997,1.5109999999999999
motiongen_0036,0.59999999999999998,5.0250000000000004,1.583,0.115,1.4850000000000001
motiongen_0037,0.61699999999999999,5.0229999999999997,1.583,0.14000000000000001,1.458
motiongen_0038,0.63300000000000001,5.0209999999999999,1.5840000000000001,0.16400000000000001,1.431
motiongen_0039,0.65000000000000002,5.0180000000000007,1.585,0.188,1.4039999999999999
motiongen_0040,0.66700000000000004,5.0150000000000006,1.5860000000000001,0.21099999999999999,1.3759999999999999
motiongen_0041,0.68300000000000005,5.0120000000000005,1.587,0.23400000000000001,1.3480000000000001
motiongen_0042,0.69999999999999996,5.008,1.5880000000000001,0.25700000000000001,1.3200000000000001
motiongen_0043,0.71699999999999997,5.0039999999999996,1.589,0.27900000000000003,1.292
motiongen_0044,0.73299999999999998,4.9990000000000006,1.5900000000000001,0.29999999999999999,1.264
motiongen_0045,0.75,4.9950000000000001,1.591,0.32100000000000001,1.2350000000000001
motiongen_0046,0.76700000000000002,4.9889999999999999,1.593,0.34200000000000003,1.2070000000000001
motiongen_0047,0.78300000000000003,4.984,1.5940000000000001,0.36199999999999999,1.179
motiongen_0048,0.80000000000000004,4.9779999999999998,1.5960000000000001,0.38100000000000001,1.1519999999999999
motiongen_0049,0.81699999999999995,4.9719999999999995,1.597,0.40100000000000002,1.1240000000000001
motiongen_0050,0.83299999999999996,4.9649999999999999,1.599,0.41899999999999998,1.0960000000000001
motiongen_0051,0.84999999999999998,4.9589999999999996,1.6000000000000001,0.438,1.069
motiongen_0052,0.86699999999999999,4.952,1.6020000000000001,0.45500000000000002,1.042
motiongen_0053,0.88300000000000001,4.944,1.6040000000000001,0.47299999999999998,1.0149999999999999
motiongen_0054,0.90000000000000002,4.9369999999999994,1.6060000000000001,0.48999999999999999,0.98899999999999999
motiongen_0055,0.91700000000000004,4.9290000000000003,1.607,0.50600000000000001,0.96299999999999997
motiongen_0056,0.93300000000000005,4.9199999999999999,1.609,0.52200000000000002,0.93700000000000006
motiongen_0057,0.94999999999999996,4.9119999999999999,1.611,0.53800000000000003,0.91200000000000003
motiongen_0058,0.96699999999999997,4.9030000000000005,1.613,0.55300000000000005,0.88700000000000001
motiongen_0059,0.98299999999999998,4.8940000000000001,1.615,0.56799999999999995,0.86199999999999999
motiongen_0060,1,4.8849999999999998,1.617,0.58199999999999996,0.83699999999999997
motiongen_0061,1.0169999999999999,4.875,1.6180000000000001,0.59599999999999997,0.81299999999999994
motiongen_0062,1.0329999999999999,4.8650000000000002,1.6200000000000001,0.60999999999999999,0.79000000000000004
motiongen_0063,1.05,4.8550000000000004,1.6220000000000001,0.623,0.76600000000000001
motiongen_0064,1.0669999999999999,4.8450000000000006,1.6240000000000001,0.63600000000000001,0.74299999999999999
motiongen_0065,1.083,4.835,1.625,0.64800000000000002,0.72099999999999997
motiongen_0066,1.1000000000000001,4.8239999999999998,1.627,0.66000000000000003,0.69899999999999995
motiongen_0067,1.117,4.8130000000000006,1.629,0.67200000000000004,0.67700000000000005
motiongen_0068,1.133,4.8019999999999996,1.6299999999999999,0.68300000000000005,0.65500000000000003
motiongen_0069,1.1499999999999999,4.7910000000000004,1.6319999999999999,0.69399999999999995,0.63400000000000001
motiongen_0070,1.167,4.7789999999999999,1.633,0.70499999999999996,0.61299999999999999
motiongen_0071,1.1830000000000001,4.7680000000000007,1.635,0.71499999999999997,0.59299999999999997
motiongen_0072,1.2,4.7560000000000002,1.6359999999999999,0.72499999999999998,0.57299999999999995
motiongen_0073,1.2170000000000001,4.7439999999999998,1.6379999999999999,0.73399999999999999,0.55300000000000005
motiongen_0074,1.2330000000000001,4.7320000000000002,1.639,0.74299999999999999,0.53300000000000003
motiongen_0075,1.25,4.7189999999999994,1.6399999999999999,0.752,0.51400000000000001
motiongen_0076,1.2669999999999999,4.7069999999999999,1.641,0.76100000000000001,0.495
motiongen_0077,1.2829999999999999,4.694,1.6419999999999999,0.76900000000000002,0.47699999999999998
motiongen_0078,1.3,4.681,1.643,0.77700000000000002,0.45900000000000002
motiongen_0079,1.3169999999999999,4.6680000000000001,1.6439999999999999,0.78500000000000003,0.441
motiongen_0080,1.333,4.6550000000000002,1.6439999999999999,0.79200000000000004,0.42299999999999999
motiongen_0081,1.3500000000000001,4.6419999999999995,1.645,0.79900000000000004,0.40500000000000003
motiongen_0082,1.367,4.6289999999999996,1.6459999999999999,0.80600000000000005,0.38800000000000001
motiongen_0083,1.383,4.6159999999999997,1.6459999999999999,0.81200000000000006,0.371
motiongen_0084,1.3999999999999999,4.6020000000000003,1.6459999999999999,0.81799999999999995,0.35499999999999998
motiongen_0085,1.417,4.5880000000000001,1.6459999999999999,0.82399999999999995,0.33800000000000002
motiongen_0086,1.4330000000000001,4.5750000000000002,1.6459999999999999,0.82999999999999996,0.32200000000000001
motiongen_0087,1.45,4.5609999999999999,1.6459999999999999,0.83499999999999996,0.30599999999999999
motiongen_0088,1.4670000000000001,4.5470000000000006,1.6459999999999999,0.84099999999999997,0.28999999999999998
motiongen_0089,1.4830000000000001,4.5329999999999995,1.6459999999999999,0.84499999999999997,0.27400000000000002
motiongen_0090,1.5,4.5190000000000001,1.6459999999999999,0.84999999999999998,0.25900000000000001
motiongen_0091,1.5169999999999999,4.5049999999999999,1.645,0.85399999999999998,0.24299999999999999
motiongen_0092,1.5329999999999999,4.4900000000000002,1.6439999999999999,0.85799999999999998,0.22800000000000001
motiongen_0093,1.55,4.476,1.6439999999999999,0.86199999999999999,0.21299999999999999
motiongen_0094,1.5669999999999999,4.4619999999999997,1.643,0.86599999999999999,0.19900000000000001
motiongen_0095,1.583,4.4470000000000001,1.6419999999999999,0.86899999999999999,0.184
motiongen_0096,1.6000000000000001,4.4329999999999998,1.641,0.872,0.16900000000000001
motiongen_0097,1.617,4.4180000000000001,1.639,0.875,0.155
motiongen_0098,1.633,4.4039999999999999,1.6379999999999999,0.877,0.14099999999999999
motiongen_0099,1.6499999999999999,4.3890000000000002,1.6359999999999999,0.88,0.126
motiongen_0100,1.667,4.375,1.635,0.88200000000000001,0.112
motiongen_0101,1.6830000000000001,4.3599999999999994,1.633,0.88400000000000001,0.098000000000000004
motiongen_0102,1.7,4.3460000000000001,1.631,0.88500000000000001,0.084000000000000005
motiongen_0103,1.7170000000000001,4.3309999999999995,1.629,0.88700000000000001,0.070999999999999994
motiongen_0104,1.7330000000000001,4.3159999999999998,1.627,0.88800000000000001,0.057000000000000002
motiongen_0105,1.75,4.3019999999999996,1.6240000000000001,0.88900000000000001,0.042999999999999997
motiongen_0106,1.7669999999999999,4.2869999999999999,1.6220000000000001,0.89000000000000001,0.029000000000000001
motiongen_0107,1.7829999999999999,4.2729999999999997,1.619,0.89000000000000001,0.016
motiongen_0108,1.8,4.258,1.6160000000000001,0.89000000000000001,0.002
motiongen_0109,1.8169999999999999,4.2430000000000003,1.613,0.89000000000000001,-0.010999999999999999
motiongen_0110,1.833,4.2290000000000001,1.6100000000000001,0.89000000000000001,-0.025000000000000001
motiongen_0111,1.8500000000000001,4.2140000000000004,1.607,0.89000000000000001,-0.037999999999999999
motiongen_0112,1.867,4.2000000000000002,1.6040000000000001,0.88900000000000001,-0.050999999999999997
motiongen_0113,1.883,4.1859999999999999,1.601,0.88800000000000001,-0.065000000000000002
motiongen_0114,1.8999999999999999,4.1710000000000003,1.597,0.88700000000000001,-0.078
motiongen_0115,1.917,4.157,1.593,0.88600000000000001,-0.090999999999999998
motiongen_0116,1.9330000000000001,4.1429999999999998,1.5900000000000001,0.88400000000000001,-0.105
motiongen_0117,1.95,4.1280000000000001,1.5860000000000001,0.88300000000000001,-0.11799999999999999
motiongen_0118,1.9670000000000001,4.1139999999999999,1.5820000000000001,0.88100000000000001,-0.13100000000000001
motiongen_0119,1.9830000000000001,4.0999999999999996,1.577,0.879,-0.14399999999999999
motiongen_0120,2,4.0860000000000003,1.573,0.876,-0.158
motiongen_0121,2.0169999999999999,4.0720000000000001,1.569,0.874,-0.17100000000000001
motiongen_0122,2.0329999999999999,4.0579999999999998,1.5640000000000001,0.871,-0.184
motiongen_0123,2.0499999999999998,4.0449999999999999,1.5600000000000001,0.86799999999999999,-0.19700000000000001
motiongen_0124,2.0670000000000002,4.0310000000000006,1.5549999999999999,0.86399999999999999,-0.20999999999999999
motiongen_0125,2.0830000000000002,4.0170000000000003,1.55,0.86099999999999999,-0.224
motiongen_0126,2.1000000000000001,4.0039999999999996,1.5449999999999999,0.85699999999999998,-0.23699999999999999
motiongen_0127,2.117,3.9900000000000002,1.54,0.85299999999999998,-0.25
motiongen_0128,2.133,3.9770000000000003,1.5349999999999999,0.84899999999999998,-0.26300000000000001
motiongen_0129,2.1499999999999999,3.964,1.53,0.84499999999999997,-0.27600000000000002
motiongen_0130,2.1669999999999998,3.9510000000000001,1.5249999999999999,0.83999999999999997,-0.28999999999999998
motiongen_0131,2.1829999999999998,3.9379999999999997,1.52,0.83499999999999996,-0.30299999999999999
motiongen_0132,2.2000000000000002,3.9249999999999998,1.514,0.82999999999999996,-0.316
motiongen_0133,2.2170000000000001,3.9119999999999999,1.5089999999999999,0.82499999999999996,-0.32900000000000001
motiongen_0134,2.2330000000000001,3.9000000000000004,1.5029999999999999,0.81899999999999995,-0.34200000000000003
motiongen_0135,2.25,3.887,1.4970000000000001,0.81399999999999995,-0.35499999999999998
motiongen_0136,2.2669999999999999,3.875,1.492,0.80800000000000005,-0.36799999999999999
motiongen_0137,2.2829999999999999,3.863,1.486,0.80200000000000005,-0.38100000000000001
motiongen_0138,2.2999999999999998,3.851,1.48,0.79500000000000004,-0.39400000000000002
motiongen_0139,2.3170000000000002,3.839,1.474,0.78900000000000003,-0.40699999999999997
motiongen_0140,2.3330000000000002,3.827,1.468,0.78200000000000003,-0.41999999999999998
motiongen_0141,2.3500000000000001,3.8159999999999998,1.4630000000000001,0.77500000000000002,-0.432
motiongen_0142,2.367,3.8040000000000003,1.4570000000000001,0.76800000000000002,-0.44500000000000001
motiongen_0143,2.383,3.7930000000000001,1.4510000000000001,0.76000000000000001,-0.45700000000000002
motiongen_0144,2.3999999999999999,3.782,1.444,0.753,-0.46999999999999997
motiongen_0145,2.4169999999999998,3.7709999999999999,1.4379999999999999,0.745,-0.48199999999999998
motiongen_0146,2.4329999999999998,3.7599999999999998,1.4319999999999999,0.73699999999999999,-0.49399999999999999
motiongen_0147,2.4500000000000002,3.7490000000000001,1.4259999999999999,0.72899999999999998,-0.50600000000000001
motiongen_0148,2.4670000000000001,3.7389999999999999,1.4199999999999999,0.71999999999999997,-0.51800000000000002
motiongen_0149,2.4830000000000001,3.7290000000000001,1.4139999999999999,0.71099999999999997,-0.52900000000000003
motiongen_0150,2.5,3.718,1.4079999999999999,0.70299999999999996,-0.54100000000000004
motiongen_0151,2.5169999999999999,3.7080000000000002,1.4019999999999999,0.69399999999999995,-0.55200000000000005
motiongen_0152,2.5329999999999999,3.6989999999999998,1.3959999999999999,0.68400000000000005,-0.56299999999999994
motiongen_0153,2.5499999999999998,3.6890000000000001,1.3899999999999999,0.67500000000000004,-0.57399999999999995
motiongen_0154,2.5670000000000002,3.6790000000000003,1.3839999999999999,0.66600000000000004,-0.58399999999999996
motiongen_0155,2.5830000000000002,3.6699999999999999,1.3779999999999999,0.65600000000000003,-0.59399999999999997
motiongen_0156,2.6000000000000001,3.661,1.3720000000000001,0.64600000000000002,-0.60399999999999998
motiongen_0157,2.617,3.6520000000000001,1.3660000000000001,0.63600000000000001,-0.61399999999999999
motiongen_0158,2.633,3.6429999999999998,1.3600000000000001,0.626,-0.623
motiongen_0159,2.6499999999999999,3.6349999999999998,1.3540000000000001,0.61499999999999999,-0.63200000000000001
motiongen_0160,2.6669999999999998,3.6260000000000003,1.3480000000000001,0.60499999999999998,-0.64100000000000001
motiongen_0161,2.6829999999999998,3.6180000000000003,1.3420000000000001,0.59399999999999997,-0.64900000000000002
motiongen_0162,2.7000000000000002,3.6100000000000003,1.3360000000000001,0.58299999999999996,-0.65800000000000003
motiongen_0163,2.7170000000000001,3.6020000000000003,1.331,0.57199999999999995,-0.66500000000000004
motiongen_0164,2.7330000000000001,3.5940000000000003,1.325,0.56100000000000005,-0.67300000000000004
motiongen_0165,2.75,3.5869999999999997,1.319,0.55000000000000004,-0.68000000000000005
motiongen_0166,2.7669999999999999,3.5800000000000001,1.3140000000000001,0.53900000000000003,-0.68600000000000005
motiongen_0167,2.7829999999999999,3.5720000000000001,1.3080000000000001,0.52700000000000002,-0.69199999999999995
motiongen_0168,2.7999999999999998,3.5649999999999999,1.3029999999999999,0.51600000000000001,-0.69799999999999995
motiongen_0169,2.8170000000000002,3.5590000000000002,1.298,0.504,-0.70299999999999996
motiongen_0170,2.8330000000000002,3.552,1.2929999999999999,0.49199999999999999,-0.70799999999999996
motiongen_0171,2.8500000000000001,3.5460000000000003,1.2869999999999999,0.47999999999999998,-0.71299999999999997
motiongen_0172,2.867,3.5389999999999997,1.282,0.46899999999999997,-0.71699999999999997
motiongen_0173,2.883,3.5330000000000004,1.278,0.45700000000000002,-0.72099999999999997
motiongen_0174,2.8999999999999999,3.5270000000000001,1.2729999999999999,0.44500000000000001,-0.72399999999999998
motiongen_0175,2.9169999999999998,3.5220000000000002,1.268,0.433,-0.72699999999999998
motiongen_0176,2.9329999999999998,3.516,1.2629999999999999,0.41999999999999998,-0.72899999999999998
motiongen_0177,2.9500000000000002,3.5110000000000001,1.2589999999999999,0.40799999999999997,-0.73099999999999998
motiongen_0178,2.9670000000000001,3.5060000000000002,1.2549999999999999,0.39600000000000002,-0.73299999999999998
motiongen_0179,2.9830000000000001,3.5010000000000003,1.25,0.38400000000000001,-0.73399999999999999
motiongen_0180,3,3.496,1.246,0.372,-0.73499999999999999
motiongen_0181,3.0169999999999999,3.4910000000000001,1.242,0.35899999999999999,-0.73499999999999999
motiongen_0182,3.0329999999999999,3.4870000000000001,1.238,0.34699999999999998,-0.73499999999999999
motiongen_0183,3.0499999999999998,3.4820000000000002,1.234,0.33500000000000002,-0.73499999999999999
motiongen_0184,3.0670000000000002,3.4779999999999998,1.2310000000000001,0.32300000000000001,-0.73499999999999999
motiongen_0185,3.0830000000000002,3.4740000000000002,1.2270000000000001,0.31,-0.73399999999999999
motiongen_0186,3.1000000000000001,3.4699999999999998,1.224,0.29799999999999999,-0.73199999999999998
motiongen_0187,3.117,3.4670000000000001,1.22,0.28599999999999998,-0.73099999999999998
motiongen_0188,3.133,3.4630000000000001,1.2170000000000001,0.27400000000000002,-0.72899999999999998
motiongen_0189,3.1499999999999999,3.46,1.214,0.26200000000000001,-0.72599999999999998
motiongen_0190,3.1669999999999998,3.456,1.2110000000000001,0.25,-0.72399999999999998
motiongen_0191,3.1829999999999998,3.4530000000000003,1.208,0.23699999999999999,-0.72099999999999997
motiongen_0192,3.2000000000000002,3.4500000000000002,1.2050000000000001,0.22500000000000001,-0.71799999999999997
motiongen_0193,3.2170000000000001,3.448,1.2030000000000001,0.21299999999999999,-0.71499999999999997
motiongen_0194,3.2330000000000001,3.4450000000000003,1.2,0.20200000000000001,-0.71099999999999997
motiongen_0195,3.25,3.4430000000000001,1.198,0.19,-0.70799999999999996
motiongen_0196,3.2669999999999999,3.4399999999999999,1.196,0.17799999999999999,-0.70399999999999996
motiongen_0197,3.2829999999999999,3.4379999999999997,1.194,0.16600000000000001,-0.69999999999999996
motiongen_0198,3.2999999999999998,3.4359999999999999,1.1919999999999999,0.154,-0.69599999999999995
motiongen_0199,3.3170000000000002,3.4340000000000002,1.1899999999999999,0.14299999999999999,-0.69199999999999995
motiongen_0200,3.3330000000000002,3.4329999999999998,1.1890000000000001,0.13100000000000001,-0.68700000000000006
motiongen_0201,3.3500000000000001,3.431,1.1870000000000001,0.12,-0.68300000000000005
motiongen_0202,3.367,3.4299999999999997,1.1859999999999999,0.109,-0.67800000000000005
motiongen_0203,3.383,3.4279999999999999,1.1839999999999999,0.097000000000000003,-0.67400000000000004
motiongen_0204,3.3999999999999999,3.427,1.1830000000000001,0.085999999999999993,-0.66900000000000004
motiongen_0205,3.4169999999999998,3.4260000000000002,1.1819999999999999,0.074999999999999997,-0.66500000000000004
motiongen_0206,3.4329999999999998,3.4249999999999998,1.181,0.064000000000000001,-0.66000000000000003
motiongen_0207,3.4500000000000002,3.4239999999999999,1.181,0.052999999999999999,-0.65500000000000003
motiongen_0208,3.4670000000000001,3.4239999999999999,1.1799999999999999,0.042000000000000003,-0.65100000000000002
motiongen_0209,3.4830000000000001,3.423,1.1799999999999999,0.031,-0.64600000000000002
motiongen_0210,3.5,3.423,1.179,0.02,-0.64100000000000001
motiongen_0211,3.5169999999999999,3.423,1.179,0.01,-0.50800000000000001
motiongen_0212,3.5329999999999999,3.423,1.179,0.001,0.63200000000000001
motiongen_0213,3.5499999999999998,3.423,1.179,0.012,0.628
motiongen_0214,3.5670000000000002,3.423,1.179,0.021999999999999999,0.624
motiongen_0215,3.5830000000000002,3.423,1.179,0.032000000000000001,0.61899999999999999
motiongen_0216,3.6000000000000001,3.423,1.1799999999999999,0.042999999999999997,0.61499999999999999
motiongen_0217,3.617,3.4239999999999999,1.1799999999999999,0.052999999999999999,0.61099999999999999
motiongen_0218,3.633,3.4249999999999998,1.181,0.063,0.60699999999999998
motiongen_0219,3.6499999999999999,3.4249999999999998,1.1819999999999999,0.072999999999999995,0.60299999999999998
motiongen_0220,3.6669999999999998,3.4260000000000002,1.1819999999999999,0.083000000000000004,0.59999999999999998
motiongen_0221,3.6829999999999998,3.427,1.1830000000000001,0.092999999999999999,0.59599999999999997
motiongen_0222,3.7000000000000002,3.4279999999999999,1.1839999999999999,0.10299999999999999,0.59299999999999997
motiongen_0223,3.7170000000000001,3.4299999999999997,1.1859999999999999,0.113,0.58999999999999997
motiongen_0224,3.7330000000000001,3.431,1.1870000000000001,0.123,0.58699999999999997
motiongen_0225,3.75,3.4319999999999999,1.1879999999999999,0.13300000000000001,0.58399999999999996
motiongen_0226,3.7669999999999999,3.4340000000000002,1.1899999999999999,0.14299999999999999,0.58099999999999996
motiongen_0227,3.7829999999999999,3.4359999999999999,1.1919999999999999,0.152,0.57799999999999996
motiongen_0228,3.7999999999999998,3.4379999999999997,1.1930000000000001,0.16200000000000001,0.57599999999999996
motiongen_0229,3.8170000000000002,3.4390000000000001,1.1950000000000001,0.17100000000000001,0.57399999999999995
motiongen_0230,3.8330000000000002,3.4420000000000002,1.1970000000000001,0.18099999999999999,0.57199999999999995
motiongen_0231,3.8500000000000001,3.444,1.1990000000000001,0.191,0.56999999999999995
motiongen_0232,3.867,3.4459999999999997,1.2010000000000001,0.20000000000000001,0.56799999999999995
motiongen_0233,3.883,3.448,1.204,0.20999999999999999,0.56699999999999995
motiongen_0234,3.8999999999999999,3.4510000000000001,1.206,0.219,0.56499999999999995
motiongen_0235,3.9169999999999998,3.4539999999999997,1.208,0.22800000000000001,0.56399999999999995
motiongen_0236,3.9329999999999998,3.4569999999999999,1.2110000000000001,0.23799999999999999,0.56399999999999995
motiongen_0237,3.9500000000000002,3.4590000000000001,1.214,0.247,0.56299999999999994
motiongen_0238,3.9670000000000001,3.4619999999999997,1.2170000000000001,0.25700000000000001,0.56200000000000006
motiongen_0239,3.9830000000000001,3.4660000000000002,1.2190000000000001,0.26600000000000001,0.56200000000000006
motiongen_0240,4,3.4690000000000003,1.222,0.27500000000000002,0.56200000000000006
motiongen_0241,4.0170000000000003,3.472,1.2250000000000001,0.28499999999999998,0.56200000000000006
motiongen_0242,4.0330000000000004,3.476,1.2290000000000001,0.29399999999999998,0.56200000000000006
motiongen_0243,4.0499999999999998,3.48,1.232,0.30299999999999999,0.56299999999999994
motiongen_0244,4.0670000000000002,3.4830000000000001,1.2350000000000001,0.313,0.56399999999999995
motiongen_0245,4.0830000000000002,3.4870000000000001,1.2390000000000001,0.32200000000000001,0.56499999999999995
motiongen_0246,4.0999999999999996,3.4910000000000001,1.242,0.33200000000000002,0.56599999999999995
motiongen_0247,4.117,3.4950000000000001,1.246,0.34100000000000003,0.56699999999999995
motiongen_0248,4.133,3.5,1.25,0.34999999999999998,0.56799999999999995
motiongen_0249,4.1500000000000004,3.504,1.2529999999999999,0.35999999999999999,0.56999999999999995
motiongen_0250,4.1669999999999998,3.5090000000000003,1.2569999999999999,0.36899999999999999,0.57199999999999995
motiongen_0251,4.1829999999999998,3.5129999999999999,1.2609999999999999,0.379,0.57399999999999995
motiongen_0252,4.2000000000000002,3.5179999999999998,1.2649999999999999,0.38900000000000001,0.57599999999999996
motiongen_0253,4.2169999999999996,3.5230000000000001,1.2689999999999999,0.39800000000000002,0.57899999999999996
motiongen_0254,4.2329999999999997,3.528,1.274,0.40799999999999997,0.58099999999999996
motiongen_0255,4.25,3.5339999999999998,1.278,0.41699999999999998,0.58399999999999996
motiongen_0256,4.2670000000000003,3.5389999999999997,1.282,0.42699999999999999,0.58699999999999997
motiongen_0257,4.2830000000000004,3.5449999999999999,1.2869999999999999,0.437,0.58999999999999997
motiongen_0258,4.2999999999999998,3.5499999999999998,1.2909999999999999,0.44700000000000001,0.59299999999999997
motiongen_0259,4.3170000000000002,3.556,1.296,0.45700000000000002,0.59699999999999998
motiongen_0260,4.3330000000000002,3.5620000000000003,1.3009999999999999,0.46700000000000003,0.59999999999999998
motiongen_0261,4.3499999999999996,3.5680000000000001,1.3049999999999999,0.47699999999999998,0.60399999999999998
motiongen_0262,4.367,3.5750000000000002,1.3100000000000001,0.48699999999999999,0.60799999999999998
motiongen_0263,4.383,3.581,1.3149999999999999,0.497,0.61099999999999999
motiongen_0264,4.4000000000000004,3.5880000000000001,1.3200000000000001,0.50700000000000001,0.61599999999999999
motiongen_0265,4.4169999999999998,3.5949999999999998,1.325,0.51700000000000002,0.62
motiongen_0266,4.4329999999999998,3.6020000000000003,1.3300000000000001,0.52800000000000002,0.624
motiongen_0267,4.4500000000000002,3.609,1.335,0.53800000000000003,0.628
motiongen_0268,4.4669999999999996,3.6160000000000001,1.3400000000000001,0.54800000000000004,0.63300000000000001
motiongen_0269,4.4829999999999997,3.6230000000000002,1.3460000000000001,0.55900000000000005,0.63700000000000001
motiongen_0270,4.5,3.6310000000000002,1.351,0.56999999999999995,0.64200000000000002
motiongen_0271,4.5170000000000003,3.6390000000000002,1.357,0.57999999999999996,0.64700000000000002
motiongen_0272,4.5330000000000004,3.6470000000000002,1.3620000000000001,0.59099999999999997,0.65100000000000002
motiongen_0273,4.5499999999999998,3.6550000000000002,1.367,0.60199999999999998,0.65600000000000003
motiongen_0274,4.5670000000000002,3.6630000000000003,1.373,0.61299999999999999,0.66100000000000003
motiongen_0275,4.5830000000000002,3.6719999999999997,1.379,0.624,0.66500000000000004
motiongen_0276,4.5999999999999996,3.681,1.3839999999999999,0.63500000000000001,0.67000000000000004
motiongen_0277,4.617,3.6899999999999999,1.3899999999999999,0.64600000000000002,0.67400000000000004
motiongen_0278,4.633,3.6989999999999998,1.3959999999999999,0.65700000000000003,0.67900000000000005
motiongen_0279,4.6500000000000004,3.7080000000000002,1.4019999999999999,0.66900000000000004,0.68300000000000005
motiongen_0280,4.6669999999999998,3.7170000000000001,1.407,0.68000000000000005,0.68700000000000006
motiongen_0281,4.6829999999999998,3.7270000000000003,1.413,0.69199999999999995,0.69199999999999995
motiongen_0282,4.7000000000000002,3.7370000000000001,1.419,0.70299999999999996,0.69599999999999995
motiongen_0283,4.7169999999999996,3.7469999999999999,1.425,0.71499999999999997,0.69899999999999995
motiongen_0284,4.7329999999999997,3.758,1.431,0.72599999999999998,0.70299999999999996
motiongen_0285,4.75,3.7679999999999998,1.4370000000000001,0.73799999999999999,0.70599999999999996
motiongen_0286,4.7670000000000003,3.7789999999999999,1.4430000000000001,0.75,0.70899999999999996
motiongen_0287,4.7830000000000004,3.79,1.4490000000000001,0.76200000000000001,0.71199999999999997
motiongen_0288,4.7999999999999998,3.8010000000000002,1.4550000000000001,0.77400000000000002,0.71399999999999997
motiongen_0289,4.8170000000000002,3.8120000000000003,1.4610000000000001,0.78500000000000003,0.71599999999999997
motiongen_0290,4.8330000000000002,3.8239999999999998,1.4670000000000001,0.79700000000000004,0.71699999999999997
motiongen_0291,4.8499999999999996,3.8360000000000003,1.4730000000000001,0.80900000000000005,0.71799999999999997
motiongen_0292,4.867,3.8479999999999999,1.4790000000000001,0.82099999999999995,0.71799999999999997
motiongen_0293,4.883,3.8600000000000003,1.4850000000000001,0.83299999999999996,0.71799999999999997
motiongen_0294,4.9000000000000004,3.8730000000000002,1.4910000000000001,0.84499999999999997,0.71699999999999997
motiongen_0295,4.9169999999999998,3.8860000000000001,1.4970000000000001,0.85699999999999998,0.71599999999999997
motiongen_0296,4.9329999999999998,3.899,1.5029999999999999,0.86899999999999999,0.71299999999999997
motiongen_0297,4.9500000000000002,3.9119999999999999,1.508,0.88100000000000001,0.70999999999999996
motiongen_0298,4.9669999999999996,3.9249999999999998,1.514,0.89300000000000002,0.70599999999999996
motiongen_0299,4.9829999999999997,3.9390000000000001,1.52,0.90500000000000003,0.70199999999999996
motiongen_0300,5,3.9530000000000003,1.526,0.91600000000000004,0.69599999999999995
motiongen_0301,5.0170000000000003,3.9670000000000001,1.5309999999999999,0.92800000000000005,0.68899999999999995
motiongen_0302,5.0330000000000004,3.9820000000000002,1.5369999999999999,0.93899999999999995,0.68100000000000005
motiongen_0303,5.0499999999999998,3.996,1.5429999999999999,0.95099999999999996,0.67200000000000004
motiongen_0304,5.0670000000000002,4.0110000000000001,1.548,0.96199999999999997,0.66100000000000003
motiongen_0305,5.0830000000000002,4.0259999999999998,1.5529999999999999,0.97299999999999998,0.65000000000000002
motiongen_0306,5.0999999999999996,4.0419999999999998,1.5589999999999999,0.98399999999999999,0.63700000000000001
motiongen_0307,5.117,4.0570000000000004,1.5640000000000001,0.99399999999999999,0.622
motiongen_0308,5.133,4.0730000000000004,1.569,1.0049999999999999,0.60699999999999998
motiongen_0309,5.1500000000000004,4.0890000000000004,1.5740000000000001,1.0149999999999999,0.58899999999999997
motiongen_0310,5.1669999999999998,4.1050000000000004,1.579,1.0249999999999999,0.56999999999999995
motiongen_0311,5.1829999999999998,4.1210000000000004,1.5840000000000001,1.034,0.54900000000000004
motiongen_0312,5.2000000000000002,4.1379999999999999,1.5880000000000001,1.0429999999999999,0.52700000000000002
motiongen_0313,5.2169999999999996,4.1550000000000002,1.593,1.052,0.503
motiongen_0314,5.2329999999999997,4.1719999999999997,1.597,1.0600000000000001,0.47699999999999998
motiongen_0315,5.25,4.1890000000000001,1.601,1.0680000000000001,0.44900000000000001
motiongen_0316,5.2670000000000003,4.2059999999999995,1.605,1.0760000000000001,0.41899999999999998
motiongen_0317,5.2830000000000004,4.2240000000000002,1.609,1.083,0.38700000000000001
motiongen_0318,5.2999999999999998,4.2409999999999997,1.613,1.089,0.35399999999999998
motiongen_0319,5.3170000000000002,4.2590000000000003,1.617,1.095,0.318
motiongen_0320,5.3330000000000002,4.2770000000000001,1.6200000000000001,1.101,0.28000000000000003
motiongen_0321,5.3499999999999996,4.2949999999999999,1.623,1.105,0.23999999999999999
motiongen_0322,5.367,4.3130000000000006,1.6259999999999999,1.109,0.19900000000000001
motiongen_0323,5.383,4.3319999999999999,1.629,1.113,0.155
motiongen_0324,5.4000000000000004,4.3499999999999996,1.631,1.115,0.109
motiongen_0325,5.4169999999999998,4.3689999999999998,1.6339999999999999,1.117,0.062
motiongen_0326,5.4329999999999998,4.3870000000000005,1.6359999999999999,1.1180000000000001,0.012999999999999999
motiongen_0327,5.4500000000000002,4.4060000000000006,1.6379999999999999,1.1180000000000001,-0.037999999999999999
motiongen_0328,5.4669999999999996,4.4239999999999995,1.6399999999999999,1.1180000000000001,-0.090999999999999998
motiongen_0329,5.4829999999999997,4.4429999999999996,1.641,1.1160000000000001,-0.14599999999999999
motiongen_0330,5.5,4.4610000000000003,1.643,1.1140000000000001,-0.20100000000000001
motiongen_0331,5.5170000000000003,4.4800000000000004,1.6439999999999999,1.1100000000000001,-0.25900000000000001
motiongen_0332,5.5330000000000004,4.4980000000000002,1.645,1.1060000000000001,-0.317
motiongen_0333,5.5499999999999998,4.5169999999999995,1.6459999999999999,1.101,-0.377
motiongen_0334,5.5670000000000002,4.5350000000000001,1.6459999999999999,1.0940000000000001,-0.437
motiongen_0335,5.5830000000000002,4.5529999999999999,1.6459999999999999,1.087,-0.498
motiongen_0336,5.5999999999999996,4.5709999999999997,1.6459999999999999,1.079,-0.56000000000000005
motiongen_0337,5.617,4.5890000000000004,1.6459999999999999,1.069,-0.622
motiongen_0338,5.633,4.6070000000000002,1.6459999999999999,1.0589999999999999,-0.68400000000000005
motiongen_0339,5.6500000000000004,4.625,1.6459999999999999,1.048,-0.747
motiongen_0340,5.6669999999999998,4.6419999999999995,1.645,1.0349999999999999,-0.80900000000000005
motiongen_0341,5.6829999999999998,4.6590000000000007,1.6439999999999999,1.022,-0.87
motiongen_0342,5.7000000000000002,4.6760000000000002,1.643,1.0069999999999999,-0.93100000000000005
motiongen_0343,5.7169999999999996,4.6929999999999996,1.6419999999999999,0.99199999999999999,-0.99099999999999999
motiongen_0344,5.7329999999999997,4.71,1.641,0.97499999999999998,-1.05
motiongen_0345,5.75,4.726,1.639,0.95799999999999996,-1.1080000000000001
motiongen_0346,5.7670000000000003,4.742,1.6379999999999999,0.93899999999999995,-1.1639999999999999
motiongen_0347,5.7830000000000004,4.7569999999999997,1.6359999999999999,0.92000000000000004,-1.2190000000000001
motiongen_0348,5.7999999999999998,4.7729999999999997,1.6339999999999999,0.90000000000000002,-1.272
motiongen_0349,5.8170000000000002,4.7869999999999999,1.6319999999999999,0.878,-1.323
motiongen_0350,5.8330000000000002,4.8019999999999996,1.6299999999999999,0.85599999999999998,-1.371
motiongen_0351,5.8499999999999996,4.8159999999999998,1.6279999999999999,0.83299999999999996,-1.417
motiongen_0352,5.867,4.8300000000000001,1.6259999999999999,0.81000000000000005,-1.4610000000000001
motiongen_0353,5.883,4.843,1.6240000000000001,0.78500000000000003,-1.502
motiongen_0354,5.9000000000000004,4.8559999999999999,1.6220000000000001,0.76000000000000001,-1.5409999999999999
motiongen_0355,5.9169999999999998,4.8680000000000003,1.6200000000000001,0.73499999999999999,-1.5760000000000001
motiongen_0356,5.9329999999999998,4.8810000000000002,1.617,0.70799999999999996,-1.609
motiongen_0357,5.9500000000000002,4.8919999999999995,1.615,0.68200000000000005,-1.639
motiongen_0358,5.9669999999999996,4.9030000000000005,1.613,0.65400000000000003,-1.6659999999999999
motiongen_0359,5.9829999999999997,4.9139999999999997,1.611,0.627,-1.6899999999999999
motiongen_0360,6,4.9239999999999995,1.6080000000000001,0.59799999999999998,-1.7110000000000001
motiongen_0361,6.0170000000000003,4.9340000000000002,1.6060000000000001,0.56999999999999995,-1.7290000000000001
motiongen_0362,6.0330000000000004,4.9429999999999996,1.6040000000000001,0.54100000000000004,-1.7450000000000001
motiongen_0363,6.0499999999999998,4.952,1.6020000000000001,0.51200000000000001,-1.7569999999999999
motiongen_0364,6.0670000000000002,4.96,1.6000000000000001,0.48299999999999998,-1.766
motiongen_0365,6.0830000000000002,4.968,1.5980000000000001,0.45300000000000001,-1.7729999999999999
motiongen_0366,6.0999999999999996,4.9749999999999996,1.5960000000000001,0.42399999999999999,-1.7769999999999999
motiongen_0367,6.117,4.9820000000000002,1.595,0.39400000000000002,-1.7789999999999999
motiongen_0368,6.133,4.9889999999999999,1.593,0.36399999999999999,-1.778
motiongen_0369,6.1500000000000004,4.9939999999999998,1.591,0.33500000000000002,-1.7749999999999999
motiongen_0370,6.1669999999999998,5,1.5900000000000001,0.30499999999999999,-1.7689999999999999
motiongen_0371,6.1829999999999998,5.0049999999999999,1.589,0.27600000000000002,-1.7609999999999999
motiongen_0372,6.2000000000000002,5.0090000000000003,1.587,0.246,-1.7509999999999999
motiongen_0373,6.2169999999999996,5.0129999999999999,1.5860000000000001,0.217,-1.7390000000000001
motiongen_0374,6.2329999999999997,5.0169999999999995,1.585,0.188,-1.726
motiongen_0375,6.25,5.0199999999999996,1.5840000000000001,0.159,-1.71
motiongen_0376,6.2670000000000003,5.0220000000000002,1.5840000000000001,0.13100000000000001,-1.694
motiongen_0377,6.2830000000000004,5.024,1.583,0.10299999999999999,-1.675
motiongen_0378,6.2999999999999998,5.0259999999999998,1.583,0.074999999999999997,-1.655
motiongen_0379,6.3170000000000002,5.0270000000000001,1.5820000000000001,0.047,-1.635
motiongen_0380,6.3330000000000002,5.0280000000000005,1.5820000000000001,0.02,-0.78400000000000003
motiongen_0381,6.3499999999999996,5.0280000000000005,1.5820000000000001,0.0070000000000000001,1.589
motiongen_0382,6.367,5.0280000000000005,1.5820000000000001,0.033000000000000002,1.5660000000000001
motiongen_0383,6.383,5.0280000000000005,1.5820000000000001,0.058999999999999997,1.5409999999999999
motiongen_0384,6.4000000000000004,5.0270000000000001,1.5820000000000001,0.085000000000000006,1.5149999999999999
motiongen_0385,6.4169999999999998,5.0250000000000004,1.583,0.11,1.4890000000000001
motiongen_0386,6.4329999999999998,5.0229999999999997,1.583,0.13500000000000001,1.4630000000000001
motiongen_0387,6.4500000000000002,5.0209999999999999,1.5840000000000001,0.16,1.4359999999999999
motiongen_0388,6.4669999999999996,5.0190000000000001,1.585,0.184,1.4079999999999999
motiongen_0389,6.4829999999999997,5.016,1.5860000000000001,0.20699999999999999,1.381
motiongen_0390,6.5,5.0120000000000005,1.5860000000000001,0.23000000000000001,1.353
motiongen_0391,6.5170000000000003,5.0090000000000003,1.5880000000000001,0.253,1.325
motiongen_0392,6.5330000000000004,5.0049999999999999,1.589,0.27500000000000002,1.2969999999999999
motiongen_0393,6.5499999999999998,5,1.5900000000000001,0.29599999999999999,1.2689999999999999
motiongen_0394,6.5670000000000002,4.9960000000000004,1.591,0.317,1.24
motiongen_0395,6.5830000000000002,4.9900000000000002,1.5920000000000001,0.33800000000000002,1.212
motiongen_0396,6.5999999999999996,4.9849999999999994,1.5940000000000001,0.35799999999999998,1.1839999999999999
motiongen_0397,6.617,4.9790000000000001,1.595,0.378,1.1559999999999999
motiongen_0398,6.633,4.9729999999999999,1.597,0.39700000000000002,1.129
motiongen_0399,6.6500000000000004,4.9670000000000005,1.599,0.41599999999999998,1.101
motiongen_0400,6.6669999999999998,4.96,1.6000000000000001,0.434,1.0740000000000001
motiongen_0401,6.6829999999999998,4.9529999999999994,1.6020000000000001,0.45200000000000001,1.0469999999999999
motiongen_0402,6.7000000000000002,4.9459999999999997,1.6040000000000001,0.46999999999999997,1.02
motiongen_0403,6.7169999999999996,4.9380000000000006,1.605,0.48699999999999999,0.99399999999999999
motiongen_0404,6.7329999999999997,4.9299999999999997,1.607,0.503,0.96699999999999997
motiongen_0405,6.75,4.9220000000000006,1.609,0.52000000000000002,0.94199999999999995
motiongen_0406,6.7670000000000003,4.9130000000000003,1.611,0.53500000000000003,0.91600000000000004
motiongen_0407,6.7830000000000004,4.9050000000000002,1.613,0.55000000000000004,0.89100000000000001
motiongen_0408,6.7999999999999998,4.8959999999999999,1.6140000000000001,0.56499999999999995,0.86599999999999999
motiongen_0409,6.8170000000000002,4.8860000000000001,1.6160000000000001,0.57999999999999996,0.84199999999999997
motiongen_0410,6.8330000000000002,4.8770000000000007,1.6180000000000001,0.59399999999999997,0.81799999999999995
motiongen_0411,6.8499999999999996,4.867,1.6200000000000001,0.60699999999999998,0.79400000000000004
motiongen_0412,6.867,4.8570000000000002,1.6220000000000001,0.621,0.77000000000000002
motiongen_0413,6.883,4.8469999999999995,1.623,0.63300000000000001,0.747
motiongen_0414,6.9000000000000004,4.8369999999999997,1.625,0.64600000000000002,0.72499999999999998
motiongen_0415,6.9169999999999998,4.8260000000000005,1.627,0.65800000000000003,0.70199999999999996
motiongen_0416,6.9329999999999998,4.8149999999999995,1.6279999999999999,0.67000000000000004,0.68100000000000005
motiongen_0417,6.9500000000000002,4.8040000000000003,1.6299999999999999,0.68100000000000005,0.65900000000000003
motiongen_0418,6.9669999999999996,4.7930000000000001,1.6319999999999999,0.69199999999999995,0.63800000000000001
motiongen_0419,6.9829999999999997,4.7810000000000006,1.633,0.70299999999999996,0.61699999999999999
motiongen_0420,7,4.7699999999999996,1.635,0.71299999999999997,0.59599999999999997
motiongen_0421,7.0170000000000003,4.758,1.6359999999999999,0.72299999999999998,0.57599999999999996
motiongen_0422,7.0330000000000004,4.7460000000000004,1.637,0.73299999999999998,0.55600000000000005
motiongen_0423,7.0499999999999998,4.734,1.639,0.74199999999999999,0.53700000000000003
motiongen_0424,7.0670000000000002,4.7219999999999995,1.6399999999999999,0.751,0.51800000000000002
motiongen_0425,7.0830000000000002,4.7089999999999996,1.641,0.75900000000000001,0.499
motiongen_0426,7.0999999999999996,4.6959999999999997,1.6419999999999999,0.76800000000000002,0.47999999999999998
motiongen_0427,7.117,4.6840000000000002,1.643,0.77600000000000002,0.46200000000000002
motiongen_0428,7.133,4.6709999999999994,1.6439999999999999,0.78300000000000003,0.44400000000000001
motiongen_0429,7.1500000000000004,4.6579999999999995,1.6439999999999999,0.79100000000000004,0.42599999999999999
motiongen_0430,7.1669999999999998,4.6449999999999996,1.645,0.79800000000000004,0.40899999999999997
motiongen_0431,7.1829999999999998,4.6310000000000002,1.645,0.80500000000000005,0.39100000000000001
motiongen_0432,7.2000000000000002,4.6180000000000003,1.6459999999999999,0.81100000000000005,0.374
motiongen_0433,7.2169999999999996,4.6040000000000001,1.6459999999999999,0.81699999999999995,0.35799999999999998
motiongen_0434,7.2329999999999997,4.5910000000000002,1.6459999999999999,0.82299999999999995,0.34100000000000003
motiongen_0435,7.25,4.577,1.6459999999999999,0.82899999999999996,0.32500000000000001
motiongen_0436,7.2670000000000003,4.5630000000000006,1.6459999999999999,0.83399999999999996,0.309
motiongen_0437,7.2830000000000004,4.5489999999999995,1.6459999999999999,0.83999999999999997,0.29299999999999998
motiongen_0438,7.2999999999999998,4.5350000000000001,1.6459999999999999,0.84499999999999997,0.27700000000000002
motiongen_0439,7.3170000000000002,4.5209999999999999,1.6459999999999999,0.84899999999999998,0.26200000000000001
motiongen_0440,7.3330000000000002,4.5069999999999997,1.645,0.85299999999999998,0.246
motiongen_0441,7.3499999999999996,4.4930000000000003,1.645,0.85799999999999998,0.23100000000000001
motiongen_0442,7.367,4.4790000000000001,1.6439999999999999,0.86099999999999999,0.216
motiongen_0443,7.383,4.4640000000000004,1.643,0.86499999999999999,0.20100000000000001
motiongen_0444,7.4000000000000004,4.4500000000000002,1.6419999999999999,0.86799999999999999,0.186
motiongen_0445,7.4169999999999998,4.4350000000000005,1.641,0.871,0.17199999999999999
motiongen_0446,7.4329999999999998,4.4209999999999994,1.6399999999999999,0.874,0.157
motiongen_0447,7.4500000000000002,4.4060000000000006,1.6379999999999999,0.877,0.14299999999999999
motiongen_0448,7.4669999999999996,4.3919999999999995,1.637,0.879,0.129
motiongen_0449,7.4829999999999997,4.3770000000000007,1.635,0.88200000000000001,0.115
motiongen_0450,7.5,4.3629999999999995,1.633,0.88300000000000001,0.10100000000000001
motiongen_0451,7.5170000000000003,4.3479999999999999,1.631,0.88500000000000001,0.086999999999999994
motiongen_0452,7.5330000000000004,4.3339999999999996,1.629,0.88700000000000001,0.072999999999999995
motiongen_0453,7.5499999999999998,4.319,1.627,0.88800000000000001,0.058999999999999997
motiongen_0454,7.5670000000000002,4.3040000000000003,1.625,0.88900000000000001,0.044999999999999998
motiongen_0455,7.5830000000000002,4.29,1.6220000000000001,0.89000000000000001,0.032000000000000001
motiongen_0456,7.5999999999999996,4.2750000000000004,1.6200000000000001,0.89000000000000001,0.017999999999999999
motiongen_0457,7.617,4.2610000000000001,1.617,0.89000000000000001,0.0050000000000000001
motiongen_0458,7.633,4.2460000000000004,1.6140000000000001,0.89000000000000001,-0.0089999999999999993
motiongen_0459,7.6500000000000004,4.2320000000000002,1.611,0.89000000000000001,-0.021999999999999999
motiongen_0460,7.6669999999999998,4.2170000000000005,1.6080000000000001,0.89000000000000001,-0.035999999999999997
motiongen_0461,7.6829999999999998,4.2030000000000003,1.605,0.88900000000000001,-0.049000000000000002
motiongen_0462,7.7000000000000002,4.1879999999999997,1.601,0.88900000000000001,-0.062
motiongen_0463,7.7169999999999996,4.1739999999999995,1.5980000000000001,0.88700000000000001,-0.075999999999999998
motiongen_0464,7.7329999999999997,4.1589999999999998,1.5940000000000001,0.88600000000000001,-0.088999999999999996
motiongen_0465,7.75,4.1449999999999996,1.5900000000000001,0.88500000000000001,-0.10199999999999999
motiongen_0466,7.7670000000000003,4.1310000000000002,1.5860000000000001,0.88300000000000001,-0.115
motiongen_0467,7.7830000000000004,4.117,1.5820000000000001,0.88100000000000001,-0.129
motiongen_0468,7.7999999999999998,4.1029999999999998,1.5780000000000001,0.879,-0.14199999999999999
motiongen_0469,7.8170000000000002,4.0890000000000004,1.5740000000000001,0.877,-0.155
motiongen_0470,7.8330000000000002,4.0750000000000002,1.5700000000000001,0.874,-0.16800000000000001
motiongen_0471,7.8499999999999996,4.0609999999999999,1.5649999999999999,0.871,-0.182
motiongen_0472,7.867,4.0469999999999997,1.5609999999999999,0.86799999999999999,-0.19500000000000001
motiongen_0473,7.883,4.0330000000000004,1.556,0.86499999999999999,-0.20799999999999999
motiongen_0474,7.9000000000000004,4.0199999999999996,1.5509999999999999,0.86099999999999999,-0.221
motiongen_0475,7.9169999999999998,4.0060000000000002,1.546,0.85799999999999998,-0.23499999999999999
motiongen_0476,7.9329999999999998,3.9930000000000003,1.5409999999999999,0.85399999999999998,-0.248
motiongen_0477,7.9500000000000002,3.98,1.536,0.84999999999999998,-0.26100000000000001
motiongen_0478,7.9669999999999996,3.9660000000000002,1.5309999999999999,0.84499999999999997,-0.27400000000000002
motiongen_0479,7.9829999999999997,3.9530000000000003,1.526,0.84099999999999997,-0.28699999999999998
motiongen_0480,8,3.9399999999999999,1.52,0.83599999999999997,-0.30099999999999999
motiongen_0481,8.0169999999999995,3.927,1.5149999999999999,0.83099999999999996,-0.314
motiongen_0482,8.0329999999999995,3.915,1.51,0.82599999999999996,-0.32700000000000001
motiongen_0483,8.0500000000000007,3.9020000000000001,1.504,0.81999999999999995,-0.34000000000000002
motiongen_0484,8.0670000000000002,3.8900000000000001,1.498,0.81499999999999995,-0.35299999999999998
motiongen_0485,8.0830000000000002,3.8769999999999998,1.4930000000000001,0.80900000000000005,-0.36599999999999999
motiongen_0486,8.0999999999999996,3.8650000000000002,1.4870000000000001,0.80300000000000005,-0.379
motiongen_0487,8.1170000000000009,3.8529999999999998,1.4810000000000001,0.79600000000000004,-0.39200000000000002
motiongen_0488,8.1329999999999991,3.8410000000000002,1.4750000000000001,0.79000000000000004,-0.40500000000000003
motiongen_0489,8.1500000000000004,3.8289999999999997,1.47,0.78300000000000003,-0.41699999999999998
motiongen_0490,8.1669999999999998,3.8180000000000001,1.464,0.77600000000000002,-0.42999999999999999
motiongen_0491,8.1829999999999998,3.806,1.458,0.76900000000000002,-0.443
motiongen_0492,8.1999999999999993,3.7949999999999999,1.452,0.76200000000000001,-0.45500000000000002
motiongen_0493,8.2170000000000005,3.7839999999999998,1.446,0.754,-0.46800000000000003
motiongen_0494,8.2330000000000005,3.7730000000000001,1.4399999999999999,0.746,-0.47999999999999998
motiongen_0495,8.25,3.762,1.4330000000000001,0.73799999999999999,-0.49199999999999999
motiongen_0496,8.2669999999999995,3.7510000000000003,1.427,0.72999999999999998,-0.504
motiongen_0497,8.2829999999999995,3.7410000000000001,1.421,0.72199999999999998,-0.51600000000000001
motiongen_0498,8.3000000000000007,3.73,1.415,0.71299999999999997,-0.52700000000000002
motiongen_0499,8.3170000000000002,3.7199999999999998,1.409,0.70399999999999996,-0.53900000000000003
motiongen_0500,8.3330000000000002,3.71,1.403,0.69499999999999995,-0.55000000000000004
motiongen_0501,8.3499999999999996,3.7000000000000002,1.397,0.68600000000000005,-0.56100000000000005
motiongen_0502,8.3670000000000009,3.6909999999999998,1.391,0.67700000000000005,-0.57199999999999995
motiongen_0503,8.3829999999999991,3.681,1.385,0.66700000000000004,-0.58199999999999996
motiongen_0504,8.4000000000000004,3.6719999999999997,1.379,0.65800000000000003,-0.59299999999999997
motiongen_0505,8.4169999999999998,3.6630000000000003,1.373,0.64800000000000002,-0.60299999999999998
motiongen_0506,8.4329999999999998,3.6539999999999999,1.367,0.63800000000000001,-0.61199999999999999
motiongen_0507,8.4499999999999993,3.645,1.361,0.627,-0.622
motiongen_0508,8.4670000000000005,3.6360000000000001,1.355,0.61699999999999999,-0.63100000000000001
motiongen_0509,8.4830000000000005,3.6280000000000001,1.349,0.60699999999999998,-0.64000000000000001
motiongen_0510,8.5,3.6189999999999998,1.343,0.59599999999999997,-0.64800000000000002
motiongen_0511,8.5169999999999995,3.6109999999999998,1.337,0.58499999999999996,-0.65600000000000003
motiongen_0512,8.5329999999999995,3.6040000000000001,1.3320000000000001,0.57399999999999995,-0.66400000000000003
motiongen_0513,8.5500000000000007,3.5960000000000001,1.3260000000000001,0.56299999999999994,-0.67100000000000004
motiongen_0514,8.5670000000000002,3.5880000000000001,1.3200000000000001,0.55200000000000005,-0.67800000000000005
motiongen_0515,8.5830000000000002,3.581,1.3149999999999999,0.54100000000000004,-0.68500000000000005
motiongen_0516,8.5999999999999996,3.5739999999999998,1.3089999999999999,0.52900000000000003,-0.69099999999999995
motiongen_0517,8.6170000000000009,3.5670000000000002,1.304,0.51800000000000002,-0.69699999999999995
motiongen_0518,8.6329999999999991,3.5600000000000001,1.2989999999999999,0.50600000000000001,-0.70199999999999996
motiongen_0519,8.6500000000000004,3.5529999999999999,1.2929999999999999,0.49399999999999999,-0.70699999999999996
motiongen_0520,8.6669999999999998,3.5469999999999997,1.288,0.48299999999999998,-0.71199999999999997
motiongen_0521,8.6829999999999998,3.5409999999999999,1.2829999999999999,0.47099999999999997,-0.71599999999999997
motiongen_0522,8.6999999999999993,3.5339999999999998,1.278,0.45900000000000002,-0.71999999999999997
motiongen_0523,8.7170000000000005,3.528,1.274,0.44700000000000001,-0.72299999999999998
motiongen_0524,8.7330000000000005,3.5230000000000001,1.2689999999999999,0.435,-0.72599999999999998
motiongen_0525,8.75,3.5170000000000003,1.264,0.42299999999999999,-0.72899999999999998
motiongen_0526,8.7669999999999995,3.512,1.26,0.40999999999999998,-0.73099999999999998
motiongen_0527,8.7829999999999995,3.5070000000000001,1.2549999999999999,0.39800000000000002,-0.73299999999999998
motiongen_0528,8.8000000000000007,3.5010000000000003,1.2509999999999999,0.38600000000000001,-0.73399999999999999
motiongen_0529,8.8170000000000002,3.4969999999999999,1.2470000000000001,0.374,-0.73499999999999999
motiongen_0530,8.8330000000000002,3.492,1.2430000000000001,0.36199999999999999,-0.73499999999999999
motiongen_0531,8.8499999999999996,3.4870000000000001,1.2390000000000001,0.34899999999999998,-0.73499999999999999
motiongen_0532,8.8670000000000009,3.4830000000000001,1.2350000000000001,0.33700000000000002,-0.73499999999999999
motiongen_0533,8.8829999999999991,3.4790000000000001,1.2310000000000001,0.32500000000000001,-0.73499999999999999
motiongen_0534,8.9000000000000004,3.4750000000000001,1.228,0.313,-0.73399999999999999
motiongen_0535,8.9169999999999998,3.4710000000000001,1.224,0.29999999999999999,-0.73199999999999998
motiongen_0536,8.9329999999999998,3.4670000000000001,1.2210000000000001,0.28799999999999998,-0.73099999999999998
motiongen_0537,8.9499999999999993,3.464,1.218,0.27600000000000002,-0.72899999999999998
motiongen_0538,8.9670000000000005,3.46,1.214,0.26400000000000001,-0.72699999999999998
motiongen_0539,8.9830000000000005,3.4569999999999999,1.2110000000000001,0.252,-0.72399999999999998
motiongen_0540,9,3.4539999999999997,1.2090000000000001,0.23999999999999999,-0.72199999999999998
motiongen_0541,9.0169999999999995,3.4510000000000001,1.206,0.22800000000000001,-0.71899999999999997
motiongen_0542,9.0329999999999995,3.448,1.2030000000000001,0.216,-0.71499999999999997
motiongen_0543,9.0500000000000007,3.4459999999999997,1.2010000000000001,0.20399999999999999,-0.71199999999999997
motiongen_0544,9.0670000000000002,3.4430000000000001,1.1990000000000001,0.192,-0.70799999999999996
motiongen_0545,9.0830000000000002,3.4409999999999998,1.196,0.17999999999999999,-0.70499999999999996
motiongen_0546,9.0999999999999996,3.4390000000000001,1.194,0.16800000000000001,-0.70099999999999996
motiongen_0547,9.1170000000000009,3.4370000000000003,1.1919999999999999,0.157,-0.69699999999999995
motiongen_0548,9.1329999999999991,3.4350000000000001,1.1910000000000001,0.14499999999999999,-0.69199999999999995
motiongen_0549,9.1500000000000004,3.4329999999999998,1.1890000000000001,0.13300000000000001,-0.68799999999999994
motiongen_0550,9.1669999999999998,3.431,1.1870000000000001,0.122,-0.68400000000000005
motiongen_0551,9.1829999999999998,3.4299999999999997,1.1859999999999999,0.111,-0.67900000000000005
motiongen_0552,9.1999999999999993,3.4290000000000003,1.1850000000000001,0.099000000000000005,-0.67500000000000004
motiongen_0553,9.2170000000000005,3.427,1.1830000000000001,0.087999999999999995,-0.67000000000000004
motiongen_0554,9.2330000000000005,3.4260000000000002,1.1819999999999999,0.076999999999999999,-0.66500000000000004
motiongen_0555,9.25,3.4249999999999998,1.1819999999999999,0.066000000000000003,-0.66100000000000003
motiongen_0556,9.2669999999999995,3.4249999999999998,1.181,0.055,-0.65600000000000003
motiongen_0557,9.2829999999999995,3.4239999999999999,1.1799999999999999,0.043999999999999997,-0.65100000000000002
motiongen_0558,9.3000000000000007,3.423,1.1799999999999999,0.033000000000000002,-0.64700000000000002
motiongen_0559,9.3170000000000002,3.423,1.179,0.021999999999999999,-0.64200000000000002
motiongen_0560,9.3330000000000002,3.423,1.179,0.010999999999999999,-0.63800000000000001
motiongen_0561,9.3499999999999996,3.423,1.179,0.001,0.53900000000000003
motiongen_0562,9.3670000000000009,3.423,1.179,0.01,0.629
motiongen_0563,9.3829999999999991,3.423,1.179,0.02,0.624
motiongen_0564,9.4000000000000004,3.423,1.179,0.031,0.62
motiongen_0565,9.4169999999999998,3.423,1.1799999999999999,0.041000000000000002,0.61599999999999999
motiongen_0566,9.4329999999999998,3.4239999999999999,1.1799999999999999,0.050999999999999997,0.61199999999999999
motiongen_0567,9.4499999999999993,3.4239999999999999,1.181,0.060999999999999999,0.60799999999999998
motiongen_0568,9.4670000000000005,3.4249999999999998,1.181,0.071999999999999995,0.60399999999999998
motiongen_0569,9.4830000000000005,3.4260000000000002,1.1819999999999999,0.082000000000000003,0.59999999999999998
motiongen_0570,9.5,3.427,1.1830000000000001,0.091999999999999998,0.59699999999999998
motiongen_0571,9.5169999999999995,3.4279999999999999,1.1839999999999999,0.10199999999999999,0.59299999999999997
motiongen_0572,9.5329999999999995,3.4290000000000003,1.1850000000000001,0.111,0.58999999999999997
motiongen_0573,9.5500000000000007,3.431,1.1870000000000001,0.121,0.58699999999999997
motiongen_0574,9.5670000000000002,3.4319999999999999,1.1879999999999999,0.13100000000000001,0.58399999999999996
motiongen_0575,9.5830000000000002,3.4340000000000002,1.1899999999999999,0.14099999999999999,0.58099999999999996
motiongen_0576,9.5999999999999996,3.4350000000000001,1.1910000000000001,0.151,0.57899999999999996
motiongen_0577,9.6170000000000009,3.4370000000000003,1.1930000000000001,0.16,0.57599999999999996
motiongen_0578,9.6329999999999991,3.4390000000000001,1.1950000000000001,0.17000000000000001,0.57399999999999995
motiongen_0579,9.6500000000000004,3.4409999999999998,1.1970000000000001,0.17899999999999999,0.57199999999999995
motiongen_0580,9.6669999999999998,3.4430000000000001,1.1990000000000001,0.189,0.56999999999999995
motiongen_0581,9.6829999999999998,3.4459999999999997,1.2010000000000001,0.19800000000000001,0.56899999999999995
motiongen_0582,9.6999999999999993,3.448,1.2030000000000001,0.20799999999999999,0.56699999999999995
motiongen_0583,9.7170000000000005,3.4510000000000001,1.206,0.217,0.56599999999999995
motiongen_0584,9.7330000000000005,3.4530000000000003,1.208,0.22700000000000001,0.56499999999999995
motiongen_0585,9.75,3.456,1.2110000000000001,0.23599999999999999,0.56399999999999995
motiongen_0586,9.7669999999999995,3.4590000000000001,1.2130000000000001,0.246,0.56299999999999994
motiongen_0587,9.7829999999999995,3.4619999999999997,1.216,0.255,0.56200000000000006
motiongen_0588,9.8000000000000007,3.4649999999999999,1.2190000000000001,0.26400000000000001,0.56200000000000006
motiongen_0589,9.8170000000000002,3.468,1.222,0.27400000000000002,0.56200000000000006
motiongen_0590,9.8330000000000002,3.472,1.2250000000000001,0.28299999999999997,0.56200000000000006
motiongen_0591,9.8499999999999996,3.4750000000000001,1.228,0.29199999999999998,0.56200000000000006
motiongen_0592,9.8670000000000009,3.4790000000000001,1.2310000000000001,0.30199999999999999,0.56299999999999994
motiongen_0593,9.8829999999999991,3.4830000000000001,1.2350000000000001,0.311,0.56399999999999995
motiongen_0594,9.9000000000000004,3.4870000000000001,1.238,0.32100000000000001,0.56399999999999995
motiongen_0595,9.9169999999999998,3.4910000000000001,1.242,0.33000000000000002,0.56499999999999995
motiongen_0596,9.9329999999999998,3.4950000000000001,1.2450000000000001,0.33900000000000002,0.56699999999999995
motiongen_0597,9.9499999999999993,3.4990000000000001,1.2490000000000001,0.34899999999999998,0.56799999999999995
motiongen_0598,9.9670000000000005,3.5030000000000001,1.2529999999999999,0.35799999999999998,0.56999999999999995
motiongen_0599,9.9830000000000005,3.508,1.2569999999999999,0.36799999999999999,0.57199999999999995
motiongen_0600,10,3.5129999999999999,1.26,0.377,0.57399999999999995
motiongen_0601,10.016999999999999,3.5170000000000003,1.264,0.38700000000000001,0.57599999999999996
motiongen_0602,10.032999999999999,3.5220000000000002,1.2689999999999999,0.39600000000000002,0.57799999999999996
motiongen_0603,10.050000000000001,3.528,1.2729999999999999,0.40600000000000003,0.58099999999999996
motiongen_0604,10.067,3.5330000000000004,1.2769999999999999,0.41599999999999998,0.58299999999999996
motiongen_0605,10.083,3.5380000000000003,1.2809999999999999,0.42599999999999999,0.58599999999999997
motiongen_0606,10.1,3.544,1.286,0.435,0.58899999999999997
motiongen_0607,10.117000000000001,3.5489999999999999,1.29,0.44500000000000001,0.59299999999999997
motiongen_0608,10.132999999999999,3.5549999999999997,1.2949999999999999,0.45500000000000002,0.59599999999999997
motiongen_0609,10.15,3.5609999999999999,1.3,0.46500000000000002,0.59899999999999998
motiongen_0610,10.167,3.5670000000000002,1.304,0.47499999999999998,0.60299999999999998
motiongen_0611,10.183,3.5739999999999998,1.3089999999999999,0.48499999999999999,0.60699999999999998
motiongen_0612,10.199999999999999,3.5800000000000001,1.3140000000000001,0.495,0.61099999999999999
motiongen_0613,10.217000000000001,3.5869999999999997,1.319,0.505,0.61499999999999999
motiongen_0614,10.233000000000001,3.593,1.3240000000000001,0.51500000000000001,0.61899999999999999
motiongen_0615,10.25,3.6000000000000001,1.329,0.52600000000000002,0.623
motiongen_0616,10.266999999999999,3.6070000000000002,1.3340000000000001,0.53600000000000003,0.628
motiongen_0617,10.282999999999999,3.6150000000000002,1.3400000000000001,0.54700000000000004,0.63200000000000001
motiongen_0618,10.300000000000001,3.6219999999999999,1.345,0.55700000000000005,0.63700000000000001
motiongen_0619,10.317,3.6299999999999999,1.3500000000000001,0.56799999999999995,0.64100000000000001
motiongen_0620,10.333,3.637,1.3560000000000001,0.57799999999999996,0.64600000000000002
motiongen_0621,10.35,3.645,1.361,0.58899999999999997,0.65000000000000002
motiongen_0622,10.367000000000001,3.6539999999999999,1.367,0.59999999999999998,0.65500000000000003
motiongen_0623,10.382999999999999,3.6619999999999999,1.3720000000000001,0.61099999999999999,0.66000000000000003
motiongen_0624,10.4,3.6699999999999999,1.3779999999999999,0.622,0.66400000000000003
motiongen_0625,10.417,3.6790000000000003,1.383,0.63300000000000001,0.66900000000000004
motiongen_0626,10.433,3.6879999999999997,1.389,0.64400000000000002,0.67400000000000004
motiongen_0627,10.449999999999999,3.6970000000000001,1.395,0.65500000000000003,0.67800000000000005
motiongen_0628,10.467000000000001,3.706,1.401,0.66700000000000004,0.68200000000000005
motiongen_0629,10.483000000000001,3.7160000000000002,1.4059999999999999,0.67800000000000005,0.68700000000000006
motiongen_0630,10.5,3.7250000000000001,1.4119999999999999,0.68999999999999995,0.69099999999999995
motiongen_0631,10.516999999999999,3.7350000000000003,1.4179999999999999,0.70099999999999996,0.69499999999999995
motiongen_0632,10.532999999999999,3.7450000000000001,1.4239999999999999,0.71299999999999997,0.69899999999999995
motiongen_0633,10.550000000000001,3.7560000000000002,1.4299999999999999,0.72399999999999998,0.70199999999999996
motiongen_0634,10.567,3.766,1.4359999999999999,0.73599999999999999,0.70599999999999996
motiongen_0635,10.583,3.7770000000000001,1.4419999999999999,0.748,0.70899999999999996
motiongen_0636,10.6,3.7880000000000003,1.448,0.76000000000000001,0.71099999999999997
motiongen_0637,10.617000000000001,3.7989999999999999,1.454,0.77100000000000002,0.71399999999999997
motiongen_0638,10.632999999999999,3.8100000000000001,1.46,0.78300000000000003,0.71499999999999997
motiongen_0639,10.65,3.8220000000000001,1.466,0.79500000000000004,0.71699999999999997
motiongen_0640,10.667,3.8340000000000001,1.472,0.80700000000000005,0.71799999999999997
motiongen_0641,10.683,3.8460000000000001,1.478,0.81899999999999995,0.71799999999999997
motiongen_0642,10.699999999999999,3.8580000000000001,1.484,0.83099999999999996,0.71799999999999997
motiongen_0643,10.717000000000001,3.871,1.49,0.84299999999999997,0.71699999999999997
motiongen_0644,10.733000000000001,3.883,1.496,0.85499999999999998,0.71599999999999997
motiongen_0645,10.75,3.8959999999999999,1.5009999999999999,0.86699999999999999,0.71399999999999997
motiongen_0646,10.766999999999999,3.9100000000000001,1.5069999999999999,0.879,0.71099999999999997
motiongen_0647,10.782999999999999,3.923,1.5129999999999999,0.89100000000000001,0.70699999999999996
motiongen_0648,10.800000000000001,3.9370000000000003,1.5189999999999999,0.90300000000000002,0.70199999999999996
motiongen_0649,10.817,3.9510000000000001,1.5249999999999999,0.91400000000000003,0.69699999999999995
motiongen_0650,10.833,3.9649999999999999,1.53,0.92600000000000005,0.68999999999999995
motiongen_0651,10.85,3.9790000000000001,1.536,0.93700000000000006,0.68200000000000005
motiongen_0652,10.867000000000001,3.9939999999999998,1.542,0.94899999999999995,0.67400000000000004
motiongen_0653,10.882999999999999,4.008,1.5469999999999999,0.95999999999999996,0.66300000000000003
motiongen_0654,10.9,4.024,1.552,0.97099999999999997,0.65200000000000002
motiongen_0655,10.917,4.0389999999999997,1.5580000000000001,0.98199999999999998,0.63900000000000001
motiongen_0656,10.933,4.0540000000000003,1.5629999999999999,0.99299999999999999,0.625
motiongen_0657,10.949999999999999,4.0700000000000003,1.5680000000000001,1.0029999999999999,0.60899999999999999
motiongen_0658,10.967000000000001,4.0860000000000003,1.573,1.0129999999999999,0.59199999999999997
motiongen_0659,10.983000000000001,4.1020000000000003,1.5780000000000001,1.0229999999999999,0.57399999999999995
motiongen_0660,11,4.1189999999999998,1.583,1.0329999999999999,0.55300000000000005
motiongen_0661,11.016999999999999,4.1349999999999998,1.587,1.042,0.53100000000000003
motiongen_0662,11.032999999999999,4.1520000000000001,1.5920000000000001,1.0509999999999999,0.50700000000000001
motiongen_0663,11.050000000000001,4.1690000000000005,1.5960000000000001,1.0589999999999999,0.48099999999999998
motiongen_0664,11.067,4.1859999999999999,1.601,1.0669999999999999,0.45400000000000001
motiongen_0665,11.083,4.2030000000000003,1.605,1.075,0.42399999999999999
motiongen_0666,11.1,4.2210000000000001,1.609,1.0820000000000001,0.39300000000000002
motiongen_0667,11.117000000000001,4.2379999999999995,1.6120000000000001,1.0880000000000001,0.35999999999999999
motiongen_0668,11.132999999999999,4.2560000000000002,1.6160000000000001,1.0940000000000001,0.32400000000000001
motiongen_0669,11.15,4.274,1.619,1.1000000000000001,0.28699999999999998
motiongen_0670,11.167,4.2919999999999998,1.623,1.1040000000000001,0.248
motiongen_0671,11.183,4.3100000000000005,1.6259999999999999,1.109,0.20599999999999999
motiongen_0672,11.199999999999999,4.3290000000000006,1.6279999999999999,1.1120000000000001,0.16300000000000001
motiongen_0673,11.217000000000001,4.3469999999999995,1.631,1.115,0.11799999999999999
motiongen_0674,11.233000000000001,4.3650000000000002,1.633,1.117,0.070000000000000007
motiongen_0675,11.25,4.3840000000000003,1.6359999999999999,1.1180000000000001,0.021000000000000001
motiongen_0676,11.266999999999999,4.4020000000000001,1.6379999999999999,1.1180000000000001,-0.029000000000000001
motiongen_0677,11.282999999999999,4.4209999999999994,1.6399999999999999,1.1180000000000001,-0.082000000000000003
motiongen_0678,11.300000000000001,4.4390000000000001,1.641,1.1160000000000001,-0.13600000000000001
motiongen_0679,11.317,4.4580000000000002,1.643,1.1140000000000001,-0.191
motiongen_0680,11.333,4.476,1.6439999999999999,1.111,-0.248
motiongen_0681,11.35,4.4950000000000001,1.645,1.107,-0.307
motiongen_0682,11.367000000000001,4.5129999999999999,1.645,1.1020000000000001,-0.36599999999999999
motiongen_0683,11.382999999999999,4.532,1.6459999999999999,1.0960000000000001,-0.42599999999999999
motiongen_0684,11.4,4.5499999999999998,1.6459999999999999,1.0880000000000001,-0.48699999999999999
motiongen_0685,11.417,4.5679999999999996,1.6459999999999999,1.0800000000000001,-0.54900000000000004
motiongen_0686,11.433,4.5860000000000003,1.6459999999999999,1.071,-0.61099999999999999
motiongen_0687,11.449999999999999,4.6040000000000001,1.6459999999999999,1.0609999999999999,-0.67300000000000004
motiongen_0688,11.467000000000001,4.6219999999999999,1.6459999999999999,1.05,-0.73599999999999999
motiongen_0689,11.483000000000001,4.6390000000000002,1.645,1.038,-0.79800000000000004
motiongen_0690,11.5,4.6560000000000006,1.6439999999999999,1.024,-0.85999999999999999
motiongen_0691,11.516999999999999,4.673,1.643,1.01,-0.92100000000000004
motiongen_0692,11.532999999999999,4.6899999999999995,1.6419999999999999,0.995,-0.98099999999999998
motiongen_0693,11.550000000000001,4.7069999999999999,1.641,0.97799999999999998,-1.04
motiongen_0694,11.567,4.7229999999999999,1.6399999999999999,0.96099999999999997,-1.0980000000000001
motiongen_0695,11.583,4.7389999999999999,1.6379999999999999,0.94299999999999995,-1.155
motiongen_0696,11.6,4.7549999999999999,1.6359999999999999,0.92300000000000004,-1.21
motiongen_0697,11.617000000000001,4.7699999999999996,1.635,0.90300000000000002,-1.2629999999999999
motiongen_0698,11.632999999999999,4.7850000000000001,1.633,0.88200000000000001,-1.3140000000000001
motiongen_0699,11.65,4.7989999999999995,1.631,0.85999999999999999,-1.363
motiongen_0700,11.667,4.8140000000000001,1.629,0.83699999999999997,-1.409
motiongen_0701,11.683,4.827,1.627,0.81399999999999995,-1.454
motiongen_0702,11.699999999999999,4.8410000000000002,1.6240000000000001,0.79000000000000004,-1.4950000000000001
motiongen_0703,11.717000000000001,4.8540000000000001,1.6220000000000001,0.76500000000000001,-1.534
motiongen_0704,11.733000000000001,4.8659999999999997,1.6200000000000001,0.73899999999999999,-1.5700000000000001
motiongen_0705,11.75,4.8780000000000001,1.6180000000000001,0.71299999999999997,-1.6040000000000001
motiongen_0706,11.766999999999999,4.8900000000000006,1.615,0.68600000000000005,-1.6339999999999999
motiongen_0707,11.782999999999999,4.9009999999999998,1.613,0.65900000000000003,-1.6619999999999999
motiongen_0708,11.800000000000001,4.9119999999999999,1.611,0.63100000000000001,-1.6859999999999999
motiongen_0709,11.817,4.9220000000000006,1.609,0.60299999999999998,-1.708
motiongen_0710,11.833,4.9320000000000004,1.607,0.57499999999999996,-1.726
motiongen_0711,11.85,4.9420000000000002,1.6040000000000001,0.54600000000000004,-1.742
motiongen_0712,11.867000000000001,4.9500000000000002,1.6020000000000001,0.51700000000000002,-1.7549999999999999
motiongen_0713,11.882999999999999,4.9589999999999996,1.6000000000000001,0.48799999999999999,-1.7649999999999999
motiongen_0714,11.9,4.9670000000000005,1.5980000000000001,0.45800000000000002,-1.772
motiongen_0715,11.917,4.9740000000000002,1.597,0.42899999999999999,-1.7769999999999999
motiongen_0716,11.933,4.9809999999999999,1.595,0.39900000000000002,-1.7789999999999999
motiongen_0717,11.949999999999999,4.9870000000000001,1.593,0.37,-1.778
motiongen_0718,11.967000000000001,4.9930000000000003,1.5920000000000001,0.34000000000000002,-1.7749999999999999
motiongen_0719,11.983000000000001,4.9990000000000006,1.5900000000000001,0.31,-1.77
motiongen_0720,12,5.0039999999999996,1.589,0.28100000000000003,-1.7629999999999999
motiongen_0721,12.016999999999999,5.008,1.5880000000000001,0.252,-1.7529999999999999
motiongen_0722,12.032999999999999,5.0120000000000005,1.5860000000000001,0.222,-1.742
motiongen_0723,12.050000000000001,5.016,1.585,0.193,-1.728
motiongen_0724,12.067,5.0190000000000001,1.585,0.16400000000000001,-1.7130000000000001
motiongen_0725,12.083,5.0220000000000002,1.5840000000000001,0.13600000000000001,-1.6970000000000001
motiongen_0726,12.1,5.024,1.583,0.108,-1.6779999999999999
motiongen_0727,12.117000000000001,5.0259999999999998,1.583,0.080000000000000002,-1.659
motiongen_0728,12.132999999999999,5.0270000000000001,1.5820000000000001,0.051999999999999998,-1.6379999999999999
motiongen_0729,12.15,5.0280000000000005,1.5820000000000001,0.025000000000000001,-1.351
motiongen_0730,12.167,5.0280000000000005,1.5820000000000001,0.002,1.5940000000000001
motiongen_0731,12.183,5.0280000000000005,1.5820000000000001,0.029000000000000001,1.5700000000000001
motiongen_0732,12.199999999999999,5.0280000000000005,1.5820000000000001,0.055,1.5449999999999999
motiongen_0733,12.217000000000001,5.0270000000000001,1.5820000000000001,0.081000000000000003,1.52
motiongen_0734,12.233000000000001,5.0250000000000004,1.583,0.106,1.494
motiongen_0735,12.25,5.024,1.583,0.13100000000000001,1.4670000000000001
motiongen_0736,12.266999999999999,5.0220000000000002,1.5840000000000001,0.155,1.4410000000000001
motiongen_0737,12.282999999999999,5.0190000000000001,1.585,0.17899999999999999,1.413
motiongen_0738,12.300000000000001,5.016,1.585,0.20300000000000001,1.3859999999999999
motiongen_0739,12.317,5.0129999999999999,1.5860000000000001,0.22600000000000001,1.3580000000000001
motiongen_0740,12.333,5.0090000000000003,1.587,0.249,1.3300000000000001
motiongen_0741,12.35,5.0049999999999999,1.5880000000000001,0.27100000000000002,1.302
motiongen_0742,12.367000000000001,5.0009999999999994,1.5900000000000001,0.29299999999999998,1.274
motiongen_0743,12.382999999999999,4.9960000000000004,1.591,0.314,1.2450000000000001
motiongen_0744,12.4,4.9909999999999997,1.5920000000000001,0.33500000000000002,1.2170000000000001
motiongen_0745,12.417,4.9860000000000007,1.5940000000000001,0.35499999999999998,1.1890000000000001
motiongen_0746,12.433,4.9800000000000004,1.595,0.375,1.161
motiongen_0747,12.449999999999999,4.9740000000000002,1.597,0.39400000000000002,1.1339999999999999
motiongen_0748,12.467000000000001,4.968,1.5980000000000001,0.41299999999999998,1.1060000000000001
motiongen_0749,12.483000000000001,4.9610000000000003,1.6000000000000001,0.43099999999999999,1.079
motiongen_0750,12.5,4.9540000000000006,1.6020000000000001,0.44900000000000001,1.052
motiongen_0751,12.516999999999999,4.9470000000000001,1.603,0.46700000000000003,1.0249999999999999
motiongen_0752,12.532999999999999,4.9390000000000001,1.605,0.48399999999999999,0.998
motiongen_0753,12.550000000000001,4.931,1.607,0.501,0.97199999999999998
motiongen_0754,12.567,4.923,1.609,0.51700000000000002,0.94599999999999995
motiongen_0755,12.583,4.915,1.6100000000000001,0.53200000000000003,0.92100000000000004
motiongen_0756,12.6,4.9060000000000006,1.6120000000000001,0.54800000000000004,0.89500000000000002
motiongen_0757,12.617000000000001,4.8970000000000002,1.6140000000000001,0.56299999999999994,0.87
motiongen_0758,12.632999999999999,4.8879999999999999,1.6160000000000001,0.57699999999999996,0.84599999999999997
motiongen_0759,12.65,4.8789999999999996,1.6180000000000001,0.59099999999999997,0.82199999999999995
motiongen_0760,12.667,4.8689999999999998,1.6200000000000001,0.60499999999999998,0.79800000000000004
motiongen_0761,12.683,4.859,1.621,0.61799999999999999,0.77400000000000002
motiongen_0762,12.699999999999999,4.8490000000000002,1.623,0.63100000000000001,0.751
motiongen_0763,12.717000000000001,4.8380000000000001,1.625,0.64400000000000002,0.72899999999999998
motiongen_0764,12.733000000000001,4.8279999999999994,1.627,0.65600000000000003,0.70599999999999996
motiongen_0765,12.75,4.8170000000000002,1.6279999999999999,0.66800000000000004,0.68400000000000005
motiongen_0766,12.766999999999999,4.806,1.6299999999999999,0.67900000000000005,0.66300000000000003
motiongen_0767,12.782999999999999,4.7949999999999999,1.631,0.68999999999999995,0.64200000000000002
motiongen_0768,12.800000000000001,4.7829999999999995,1.633,0.70099999999999996,0.621
motiongen_0769,12.817,4.7720000000000002,1.6339999999999999,0.71099999999999997,0.59999999999999998
motiongen_0770,12.833,4.7599999999999998,1.6359999999999999,0.72099999999999997,0.57999999999999996
motiongen_0771,12.85,4.7480000000000002,1.637,0.73099999999999998,0.56000000000000005
motiongen_0772,12.867000000000001,4.7360000000000007,1.6379999999999999,0.73999999999999999,0.54000000000000004
motiongen_0773,12.882999999999999,4.7240000000000002,1.639,0.749,0.52100000000000002
motiongen_0774,12.9,4.7110000000000003,1.641,0.75800000000000001,0.502
motiongen_0775,12.917,4.6989999999999998,1.6419999999999999,0.76600000000000001,0.48299999999999998
motiongen_0776,12.933,4.6859999999999999,1.643,0.77400000000000002,0.46500000000000002
motiongen_0777,12.949999999999999,4.673,1.643,0.78200000000000003,0.44700000000000001
motiongen_0778,12.967000000000001,4.6600000000000001,1.6439999999999999,0.78900000000000003,0.42899999999999999
motiongen_0779,12.983000000000001,4.6470000000000002,1.645,0.79700000000000004,0.41199999999999998
motiongen_0780,13,4.6340000000000003,1.645,0.80300000000000005,0.39400000000000002
motiongen_0781,13.016999999999999,4.6200000000000001,1.6459999999999999,0.81000000000000005,0.377
motiongen_0782,13.032999999999999,4.6070000000000002,1.6459999999999999,0.81599999999999995,0.35999999999999999
motiongen_0783,13.050000000000001,4.593,1.6459999999999999,0.82199999999999995,0.34399999999999997
motiongen_0784,13.067,4.5790000000000006,1.6459999999999999,0.82799999999999996,0.32800000000000001
motiongen_0785,13.083,4.5659999999999998,1.6459999999999999,0.83399999999999996,0.311
motiongen_0786,13.1,4.5519999999999996,1.6459999999999999,0.83899999999999997,0.29499999999999998
motiongen_0787,13.117000000000001,4.5380000000000003,1.6459999999999999,0.84399999999999997,0.28000000000000003
motiongen_0788,13.132999999999999,4.524,1.6459999999999999,0.84799999999999998,0.26400000000000001
motiongen_0789,13.15,4.5099999999999998,1.645,0.85299999999999998,0.249
motiongen_0790,13.167,4.4950000000000001,1.645,0.85699999999999998,0.23400000000000001
motiongen_0791,13.183,4.4809999999999999,1.6439999999999999,0.86099999999999999,0.219
motiongen_0792,13.199999999999999,4.4670000000000005,1.643,0.86399999999999999,0.20399999999999999
motiongen_0793,13.217000000000001,4.452,1.6419999999999999,0.86799999999999999,0.189
motiongen_0794,13.233000000000001,4.4380000000000006,1.641,0.871,0.17399999999999999
motiongen_0795,13.25,4.4239999999999995,1.6399999999999999,0.874,0.16
motiongen_0796,13.266999999999999,4.4090000000000007,1.6379999999999999,0.877,0.14599999999999999
motiongen_0797,13.282999999999999,4.3940000000000001,1.637,0.879,0.13100000000000001
motiongen_0798,13.300000000000001,4.3799999999999999,1.635,0.88100000000000001,0.11700000000000001
motiongen_0799,13.317,4.3650000000000002,1.633,0.88300000000000001,0.10299999999999999
motiongen_0800,13.333,4.351,1.6319999999999999,0.88500000000000001,0.088999999999999996
motiongen_0801,13.35,4.3360000000000003,1.6299999999999999,0.88600000000000001,0.074999999999999997
motiongen_0802,13.367000000000001,4.3220000000000001,1.627,0.88800000000000001,0.062
motiongen_0803,13.382999999999999,4.3070000000000004,1.625,0.88900000000000001,0.048000000000000001
motiongen_0804,13.4,4.2919999999999998,1.623,0.88900000000000001,0.034000000000000002
motiongen_0805,13.417,4.2780000000000005,1.6200000000000001,0.89000000000000001,0.021000000000000001
motiongen_0806,13.433,4.2629999999999999,1.617,0.89000000000000001,0.0070000000000000001
motiongen_0807,13.449999999999999,4.2490000000000006,1.6140000000000001,0.89000000000000001,-0.0060000000000000001
motiongen_0808,13.467000000000001,4.234,1.611,0.89000000000000001,-0.02
motiongen_0809,13.483000000000001,4.2199999999999998,1.6080000000000001,0.89000000000000001,-0.033000000000000002
motiongen_0810,13.5,4.2050000000000001,1.605,0.88900000000000001,-0.047
motiongen_0811,13.516999999999999,4.1909999999999998,1.6020000000000001,0.88900000000000001,-0.059999999999999998
motiongen_0812,13.532999999999999,4.1760000000000002,1.5980000000000001,0.88800000000000001,-0.072999999999999995
motiongen_0813,13.550000000000001,4.1619999999999999,1.595,0.88600000000000001,-0.086999999999999994
motiongen_0814,13.567,4.1479999999999997,1.591,0.88500000000000001,-0.10000000000000001
motiongen_0815,13.583,4.133,1.587,0.88300000000000001,-0.113
motiongen_0816,13.6,4.1189999999999998,1.583,0.88100000000000001,-0.126
motiongen_0817,13.617000000000001,4.1050000000000004,1.579,0.879,-0.14000000000000001
motiongen_0818,13.632999999999999,4.0910000000000002,1.575,0.877,-0.153
motiongen_0819,13.65,4.077,1.5700000000000001,0.874,-0.16600000000000001
motiongen_0820,13.667,4.0629999999999997,1.5660000000000001,0.872,-0.17899999999999999
motiongen_0821,13.683,4.0489999999999995,1.5609999999999999,0.86899999999999999,-0.193
motiongen_0822,13.699999999999999,4.0359999999999996,1.5569999999999999,0.86599999999999999,-0.20599999999999999
motiongen_0823,13.717000000000001,4.0220000000000002,1.552,0.86199999999999999,-0.219
motiongen_0824,13.733000000000001,4.0090000000000003,1.5469999999999999,0.85799999999999998,-0.23200000000000001
motiongen_0825,13.75,3.9950000000000001,1.542,0.85499999999999998,-0.245
motiongen_0826,13.766999999999999,3.9820000000000002,1.5369999999999999,0.84999999999999998,-0.25900000000000001
motiongen_0827,13.782999999999999,3.9690000000000003,1.532,0.84599999999999997,-0.27200000000000002
motiongen_0828,13.800000000000001,3.956,1.5269999999999999,0.84199999999999997,-0.28499999999999998
motiongen_0829,13.817,3.9430000000000001,1.5209999999999999,0.83699999999999997,-0.29799999999999999
motiongen_0830,13.833,3.9299999999999997,1.516,0.83199999999999996,-0.311
motiongen_0831,13.85,3.9169999999999998,1.5109999999999999,0.82699999999999996,-0.32400000000000001
motiongen_0832,13.867000000000001,3.9039999999999999,1.5049999999999999,0.82099999999999995,-0.33800000000000002
motiongen_0833,13.882999999999999,3.8920000000000003,1.4990000000000001,0.81599999999999995,-0.35099999999999998
motiongen_0834,13.9,3.879,1.494,0.81000000000000005,-0.36399999999999999
motiongen_0835,13.917,3.867,1.488,0.80400000000000005,-0.377
motiongen_0836,13.933,3.855,1.482,0.79700000000000004,-0.39000000000000001
motiongen_0837,13.949999999999999,3.843,1.476,0.79100000000000004,-0.40200000000000002
motiongen_0838,13.967000000000001,3.831,1.4710000000000001,0.78400000000000003,-0.41499999999999998
motiongen_0839,13.983000000000001,3.8200000000000003,1.4650000000000001,0.77700000000000002,-0.42799999999999999
motiongen_0840,14,3.8079999999999998,1.4590000000000001,0.77000000000000002,-0.44
motiongen_0841,14.016999999999999,3.7969999999999997,1.4530000000000001,0.76300000000000001,-0.45300000000000001
motiongen_0842,14.032999999999999,3.786,1.4470000000000001,0.755,-0.46500000000000002
motiongen_0843,14.050000000000001,3.7750000000000004,1.4410000000000001,0.748,-0.47799999999999998
motiongen_0844,14.067,3.7640000000000002,1.4339999999999999,0.73999999999999999,-0.48999999999999999
motiongen_0845,14.083,3.7530000000000001,1.4279999999999999,0.73099999999999998,-0.502
motiongen_0846,14.1,3.7430000000000003,1.4219999999999999,0.72299999999999998,-0.51400000000000001
motiongen_0847,14.117000000000001,3.7320000000000002,1.4159999999999999,0.71499999999999997,-0.52500000000000002
motiongen_0848,14.132999999999999,3.722,1.4099999999999999,0.70599999999999996,-0.53700000000000003
motiongen_0849,14.15,3.7119999999999997,1.4039999999999999,0.69699999999999995,-0.54800000000000004
motiongen_0850,14.167,3.702,1.3979999999999999,0.68799999999999994,-0.55900000000000005
motiongen_0851,14.183,3.6920000000000002,1.3919999999999999,0.67800000000000005,-0.56999999999999995
motiongen_0852,14.199999999999999,3.6829999999999998,1.3859999999999999,0.66900000000000004,-0.57999999999999996
motiongen_0853,14.217000000000001,3.673,1.3799999999999999,0.65900000000000003,-0.59099999999999997
motiongen_0854,14.233000000000001,3.6639999999999997,1.3740000000000001,0.64900000000000002,-0.60099999999999998
motiongen_0855,14.25,3.6550000000000002,1.3680000000000001,0.63900000000000001,-0.61099999999999999
motiongen_0856,14.266999999999999,3.6459999999999999,1.3620000000000001,0.629,-0.62
motiongen_0857,14.282999999999999,3.6379999999999999,1.3560000000000001,0.61899999999999999,-0.629
motiongen_0858,14.300000000000001,3.629,1.3500000000000001,0.60799999999999998,-0.63800000000000001
motiongen_0859,14.317,3.621,1.3440000000000001,0.59799999999999998,-0.64700000000000002
motiongen_0860,14.333,3.613,1.3380000000000001,0.58699999999999997,-0.65500000000000003
motiongen_0861,14.35,3.605,1.333,0.57599999999999996,-0.66300000000000003
motiongen_0862,14.367000000000001,3.597,1.327,0.56499999999999995,-0.67000000000000004
motiongen_0863,14.382999999999999,3.5899999999999999,1.321,0.55400000000000005,-0.67700000000000005
motiongen_0864,14.4,3.5819999999999999,1.3160000000000001,0.54300000000000004,-0.68400000000000005
motiongen_0865,14.417,3.5750000000000002,1.3100000000000001,0.53100000000000003,-0.68999999999999995
motiongen_0866,14.433,3.5680000000000001,1.3049999999999999,0.52000000000000002,-0.69599999999999995
motiongen_0867,14.449999999999999,3.5609999999999999,1.3,0.50800000000000001,-0.70199999999999996
motiongen_0868,14.467000000000001,3.5540000000000003,1.294,0.496,-0.70699999999999996
motiongen_0869,14.483000000000001,3.548,1.2889999999999999,0.48499999999999999,-0.71099999999999997
motiongen_0870,14.5,3.5419999999999998,1.284,0.47299999999999998,-0.71599999999999997
motiongen_0871,14.516999999999999,3.5350000000000001,1.2789999999999999,0.46100000000000002,-0.71899999999999997
motiongen_0872,14.532999999999999,3.5300000000000002,1.274,0.44900000000000001,-0.72299999999999998
motiongen_0873,14.550000000000001,3.524,1.27,0.437,-0.72599999999999998
motiongen_0874,14.567,3.5179999999999998,1.2649999999999999,0.42499999999999999,-0.72799999999999998
motiongen_0875,14.583,3.5129999999999999,1.26,0.41299999999999998,-0.73099999999999998
motiongen_0876,14.6,3.5070000000000001,1.256,0.40000000000000002,-0.73199999999999998
motiongen_0877,14.617000000000001,3.5019999999999998,1.252,0.38800000000000001,-0.73399999999999999
motiongen_0878,14.632999999999999,3.4969999999999999,1.248,0.376,-0.73499999999999999
motiongen_0879,14.65,3.4930000000000003,1.2430000000000001,0.36399999999999999,-0.73499999999999999
motiongen_0880,14.667,3.488,1.2390000000000001,0.35099999999999998,-0.73499999999999999
motiongen_0881,14.683,3.484,1.236,0.33900000000000002,-0.73499999999999999
motiongen_0882,14.699999999999999,3.48,1.232,0.32700000000000001,-0.73499999999999999
motiongen_0883,14.717000000000001,3.4750000000000001,1.228,0.315,-0.73399999999999999
motiongen_0884,14.733000000000001,3.472,1.2250000000000001,0.30199999999999999,-0.73299999999999998
motiongen_0885,14.75,3.468,1.2210000000000001,0.28999999999999998,-0.73099999999999998
motiongen_0886,14.766999999999999,3.464,1.218,0.27800000000000002,-0.72899999999999998
motiongen_0887,14.782999999999999,3.4610000000000003,1.2150000000000001,0.26600000000000001,-0.72699999999999998
motiongen_0888,14.800000000000001,3.4580000000000002,1.212,0.254,-0.72499999999999998
motiongen_0889,14.817,3.4539999999999997,1.2090000000000001,0.24199999999999999,-0.72199999999999998
motiongen_0890,14.833,3.4510000000000001,1.206,0.23000000000000001,-0.71899999999999997
motiongen_0891,14.85,3.4489999999999998,1.204,0.218,-0.71599999999999997
motiongen_0892,14.867000000000001,3.4459999999999997,1.2010000000000001,0.20599999999999999,-0.71299999999999997
motiongen_0893,14.882999999999999,3.4430000000000001,1.1990000000000001,0.19400000000000001,-0.70899999999999996
motiongen_0894,14.9,3.4409999999999998,1.1970000000000001,0.182,-0.70499999999999996
motiongen_0895,14.917,3.4390000000000001,1.1950000000000001,0.17000000000000001,-0.70099999999999996
motiongen_0896,14.933,3.4370000000000003,1.1930000000000001,0.159,-0.69699999999999995
motiongen_0897,14.949999999999999,3.4350000000000001,1.1910000000000001,0.14699999999999999,-0.69299999999999995
motiongen_0898,14.967000000000001,3.4329999999999998,1.1890000000000001,0.13500000000000001,-0.68899999999999995
motiongen_0899,14.983000000000001,3.4319999999999999,1.1879999999999999,0.124,-0.68400000000000005
motiongen_0900,15,3.4299999999999997,1.1859999999999999,0.113,-0.68000000000000005
motiongen_0901,15.016999999999999,3.4290000000000003,1.1850000000000001,0.10100000000000001,-0.67500000000000004
motiongen_0902,15.032999999999999,3.4279999999999999,1.1839999999999999,0.089999999999999997,-0.67100000000000004
motiongen_0903,15.050000000000001,3.4260000000000002,1.1830000000000001,0.079000000000000001,-0.66600000000000004
motiongen_0904,15.067,3.4260000000000002,1.1819999999999999,0.068000000000000005,-0.66200000000000003
motiongen_0905,15.083,3.4249999999999998,1.181,0.057000000000000002,-0.65700000000000003
motiongen_0906,15.1,3.4239999999999999,1.1799999999999999,0.045999999999999999,-0.65200000000000002
motiongen_0907,15.117000000000001,3.423,1.1799999999999999,0.035000000000000003,-0.64800000000000002
motiongen_0908,15.132999999999999,3.423,1.179,0.024,-0.64300000000000002
motiongen_0909,15.15,3.423,1.179,0.012999999999999999,-0.63800000000000001
motiongen_0910,15.167,3.423,1.179,0.0030000000000000001,0.316
motiongen_0911,15.183,3.423,1.179,0.0080000000000000002,0.629
motiongen_0912,15.199999999999999,3.423,1.179,0.017999999999999999,0.625
motiongen_0913,15.217000000000001,3.423,1.179,0.029000000000000001,0.621
motiongen_0914,15.233000000000001,3.423,1.1799999999999999,0.039,0.61699999999999999
motiongen_0915,15.25,3.4239999999999999,1.1799999999999999,0.049000000000000002,0.61199999999999999
motiongen_0916,15.266999999999999,3.4239999999999999,1.181,0.059999999999999998,0.60899999999999999
motiongen_0917,15.282999999999999,3.4249999999999998,1.181,0.070000000000000007,0.60499999999999998
motiongen_0918,15.300000000000001,3.4260000000000002,1.1819999999999999,0.080000000000000002,0.60099999999999998
motiongen_0919,15.317,3.427,1.1830000000000001,0.089999999999999997,0.59699999999999998
motiongen_0920,15.333,3.4279999999999999,1.1839999999999999,0.10000000000000001,0.59399999999999997
motiongen_0921,15.35,3.4290000000000003,1.1850000000000001,0.11,0.59099999999999997
motiongen_0922,15.367000000000001,3.4299999999999997,1.1859999999999999,0.12,0.58799999999999997
motiongen_0923,15.382999999999999,3.4319999999999999,1.1879999999999999,0.129,0.58499999999999996
motiongen_0924,15.4,3.4329999999999998,1.1890000000000001,0.13900000000000001,0.58199999999999996
motiongen_0925,15.417,3.4350000000000001,1.1910000000000001,0.14899999999999999,0.57899999999999996
motiongen_0926,15.433,3.4370000000000003,1.1930000000000001,0.158,0.57699999999999996
motiongen_0927,15.449999999999999,3.4390000000000001,1.194,0.16800000000000001,0.57399999999999995
motiongen_0928,15.467000000000001,3.4409999999999998,1.196,0.17799999999999999,0.57199999999999995
motiongen_0929,15.483000000000001,3.4430000000000001,1.198,0.187,0.56999999999999995
motiongen_0930,15.5,3.4450000000000003,1.2010000000000001,0.19700000000000001,0.56899999999999995
motiongen_0931,15.516999999999999,3.448,1.2030000000000001,0.20599999999999999,0.56699999999999995
motiongen_0932,15.532999999999999,3.4500000000000002,1.2050000000000001,0.216,0.56599999999999995
motiongen_0933,15.550000000000001,3.4530000000000003,1.208,0.22500000000000001,0.56499999999999995
motiongen_0934,15.567,3.456,1.21,0.23400000000000001,0.56399999999999995
motiongen_0935,15.583,3.4580000000000002,1.2130000000000001,0.24399999999999999,0.56299999999999994
motiongen_0936,15.6,3.4610000000000003,1.216,0.253,0.56299999999999994
motiongen_0937,15.617000000000001,3.4649999999999999,1.218,0.26300000000000001,0.56200000000000006
motiongen_0938,15.632999999999999,3.468,1.2210000000000001,0.27200000000000002,0.56200000000000006
motiongen_0939,15.65,3.4710000000000001,1.224,0.28100000000000003,0.56200000000000006
motiongen_0940,15.667,3.4750000000000001,1.2270000000000001,0.29099999999999998,0.56200000000000006
motiongen_0941,15.683,3.4779999999999998,1.2310000000000001,0.29999999999999999,0.56299999999999994
motiongen_0942,15.699999999999999,3.4820000000000002,1.234,0.31,0.56299999999999994
motiongen_0943,15.717000000000001,3.4859999999999998,1.2370000000000001,0.31900000000000001,0.56399999999999995
motiongen_0944,15.733000000000001,3.4900000000000002,1.2410000000000001,0.32800000000000001,0.56499999999999995
motiongen_0945,15.75,3.4939999999999998,1.2450000000000001,0.33800000000000002,0.56599999999999995
motiongen_0946,15.766999999999999,3.4980000000000002,1.248,0.34699999999999998,0.56799999999999995
motiongen_0947,15.782999999999999,3.5030000000000001,1.252,0.35699999999999998,0.56899999999999995
motiongen_0948,15.800000000000001,3.5070000000000001,1.256,0.36599999999999999,0.57099999999999995
motiongen_0949,15.817,3.512,1.26,0.376,0.57299999999999995
motiongen_0950,15.833,3.5170000000000003,1.264,0.38500000000000001,0.57499999999999996
motiongen_0951,15.85,3.5220000000000002,1.268,0.39500000000000002,0.57799999999999996
motiongen_0952,15.867000000000001,3.5270000000000001,1.272,0.40400000000000003,0.57999999999999996
motiongen_0953,15.882999999999999,3.532,1.276,0.41399999999999998,0.58299999999999996
motiongen_0954,15.9,3.5369999999999999,1.2809999999999999,0.42399999999999999,0.58599999999999997
motiongen_0955,15.917,3.5430000000000001,1.2849999999999999,0.434,0.58899999999999997
motiongen_0956,15.933,3.548,1.29,0.443,0.59199999999999997
motiongen_0957,15.949999999999999,3.5540000000000003,1.294,0.45300000000000001,0.59499999999999997
motiongen_0958,15.967000000000001,3.5600000000000001,1.2989999999999999,0.46300000000000002,0.59899999999999998
motiongen_0959,15.983000000000001,3.5659999999999998,1.304,0.47299999999999998,0.60199999999999998
motiongen_0960,16,3.5720000000000001,1.3080000000000001,0.48299999999999998,0.60599999999999998
motiongen_0961,16.016999999999999,3.5789999999999997,1.3129999999999999,0.49299999999999999,0.60999999999999999
motiongen_0962,16.033000000000001,3.585,1.3180000000000001,0.503,0.61399999999999999
motiongen_0963,16.050000000000001,3.5920000000000001,1.323,0.51400000000000001,0.61799999999999999
motiongen_0964,16.067,3.5990000000000002,1.3280000000000001,0.52400000000000002,0.622
motiongen_0965,16.082999999999998,3.6059999999999999,1.333,0.53400000000000003,0.627
motiongen_0966,16.100000000000001,3.613,1.339,0.54500000000000004,0.63100000000000001
motiongen_0967,16.117000000000001,3.621,1.3440000000000001,0.55500000000000005,0.63600000000000001
motiongen_0968,16.132999999999999,3.6280000000000001,1.349,0.56599999999999995,0.64000000000000001
motiongen_0969,16.149999999999999,3.6360000000000001,1.355,0.57699999999999996,0.64500000000000002
motiongen_0970,16.167000000000002,3.6440000000000001,1.3600000000000001,0.58699999999999997,0.65000000000000002
motiongen_0971,16.183,3.6520000000000001,1.3660000000000001,0.59799999999999998,0.65400000000000003
motiongen_0972,16.199999999999999,3.6600000000000001,1.371,0.60899999999999999,0.65900000000000003
motiongen_0973,16.216999999999999,3.669,1.377,0.62,0.66400000000000003
motiongen_0974,16.233000000000001,3.6779999999999999,1.3819999999999999,0.63100000000000001,0.66800000000000004
motiongen_0975,16.25,3.6859999999999999,1.3879999999999999,0.64200000000000002,0.67300000000000004
motiongen_0976,16.266999999999999,3.6950000000000003,1.3939999999999999,0.65300000000000002,0.67700000000000005
motiongen_0977,16.283000000000001,3.7050000000000001,1.3999999999999999,0.66500000000000004,0.68200000000000005
motiongen_0978,16.300000000000001,3.714,1.405,0.67600000000000005,0.68600000000000005
motiongen_0979,16.317,3.7240000000000002,1.411,0.68799999999999994,0.68999999999999995
motiongen_0980,16.332999999999998,3.734,1.417,0.69899999999999995,0.69399999999999995
motiongen_0981,16.350000000000001,3.7439999999999998,1.423,0.71099999999999997,0.69799999999999995
motiongen_0982,16.367000000000001,3.754,1.429,0.72199999999999998,0.70199999999999996
motiongen_0983,16.382999999999999,3.7640000000000002,1.4350000000000001,0.73399999999999999,0.70499999999999996
motiongen_0984,16.399999999999999,3.7750000000000004,1.4410000000000001,0.746,0.70799999999999996
motiongen_0985,16.417000000000002,3.786,1.4470000000000001,0.75700000000000001,0.71099999999999997
motiongen_0986,16.433,3.7969999999999997,1.4530000000000001,0.76900000000000002,0.71299999999999997
motiongen_0987,16.449999999999999,3.8079999999999998,1.4590000000000001,0.78100000000000003,0.71499999999999997
motiongen_0988,16.466999999999999,3.8200000000000003,1.4650000000000001,0.79300000000000004,0.71699999999999997
motiongen_0989,16.483000000000001,3.8319999999999999,1.4710000000000001,0.80500000000000005,0.71799999999999997
motiongen_0990,16.5,3.8440000000000003,1.4770000000000001,0.81699999999999995,0.71799999999999997
motiongen_0991,16.516999999999999,3.8559999999999999,1.4830000000000001,0.82899999999999996,0.71799999999999997
motiongen_0992,16.533000000000001,3.8680000000000003,1.4890000000000001,0.84099999999999997,0.71799999999999997
motiongen_0993,16.550000000000001,3.8810000000000002,1.4950000000000001,0.85299999999999998,0.71599999999999997
motiongen_0994,16.567,3.8940000000000001,1.5,0.86499999999999999,0.71399999999999997
motiongen_0995,16.582999999999998,3.907,1.506,0.877,0.71199999999999997
motiongen_0996,16.600000000000001,3.9210000000000003,1.512,0.88900000000000001,0.70799999999999996
motiongen_0997,16.617000000000001,3.9340000000000002,1.518,0.90000000000000002,0.70299999999999996
motiongen_0998,16.632999999999999,3.948,1.524,0.91200000000000003,0.69799999999999995
motiongen_0999,16.649999999999999,3.9619999999999997,1.5289999999999999,0.92400000000000004,0.69099999999999995
motiongen_1000,16.667000000000002,3.9770000000000003,1.5349999999999999,0.93500000000000005,0.68400000000000005
motiongen_1001,16.683,3.9910000000000001,1.5409999999999999,0.94699999999999995,0.67500000000000004
motiongen_1002,16.699999999999999,4.0060000000000002,1.546,0.95799999999999996,0.66500000000000004
motiongen_1003,16.716999999999999,4.0209999999999999,1.552,0.96899999999999997,0.65400000000000003
motiongen_1004,16.733000000000001,4.0359999999999996,1.5569999999999999,0.97999999999999998,0.64200000000000002
motiongen_1005,16.75,4.0519999999999996,1.5620000000000001,0.99099999999999999,0.628
motiongen_1006,16.766999999999999,4.0670000000000002,1.5669999999999999,1.0009999999999999,0.61199999999999999
motiongen_1007,16.783000000000001,4.0830000000000002,1.5720000000000001,1.0109999999999999,0.59499999999999997
motiongen_1008,16.800000000000001,4.0990000000000002,1.577,1.0209999999999999,0.57699999999999996
motiongen_1009,16.817,4.1159999999999997,1.5820000000000001,1.0309999999999999,0.55700000000000005
motiongen_1010,16.832999999999998,4.1319999999999997,1.587,1.04,0.53500000000000003
motiongen_1011,16.850000000000001,4.149,1.591,1.0489999999999999,0.51100000000000001
motiongen_1012,16.867000000000001,4.1660000000000004,1.5960000000000001,1.0580000000000001,0.48599999999999999
motiongen_1013,16.882999999999999,4.1829999999999998,1.6000000000000001,1.0660000000000001,0.45900000000000002
motiongen_1014,16.899999999999999,4.2000000000000002,1.6040000000000001,1.073,0.42999999999999999
motiongen_1015,16.917000000000002,4.218,1.6080000000000001,1.081,0.39900000000000002
motiongen_1016,16.933,4.2350000000000003,1.6120000000000001,1.087,0.36599999999999999
motiongen_1017,16.949999999999999,4.2530000000000001,1.615,1.093,0.33100000000000002
motiongen_1018,16.966999999999999,4.2709999999999999,1.619,1.099,0.29399999999999998
motiongen_1019,16.983000000000001,4.2889999999999997,1.6220000000000001,1.1040000000000001,0.255
motiongen_1020,17,4.3070000000000004,1.625,1.1080000000000001,0.214
motiongen_1021,17.016999999999999,4.3250000000000002,1.6279999999999999,1.111,0.17100000000000001
motiongen_1022,17.033000000000001,4.3439999999999994,1.631,1.1140000000000001,0.126
motiongen_1023,17.050000000000001,4.3620000000000001,1.633,1.1160000000000001,0.079000000000000001
motiongen_1024,17.067,4.3810000000000002,1.635,1.1180000000000001,0.029999999999999999
motiongen_1025,17.082999999999998,4.399,1.637,1.1180000000000001,-0.02
motiongen_1026,17.100000000000001,4.4180000000000001,1.639,1.1180000000000001,-0.071999999999999995
motiongen_1027,17.117000000000001,4.4359999999999999,1.641,1.117,-0.126
motiongen_1028,17.132999999999999,4.4550000000000001,1.6419999999999999,1.115,-0.182
motiongen_1029,17.149999999999999,4.4729999999999999,1.6439999999999999,1.1120000000000001,-0.23799999999999999
motiongen_1030,17.167000000000002,4.492,1.645,1.1080000000000001,-0.29599999999999999
motiongen_1031,17.183,4.5099999999999998,1.645,1.103,-0.35599999999999998
motiongen_1032,17.199999999999999,4.5289999999999999,1.6459999999999999,1.097,-0.41599999999999998
motiongen_1033,17.216999999999999,4.5470000000000006,1.6459999999999999,1.0900000000000001,-0.47699999999999998
motiongen_1034,17.233000000000001,4.5649999999999995,1.6459999999999999,1.0820000000000001,-0.53800000000000003
motiongen_1035,17.25,4.5830000000000002,1.6459999999999999,1.073,-0.59999999999999998
motiongen_1036,17.266999999999999,4.601,1.6459999999999999,1.0629999999999999,-0.66200000000000003
motiongen_1037,17.283000000000001,4.6189999999999998,1.6459999999999999,1.052,-0.72499999999999998
motiongen_1038,17.300000000000001,4.6360000000000001,1.645,1.04,-0.78700000000000003
motiongen_1039,17.317,4.6530000000000005,1.6439999999999999,1.0269999999999999,-0.84899999999999998
motiongen_1040,17.332999999999998,4.6709999999999994,1.6439999999999999,1.012,-0.91000000000000003
motiongen_1041,17.350000000000001,4.6869999999999994,1.6419999999999999,0.997,-0.96999999999999997
motiongen_1042,17.367000000000001,4.7040000000000006,1.641,0.98099999999999998,-1.03
motiongen_1043,17.382999999999999,4.7200000000000006,1.6399999999999999,0.96399999999999997,-1.0880000000000001
motiongen_1044,17.399999999999999,4.7360000000000007,1.6379999999999999,0.94599999999999995,-1.145
motiongen_1045,17.417000000000002,4.7520000000000007,1.637,0.92700000000000005,-1.2
motiongen_1046,17.433,4.7669999999999995,1.635,0.90700000000000003,-1.2529999999999999
motiongen_1047,17.449999999999999,4.782,1.633,0.88600000000000001,-1.3049999999999999
motiongen_1048,17.466999999999999,4.7970000000000006,1.631,0.86399999999999999,-1.3540000000000001
motiongen_1049,17.483000000000001,4.8109999999999999,1.629,0.84199999999999997,-1.401
motiongen_1050,17.5,4.8250000000000002,1.627,0.81799999999999995,-1.446
motiongen_1051,17.516999999999999,4.8380000000000001,1.625,0.79400000000000004,-1.488
motiongen_1052,17.533000000000001,4.8520000000000003,1.623,0.76900000000000002,-1.5269999999999999
motiongen_1053,17.550000000000001,4.8639999999999999,1.6200000000000001,0.74399999999999999,-1.5640000000000001
motiongen_1054,17.567,4.8759999999999994,1.6180000000000001,0.71799999999999997,-1.5980000000000001
motiongen_1055,17.582999999999998,4.8879999999999999,1.6160000000000001,0.69099999999999995,-1.629
motiongen_1056,17.600000000000001,4.899,1.6140000000000001,0.66400000000000003,-1.657
motiongen_1057,17.617000000000001,4.9100000000000001,1.611,0.63600000000000001,-1.6819999999999999
motiongen_1058,17.632999999999999,4.9209999999999994,1.609,0.60799999999999998,-1.704
motiongen_1059,17.649999999999999,4.931,1.607,0.57999999999999996,-1.7230000000000001
motiongen_1060,17.667000000000002,4.9399999999999995,1.605,0.55100000000000005,-1.74
motiongen_1061,17.683,4.9489999999999998,1.603,0.52200000000000002,-1.7529999999999999
motiongen_1062,17.699999999999999,4.9569999999999999,1.601,0.49299999999999999,-1.7629999999999999
motiongen_1063,17.716999999999999,4.9649999999999999,1.599,0.46400000000000002,-1.7709999999999999
motiongen_1064,17.733000000000001,4.9729999999999999,1.597,0.434,-1.776
motiongen_1065,17.75,4.9800000000000004,1.595,0.40400000000000003,-1.7789999999999999
motiongen_1066,17.766999999999999,4.9860000000000007,1.5940000000000001,0.375,-1.778
motiongen_1067,17.783000000000001,4.992,1.5920000000000001,0.34499999999999997,-1.776
motiongen_1068,17.800000000000001,4.9980000000000002,1.5900000000000001,0.316,-1.7709999999999999
motiongen_1069,17.817,5.0030000000000001,1.589,0.28599999999999998,-1.764
motiongen_1070,17.832999999999998,5.008,1.5880000000000001,0.25700000000000001,-1.7549999999999999
motiongen_1071,17.850000000000001,5.0120000000000005,1.587,0.22700000000000001,-1.744
motiongen_1072,17.867000000000001,5.0150000000000006,1.5860000000000001,0.19800000000000001,-1.7310000000000001
motiongen_1073,17.882999999999999,5.0190000000000001,1.585,0.17000000000000001,-1.716
motiongen_1074,17.899999999999999,5.0209999999999999,1.5840000000000001,0.14099999999999999,-1.7
motiongen_1075,17.917000000000002,5.024,1.583,0.113,-1.6819999999999999
motiongen_1076,17.933,5.0250000000000004,1.583,0.085000000000000006,-1.663
motiongen_1077,17.949999999999999,5.0270000000000001,1.5820000000000001,0.057000000000000002,-1.6419999999999999
motiongen_1078,17.966999999999999,5.0280000000000005,1.5820000000000001,0.029000000000000001,-1.6200000000000001
motiongen_1079,17.983000000000001,5.0280000000000005,1.5820000000000001,0.002,1.2989999999999999
motiongen_1080,18,5.0280000000000005,1.5820000000000001,0.024,1.5740000000000001
motiongen_1081,18.016999999999999,5.0280000000000005,1.5820000000000001,0.050000000000000003,1.55
motiongen_1082,18.033000000000001,5.0270000000000001,1.5820000000000001,0.075999999999999998,1.524
motiongen_1083,18.050000000000001,5.0259999999999998,1.583,0.10199999999999999,1.4990000000000001
motiongen_1084,18.067,5.024,1.583,0.127,1.472
motiongen_1085,18.082999999999998,5.0220000000000002,1.5840000000000001,0.151,1.4450000000000001
motiongen_1086,18.100000000000001,5.0199999999999996,1.5840000000000001,0.17499999999999999,1.4179999999999999
motiongen_1087,18.117000000000001,5.0169999999999995,1.585,0.19900000000000001,1.3899999999999999
motiongen_1088,18.132999999999999,5.0140000000000002,1.5860000000000001,0.222,1.363
motiongen_1089,18.149999999999999,5.0099999999999998,1.587,0.245,1.335
motiongen_1090,18.167000000000002,5.0060000000000002,1.5880000000000001,0.26700000000000002,1.3069999999999999
motiongen_1091,18.183,5.0020000000000007,1.589,0.28899999999999998,1.278
motiongen_1092,18.199999999999999,4.9969999999999999,1.591,0.31,1.25
motiongen_1093,18.216999999999999,4.992,1.5920000000000001,0.33100000000000002,1.222
motiongen_1094,18.233000000000001,4.9870000000000001,1.593,0.35099999999999998,1.194
motiongen_1095,18.25,4.9809999999999999,1.595,0.371,1.1659999999999999
motiongen_1096,18.266999999999999,4.9749999999999996,1.5960000000000001,0.39100000000000001,1.1379999999999999
motiongen_1097,18.283000000000001,4.9689999999999994,1.5980000000000001,0.40999999999999998,1.111
motiongen_1098,18.300000000000001,4.9619999999999997,1.6000000000000001,0.42799999999999999,1.083
motiongen_1099,18.317,4.9550000000000001,1.601,0.44600000000000001,1.056
motiongen_1100,18.332999999999998,4.9480000000000004,1.603,0.46400000000000002,1.0289999999999999
motiongen_1101,18.350000000000001,4.9409999999999998,1.605,0.48099999999999998,1.0029999999999999
motiongen_1102,18.367000000000001,4.9329999999999998,1.6060000000000001,0.498,0.97699999999999998
motiongen_1103,18.382999999999999,4.9249999999999998,1.6080000000000001,0.51400000000000001,0.95099999999999996
motiongen_1104,18.399999999999999,4.9160000000000004,1.6100000000000001,0.53000000000000003,0.92500000000000004
motiongen_1105,18.417000000000002,4.9079999999999995,1.6120000000000001,0.54500000000000004,0.90000000000000002
motiongen_1106,18.433,4.899,1.6140000000000001,0.56000000000000005,0.875
motiongen_1107,18.449999999999999,4.8900000000000006,1.6160000000000001,0.57499999999999996,0.84999999999999998
motiongen_1108,18.466999999999999,4.8799999999999999,1.617,0.58899999999999997,0.82599999999999996
motiongen_1109,18.483000000000001,4.8710000000000004,1.619,0.60299999999999998,0.80200000000000005
motiongen_1110,18.5,4.8610000000000007,1.621,0.61599999999999999,0.77900000000000003
motiongen_1111,18.516999999999999,4.851,1.623,0.629,0.755
motiongen_1112,18.533000000000001,4.8399999999999999,1.6240000000000001,0.64200000000000002,0.73299999999999998
motiongen_1113,18.550000000000001,4.8300000000000001,1.6259999999999999,0.65400000000000003,0.70999999999999996
motiongen_1114,18.567,4.819,1.6279999999999999,0.66600000000000004,0.68799999999999994
motiongen_1115,18.582999999999998,4.8079999999999998,1.6299999999999999,0.67700000000000005,0.66700000000000004
motiongen_1116,18.600000000000001,4.7970000000000006,1.631,0.68799999999999994,0.64500000000000002
motiongen_1117,18.617000000000001,4.7850000000000001,1.633,0.69899999999999995,0.624
motiongen_1118,18.632999999999999,4.774,1.6339999999999999,0.70899999999999996,0.60399999999999998
motiongen_1119,18.649999999999999,4.7620000000000005,1.635,0.71899999999999997,0.58299999999999996
motiongen_1120,18.667000000000002,4.75,1.637,0.72899999999999998,0.56299999999999994
motiongen_1121,18.683,4.7379999999999995,1.6379999999999999,0.73899999999999999,0.54400000000000004
motiongen_1122,18.699999999999999,4.726,1.639,0.748,0.52400000000000002
motiongen_1123,18.716999999999999,4.7130000000000001,1.6399999999999999,0.75600000000000001,0.505
motiongen_1124,18.733000000000001,4.7010000000000005,1.641,0.76500000000000001,0.48699999999999999
motiongen_1125,18.75,4.6880000000000006,1.6419999999999999,0.77300000000000002,0.46800000000000003
motiongen_1126,18.766999999999999,4.6749999999999998,1.643,0.78100000000000003,0.45000000000000001
motiongen_1127,18.783000000000001,4.6619999999999999,1.6439999999999999,0.78800000000000003,0.432
motiongen_1128,18.800000000000001,4.649,1.645,0.79500000000000004,0.41499999999999998
motiongen_1129,18.817,4.6360000000000001,1.645,0.80200000000000005,0.39700000000000002
motiongen_1130,18.832999999999998,4.6230000000000002,1.6459999999999999,0.80900000000000005,0.38
motiongen_1131,18.850000000000001,4.609,1.6459999999999999,0.81499999999999995,0.36299999999999999
motiongen_1132,18.867000000000001,4.5960000000000001,1.6459999999999999,0.82099999999999995,0.34699999999999998
motiongen_1133,18.882999999999999,4.5819999999999999,1.6459999999999999,0.82699999999999996,0.33000000000000002
motiongen_1134,18.899999999999999,4.5679999999999996,1.6459999999999999,0.83299999999999996,0.314
motiongen_1135,18.917000000000002,4.5540000000000003,1.6459999999999999,0.83799999999999997,0.29799999999999999
motiongen_1136,18.933,4.54,1.6459999999999999,0.84299999999999997,0.28299999999999997
motiongen_1137,18.949999999999999,4.5259999999999998,1.6459999999999999,0.84799999999999998,0.26700000000000002
motiongen_1138,18.966999999999999,4.5120000000000005,1.645,0.85199999999999998,0.252
motiongen_1139,18.983000000000001,4.4980000000000002,1.645,0.85599999999999998,0.23599999999999999
motiongen_1140,19,4.484,1.6439999999999999,0.85999999999999999,0.221
motiongen_1141,19.016999999999999,4.4689999999999994,1.643,0.86399999999999999,0.20599999999999999
motiongen_1142,19.033000000000001,4.4550000000000001,1.6419999999999999,0.86699999999999999,0.192
motiongen_1143,19.050000000000001,4.4409999999999998,1.641,0.87,0.17699999999999999
motiongen_1144,19.067,4.4260000000000002,1.6399999999999999,0.873,0.16200000000000001
motiongen_1145,19.082999999999998,4.4119999999999999,1.639,0.876,0.14799999999999999
motiongen_1146,19.100000000000001,4.3970000000000002,1.637,0.879,0.13400000000000001
motiongen_1147,19.117000000000001,4.3819999999999997,1.6359999999999999,0.88100000000000001,0.12
motiongen_1148,19.132999999999999,4.3680000000000003,1.6339999999999999,0.88300000000000001,0.106
motiongen_1149,19.149999999999999,4.3529999999999998,1.6319999999999999,0.88500000000000001,0.091999999999999998
motiongen_1150,19.167000000000002,4.3390000000000004,1.6299999999999999,0.88600000000000001,0.078
motiongen_1151,19.183,4.3239999999999998,1.6279999999999999,0.88700000000000001,0.064000000000000001
motiongen_1152,19.199999999999999,4.3100000000000005,1.625,0.88800000000000001,0.050000000000000003
motiongen_1153,19.216999999999999,4.2949999999999999,1.623,0.88900000000000001,0.036999999999999998
motiongen_1154,19.233000000000001,4.2800000000000002,1.6200000000000001,0.89000000000000001,0.023
motiongen_1155,19.25,4.266,1.6180000000000001,0.89000000000000001,0.0089999999999999993
motiongen_1156,19.266999999999999,4.2510000000000003,1.615,0.89000000000000001,-0.0040000000000000001
motiongen_1157,19.283000000000001,4.2370000000000001,1.6120000000000001,0.89000000000000001,-0.017000000000000001
motiongen_1158,19.300000000000001,4.2219999999999995,1.609,0.89000000000000001,-0.031
motiongen_1159,19.317,4.2080000000000002,1.6060000000000001,0.89000000000000001,-0.043999999999999997
motiongen_1160,19.332999999999998,4.1929999999999996,1.6020000000000001,0.88900000000000001,-0.058000000000000003
motiongen_1161,19.350000000000001,4.1790000000000003,1.599,0.88800000000000001,-0.070999999999999994
motiongen_1162,19.367000000000001,4.1639999999999997,1.595,0.88700000000000001,-0.084000000000000005
motiongen_1163,19.382999999999999,4.1500000000000004,1.5920000000000001,0.88500000000000001,-0.098000000000000004
motiongen_1164,19.399999999999999,4.1360000000000001,1.5880000000000001,0.88400000000000001,-0.111
motiongen_1165,19.417000000000002,4.1219999999999999,1.5840000000000001,0.88200000000000001,-0.124
motiongen_1166,19.433,4.1080000000000005,1.5800000000000001,0.88,-0.13700000000000001
motiongen_1167,19.449999999999999,4.0940000000000003,1.575,0.877,-0.151
motiongen_1168,19.466999999999999,4.0800000000000001,1.571,0.875,-0.16400000000000001
motiongen_1169,19.483000000000001,4.0659999999999998,1.5669999999999999,0.872,-0.17699999999999999
motiongen_1170,19.5,4.0519999999999996,1.5620000000000001,0.86899999999999999,-0.19
motiongen_1171,19.516999999999999,4.0380000000000003,1.5580000000000001,0.86599999999999999,-0.20300000000000001
motiongen_1172,19.533000000000001,4.024,1.5529999999999999,0.86299999999999999,-0.217
motiongen_1173,19.550000000000001,4.0110000000000001,1.548,0.85899999999999999,-0.23000000000000001
motiongen_1174,19.567,3.9969999999999999,1.5429999999999999,0.85499999999999998,-0.24299999999999999
motiongen_1175,19.582999999999998,3.984,1.538,0.85099999999999998,-0.25600000000000001
motiongen_1176,19.600000000000001,3.9710000000000001,1.5329999999999999,0.84699999999999998,-0.27000000000000002
motiongen_1177,19.617000000000001,3.9580000000000002,1.528,0.84199999999999997,-0.28299999999999997
motiongen_1178,19.632999999999999,3.9450000000000003,1.522,0.83799999999999997,-0.29599999999999999
motiongen_1179,19.649999999999999,3.9319999999999999,1.5169999999999999,0.83299999999999996,-0.309
motiongen_1180,19.667000000000002,3.919,1.512,0.82799999999999996,-0.32200000000000001
motiongen_1181,19.683,3.907,1.506,0.82199999999999995,-0.33500000000000002
motiongen_1182,19.699999999999999,3.8940000000000001,1.5,0.81699999999999995,-0.34799999999999998
motiongen_1183,19.716999999999999,3.8820000000000001,1.4950000000000001,0.81100000000000005,-0.36099999999999999
motiongen_1184,19.733000000000001,3.8689999999999998,1.4890000000000001,0.80500000000000005,-0.374
motiongen_1185,19.75,3.8570000000000002,1.4830000000000001,0.79900000000000004,-0.38700000000000001
motiongen_1186,19.766999999999999,3.8449999999999998,1.4770000000000001,0.79200000000000004,-0.40000000000000002
motiongen_1187,19.783000000000001,3.8330000000000002,1.472,0.78500000000000003,-0.41299999999999998
motiongen_1188,19.800000000000001,3.8220000000000001,1.466,0.77900000000000003,-0.42599999999999999
motiongen_1189,19.817,3.8100000000000001,1.46,0.77200000000000002,-0.438
motiongen_1190,19.832999999999998,3.7989999999999999,1.454,0.76400000000000001,-0.45100000000000001
motiongen_1191,19.850000000000001,3.7880000000000003,1.448,0.75700000000000001,-0.46300000000000002
motiongen_1192,19.867000000000001,3.7770000000000001,1.4419999999999999,0.749,-0.47499999999999998
motiongen_1193,19.882999999999999,3.766,1.4359999999999999,0.74099999999999999,-0.48799999999999999
motiongen_1194,19.899999999999999,3.7549999999999999,1.429,0.73299999999999998,-0.5
motiongen_1195,19.917000000000002,3.7439999999999998,1.423,0.72499999999999998,-0.51100000000000001
motiongen_1196,19.933,3.734,1.417,0.71599999999999997,-0.52300000000000002
motiongen_1197,19.949999999999999,3.7240000000000002,1.411,0.70699999999999996,-0.53500000000000003
motiongen_1198,19.966999999999999,3.714,1.405,0.69799999999999995,-0.54600000000000004
motiongen_1199,19.983000000000001,3.7039999999999997,1.399,0.68899999999999995,-0.55700000000000005
motiongen_1200,20,3.694,1.393,0.68000000000000005,-0.56799999999999995
motiongen_1201,20.016999999999999,3.6840000000000002,1.387,0.67100000000000004,-0.57899999999999996
motiongen_1202,20.033000000000001,3.6749999999999998,1.381,0.66100000000000003,-0.58899999999999997
motiongen_1203,20.050000000000001,3.6659999999999999,1.375,0.65100000000000002,-0.59899999999999998
motiongen_1204,20.067,3.657,1.369,0.64100000000000001,-0.60899999999999999
motiongen_1205,20.082999999999998,3.6480000000000001,1.363,0.63100000000000001,-0.61799999999999999
motiongen_1206,20.100000000000001,3.6390000000000002,1.357,0.621,-0.628
motiongen_1207,20.117000000000001,3.6310000000000002,1.351,0.60999999999999999,-0.63700000000000001
motiongen_1208,20.132999999999999,3.6219999999999999,1.345,0.59999999999999998,-0.64500000000000002
motiongen_1209,20.149999999999999,3.6139999999999999,1.339,0.58899999999999997,-0.65300000000000002
motiongen_1210,20.167000000000002,3.6059999999999999,1.3340000000000001,0.57799999999999996,-0.66100000000000003
motiongen_1211,20.183,3.5979999999999999,1.3280000000000001,0.56699999999999995,-0.66900000000000004
motiongen_1212,20.199999999999999,3.5910000000000002,1.3220000000000001,0.55600000000000005,-0.67600000000000005
motiongen_1213,20.216999999999999,3.5830000000000002,1.3169999999999999,0.54500000000000004,-0.68300000000000005
motiongen_1214,20.233000000000001,3.5760000000000001,1.3109999999999999,0.53300000000000003,-0.68899999999999995
motiongen_1215,20.25,3.569,1.306,0.52200000000000002,-0.69499999999999995
motiongen_1216,20.266999999999999,3.5620000000000003,1.3009999999999999,0.51000000000000001,-0.70099999999999996
motiongen_1217,20.283000000000001,3.556,1.2949999999999999,0.498,-0.70599999999999996
motiongen_1218,20.300000000000001,3.5489999999999999,1.29,0.48699999999999999,-0.70999999999999996
motiongen_1219,20.317,3.5430000000000001,1.2849999999999999,0.47499999999999998,-0.71499999999999997
motiongen_1220,20.332999999999998,3.5369999999999999,1.28,0.46300000000000002,-0.71799999999999997
motiongen_1221,20.350000000000001,3.5310000000000001,1.2749999999999999,0.45100000000000001,-0.72299999999999998
motiongen_1222,20.367000000000001,3.5250000000000004,1.2709999999999999,0.439,-0.72499999999999998
motiongen_1223,20.382999999999999,3.5190000000000001,1.266,0.42699999999999999,-0.72799999999999998
motiongen_1224,20.399999999999999,3.5140000000000002,1.2609999999999999,0.41499999999999998,-0.72999999999999998
motiongen_1225,20.417000000000002,3.508,1.2569999999999999,0.40200000000000002,-0.73199999999999998
motiongen_1226,20.433,3.5030000000000001,1.252,0.39000000000000001,-0.73399999999999999
motiongen_1227,20.449999999999999,3.4980000000000002,1.248,0.378,-0.73499999999999999
motiongen_1228,20.466999999999999,3.4939999999999998,1.244,0.36599999999999999,-0.73499999999999999
motiongen_1229,20.483000000000001,3.4889999999999999,1.24,0.35399999999999998,-0.73499999999999999
motiongen_1230,20.5,3.4850000000000003,1.236,0.34100000000000003,-0.73499999999999999
motiongen_1231,20.516999999999999,3.48,1.232,0.32900000000000001,-0.73499999999999999
motiongen_1232,20.533000000000001,3.476,1.2290000000000001,0.317,-0.73399999999999999
motiongen_1233,20.550000000000001,3.472,1.2250000000000001,0.30499999999999999,-0.73299999999999998
motiongen_1234,20.567,3.468,1.222,0.29199999999999998,-0.73099999999999998
motiongen_1235,20.582999999999998,3.4649999999999999,1.2190000000000001,0.28000000000000003,-0.72999999999999998
motiongen_1236,20.600000000000001,3.4610000000000003,1.216,0.26800000000000002,-0.72799999999999998
motiongen_1237,20.617000000000001,3.4580000000000002,1.212,0.25600000000000001,-0.72499999999999998
motiongen_1238,20.632999999999999,3.4550000000000001,1.21,0.24399999999999999,-0.72299999999999998
motiongen_1239,20.649999999999999,3.452,1.2070000000000001,0.23200000000000001,-0.71999999999999997
motiongen_1240,20.667000000000002,3.4489999999999998,1.204,0.22,-0.71699999999999997
motiongen_1241,20.683,3.4459999999999997,1.202,0.20799999999999999,-0.71299999999999997
motiongen_1242,20.699999999999999,3.444,1.1990000000000001,0.19600000000000001,-0.70999999999999996
motiongen_1243,20.716999999999999,3.4420000000000002,1.1970000000000001,0.184,-0.70599999999999996
motiongen_1244,20.733000000000001,3.4390000000000001,1.1950000000000001,0.17199999999999999,-0.70199999999999996
motiongen_1245,20.75,3.4370000000000003,1.1930000000000001,0.161,-0.69799999999999995
motiongen_1246,20.766999999999999,3.4350000000000001,1.1910000000000001,0.14899999999999999,-0.69399999999999995
motiongen_1247,20.783000000000001,3.4340000000000002,1.1890000000000001,0.13700000000000001,-0.68999999999999995
motiongen_1248,20.800000000000001,3.4319999999999999,1.1879999999999999,0.126,-0.68500000000000005
motiongen_1249,20.817,3.4299999999999997,1.1859999999999999,0.115,-0.68100000000000005
motiongen_1250,20.832999999999998,3.4290000000000003,1.1850000000000001,0.10299999999999999,-0.67600000000000005
motiongen_1251,20.850000000000001,3.4279999999999999,1.1839999999999999,0.091999999999999998,-0.67200000000000004
motiongen_1252,20.867000000000001,3.427,1.1830000000000001,0.081000000000000003,-0.66700000000000004
motiongen_1253,20.882999999999999,3.4260000000000002,1.1819999999999999,0.070000000000000007,-0.66200000000000003
motiongen_1254,20.899999999999999,3.4249999999999998,1.181,0.058999999999999997,-0.65800000000000003
motiongen_1255,20.917000000000002,3.4239999999999999,1.1799999999999999,0.048000000000000001,-0.65300000000000002
motiongen_1256,20.933,3.4239999999999999,1.1799999999999999,0.036999999999999998,-0.64800000000000002
motiongen_1257,20.949999999999999,3.423,1.179,0.025999999999999999,-0.64400000000000002
motiongen_1258,20.966999999999999,3.423,1.179,0.014999999999999999,-0.63900000000000001
motiongen_1259,20.983000000000001,3.423,1.179,0.0050000000000000001,0.094
motiongen_1260,21,3.423,1.179,0.0060000000000000001,0.63
motiongen_1261,21.016999999999999,3.423,1.179,0.017000000000000001,0.626
motiongen_1262,21.033000000000001,3.423,1.179,0.027,0.621
motiongen_1263,21.050000000000001,3.423,1.179,0.036999999999999998,0.61699999999999999
motiongen_1264,21.067,3.4239999999999999,1.1799999999999999,0.048000000000000001,0.61299999999999999
motiongen_1265,21.082999999999998,3.4239999999999999,1.1799999999999999,0.058000000000000003,0.60899999999999999
motiongen_1266,21.100000000000001,3.4249999999999998,1.181,0.068000000000000005,0.60499999999999998
motiongen_1267,21.117000000000001,3.4260000000000002,1.1819999999999999,0.078,0.60199999999999998
motiongen_1268,21.132999999999999,3.427,1.1830000000000001,0.087999999999999995,0.59799999999999998
motiongen_1269,21.149999999999999,3.4279999999999999,1.1839999999999999,0.098000000000000004,0.59499999999999997
motiongen_1270,21.167000000000002,3.4290000000000003,1.1850000000000001,0.108,0.59099999999999997
motiongen_1271,21.183,3.4299999999999997,1.1859999999999999,0.11799999999999999,0.58799999999999997
motiongen_1272,21.199999999999999,3.4319999999999999,1.1879999999999999,0.128,0.58499999999999996
motiongen_1273,21.216999999999999,3.4329999999999998,1.1890000000000001,0.13700000000000001,0.58199999999999996
motiongen_1274,21.233000000000001,3.4350000000000001,1.1910000000000001,0.14699999999999999,0.57999999999999996
motiongen_1275,21.25,3.4370000000000003,1.1919999999999999,0.157,0.57699999999999996
motiongen_1276,21.266999999999999,3.4379999999999997,1.194,0.16600000000000001,0.57499999999999996
motiongen_1277,21.283000000000001,3.4399999999999999,1.196,0.17599999999999999,0.57299999999999995
motiongen_1278,21.300000000000001,3.4430000000000001,1.198,0.186,0.57099999999999995
motiongen_1279,21.317,3.4450000000000003,1.2,0.19500000000000001,0.56899999999999995
motiongen_1280,21.332999999999998,3.4470000000000001,1.202,0.20499999999999999,0.56799999999999995
motiongen_1281,21.350000000000001,3.4500000000000002,1.2050000000000001,0.214,0.56599999999999995
motiongen_1282,21.367000000000001,3.452,1.2070000000000001,0.223,0.56499999999999995
motiongen_1283,21.382999999999999,3.4550000000000001,1.21,0.23300000000000001,0.56399999999999995
motiongen_1284,21.399999999999999,3.4580000000000002,1.212,0.24199999999999999,0.56299999999999994
motiongen_1285,21.417000000000002,3.4610000000000003,1.2150000000000001,0.252,0.56299999999999994
motiongen_1286,21.433,3.464,1.218,0.26100000000000001,0.56200000000000006
motiongen_1287,21.449999999999999,3.4670000000000001,1.2210000000000001,0.27000000000000002,0.56200000000000006
motiongen_1288,21.466999999999999,3.4710000000000001,1.224,0.28000000000000003,0.56200000000000006
motiongen_1289,21.483000000000001,3.4740000000000002,1.2270000000000001,0.28899999999999998,0.56200000000000006
motiongen_1290,21.5,3.4779999999999998,1.23,0.29799999999999999,0.56299999999999994
motiongen_1291,21.516999999999999,3.4809999999999999,1.2330000000000001,0.308,0.56299999999999994
motiongen_1292,21.533000000000001,3.4850000000000003,1.2370000000000001,0.317,0.56399999999999995
motiongen_1293,21.550000000000001,3.4889999999999999,1.24,0.32700000000000001,0.56499999999999995
motiongen_1294,21.567,3.4930000000000003,1.244,0.33600000000000002,0.56599999999999995
motiongen_1295,21.582999999999998,3.4969999999999999,1.248,0.34599999999999997,0.56799999999999995
motiongen_1296,21.600000000000001,3.5019999999999998,1.2509999999999999,0.35499999999999998,0.56899999999999995
motiongen_1297,21.617000000000001,3.5060000000000002,1.2549999999999999,0.36399999999999999,0.57099999999999995
motiongen_1298,21.632999999999999,3.5110000000000001,1.2589999999999999,0.374,0.57299999999999995
motiongen_1299,21.649999999999999,3.516,1.2629999999999999,0.38400000000000001,0.57499999999999996
motiongen_1300,21.667000000000002,3.5209999999999999,1.2669999999999999,0.39300000000000002,0.57699999999999996
motiongen_1301,21.683,3.5259999999999998,1.2709999999999999,0.40300000000000002,0.57999999999999996
motiongen_1302,21.699999999999999,3.5310000000000001,1.276,0.41199999999999998,0.58199999999999996
motiongen_1303,21.716999999999999,3.536,1.28,0.42199999999999999,0.58499999999999996
motiongen_1304,21.733000000000001,3.5419999999999998,1.284,0.432,0.58799999999999997
motiongen_1305,21.75,3.5469999999999997,1.2889999999999999,0.442,0.59099999999999997
motiongen_1306,21.766999999999999,3.5529999999999999,1.2929999999999999,0.45100000000000001,0.59499999999999997
motiongen_1307,21.783000000000001,3.5590000000000002,1.298,0.46100000000000002,0.59799999999999998
motiongen_1308,21.800000000000001,3.5649999999999999,1.3029999999999999,0.47099999999999997,0.60199999999999998
motiongen_1309,21.817,3.5709999999999997,1.3080000000000001,0.48099999999999998,0.60599999999999998
motiongen_1310,21.832999999999998,3.5780000000000003,1.3120000000000001,0.49199999999999999,0.60899999999999999
motiongen_1311,21.850000000000001,3.5840000000000001,1.3169999999999999,0.502,0.61299999999999999
motiongen_1312,21.867000000000001,3.5910000000000002,1.3220000000000001,0.51200000000000001,0.61799999999999999
motiongen_1313,21.882999999999999,3.5979999999999999,1.327,0.52200000000000002,0.622
motiongen_1314,21.899999999999999,3.605,1.333,0.53300000000000003,0.626
motiongen_1315,21.917000000000002,3.6120000000000001,1.3380000000000001,0.54300000000000004,0.63
motiongen_1316,21.933,3.6189999999999998,1.343,0.55300000000000005,0.63500000000000001
motiongen_1317,21.949999999999999,3.6269999999999998,1.3480000000000001,0.56399999999999995,0.63900000000000001
motiongen_1318,21.966999999999999,3.6349999999999998,1.3540000000000001,0.57499999999999996,0.64400000000000002
motiongen_1319,21.983000000000001,3.6429999999999998,1.359,0.58499999999999996,0.64900000000000002
motiongen_1320,22,3.6509999999999998,1.365,0.59599999999999997,0.65300000000000002
motiongen_1321,22.016999999999999,3.6589999999999998,1.3700000000000001,0.60699999999999998,0.65800000000000003
motiongen_1322,22.033000000000001,3.6669999999999998,1.3759999999999999,0.61799999999999999,0.66300000000000003
motiongen_1323,22.050000000000001,3.6760000000000002,1.381,0.629,0.66700000000000004
motiongen_1324,22.067,3.6850000000000001,1.387,0.64000000000000001,0.67200000000000004
motiongen_1325,22.082999999999998,3.694,1.393,0.65100000000000002,0.67600000000000005
motiongen_1326,22.100000000000001,3.7030000000000003,1.3979999999999999,0.66300000000000003,0.68100000000000005
motiongen_1327,22.117000000000001,3.7119999999999997,1.4039999999999999,0.67400000000000004,0.68500000000000005
motiongen_1328,22.132999999999999,3.722,1.4099999999999999,0.68600000000000005,0.68899999999999995
motiongen_1329,22.149999999999999,3.7320000000000002,1.4159999999999999,0.69699999999999995,0.69399999999999995
motiongen_1330,22.167000000000002,3.742,1.4219999999999999,0.70899999999999996,0.69699999999999995
motiongen_1331,22.183,3.7519999999999998,1.4279999999999999,0.71999999999999997,0.70099999999999996
motiongen_1332,22.199999999999999,3.762,1.4339999999999999,0.73199999999999998,0.70399999999999996
motiongen_1333,22.216999999999999,3.7730000000000001,1.4399999999999999,0.74399999999999999,0.70699999999999996
motiongen_1334,22.233000000000001,3.7839999999999998,1.446,0.755,0.70999999999999996
motiongen_1335,22.25,3.7949999999999999,1.452,0.76700000000000002,0.71299999999999997
motiongen_1336,22.266999999999999,3.806,1.458,0.77900000000000003,0.71499999999999997
motiongen_1337,22.283000000000001,3.8180000000000001,1.464,0.79100000000000004,0.71599999999999997
motiongen_1338,22.300000000000001,3.8300000000000001,1.47,0.80300000000000005,0.71799999999999997
motiongen_1339,22.317,3.8420000000000001,1.476,0.81499999999999995,0.71799999999999997
motiongen_1340,22.332999999999998,3.8540000000000001,1.482,0.82699999999999996,0.71799999999999997
motiongen_1341,22.350000000000001,3.8660000000000001,1.488,0.83899999999999997,0.71799999999999997
motiongen_1342,22.367000000000001,3.879,1.4930000000000001,0.85099999999999998,0.71699999999999997
motiongen_1343,22.382999999999999,3.8920000000000003,1.4990000000000001,0.86299999999999999,0.71499999999999997
motiongen_1344,22.399999999999999,3.9050000000000002,1.5049999999999999,0.875,0.71199999999999997
motiongen_1345,22.417000000000002,3.9180000000000001,1.5109999999999999,0.88700000000000001,0.70899999999999996
motiongen_1346,22.433,3.9319999999999999,1.5169999999999999,0.89800000000000002,0.70399999999999996
motiongen_1347,22.449999999999999,3.9459999999999997,1.5229999999999999,0.91000000000000003,0.69899999999999995
motiongen_1348,22.466999999999999,3.96,1.528,0.92200000000000004,0.69299999999999995
motiongen_1349,22.483000000000001,3.9740000000000002,1.534,0.93300000000000005,0.68500000000000005
motiongen_1350,22.5,3.9889999999999999,1.54,0.94499999999999995,0.67700000000000005
motiongen_1351,22.516999999999999,4.0030000000000001,1.5449999999999999,0.95599999999999996,0.66700000000000004
motiongen_1352,22.533000000000001,4.0179999999999998,1.5509999999999999,0.96699999999999997,0.65600000000000003
motiongen_1353,22.550000000000001,4.0330000000000004,1.556,0.97799999999999998,0.64400000000000002
motiongen_1354,22.567,4.0489999999999995,1.5609999999999999,0.98899999999999999,0.63
motiongen_1355,22.582999999999998,4.0649999999999995,1.5660000000000001,0.999,0.61499999999999999
motiongen_1356,22.600000000000001,4.0800000000000001,1.571,1.01,0.59899999999999998
motiongen_1357,22.617000000000001,4.0960000000000001,1.5760000000000001,1.02,0.57999999999999996
motiongen_1358,22.632999999999999,4.1129999999999995,1.581,1.0289999999999999,0.56100000000000005
motiongen_1359,22.649999999999999,4.1289999999999996,1.5860000000000001,1.0389999999999999,0.53900000000000003
motiongen_1360,22.667000000000002,4.1459999999999999,1.5900000000000001,1.048,0.51600000000000001
motiongen_1361,22.683,4.1630000000000003,1.595,1.056,0.49099999999999999
motiongen_1362,22.699999999999999,4.1799999999999997,1.599,1.0640000000000001,0.46400000000000002
motiongen_1363,22.716999999999999,4.1970000000000001,1.603,1.0720000000000001,0.435
motiongen_1364,22.733000000000001,4.2149999999999999,1.607,1.079,0.40400000000000003
motiongen_1365,22.75,4.2320000000000002,1.611,1.0860000000000001,0.372
motiongen_1366,22.766999999999999,4.25,1.615,1.0920000000000001,0.33700000000000002
motiongen_1367,22.783000000000001,4.2679999999999998,1.6180000000000001,1.0980000000000001,0.29999999999999999
motiongen_1368,22.800000000000001,4.2859999999999996,1.621,1.103,0.26200000000000001
motiongen_1369,22.817,4.3040000000000003,1.625,1.107,0.221
motiongen_1370,22.832999999999998,4.3220000000000001,1.627,1.111,0.17799999999999999
motiongen_1371,22.850000000000001,4.3399999999999999,1.6299999999999999,1.1140000000000001,0.13400000000000001
motiongen_1372,22.867000000000001,4.359,1.633,1.1160000000000001,0.086999999999999994
motiongen_1373,22.882999999999999,4.3770000000000007,1.635,1.1180000000000001,0.039
motiongen_1374,22.899999999999999,4.3959999999999999,1.637,1.1180000000000001,-0.010999999999999999
motiongen_1375,22.917000000000002,4.4139999999999997,1.639,1.1180000000000001,-0.063
motiongen_1376,22.933,4.4329999999999998,1.641,1.117,-0.11700000000000001
motiongen_1377,22.949999999999999,4.4510000000000005,1.6419999999999999,1.115,-0.17199999999999999
motiongen_1378,22.966999999999999,4.4700000000000006,1.643,1.1120000000000001,-0.22800000000000001
motiongen_1379,22.983000000000001,4.4879999999999995,1.6439999999999999,1.1080000000000001,-0.28599999999999998
motiongen_1380,23,4.5069999999999997,1.645,1.1040000000000001,-0.34499999999999997
motiongen_1381,23.016999999999999,4.5250000000000004,1.6459999999999999,1.0980000000000001,-0.40500000000000003
motiongen_1382,23.033000000000001,4.5440000000000005,1.6459999999999999,1.091,-0.46600000000000003
motiongen_1383,23.050000000000001,4.5619999999999994,1.6459999999999999,1.083,-0.52700000000000002
motiongen_1384,23.067,4.5800000000000001,1.6459999999999999,1.075,-0.58899999999999997
motiongen_1385,23.082999999999998,4.5979999999999999,1.6459999999999999,1.0649999999999999,-0.65100000000000002
motiongen_1386,23.100000000000001,4.6159999999999997,1.6459999999999999,1.054,-0.71399999999999997
motiongen_1387,23.117000000000001,4.633,1.645,1.042,-0.77600000000000002
motiongen_1388,23.132999999999999,4.6500000000000004,1.645,1.0289999999999999,-0.83799999999999997
motiongen_1389,23.149999999999999,4.6680000000000001,1.6439999999999999,1.0149999999999999,-0.89900000000000002
motiongen_1390,23.167000000000002,4.6840000000000002,1.643,1,-0.95999999999999996
motiongen_1391,23.183,4.7010000000000005,1.641,0.98399999999999999,-1.0189999999999999
motiongen_1392,23.199999999999999,4.7170000000000005,1.6399999999999999,0.96699999999999997,-1.0780000000000001
motiongen_1393,23.216999999999999,4.7330000000000005,1.639,0.94899999999999995,-1.135
motiongen_1394,23.233000000000001,4.7490000000000006,1.637,0.93000000000000005,-1.1910000000000001
motiongen_1395,23.25,4.7650000000000006,1.635,0.91000000000000003,-1.244
motiongen_1396,23.266999999999999,4.7800000000000002,1.633,0.89000000000000001,-1.296
motiongen_1397,23.283000000000001,4.7940000000000005,1.631,0.86799999999999999,-1.3460000000000001
motiongen_1398,23.300000000000001,4.8090000000000002,1.629,0.84599999999999997,-1.393
motiongen_1399,23.317,4.8230000000000004,1.627,0.82199999999999995,-1.4379999999999999
motiongen_1400,23.332999999999998,4.8360000000000003,1.625,0.79800000000000004,-1.4810000000000001
motiongen_1401,23.350000000000001,4.8490000000000002,1.623,0.77400000000000002,-1.5209999999999999
motiongen_1402,23.367000000000001,4.8620000000000001,1.621,0.748,-1.5580000000000001
motiongen_1403,23.382999999999999,4.8740000000000006,1.619,0.72199999999999998,-1.5920000000000001
motiongen_1404,23.399999999999999,4.8860000000000001,1.6160000000000001,0.69599999999999995,-1.6240000000000001
motiongen_1405,23.417000000000002,4.8970000000000002,1.6140000000000001,0.66900000000000004,-1.6519999999999999
motiongen_1406,23.433,4.9079999999999995,1.6120000000000001,0.64100000000000001,-1.6779999999999999
motiongen_1407,23.449999999999999,4.9190000000000005,1.6100000000000001,0.61299999999999999,-1.7
motiongen_1408,23.466999999999999,4.9290000000000003,1.607,0.58499999999999996,-1.72
motiongen_1409,23.483000000000001,4.9380000000000006,1.605,0.55600000000000005,-1.7370000000000001
motiongen_1410,23.5,4.9470000000000001,1.603,0.52700000000000002,-1.7509999999999999
motiongen_1411,23.516999999999999,4.9559999999999995,1.601,0.498,-1.762
motiongen_1412,23.533000000000001,4.9640000000000004,1.599,0.46899999999999997,-1.77
motiongen_1413,23.550000000000001,4.9719999999999995,1.597,0.439,-1.7749999999999999
motiongen_1414,23.567,4.9790000000000001,1.595,0.40999999999999998,-1.778
motiongen_1415,23.582999999999998,4.9849999999999994,1.5940000000000001,0.38,-1.7789999999999999
motiongen_1416,23.600000000000001,4.9909999999999997,1.5920000000000001,0.34999999999999998,-1.7769999999999999
motiongen_1417,23.617000000000001,4.9969999999999999,1.591,0.32100000000000001,-1.772
motiongen_1418,23.632999999999999,5.0020000000000007,1.589,0.29099999999999998,-1.7649999999999999
motiongen_1419,23.649999999999999,5.0069999999999997,1.5880000000000001,0.26200000000000001,-1.7569999999999999
motiongen_1420,23.667000000000002,5.0110000000000001,1.587,0.23300000000000001,-1.746
motiongen_1421,23.683,5.0150000000000006,1.5860000000000001,0.20300000000000001,-1.7330000000000001
motiongen_1422,23.699999999999999,5.0180000000000007,1.585,0.17499999999999999,-1.7190000000000001
motiongen_1423,23.716999999999999,5.0209999999999999,1.5840000000000001,0.14599999999999999,-1.7030000000000001
motiongen_1424,23.733000000000001,5.0229999999999997,1.583,0.11799999999999999,-1.6850000000000001
motiongen_1425,23.75,5.0250000000000004,1.583,0.088999999999999996,-1.6659999999999999
motiongen_1426,23.766999999999999,5.0270000000000001,1.583,0.062,-1.6459999999999999
motiongen_1427,23.783000000000001,5.0280000000000005,1.5820000000000001,0.034000000000000002,-1.6240000000000001
motiongen_1428,23.800000000000001,5.0280000000000005,1.5820000000000001,0.0070000000000000001,0.73799999999999999
motiongen_1429,23.817,5.0280000000000005,1.5820000000000001,0.019,1.5780000000000001
motiongen_1430,23.832999999999998,5.0280000000000005,1.5820000000000001,0.045999999999999999,1.554
motiongen_1431,23.850000000000001,5.0270000000000001,1.5820000000000001,0.071999999999999995,1.5289999999999999
motiongen_1432,23.867000000000001,5.0259999999999998,1.583,0.097000000000000003,1.5029999999999999
motiongen_1433,23.882999999999999,5.024,1.583,0.122,1.4770000000000001
motiongen_1434,23.899999999999999,5.0220000000000002,1.5840000000000001,0.14699999999999999,1.45
motiongen_1435,23.917000000000002,5.0199999999999996,1.5840000000000001,0.17100000000000001,1.423
motiongen_1436,23.933,5.0169999999999995,1.585,0.19500000000000001,1.395
motiongen_1437,23.949999999999999,5.0140000000000002,1.5860000000000001,0.218,1.3680000000000001
motiongen_1438,23.966999999999999,5.0110000000000001,1.587,0.24099999999999999,1.3400000000000001
motiongen_1439,23.983000000000001,5.0069999999999997,1.5880000000000001,0.26300000000000001,1.3120000000000001
motiongen_1440,24,5.0030000000000001,1.589,0.28499999999999998,1.2829999999999999
motiongen_1441,24.016999999999999,4.9980000000000002,1.5900000000000001,0.30599999999999999,1.2549999999999999
motiongen_1442,24.033000000000001,4.9930000000000003,1.5920000000000001,0.32700000000000001,1.2270000000000001
motiongen_1443,24.050000000000001,4.9879999999999995,1.593,0.34799999999999998,1.1990000000000001
motiongen_1444,24.067,4.9820000000000002,1.595,0.36799999999999999,1.171
motiongen_1445,24.082999999999998,4.976,1.5960000000000001,0.38700000000000001,1.143
motiongen_1446,24.100000000000001,4.9700000000000006,1.5980000000000001,0.40600000000000003,1.1160000000000001
motiongen_1447,24.117000000000001,4.9630000000000001,1.599,0.42499999999999999,1.0880000000000001
motiongen_1448,24.132999999999999,4.9569999999999999,1.601,0.443,1.0609999999999999
motiongen_1449,24.149999999999999,4.9489999999999998,1.603,0.46100000000000002,1.034
motiongen_1450,24.167000000000002,4.9420000000000002,1.6040000000000001,0.47799999999999998,1.008
motiongen_1451,24.183,4.9340000000000002,1.6060000000000001,0.495,0.98099999999999998
motiongen_1452,24.199999999999999,4.9260000000000002,1.6080000000000001,0.51100000000000001,0.95499999999999996
motiongen_1453,24.216999999999999,4.9180000000000001,1.6100000000000001,0.52700000000000002,0.92900000000000005
motiongen_1454,24.233000000000001,4.9090000000000007,1.6120000000000001,0.54200000000000004,0.90400000000000003
motiongen_1455,24.25,4.9000000000000004,1.613,0.55800000000000005,0.879
motiongen_1456,24.266999999999999,4.891,1.615,0.57199999999999995,0.85399999999999998
motiongen_1457,24.283000000000001,4.8819999999999997,1.617,0.58599999999999997,0.82999999999999996
motiongen_1458,24.300000000000001,4.8719999999999999,1.619,0.59999999999999998,0.80600000000000005
motiongen_1459,24.317,4.8620000000000001,1.621,0.61399999999999999,0.78300000000000003
motiongen_1460,24.332999999999998,4.8520000000000003,1.6220000000000001,0.627,0.75900000000000001
motiongen_1461,24.350000000000001,4.8420000000000005,1.6240000000000001,0.63900000000000001,0.73699999999999999
motiongen_1462,24.367000000000001,4.8319999999999999,1.6259999999999999,0.65200000000000002,0.71399999999999997
motiongen_1463,24.382999999999999,4.8209999999999997,1.6279999999999999,0.66400000000000003,0.69199999999999995
motiongen_1464,24.399999999999999,4.8100000000000005,1.629,0.67500000000000004,0.67000000000000004
motiongen_1465,24.417000000000002,4.7989999999999995,1.631,0.68600000000000005,0.64900000000000002
motiongen_1466,24.433,4.7869999999999999,1.6319999999999999,0.69699999999999995,0.628
motiongen_1467,24.449999999999999,4.7759999999999998,1.6339999999999999,0.70799999999999996,0.60699999999999998
motiongen_1468,24.466999999999999,4.7640000000000002,1.635,0.71799999999999997,0.58699999999999997
motiongen_1469,24.483000000000001,4.7520000000000007,1.637,0.72699999999999998,0.56699999999999995
motiongen_1470,24.5,4.7400000000000002,1.6379999999999999,0.73699999999999999,0.54700000000000004
motiongen_1471,24.516999999999999,4.7279999999999998,1.639,0.746,0.52800000000000002
motiongen_1472,24.533000000000001,4.7160000000000002,1.6399999999999999,0.755,0.50900000000000001
motiongen_1473,24.550000000000001,4.7029999999999994,1.641,0.76300000000000001,0.48999999999999999
motiongen_1474,24.567,4.6899999999999995,1.6419999999999999,0.77100000000000002,0.47099999999999997
motiongen_1475,24.582999999999998,4.6779999999999999,1.643,0.77900000000000003,0.45300000000000001
motiongen_1476,24.600000000000001,4.665,1.6439999999999999,0.78700000000000003,0.435
motiongen_1477,24.617000000000001,4.6520000000000001,1.645,0.79400000000000004,0.41799999999999998
motiongen_1478,24.632999999999999,4.6379999999999999,1.645,0.80100000000000005,0.40000000000000002
motiongen_1479,24.649999999999999,4.625,1.6459999999999999,0.80800000000000005,0.38300000000000001
motiongen_1480,24.667000000000002,4.6110000000000007,1.6459999999999999,0.81399999999999995,0.36599999999999999
motiongen_1481,24.683,4.5979999999999999,1.6459999999999999,0.81999999999999995,0.34999999999999998
motiongen_1482,24.699999999999999,4.5839999999999996,1.6459999999999999,0.82599999999999996,0.33300000000000002
motiongen_1483,24.716999999999999,4.5700000000000003,1.6459999999999999,0.83199999999999996,0.317
motiongen_1484,24.733000000000001,4.5570000000000004,1.6459999999999999,0.83699999999999997,0.30099999999999999
motiongen_1485,24.75,4.5430000000000001,1.6459999999999999,0.84199999999999997,0.28499999999999998
motiongen_1486,24.766999999999999,4.5289999999999999,1.6459999999999999,0.84699999999999998,0.27000000000000002
motiongen_1487,24.783000000000001,4.5150000000000006,1.645,0.85099999999999998,0.254
motiongen_1488,24.800000000000001,4.5,1.645,0.85499999999999998,0.23899999999999999
motiongen_1489,24.817,4.4860000000000007,1.6439999999999999,0.85899999999999999,0.224
motiongen_1490,24.832999999999998,4.4719999999999995,1.643,0.86299999999999999,0.20899999999999999
motiongen_1491,24.850000000000001,4.4569999999999999,1.643,0.86699999999999999,0.19400000000000001
motiongen_1492,24.867000000000001,4.4429999999999996,1.641,0.87,0.17999999999999999
motiongen_1493,24.882999999999999,4.4290000000000003,1.6399999999999999,0.873,0.16500000000000001
motiongen_1494,24.899999999999999,4.4139999999999997,1.639,0.876,0.151
motiongen_1495,24.917000000000002,4.4000000000000004,1.637,0.878,0.13600000000000001
motiongen_1496,24.933,4.3849999999999998,1.6359999999999999,0.88,0.122
motiongen_1497,24.949999999999999,4.3700000000000001,1.6339999999999999,0.88200000000000001,0.108
motiongen_1498,24.966999999999999,4.3559999999999999,1.6319999999999999,0.88400000000000001,0.094
motiongen_1499,24.983000000000001,4.3410000000000002,1.6299999999999999,0.88600000000000001,0.080000000000000002
motiongen_1500,25,4.327,1.6279999999999999,0.88700000000000001,0.066000000000000003
motiongen_1501,25.016999999999999,4.3119999999999994,1.6259999999999999,0.88800000000000001,0.052999999999999999
motiongen_1502,25.033000000000001,4.2970000000000006,1.623,0.88900000000000001,0.039
motiongen_1503,25.050000000000001,4.2830000000000004,1.621,0.89000000000000001,0.025000000000000001
motiongen_1504,25.067,4.2679999999999998,1.6180000000000001,0.89000000000000001,0.012
motiongen_1505,25.082999999999998,4.2539999999999996,1.615,0.89000000000000001,-0.002
motiongen_1506,25.100000000000001,4.2389999999999999,1.613,0.89000000000000001,-0.014999999999999999
motiongen_1507,25.117000000000001,4.2249999999999996,1.609,0.89000000000000001,-0.029000000000000001
motiongen_1508,25.132999999999999,4.21,1.6060000000000001,0.89000000000000001,-0.042000000000000003
motiongen_1509,25.149999999999999,4.1959999999999997,1.603,0.88900000000000001,-0.055
motiongen_1510,25.167000000000002,4.181,1.599,0.88800000000000001,-0.069000000000000006
motiongen_1511,25.183,4.1669999999999998,1.5960000000000001,0.88700000000000001,-0.082000000000000003
motiongen_1512,25.199999999999999,4.1530000000000005,1.5920000000000001,0.88600000000000001,-0.095000000000000001
motiongen_1513,25.216999999999999,4.1379999999999999,1.5880000000000001,0.88400000000000001,-0.108
motiongen_1514,25.233000000000001,4.1240000000000006,1.5840000000000001,0.88200000000000001,-0.122
motiongen_1515,25.25,4.1100000000000003,1.5800000000000001,0.88,-0.13500000000000001
motiongen_1516,25.266999999999999,4.0960000000000001,1.5760000000000001,0.878,-0.14799999999999999
motiongen_1517,25.283000000000001,4.0819999999999999,1.5720000000000001,0.875,-0.161
motiongen_1518,25.300000000000001,4.0679999999999996,1.5669999999999999,0.873,-0.17499999999999999
motiongen_1519,25.317,4.0540000000000003,1.5629999999999999,0.87,-0.188
motiongen_1520,25.332999999999998,4.0410000000000004,1.5580000000000001,0.86699999999999999,-0.20100000000000001
motiongen_1521,25.350000000000001,4.0270000000000001,1.554,0.86299999999999999,-0.214
motiongen_1522,25.367000000000001,4.0129999999999999,1.5489999999999999,0.85999999999999999,-0.22800000000000001
motiongen_1523,25.382999999999999,4,1.544,0.85599999999999998,-0.24099999999999999
motiongen_1524,25.399999999999999,3.9859999999999998,1.5389999999999999,0.85199999999999998,-0.254
motiongen_1525,25.417000000000002,3.9729999999999999,1.534,0.84799999999999998,-0.26700000000000002
motiongen_1526,25.433,3.96,1.5289999999999999,0.84299999999999997,-0.28000000000000003
motiongen_1527,25.449999999999999,3.9470000000000001,1.5229999999999999,0.83899999999999997,-0.29399999999999998
motiongen_1528,25.466999999999999,3.9340000000000002,1.518,0.83399999999999996,-0.307
motiongen_1529,25.483000000000001,3.9210000000000003,1.512,0.82899999999999996,-0.32000000000000001
motiongen_1530,25.5,3.9089999999999998,1.5069999999999999,0.82299999999999995,-0.33300000000000002
motiongen_1531,25.516999999999999,3.8959999999999999,1.5009999999999999,0.81799999999999995,-0.34599999999999997
motiongen_1532,25.533000000000001,3.8840000000000003,1.496,0.81200000000000006,-0.35899999999999999
motiongen_1533,25.550000000000001,3.8719999999999999,1.49,0.80600000000000005,-0.372
motiongen_1534,25.567,3.859,1.484,0.80000000000000004,-0.38500000000000001
motiongen_1535,25.582999999999998,3.847,1.478,0.79300000000000004,-0.39800000000000002
motiongen_1536,25.600000000000001,3.8360000000000003,1.4730000000000001,0.78700000000000003,-0.41099999999999998
motiongen_1537,25.617000000000001,3.8239999999999998,1.4670000000000001,0.78000000000000003,-0.42299999999999999
motiongen_1538,25.632999999999999,3.8120000000000003,1.4610000000000001,0.77300000000000002,-0.436
motiongen_1539,25.649999999999999,3.8010000000000002,1.4550000000000001,0.76500000000000001,-0.44900000000000001
motiongen_1540,25.667000000000002,3.79,1.4490000000000001,0.75800000000000001,-0.46100000000000002
motiongen_1541,25.683,3.7789999999999999,1.4430000000000001,0.75,-0.47299999999999998
motiongen_1542,25.699999999999999,3.7679999999999998,1.4370000000000001,0.74199999999999999,-0.48599999999999999
motiongen_1543,25.716999999999999,3.7570000000000001,1.431,0.73399999999999999,-0.498
motiongen_1544,25.733000000000001,3.746,1.4239999999999999,0.72599999999999998,-0.50900000000000001
motiongen_1545,25.75,3.7359999999999998,1.4179999999999999,0.71799999999999997,-0.52100000000000002
motiongen_1546,25.766999999999999,3.7250000000000001,1.4119999999999999,0.70899999999999996,-0.53300000000000003
motiongen_1547,25.783000000000001,3.7149999999999999,1.4059999999999999,0.69999999999999996,-0.54400000000000004
motiongen_1548,25.800000000000001,3.7050000000000001,1.3999999999999999,0.69099999999999995,-0.55500000000000005
motiongen_1549,25.817,3.6959999999999997,1.3939999999999999,0.68200000000000005,-0.56599999999999995
motiongen_1550,25.832999999999998,3.6859999999999999,1.3879999999999999,0.67200000000000004,-0.57699999999999996
motiongen_1551,25.850000000000001,3.677,1.3819999999999999,0.66300000000000003,-0.58699999999999997
motiongen_1552,25.867000000000001,3.6669999999999998,1.3759999999999999,0.65300000000000002,-0.59699999999999998
motiongen_1553,25.882999999999999,3.6580000000000004,1.3700000000000001,0.64300000000000002,-0.60699999999999998
motiongen_1554,25.899999999999999,3.649,1.3640000000000001,0.63300000000000001,-0.61699999999999999
motiongen_1555,25.917000000000002,3.641,1.3580000000000001,0.623,-0.626
motiongen_1556,25.933,3.6320000000000001,1.3520000000000001,0.61199999999999999,-0.63500000000000001
motiongen_1557,25.949999999999999,3.6240000000000001,1.3460000000000001,0.60099999999999998,-0.64400000000000002
motiongen_1558,25.966999999999999,3.6160000000000001,1.3400000000000001,0.59099999999999997,-0.65200000000000002
motiongen_1559,25.983000000000001,3.6080000000000001,1.335,0.57999999999999996,-0.66000000000000003
motiongen_1560,26,3.6000000000000001,1.329,0.56899999999999995,-0.66700000000000004
motiongen_1561,26.016999999999999,3.5920000000000001,1.323,0.55800000000000005,-0.67500000000000004
motiongen_1562,26.033000000000001,3.585,1.3180000000000001,0.54700000000000004,-0.68200000000000005
motiongen_1563,26.050000000000001,3.577,1.3120000000000001,0.53500000000000003,-0.68799999999999994
motiongen_1564,26.067,3.5700000000000003,1.3069999999999999,0.52400000000000002,-0.69399999999999995
motiongen_1565,26.082999999999998,3.5629999999999997,1.3009999999999999,0.51200000000000001,-0.69999999999999996
motiongen_1566,26.100000000000001,3.5569999999999999,1.296,0.5,-0.70499999999999996
motiongen_1567,26.117000000000001,3.5499999999999998,1.2909999999999999,0.48899999999999999,-0.70999999999999996
motiongen_1568,26.132999999999999,3.544,1.286,0.47699999999999998,-0.71399999999999997
motiongen_1569,26.149999999999999,3.5380000000000003,1.2809999999999999,0.46500000000000002,-0.71799999999999997
motiongen_1570,26.167000000000002,3.532,1.276,0.45300000000000001,-0.72199999999999998
motiongen_1571,26.183,3.5259999999999998,1.2709999999999999,0.441,-0.72499999999999998
motiongen_1572,26.199999999999999,3.52,1.2669999999999999,0.42899999999999999,-0.72799999999999998
motiongen_1573,26.216999999999999,3.5150000000000001,1.262,0.41699999999999998,-0.72999999999999998
motiongen_1574,26.233000000000001,3.5090000000000003,1.258,0.40500000000000003,-0.73199999999999998
motiongen_1575,26.25,3.504,1.2529999999999999,0.39200000000000002,-0.73299999999999998
motiongen_1576,26.266999999999999,3.4990000000000001,1.2490000000000001,0.38,-0.73399999999999999
motiongen_1577,26.283000000000001,3.4939999999999998,1.2450000000000001,0.36799999999999999,-0.73499999999999999
motiongen_1578,26.300000000000001,3.4900000000000002,1.2410000000000001,0.35599999999999998,-0.73499999999999999
motiongen_1579,26.317,3.4850000000000003,1.2370000000000001,0.34300000000000003,-0.73499999999999999
motiongen_1580,26.332999999999998,3.4809999999999999,1.2330000000000001,0.33100000000000002,-0.73499999999999999
motiongen_1581,26.350000000000001,3.4770000000000003,1.2290000000000001,0.31900000000000001,-0.73399999999999999
motiongen_1582,26.367000000000001,3.4729999999999999,1.226,0.307,-0.73299999999999998
motiongen_1583,26.382999999999999,3.4690000000000003,1.2230000000000001,0.29499999999999998,-0.73199999999999998
motiongen_1584,26.399999999999999,3.4649999999999999,1.2190000000000001,0.28199999999999997,-0.72999999999999998
motiongen_1585,26.417000000000002,3.4619999999999997,1.216,0.27000000000000002,-0.72799999999999998
motiongen_1586,26.433,3.4590000000000001,1.2130000000000001,0.25800000000000001,-0.72599999999999998
motiongen_1587,26.449999999999999,3.4550000000000001,1.21,0.246,-0.72299999999999998
motiongen_1588,26.466999999999999,3.452,1.2070000000000001,0.23400000000000001,-0.71999999999999997
motiongen_1589,26.483000000000001,3.4500000000000002,1.2050000000000001,0.222,-0.71699999999999997
motiongen_1590,26.5,3.4470000000000001,1.202,0.20999999999999999,-0.71399999999999997
motiongen_1591,26.516999999999999,3.444,1.2,0.19800000000000001,-0.70999999999999996
motiongen_1592,26.533000000000001,3.4420000000000002,1.1970000000000001,0.186,-0.70699999999999996
motiongen_1593,26.550000000000001,3.4399999999999999,1.1950000000000001,0.17399999999999999,-0.70299999999999996
motiongen_1594,26.567,3.4379999999999997,1.1930000000000001,0.16300000000000001,-0.69899999999999995
motiongen_1595,26.582999999999998,3.4359999999999999,1.1910000000000001,0.151,-0.69499999999999995
motiongen_1596,26.600000000000001,3.4340000000000002,1.1899999999999999,0.13900000000000001,-0.68999999999999995
motiongen_1597,26.617000000000001,3.4319999999999999,1.1879999999999999,0.128,-0.68600000000000005
motiongen_1598,26.632999999999999,3.431,1.1870000000000001,0.11700000000000001,-0.68200000000000005
motiongen_1599,26.649999999999999,3.4290000000000003,1.1850000000000001,0.105,-0.67700000000000005
motiongen_1600,26.667000000000002,3.4279999999999999,1.1839999999999999,0.094,-0.67200000000000004
motiongen_1601,26.683,3.427,1.1830000000000001,0.083000000000000004,-0.66800000000000004
motiongen_1602,26.699999999999999,3.4260000000000002,1.1819999999999999,0.071999999999999995,-0.66300000000000003
motiongen_1603,26.716999999999999,3.4249999999999998,1.181,0.059999999999999998,-0.65800000000000003
motiongen_1604,26.733000000000001,3.4239999999999999,1.181,0.049000000000000002,-0.65400000000000003
motiongen_1605,26.75,3.4239999999999999,1.1799999999999999,0.039,-0.64900000000000002
motiongen_1606,26.766999999999999,3.423,1.179,0.028000000000000001,-0.64500000000000002
motiongen_1607,26.783000000000001,3.423,1.179,0.017000000000000001,-0.64000000000000001
motiongen_1608,26.800000000000001,3.423,1.179,0.0060000000000000001,-0.129
motiongen_1609,26.817,3.423,1.179,0.0040000000000000001,0.63100000000000001
motiongen_1610,26.832999999999998,3.423,1.179,0.014999999999999999,0.627
motiongen_1611,26.850000000000001,3.423,1.179,0.025000000000000001,0.622
motiongen_1612,26.867000000000001,3.423,1.179,0.035999999999999997,0.61799999999999999
motiongen_1613,26.882999999999999,3.4239999999999999,1.1799999999999999,0.045999999999999999,0.61399999999999999
motiongen_1614,26.899999999999999,3.4239999999999999,1.1799999999999999,0.056000000000000001,0.60999999999999999
motiongen_1615,26.917000000000002,3.4249999999999998,1.181,0.066000000000000003,0.60599999999999998
motiongen_1616,26.933,3.4260000000000002,1.1819999999999999,0.075999999999999998,0.60199999999999998
motiongen_1617,26.949999999999999,3.4260000000000002,1.1830000000000001,0.085999999999999993,0.59899999999999998
motiongen_1618,26.966999999999999,3.427,1.1839999999999999,0.096000000000000002,0.59499999999999997
motiongen_1619,26.983000000000001,3.4290000000000003,1.1850000000000001,0.106,0.59199999999999997
motiongen_1620,27,3.4299999999999997,1.1859999999999999,0.11600000000000001,0.58899999999999997
motiongen_1621,27.016999999999999,3.431,1.1870000000000001,0.126,0.58599999999999997
motiongen_1622,27.033000000000001,3.4329999999999998,1.1890000000000001,0.13600000000000001,0.58299999999999996
motiongen_1623,27.050000000000001,3.4340000000000002,1.1899999999999999,0.14499999999999999,0.57999999999999996
motiongen_1624,27.067,3.4359999999999999,1.1919999999999999,0.155,0.57799999999999996
motiongen_1625,27.082999999999998,3.4379999999999997,1.194,0.16500000000000001,0.57499999999999996
motiongen_1626,27.100000000000001,3.4399999999999999,1.196,0.17399999999999999,0.57299999999999995
motiongen_1627,27.117000000000001,3.4420000000000002,1.198,0.184,0.57099999999999995
motiongen_1628,27.132999999999999,3.444,1.2,0.193,0.56899999999999995
motiongen_1629,27.149999999999999,3.4470000000000001,1.202,0.20300000000000001,0.56799999999999995
motiongen_1630,27.167000000000002,3.4489999999999998,1.204,0.21199999999999999,0.56599999999999995
motiongen_1631,27.183,3.452,1.2070000000000001,0.222,0.56499999999999995
motiongen_1632,27.199999999999999,3.4550000000000001,1.2090000000000001,0.23100000000000001,0.56399999999999995
motiongen_1633,27.216999999999999,3.4569999999999999,1.212,0.24099999999999999,0.56299999999999994
motiongen_1634,27.233000000000001,3.46,1.2150000000000001,0.25,0.56299999999999994
motiongen_1635,27.25,3.4630000000000001,1.2170000000000001,0.25900000000000001,0.56200000000000006
motiongen_1636,27.266999999999999,3.4670000000000001,1.22,0.26900000000000002,0.56200000000000006
motiongen_1637,27.283000000000001,3.4699999999999998,1.2230000000000001,0.27800000000000002,0.56200000000000006
motiongen_1638,27.300000000000001,3.4729999999999999,1.226,0.28699999999999998,0.56200000000000006
motiongen_1639,27.317,3.4770000000000003,1.23,0.29699999999999999,0.56299999999999994
motiongen_1640,27.332999999999998,3.4809999999999999,1.2330000000000001,0.30599999999999999,0.56299999999999994
motiongen_1641,27.350000000000001,3.484,1.236,0.316,0.56399999999999995
motiongen_1642,27.367000000000001,3.488,1.24,0.32500000000000001,0.56499999999999995
motiongen_1643,27.382999999999999,3.4930000000000003,1.2430000000000001,0.33400000000000002,0.56599999999999995
motiongen_1644,27.399999999999999,3.4969999999999999,1.2470000000000001,0.34399999999999997,0.56699999999999995
motiongen_1645,27.417000000000002,3.5010000000000003,1.2509999999999999,0.35299999999999998,0.56899999999999995
motiongen_1646,27.433,3.5060000000000002,1.254,0.36299999999999999,0.57099999999999995
motiongen_1647,27.449999999999999,3.5099999999999998,1.258,0.372,0.57299999999999995
motiongen_1648,27.466999999999999,3.5150000000000001,1.262,0.38200000000000001,0.57499999999999996
motiongen_1649,27.483000000000001,3.52,1.266,0.39100000000000001,0.57699999999999996
motiongen_1650,27.5,3.5250000000000004,1.2709999999999999,0.40100000000000002,0.57899999999999996
motiongen_1651,27.516999999999999,3.5300000000000002,1.2749999999999999,0.41099999999999998,0.58199999999999996
motiongen_1652,27.533000000000001,3.5350000000000001,1.2789999999999999,0.41999999999999998,0.58499999999999996
motiongen_1653,27.550000000000001,3.5409999999999999,1.284,0.42999999999999999,0.58799999999999997
motiongen_1654,27.567,3.5460000000000003,1.288,0.44,0.59099999999999997
motiongen_1655,27.582999999999998,3.552,1.2929999999999999,0.45000000000000001,0.59399999999999997
motiongen_1656,27.600000000000001,3.5579999999999998,1.2969999999999999,0.46000000000000002,0.59799999999999998
motiongen_1657,27.617000000000001,3.5640000000000001,1.302,0.46999999999999997,0.60099999999999998
motiongen_1658,27.632999999999999,3.5700000000000003,1.3069999999999999,0.47999999999999998,0.60499999999999998
motiongen_1659,27.649999999999999,3.577,1.3120000000000001,0.48999999999999999,0.60899999999999999
motiongen_1660,27.667000000000002,3.5830000000000002,1.3160000000000001,0.5,0.61299999999999999
motiongen_1661,27.683,3.5899999999999999,1.321,0.51000000000000001,0.61699999999999999
motiongen_1662,27.699999999999999,3.597,1.327,0.52000000000000002,0.621
motiongen_1663,27.716999999999999,3.6040000000000001,1.3320000000000001,0.53100000000000003,0.625
motiongen_1664,27.733000000000001,3.6109999999999998,1.337,0.54100000000000004,0.63
motiongen_1665,27.75,3.6180000000000003,1.3420000000000001,0.55200000000000005,0.63400000000000001
motiongen_1666,27.766999999999999,3.6260000000000003,1.347,0.56200000000000006,0.63900000000000001
motiongen_1667,27.783000000000001,3.633,1.353,0.57299999999999995,0.64300000000000002
motiongen_1668,27.800000000000001,3.641,1.3580000000000001,0.58399999999999996,0.64800000000000002
motiongen_1669,27.817,3.649,1.3640000000000001,0.59399999999999997,0.65300000000000002
motiongen_1670,27.832999999999998,3.657,1.369,0.60499999999999998,0.65700000000000003
motiongen_1671,27.850000000000001,3.6659999999999999,1.375,0.61599999999999999,0.66200000000000003
motiongen_1672,27.867000000000001,3.6739999999999999,1.3799999999999999,0.627,0.66700000000000004
motiongen_1673,27.882999999999999,3.6829999999999998,1.3859999999999999,0.63800000000000001,0.67100000000000004
motiongen_1674,27.899999999999999,3.6920000000000002,1.3919999999999999,0.65000000000000002,0.67600000000000005
motiongen_1675,27.917000000000002,3.7010000000000001,1.397,0.66100000000000003,0.68000000000000005
motiongen_1676,27.933,3.7110000000000003,1.403,0.67200000000000004,0.68500000000000005
motiongen_1677,27.949999999999999,3.7199999999999998,1.409,0.68400000000000005,0.68899999999999995
motiongen_1678,27.966999999999999,3.73,1.415,0.69499999999999995,0.69299999999999995
motiongen_1679,27.983000000000001,3.7400000000000002,1.421,0.70699999999999996,0.69699999999999995
motiongen_1680,28,3.75,1.427,0.71799999999999997,0.69999999999999996
motiongen_1681,28.016999999999999,3.7610000000000001,1.4330000000000001,0.72999999999999998,0.70399999999999996
motiongen_1682,28.033000000000001,3.7709999999999999,1.4390000000000001,0.74199999999999999,0.70699999999999996
motiongen_1683,28.050000000000001,3.782,1.4450000000000001,0.753,0.70999999999999996
motiongen_1684,28.067,3.7930000000000001,1.4510000000000001,0.76500000000000001,0.71199999999999997
motiongen_1685,28.082999999999998,3.8040000000000003,1.4570000000000001,0.77700000000000002,0.71399999999999997
motiongen_1686,28.100000000000001,3.8159999999999998,1.4630000000000001,0.78900000000000003,0.71599999999999997
motiongen_1687,28.117000000000001,3.8280000000000003,1.4690000000000001,0.80100000000000005,0.71699999999999997
motiongen_1688,28.132999999999999,3.839,1.4750000000000001,0.81299999999999994,0.71799999999999997
motiongen_1689,28.149999999999999,3.8520000000000003,1.4810000000000001,0.82499999999999996,0.71799999999999997
motiongen_1690,28.167000000000002,3.8639999999999999,1.4870000000000001,0.83699999999999997,0.71799999999999997
motiongen_1691,28.183,3.8769999999999998,1.492,0.84899999999999998,0.71699999999999997
motiongen_1692,28.199999999999999,3.8890000000000002,1.498,0.86099999999999999,0.71499999999999997
motiongen_1693,28.216999999999999,3.903,1.504,0.873,0.71299999999999997
motiongen_1694,28.233000000000001,3.9159999999999999,1.51,0.88500000000000001,0.70899999999999996
motiongen_1695,28.25,3.9290000000000003,1.516,0.89600000000000002,0.70499999999999996
motiongen_1696,28.266999999999999,3.9430000000000001,1.522,0.90800000000000003,0.69999999999999996
motiongen_1697,28.283000000000001,3.9569999999999999,1.5269999999999999,0.92000000000000004,0.69399999999999995
motiongen_1698,28.300000000000001,3.9710000000000001,1.5329999999999999,0.93100000000000005,0.68700000000000006
motiongen_1699,28.317,3.9859999999999998,1.5389999999999999,0.94299999999999995,0.67800000000000005
motiongen_1700,28.332999999999998,4.0010000000000003,1.544,0.95399999999999996,0.66900000000000004
motiongen_1701,28.350000000000001,4.016,1.55,0.96499999999999997,0.65800000000000003
motiongen_1702,28.367000000000001,4.0310000000000006,1.5549999999999999,0.97599999999999998,0.64600000000000002
motiongen_1703,28.382999999999999,4.0460000000000003,1.5600000000000001,0.98699999999999999,0.63300000000000001
motiongen_1704,28.399999999999999,4.0620000000000003,1.5649999999999999,0.997,0.61799999999999999
motiongen_1705,28.417000000000002,4.0780000000000003,1.571,1.008,0.60199999999999998
motiongen_1706,28.433,4.0940000000000003,1.575,1.018,0.58399999999999996
motiongen_1707,28.449999999999999,4.1100000000000003,1.5800000000000001,1.028,0.56399999999999995
motiongen_1708,28.466999999999999,4.1260000000000003,1.585,1.0369999999999999,0.54300000000000004
motiongen_1709,28.483000000000001,4.1429999999999998,1.5900000000000001,1.046,0.52000000000000002
motiongen_1710,28.5,4.1600000000000001,1.5940000000000001,1.0549999999999999,0.495
motiongen_1711,28.516999999999999,4.1769999999999996,1.5980000000000001,1.0629999999999999,0.46899999999999997
motiongen_1712,28.533000000000001,4.194,1.603,1.071,0.44
motiongen_1713,28.550000000000001,4.2119999999999997,1.607,1.0780000000000001,0.40999999999999998
motiongen_1714,28.567,4.2290000000000001,1.6100000000000001,1.085,0.377
motiongen_1715,28.582999999999998,4.2469999999999999,1.6140000000000001,1.091,0.34300000000000003
motiongen_1716,28.600000000000001,4.2650000000000006,1.6180000000000001,1.097,0.307
motiongen_1717,28.617000000000001,4.2830000000000004,1.621,1.1020000000000001,0.26800000000000002
motiongen_1718,28.632999999999999,4.3010000000000002,1.6240000000000001,1.1060000000000001,0.22800000000000001
motiongen_1719,28.649999999999999,4.319,1.627,1.1100000000000001,0.186
motiongen_1720,28.667000000000002,4.3369999999999997,1.6299999999999999,1.113,0.14199999999999999
motiongen_1721,28.683,4.3559999999999999,1.6319999999999999,1.1160000000000001,0.096000000000000002
motiongen_1722,28.699999999999999,4.3740000000000006,1.635,1.117,0.047
motiongen_1723,28.716999999999999,4.3930000000000007,1.637,1.1180000000000001,-0.002
motiongen_1724,28.733000000000001,4.4109999999999996,1.639,1.1180000000000001,-0.053999999999999999
motiongen_1725,28.75,4.4299999999999997,1.6399999999999999,1.117,-0.107
motiongen_1726,28.766999999999999,4.4480000000000004,1.6419999999999999,1.115,-0.16200000000000001
motiongen_1727,28.783000000000001,4.4670000000000005,1.643,1.113,-0.218
motiongen_1728,28.800000000000001,4.4849999999999994,1.6439999999999999,1.109,-0.27600000000000002
motiongen_1729,28.817,4.5039999999999996,1.645,1.1040000000000001,-0.33500000000000002
motiongen_1730,28.832999999999998,4.5220000000000002,1.6459999999999999,1.099,-0.39400000000000002
motiongen_1731,28.850000000000001,4.54,1.6459999999999999,1.0920000000000001,-0.45500000000000002
motiongen_1732,28.867000000000001,4.5590000000000002,1.6459999999999999,1.085,-0.51600000000000001
motiongen_1733,28.882999999999999,4.577,1.6459999999999999,1.0760000000000001,-0.57799999999999996
motiongen_1734,28.899999999999999,4.5950000000000006,1.6459999999999999,1.0660000000000001,-0.64100000000000001
motiongen_1735,28.917000000000002,4.6120000000000001,1.6459999999999999,1.056,-0.70299999999999996
motiongen_1736,28.933,4.6299999999999999,1.645,1.044,-0.76500000000000001
motiongen_1737,28.949999999999999,4.6470000000000002,1.645,1.0309999999999999,-0.82699999999999996
motiongen_1738,28.966999999999999,4.665,1.6439999999999999,1.018,-0.88900000000000001
motiongen_1739,28.983000000000001,4.681,1.643,1.0029999999999999,-0.94899999999999995
motiongen_1740,29,4.6980000000000004,1.6419999999999999,0.98699999999999999,-1.0089999999999999
motiongen_1741,29.016999999999999,4.7149999999999999,1.6399999999999999,0.96999999999999997,-1.0680000000000001
motiongen_1742,29.033000000000001,4.7309999999999999,1.639,0.95199999999999996,-1.125
motiongen_1743,29.050000000000001,4.7460000000000004,1.637,0.93400000000000005,-1.181
motiongen_1744,29.067,4.7620000000000005,1.6359999999999999,0.91400000000000003,-1.2350000000000001
motiongen_1745,29.082999999999998,4.7770000000000001,1.6339999999999999,0.89300000000000002,-1.2869999999999999
motiongen_1746,29.100000000000001,4.7919999999999998,1.6319999999999999,0.872,-1.337
motiongen_1747,29.117000000000001,4.806,1.6299999999999999,0.84999999999999998,-1.385
motiongen_1748,29.132999999999999,4.8200000000000003,1.6279999999999999,0.82599999999999996,-1.431
motiongen_1749,29.149999999999999,4.8339999999999996,1.6259999999999999,0.80300000000000005,-1.474
motiongen_1750,29.167000000000002,4.8469999999999995,1.623,0.77800000000000002,-1.514
motiongen_1751,29.183,4.8599999999999994,1.621,0.753,-1.552
motiongen_1752,29.199999999999999,4.8719999999999999,1.619,0.72699999999999998,-1.5860000000000001
motiongen_1753,29.216999999999999,4.8840000000000003,1.617,0.70099999999999996,-1.6180000000000001
motiongen_1754,29.233000000000001,4.8949999999999996,1.6140000000000001,0.67400000000000004,-1.647
motiongen_1755,29.25,4.9060000000000006,1.6120000000000001,0.64600000000000002,-1.6739999999999999
motiongen_1756,29.266999999999999,4.9169999999999998,1.6100000000000001,0.61799999999999999,-1.6970000000000001
motiongen_1757,29.283000000000001,4.9269999999999996,1.6080000000000001,0.58999999999999997,-1.7170000000000001
motiongen_1758,29.300000000000001,4.9369999999999994,1.6060000000000001,0.56100000000000005,-1.734
motiongen_1759,29.317,4.9459999999999997,1.6040000000000001,0.53200000000000003,-1.7490000000000001
motiongen_1760,29.332999999999998,4.9540000000000006,1.601,0.503,-1.76
motiongen_1761,29.350000000000001,4.9630000000000001,1.599,0.47399999999999998,-1.7689999999999999
motiongen_1762,29.367000000000001,4.9700000000000006,1.5980000000000001,0.44400000000000001,-1.7749999999999999
motiongen_1763,29.382999999999999,4.9770000000000003,1.5960000000000001,0.41499999999999998,-1.778
motiongen_1764,29.399999999999999,4.984,1.5940000000000001,0.38500000000000001,-1.7789999999999999
motiongen_1765,29.417000000000002,4.9900000000000002,1.5920000000000001,0.35599999999999998,-1.7769999999999999
motiongen_1766,29.433,4.9960000000000004,1.591,0.32600000000000001,-1.7729999999999999
motiongen_1767,29.449999999999999,5.0009999999999994,1.5900000000000001,0.29599999999999999,-1.7669999999999999
motiongen_1768,29.466999999999999,5.0060000000000002,1.5880000000000001,0.26700000000000002,-1.758
motiongen_1769,29.483000000000001,5.0099999999999998,1.587,0.23799999999999999,-1.748
motiongen_1770,29.5,5.0140000000000002,1.5860000000000001,0.20899999999999999,-1.7350000000000001
motiongen_1771,29.516999999999999,5.0180000000000007,1.585,0.17999999999999999,-1.7210000000000001
motiongen_1772,29.533000000000001,5.0199999999999996,1.5840000000000001,0.151,-1.706
motiongen_1773,29.550000000000001,5.0229999999999997,1.5840000000000001,0.123,-1.6879999999999999
motiongen_1774,29.567,5.0250000000000004,1.583,0.094,-1.669
motiongen_1775,29.582999999999998,5.0259999999999998,1.583,0.067000000000000004,-1.649
motiongen_1776,29.600000000000001,5.0270000000000001,1.5820000000000001,0.039,-1.6279999999999999
motiongen_1777,29.617000000000001,5.0280000000000005,1.5820000000000001,0.012,0.17499999999999999
motiongen_1778,29.632999999999999,5.0280000000000005,1.5820000000000001,0.014999999999999999,1.5820000000000001
motiongen_1779,29.649999999999999,5.0280000000000005,1.5820000000000001,0.041000000000000002,1.5580000000000001
motiongen_1780,29.667000000000002,5.0270000000000001,1.5820000000000001,0.067000000000000004,1.5329999999999999
motiongen_1781,29.683,5.0259999999999998,1.583,0.092999999999999999,1.508
motiongen_1782,29.699999999999999,5.0250000000000004,1.583,0.11799999999999999,1.4810000000000001
motiongen_1783,29.716999999999999,5.0229999999999997,1.5840000000000001,0.14299999999999999,1.4550000000000001
motiongen_1784,29.733000000000001,5.0209999999999999,1.5840000000000001,0.16700000000000001,1.4279999999999999
motiongen_1785,29.75,5.0180000000000007,1.585,0.191,1.3999999999999999
motiongen_1786,29.766999999999999,5.0150000000000006,1.5860000000000001,0.214,1.3720000000000001
motiongen_1787,29.783000000000001,5.0110000000000001,1.587,0.23699999999999999,1.345
motiongen_1788,29.800000000000001,5.008,1.5880000000000001,0.25900000000000001,1.3160000000000001
motiongen_1789,29.817,5.0030000000000001,1.589,0.28100000000000003,1.288
motiongen_1790,29.832999999999998,4.9990000000000006,1.5900000000000001,0.30299999999999999,1.26
motiongen_1791,29.850000000000001,4.9939999999999998,1.591,0.32400000000000001,1.232
motiongen_1792,29.867000000000001,4.9889999999999999,1.593,0.34399999999999997,1.204
motiongen_1793,29.882999999999999,4.9830000000000005,1.5940000000000001,0.36399999999999999,1.1759999999999999
motiongen_1794,29.899999999999999,4.9770000000000003,1.5960000000000001,0.38400000000000001,1.1479999999999999
motiongen_1795,29.917000000000002,4.9710000000000001,1.597,0.40300000000000002,1.1200000000000001
motiongen_1796,29.933,4.9649999999999999,1.599,0.42199999999999999,1.093
motiongen_1797,29.949999999999999,4.9580000000000002,1.601,0.44,1.0660000000000001
motiongen_1798,29.966999999999999,4.9510000000000005,1.6020000000000001,0.45800000000000002,1.0389999999999999
motiongen_1799,29.983000000000001,4.9429999999999996,1.6040000000000001,0.47499999999999998,1.012
motiongen_1800,30,4.9359999999999999,1.6060000000000001,0.49199999999999999,0.98599999999999999
motiongen_1801,30.016999999999999,4.9279999999999999,1.6080000000000001,0.50800000000000001,0.95999999999999996
motiongen_1802,30.033000000000001,4.9190000000000005,1.609,0.52400000000000002,0.93400000000000005
motiongen_1803,30.050000000000001,4.9109999999999996,1.611,0.54000000000000004,0.90900000000000003
motiongen_1804,30.067,4.9020000000000001,1.613,0.55500000000000005,0.88300000000000001
motiongen_1805,30.082999999999998,4.8930000000000007,1.615,0.56999999999999995,0.85899999999999999
motiongen_1806,30.100000000000001,4.8840000000000003,1.617,0.58399999999999996,0.83399999999999996
motiongen_1807,30.117000000000001,4.8740000000000006,1.619,0.59799999999999998,0.81000000000000005
motiongen_1808,30.132999999999999,4.8639999999999999,1.6200000000000001,0.61099999999999999,0.78700000000000003
motiongen_1809,30.149999999999999,4.8540000000000001,1.6220000000000001,0.625,0.76400000000000001
motiongen_1810,30.167000000000002,4.8439999999999994,1.6240000000000001,0.63700000000000001,0.74099999999999999
motiongen_1811,30.183,4.8330000000000002,1.6259999999999999,0.65000000000000002,0.71799999999999997
motiongen_1812,30.199999999999999,4.8230000000000004,1.627,0.66200000000000003,0.69599999999999995
motiongen_1813,30.216999999999999,4.8119999999999994,1.629,0.67300000000000004,0.67400000000000004
motiongen_1814,30.233000000000001,4.8010000000000002,1.631,0.68400000000000005,0.65300000000000002
motiongen_1815,30.25,4.7889999999999997,1.6319999999999999,0.69499999999999995,0.63200000000000001
motiongen_1816,30.266999999999999,4.7780000000000005,1.6339999999999999,0.70599999999999996,0.61099999999999999
motiongen_1817,30.283000000000001,4.766,1.635,0.71599999999999997,0.58999999999999997
motiongen_1818,30.300000000000001,4.7539999999999996,1.6359999999999999,0.72599999999999998,0.56999999999999995
motiongen_1819,30.317,4.742,1.6379999999999999,0.73499999999999999,0.55100000000000005
motiongen_1820,30.332999999999998,4.7300000000000004,1.639,0.74399999999999999,0.53100000000000003
motiongen_1821,30.350000000000001,4.718,1.6399999999999999,0.753,0.51200000000000001
motiongen_1822,30.367000000000001,4.7050000000000001,1.641,0.76200000000000001,0.49299999999999999
motiongen_1823,30.382999999999999,4.6929999999999996,1.6419999999999999,0.77000000000000002,0.47499999999999998
motiongen_1824,30.399999999999999,4.6799999999999997,1.643,0.77800000000000002,0.45600000000000002
motiongen_1825,30.417000000000002,4.6669999999999998,1.6439999999999999,0.78600000000000003,0.438
motiongen_1826,30.433,4.6539999999999999,1.6439999999999999,0.79300000000000004,0.42099999999999999
motiongen_1827,30.449999999999999,4.641,1.645,0.80000000000000004,0.40300000000000002
motiongen_1828,30.466999999999999,4.6270000000000007,1.6459999999999999,0.80700000000000005,0.38600000000000001
motiongen_1829,30.483000000000001,4.6139999999999999,1.6459999999999999,0.81299999999999994,0.36899999999999999
motiongen_1830,30.5,4.5999999999999996,1.6459999999999999,0.81899999999999995,0.35299999999999998
motiongen_1831,30.516999999999999,4.5869999999999997,1.6459999999999999,0.82499999999999996,0.33600000000000002
motiongen_1832,30.533000000000001,4.5730000000000004,1.6459999999999999,0.83099999999999996,0.32000000000000001
motiongen_1833,30.550000000000001,4.5590000000000002,1.6459999999999999,0.83599999999999997,0.30399999999999999
motiongen_1834,30.567,4.5449999999999999,1.6459999999999999,0.84099999999999997,0.28799999999999998
motiongen_1835,30.582999999999998,4.5310000000000006,1.6459999999999999,0.84599999999999997,0.27200000000000002
motiongen_1836,30.600000000000001,4.5169999999999995,1.6459999999999999,0.84999999999999998,0.25700000000000001
motiongen_1837,30.617000000000001,4.5030000000000001,1.645,0.85499999999999998,0.24199999999999999
motiongen_1838,30.632999999999999,4.4889999999999999,1.6439999999999999,0.85899999999999999,0.22700000000000001
motiongen_1839,30.649999999999999,4.4740000000000002,1.6439999999999999,0.86299999999999999,0.21199999999999999
motiongen_1840,30.667000000000002,4.46,1.643,0.86599999999999999,0.19700000000000001
motiongen_1841,30.683,4.4459999999999997,1.6419999999999999,0.86899999999999999,0.182
motiongen_1842,30.699999999999999,4.431,1.6399999999999999,0.872,0.16800000000000001
motiongen_1843,30.716999999999999,4.4169999999999998,1.639,0.875,0.153
motiongen_1844,30.733000000000001,4.4020000000000001,1.6379999999999999,0.878,0.13900000000000001
motiongen_1845,30.75,4.3879999999999999,1.6359999999999999,0.88,0.125
motiongen_1846,30.766999999999999,4.3730000000000002,1.6339999999999999,0.88200000000000001,0.111
motiongen_1847,30.783000000000001,4.3580000000000005,1.633,0.88400000000000001,0.097000000000000003
motiongen_1848,30.800000000000001,4.3439999999999994,1.631,0.88600000000000001,0.083000000000000004
motiongen_1849,30.817,4.3290000000000006,1.629,0.88700000000000001,0.069000000000000006
motiongen_1850,30.832999999999998,4.3149999999999995,1.6259999999999999,0.88800000000000001,0.055
motiongen_1851,30.850000000000001,4.2999999999999998,1.6240000000000001,0.88900000000000001,0.041000000000000002
motiongen_1852,30.867000000000001,4.2850000000000001,1.621,0.89000000000000001,0.028000000000000001
motiongen_1853,30.882999999999999,4.2709999999999999,1.619,0.89000000000000001,0.014
motiongen_1854,30.899999999999999,4.2560000000000002,1.6160000000000001,0.89000000000000001,0.001
motiongen_1855,30.917000000000002,4.242,1.613,0.89000000000000001,-0.012999999999999999
motiongen_1856,30.933,4.2270000000000003,1.6100000000000001,0.89000000000000001,-0.025999999999999999
motiongen_1857,30.949999999999999,4.2130000000000001,1.607,0.89000000000000001,-0.040000000000000001
motiongen_1858,30.966999999999999,4.1980000000000004,1.6040000000000001,0.88900000000000001,-0.052999999999999999
motiongen_1859,30.983000000000001,4.1840000000000002,1.6000000000000001,0.88800000000000001,-0.066000000000000003
motiongen_1860,31,4.1690000000000005,1.597,0.88700000000000001,-0.080000000000000002
motiongen_1861,31.016999999999999,4.1550000000000002,1.593,0.88600000000000001,-0.092999999999999999
motiongen_1862,31.033000000000001,4.141,1.589,0.88400000000000001,-0.106
motiongen_1863,31.050000000000001,4.1269999999999998,1.585,0.88200000000000001,-0.11899999999999999
motiongen_1864,31.067,4.1129999999999995,1.581,0.88,-0.13300000000000001
motiongen_1865,31.082999999999998,4.0979999999999999,1.577,0.878,-0.14599999999999999
motiongen_1866,31.100000000000001,4.0839999999999996,1.573,0.876,-0.159
motiongen_1867,31.117000000000001,4.0709999999999997,1.5680000000000001,0.873,-0.17199999999999999
motiongen_1868,31.132999999999999,4.0570000000000004,1.5640000000000001,0.87,-0.186
motiongen_1869,31.149999999999999,4.0430000000000001,1.5589999999999999,0.86699999999999999,-0.19900000000000001
motiongen_1870,31.167000000000002,4.0289999999999999,1.554,0.86399999999999999,-0.21199999999999999
motiongen_1871,31.183,4.016,1.55,0.85999999999999999,-0.22500000000000001
motiongen_1872,31.199999999999999,4.0019999999999998,1.5449999999999999,0.85699999999999998,-0.23899999999999999
motiongen_1873,31.216999999999999,3.9889999999999999,1.54,0.85299999999999998,-0.252
motiongen_1874,31.233000000000001,3.976,1.5349999999999999,0.84799999999999998,-0.26500000000000001
motiongen_1875,31.25,3.9619999999999997,1.5289999999999999,0.84399999999999997,-0.27800000000000002
motiongen_1876,31.266999999999999,3.9489999999999998,1.524,0.83899999999999997,-0.29099999999999998
motiongen_1877,31.283000000000001,3.9359999999999999,1.5189999999999999,0.83499999999999996,-0.30399999999999999
motiongen_1878,31.300000000000001,3.9239999999999999,1.5129999999999999,0.82899999999999996,-0.318
motiongen_1879,31.317,3.911,1.508,0.82399999999999995,-0.33100000000000002
motiongen_1880,31.332999999999998,3.8980000000000001,1.502,0.81899999999999995,-0.34399999999999997
motiongen_1881,31.350000000000001,3.8860000000000001,1.4970000000000001,0.81299999999999994,-0.35699999999999998
motiongen_1882,31.367000000000001,3.8740000000000001,1.4910000000000001,0.80700000000000005,-0.37
motiongen_1883,31.382999999999999,3.8620000000000001,1.4850000000000001,0.80100000000000005,-0.38300000000000001
motiongen_1884,31.399999999999999,3.8490000000000002,1.48,0.79400000000000004,-0.39600000000000002
motiongen_1885,31.417000000000002,3.8380000000000001,1.474,0.78800000000000003,-0.40799999999999997
motiongen_1886,31.433,3.8260000000000001,1.468,0.78100000000000003,-0.42099999999999999
motiongen_1887,31.449999999999999,3.8140000000000001,1.462,0.77400000000000002,-0.434
motiongen_1888,31.466999999999999,3.8029999999999999,1.456,0.76700000000000002,-0.44600000000000001
motiongen_1889,31.483000000000001,3.7919999999999998,1.45,0.75900000000000001,-0.45900000000000002
motiongen_1890,31.5,3.7800000000000002,1.444,0.752,-0.47099999999999997
motiongen_1891,31.516999999999999,3.77,1.4379999999999999,0.74399999999999999,-0.48299999999999998
motiongen_1892,31.533000000000001,3.7590000000000003,1.4319999999999999,0.73599999999999999,-0.495
motiongen_1893,31.550000000000001,3.7480000000000002,1.4259999999999999,0.72799999999999998,-0.50700000000000001
motiongen_1894,31.567,3.738,1.419,0.71899999999999997,-0.51900000000000002
motiongen_1895,31.582999999999998,3.7270000000000003,1.413,0.70999999999999996,-0.53100000000000003
motiongen_1896,31.600000000000001,3.7170000000000001,1.407,0.70199999999999996,-0.54200000000000004
motiongen_1897,31.617000000000001,3.7069999999999999,1.401,0.69299999999999995,-0.55300000000000005
motiongen_1898,31.632999999999999,3.6970000000000001,1.395,0.68300000000000005,-0.56399999999999995
motiongen_1899,31.649999999999999,3.6879999999999997,1.389,0.67400000000000004,-0.57499999999999996
motiongen_1900,31.667000000000002,3.6779999999999999,1.383,0.66400000000000003,-0.58499999999999996
motiongen_1901,31.683,3.669,1.377,0.65500000000000003,-0.59599999999999997
motiongen_1902,31.699999999999999,3.6600000000000001,1.371,0.64500000000000002,-0.60499999999999998
motiongen_1903,31.716999999999999,3.6509999999999998,1.365,0.63500000000000001,-0.61499999999999999
motiongen_1904,31.733000000000001,3.6420000000000003,1.359,0.624,-0.624
motiongen_1905,31.75,3.6340000000000003,1.353,0.61399999999999999,-0.63300000000000001
motiongen_1906,31.766999999999999,3.625,1.347,0.60299999999999998,-0.64200000000000002
motiongen_1907,31.783000000000001,3.617,1.341,0.59299999999999997,-0.65100000000000002
motiongen_1908,31.800000000000001,3.609,1.3360000000000001,0.58199999999999996,-0.65900000000000003
motiongen_1909,31.817,3.601,1.3300000000000001,0.57099999999999995,-0.66600000000000004
motiongen_1910,31.832999999999998,3.5940000000000003,1.3240000000000001,0.56000000000000005,-0.67300000000000004
motiongen_1911,31.850000000000001,3.5860000000000003,1.319,0.54900000000000004,-0.68000000000000005
motiongen_1912,31.867000000000001,3.5789999999999997,1.3129999999999999,0.53700000000000003,-0.68700000000000006
motiongen_1913,31.882999999999999,3.5720000000000001,1.3080000000000001,0.52600000000000002,-0.69299999999999995
motiongen_1914,31.899999999999999,3.5649999999999999,1.302,0.51400000000000001,-0.69899999999999995
motiongen_1915,31.917000000000002,3.5579999999999998,1.2969999999999999,0.503,-0.70399999999999996
motiongen_1916,31.933,3.5510000000000002,1.292,0.49099999999999999,-0.70899999999999996
motiongen_1917,31.949999999999999,3.5449999999999999,1.2869999999999999,0.47899999999999998,-0.71299999999999997
motiongen_1918,31.966999999999999,3.5389999999999997,1.282,0.46700000000000003,-0.71699999999999997
motiongen_1919,31.983000000000001,3.5330000000000004,1.2769999999999999,0.45500000000000002,-0.72099999999999997
motiongen_1920,32,3.5270000000000001,1.272,0.443,-0.72399999999999998
motiongen_1921,32.017000000000003,3.5209999999999999,1.2669999999999999,0.43099999999999999,-0.72699999999999998
motiongen_1922,32.033000000000001,3.516,1.2629999999999999,0.41899999999999998,-0.72899999999999998
motiongen_1923,32.049999999999997,3.5099999999999998,1.258,0.40699999999999997,-0.73099999999999998
motiongen_1924,32.067,3.5049999999999999,1.254,0.39500000000000002,-0.73299999999999998
motiongen_1925,32.082999999999998,3.5,1.25,0.38200000000000001,-0.73399999999999999
motiongen_1926,32.100000000000001,3.4950000000000001,1.246,0.37,-0.73499999999999999
motiongen_1927,32.116999999999997,3.4910000000000001,1.242,0.35799999999999998,-0.73499999999999999
motiongen_1928,32.133000000000003,3.4859999999999998,1.238,0.34599999999999997,-0.73499999999999999
motiongen_1929,32.149999999999999,3.4820000000000002,1.234,0.33300000000000002,-0.73499999999999999
motiongen_1930,32.167000000000002,3.4779999999999998,1.23,0.32100000000000001,-0.73399999999999999
motiongen_1931,32.183,3.4740000000000002,1.2270000000000001,0.309,-0.73299999999999998
motiongen_1932,32.200000000000003,3.4699999999999998,1.2230000000000001,0.29699999999999999,-0.73199999999999998
motiongen_1933,32.216999999999999,3.4660000000000002,1.22,0.28399999999999997,-0.72999999999999998
motiongen_1934,32.232999999999997,3.4630000000000001,1.2170000000000001,0.27200000000000002,-0.72799999999999998
motiongen_1935,32.25,3.4590000000000001,1.214,0.26000000000000001,-0.72599999999999998
motiongen_1936,32.267000000000003,3.456,1.2110000000000001,0.248,-0.72399999999999998
motiongen_1937,32.283000000000001,3.4530000000000003,1.208,0.23599999999999999,-0.72099999999999997
motiongen_1938,32.299999999999997,3.4500000000000002,1.2050000000000001,0.224,-0.71799999999999997
motiongen_1939,32.317,3.4470000000000001,1.2030000000000001,0.21199999999999999,-0.71399999999999997
motiongen_1940,32.332999999999998,3.4450000000000003,1.2,0.20000000000000001,-0.71099999999999997
motiongen_1941,32.350000000000001,3.4420000000000002,1.198,0.188,-0.70699999999999996
motiongen_1942,32.366999999999997,3.4399999999999999,1.196,0.17599999999999999,-0.70399999999999996
motiongen_1943,32.383000000000003,3.4379999999999997,1.194,0.16500000000000001,-0.69999999999999996
motiongen_1944,32.399999999999999,3.4359999999999999,1.1919999999999999,0.153,-0.69499999999999995
motiongen_1945,32.417000000000002,3.4340000000000002,1.1899999999999999,0.14099999999999999,-0.69099999999999995
motiongen_1946,32.433,3.4319999999999999,1.1879999999999999,0.13,-0.68700000000000006
motiongen_1947,32.450000000000003,3.431,1.1870000000000001,0.11899999999999999,-0.68200000000000005
motiongen_1948,32.466999999999999,3.4290000000000003,1.1859999999999999,0.107,-0.67800000000000005
motiongen_1949,32.482999999999997,3.4279999999999999,1.1839999999999999,0.096000000000000002,-0.67300000000000004
motiongen_1950,32.5,3.427,1.1830000000000001,0.085000000000000006,-0.66900000000000004
motiongen_1951,32.517000000000003,3.4260000000000002,1.1819999999999999,0.072999999999999995,-0.66400000000000003
motiongen_1952,32.533000000000001,3.4249999999999998,1.181,0.062,-0.65900000000000003
motiongen_1953,32.549999999999997,3.4239999999999999,1.181,0.050999999999999997,-0.65500000000000003
motiongen_1954,32.567,3.4239999999999999,1.1799999999999999,0.041000000000000002,-0.65000000000000002
motiongen_1955,32.582999999999998,3.423,1.1799999999999999,0.029999999999999999,-0.64500000000000002
motiongen_1956,32.600000000000001,3.423,1.179,0.019,-0.64100000000000001
motiongen_1957,32.616999999999997,3.423,1.179,0.0080000000000000002,-0.35299999999999998
motiongen_1958,32.633000000000003,3.423,1.179,0.002,0.63200000000000001
motiongen_1959,32.649999999999999,3.423,1.179,0.012999999999999999,0.627
motiongen_1960,32.667000000000002,3.423,1.179,0.023,0.623
motiongen_1961,32.683,3.423,1.179,0.034000000000000002,0.61899999999999999
motiongen_1962,32.700000000000003,3.423,1.1799999999999999,0.043999999999999997,0.61499999999999999
motiongen_1963,32.716999999999999,3.4239999999999999,1.1799999999999999,0.053999999999999999,0.61099999999999999
motiongen_1964,32.732999999999997,3.4249999999999998,1.181,0.064000000000000001,0.60699999999999998
motiongen_1965,32.75,3.4249999999999998,1.1819999999999999,0.074999999999999997,0.60299999999999998
motiongen_1966,32.767000000000003,3.4260000000000002,1.1819999999999999,0.085000000000000006,0.59899999999999998
motiongen_1967,32.783000000000001,3.427,1.1830000000000001,0.095000000000000001,0.59599999999999997
motiongen_1968,32.799999999999997,3.4279999999999999,1.1850000000000001,0.105,0.59199999999999997
motiongen_1969,32.817,3.4299999999999997,1.1859999999999999,0.114,0.58899999999999997
motiongen_1970,32.832999999999998,3.431,1.1870000000000001,0.124,0.58599999999999997
motiongen_1971,32.850000000000001,3.4329999999999998,1.1890000000000001,0.13400000000000001,0.58299999999999996
motiongen_1972,32.866999999999997,3.4340000000000002,1.1899999999999999,0.14399999999999999,0.58099999999999996
motiongen_1973,32.883000000000003,3.4359999999999999,1.1919999999999999,0.153,0.57799999999999996
motiongen_1974,32.899999999999999,3.4379999999999997,1.1930000000000001,0.16300000000000001,0.57599999999999996
motiongen_1975,32.917000000000002,3.4399999999999999,1.1950000000000001,0.17299999999999999,0.57299999999999995
motiongen_1976,32.933,3.4420000000000002,1.1970000000000001,0.182,0.57099999999999995
motiongen_1977,32.950000000000003,3.444,1.1990000000000001,0.192,0.56999999999999995
motiongen_1978,32.966999999999999,3.4459999999999997,1.202,0.20100000000000001,0.56799999999999995
motiongen_1979,32.982999999999997,3.4489999999999998,1.204,0.21099999999999999,0.56699999999999995
motiongen_1980,33,3.4510000000000001,1.206,0.22,0.56499999999999995
motiongen_1981,33.017000000000003,3.4539999999999997,1.2090000000000001,0.23000000000000001,0.56399999999999995
motiongen_1982,33.033000000000001,3.4569999999999999,1.2110000000000001,0.23899999999999999,0.56299999999999994
motiongen_1983,33.049999999999997,3.46,1.214,0.248,0.56299999999999994
motiongen_1984,33.067,3.4630000000000001,1.2170000000000001,0.25800000000000001,0.56200000000000006
motiongen_1985,33.082999999999998,3.4660000000000002,1.22,0.26700000000000002,0.56200000000000006
motiongen_1986,33.100000000000001,3.4690000000000003,1.2230000000000001,0.27600000000000002,0.56200000000000006
motiongen_1987,33.116999999999997,3.4729999999999999,1.226,0.28599999999999998,0.56200000000000006
motiongen_1988,33.133000000000003,3.476,1.2290000000000001,0.29499999999999998,0.56200000000000006
motiongen_1989,33.149999999999999,3.48,1.232,0.30499999999999999,0.56299999999999994
motiongen_1990,33.167000000000002,3.484,1.236,0.314,0.56399999999999995
motiongen_1991,33.183,3.488,1.2390000000000001,0.32300000000000001,0.56499999999999995
motiongen_1992,33.200000000000003,3.492,1.2430000000000001,0.33300000000000002,0.56599999999999995
motiongen_1993,33.216999999999999,3.496,1.246,0.34200000000000003,0.56699999999999995
motiongen_1994,33.232999999999997,3.5,1.25,0.35199999999999998,0.56899999999999995
motiongen_1995,33.25,3.5049999999999999,1.254,0.36099999999999999,0.56999999999999995
motiongen_1996,33.267000000000003,3.5090000000000003,1.258,0.371,0.57199999999999995
motiongen_1997,33.283000000000001,3.5140000000000002,1.262,0.38,0.57399999999999995
motiongen_1998,33.299999999999997,3.5190000000000001,1.266,0.39000000000000001,0.57599999999999996
motiongen_1999,33.317,3.524,1.27,0.39900000000000002,0.57899999999999996
motiongen_2000,33.332999999999998,3.5289999999999999,1.274,0.40899999999999997,0.58099999999999996
motiongen_2001,33.350000000000001,3.5339999999999998,1.278,0.41899999999999998,0.58399999999999996
motiongen_2002,33.366999999999997,3.54,1.2829999999999999,0.42799999999999999,0.58699999999999997
motiongen_2003,33.383000000000003,3.5449999999999999,1.2869999999999999,0.438,0.58999999999999997
motiongen_2004,33.399999999999999,3.5510000000000002,1.292,0.44800000000000001,0.59399999999999997
motiongen_2005,33.417000000000002,3.5569999999999999,1.296,0.45800000000000002,0.59699999999999998
motiongen_2006,33.433,3.5629999999999997,1.3009999999999999,0.46800000000000003,0.60099999999999998
motiongen_2007,33.450000000000003,3.569,1.306,0.47799999999999998,0.60399999999999998
motiongen_2008,33.466999999999999,3.5750000000000002,1.3109999999999999,0.48799999999999999,0.60799999999999998
motiongen_2009,33.482999999999997,3.5819999999999999,1.3160000000000001,0.498,0.61199999999999999
motiongen_2010,33.5,3.589,1.321,0.50800000000000001,0.61599999999999999
motiongen_2011,33.517000000000003,3.5949999999999998,1.3260000000000001,0.51900000000000002,0.62
motiongen_2012,33.533000000000001,3.6020000000000003,1.331,0.52900000000000003,0.625
motiongen_2013,33.549999999999997,3.6100000000000003,1.3360000000000001,0.53900000000000003,0.629
motiongen_2014,33.567,3.617,1.341,0.55000000000000004,0.63300000000000001
motiongen_2015,33.582999999999998,3.6240000000000001,1.3460000000000001,0.56000000000000005,0.63800000000000001
motiongen_2016,33.600000000000001,3.6320000000000001,1.3520000000000001,0.57099999999999995,0.64200000000000002
motiongen_2017,33.616999999999997,3.6400000000000001,1.357,0.58199999999999996,0.64700000000000002
motiongen_2018,33.633000000000003,3.6480000000000001,1.363,0.59199999999999997,0.65200000000000002
motiongen_2019,33.649999999999999,3.6560000000000001,1.3680000000000001,0.60299999999999998,0.65600000000000003
motiongen_2020,33.667000000000002,3.6639999999999997,1.3740000000000001,0.61399999999999999,0.66100000000000003
motiongen_2021,33.683,3.673,1.379,0.625,0.66600000000000004
motiongen_2022,33.700000000000003,3.6819999999999999,1.385,0.63600000000000001,0.67000000000000004
motiongen_2023,33.716999999999999,3.6909999999999998,1.391,0.64800000000000002,0.67500000000000004
motiongen_2024,33.732999999999997,3.7000000000000002,1.3959999999999999,0.65900000000000003,0.67900000000000005
motiongen_2025,33.75,3.7090000000000001,1.4019999999999999,0.67000000000000004,0.68400000000000005
motiongen_2026,33.767000000000003,3.7190000000000003,1.4079999999999999,0.68200000000000005,0.68799999999999994
motiongen_2027,33.783000000000001,3.7279999999999998,1.4139999999999999,0.69299999999999995,0.69199999999999995
motiongen_2028,33.799999999999997,3.738,1.4199999999999999,0.70499999999999996,0.69599999999999995
motiongen_2029,33.817,3.7480000000000002,1.4259999999999999,0.71599999999999997,0.69999999999999996
motiongen_2030,33.832999999999998,3.7590000000000003,1.4319999999999999,0.72799999999999998,0.70299999999999996
motiongen_2031,33.850000000000001,3.7690000000000001,1.4379999999999999,0.73999999999999999,0.70599999999999996
motiongen_2032,33.866999999999997,3.7800000000000002,1.444,0.751,0.70899999999999996
motiongen_2033,33.883000000000003,3.7909999999999999,1.45,0.76300000000000001,0.71199999999999997
motiongen_2034,33.899999999999999,3.802,1.456,0.77500000000000002,0.71399999999999997
motiongen_2035,33.917000000000002,3.8140000000000001,1.462,0.78700000000000003,0.71599999999999997
motiongen_2036,33.933,3.8250000000000002,1.468,0.79900000000000004,0.71699999999999997
motiongen_2037,33.950000000000003,3.8369999999999997,1.474,0.81100000000000005,0.71799999999999997
motiongen_2038,33.966999999999999,3.8490000000000002,1.4790000000000001,0.82299999999999995,0.71799999999999997
motiongen_2039,33.982999999999997,3.8620000000000001,1.4850000000000001,0.83499999999999996,0.71799999999999997
motiongen_2040,34,3.8740000000000001,1.4910000000000001,0.84699999999999998,0.71699999999999997
motiongen_2041,34.017000000000003,3.887,1.4970000000000001,0.85899999999999999,0.71499999999999997
motiongen_2042,34.033000000000001,3.9000000000000004,1.5029999999999999,0.871,0.71299999999999997
motiongen_2043,34.049999999999997,3.9139999999999997,1.5089999999999999,0.88200000000000001,0.70999999999999996
motiongen_2044,34.067,3.927,1.5149999999999999,0.89400000000000002,0.70599999999999996
motiongen_2045,34.082999999999998,3.9409999999999998,1.5209999999999999,0.90600000000000003,0.70099999999999996
motiongen_2046,34.100000000000001,3.9550000000000001,1.526,0.91800000000000004,0.69499999999999995
motiongen_2047,34.116999999999997,3.9690000000000003,1.532,0.92900000000000005,0.68799999999999994
motiongen_2048,34.133000000000003,3.9830000000000001,1.538,0.94099999999999995,0.68000000000000005
motiongen_2049,34.149999999999999,3.9980000000000002,1.5429999999999999,0.95199999999999996,0.67100000000000004
motiongen_2050,34.167000000000002,4.0129999999999999,1.5489999999999999,0.96299999999999997,0.66000000000000003
motiongen_2051,34.183,4.0280000000000005,1.554,0.97399999999999998,0.64800000000000002
motiongen_2052,34.200000000000003,4.0430000000000001,1.5589999999999999,0.98499999999999999,0.63500000000000001
motiongen_2053,34.216999999999999,4.0590000000000002,1.5649999999999999,0.996,0.621
motiongen_2054,34.232999999999997,4.0750000000000002,1.5700000000000001,1.006,0.60499999999999998
motiongen_2055,34.25,4.0910000000000002,1.575,1.016,0.58699999999999997
motiongen_2056,34.267000000000003,4.1070000000000002,1.579,1.026,0.56799999999999995
motiongen_2057,34.283000000000001,4.1230000000000002,1.5840000000000001,1.0349999999999999,0.54700000000000004
motiongen_2058,34.299999999999997,4.1400000000000006,1.589,1.044,0.52400000000000002
motiongen_2059,34.317,4.157,1.593,1.0529999999999999,0.5
motiongen_2060,34.332999999999998,4.1739999999999995,1.5980000000000001,1.0609999999999999,0.47299999999999998
motiongen_2061,34.350000000000001,4.1909999999999998,1.6020000000000001,1.069,0.44500000000000001
motiongen_2062,34.366999999999997,4.2080000000000002,1.6060000000000001,1.077,0.41499999999999998
motiongen_2063,34.383000000000003,4.226,1.6100000000000001,1.0840000000000001,0.38300000000000001
motiongen_2064,34.399999999999999,4.2439999999999998,1.613,1.0900000000000001,0.34899999999999998
motiongen_2065,34.417000000000002,4.2610000000000001,1.617,1.0960000000000001,0.313
motiongen_2066,34.433,4.2789999999999999,1.6200000000000001,1.101,0.27500000000000002
motiongen_2067,34.450000000000003,4.298,1.623,1.1060000000000001,0.23499999999999999
motiongen_2068,34.466999999999999,4.3159999999999998,1.6259999999999999,1.1100000000000001,0.193
motiongen_2069,34.482999999999997,4.3339999999999996,1.629,1.113,0.14999999999999999
motiongen_2070,34.5,4.3520000000000003,1.6319999999999999,1.115,0.104
motiongen_2071,34.517000000000003,4.3710000000000004,1.6339999999999999,1.117,0.056000000000000001
motiongen_2072,34.533000000000001,4.3890000000000002,1.6359999999999999,1.1180000000000001,0.0070000000000000001
motiongen_2073,34.549999999999997,4.4079999999999995,1.6379999999999999,1.1180000000000001,-0.044999999999999998
motiongen_2074,34.567,4.4260000000000002,1.6399999999999999,1.117,-0.098000000000000004
motiongen_2075,34.582999999999998,4.4450000000000003,1.6419999999999999,1.1160000000000001,-0.152
motiongen_2076,34.600000000000001,4.4630000000000001,1.643,1.113,-0.20799999999999999
motiongen_2077,34.616999999999997,4.4820000000000002,1.6439999999999999,1.1100000000000001,-0.26600000000000001
motiongen_2078,34.633000000000003,4.5,1.645,1.105,-0.32400000000000001
motiongen_2079,34.649999999999999,4.5190000000000001,1.6459999999999999,1.1000000000000001,-0.38400000000000001
motiongen_2080,34.667000000000002,4.5369999999999999,1.6459999999999999,1.0940000000000001,-0.44400000000000001
motiongen_2081,34.683,4.5549999999999997,1.6459999999999999,1.0860000000000001,-0.50600000000000001
motiongen_2082,34.700000000000003,4.5739999999999998,1.6459999999999999,1.0780000000000001,-0.56699999999999995
motiongen_2083,34.716999999999999,4.5920000000000005,1.6459999999999999,1.0680000000000001,-0.63
motiongen_2084,34.732999999999997,4.609,1.6459999999999999,1.0580000000000001,-0.69199999999999995
motiongen_2085,34.75,4.6270000000000007,1.6459999999999999,1.046,-0.754
motiongen_2086,34.767000000000003,4.6440000000000001,1.645,1.034,-0.81599999999999995
motiongen_2087,34.783000000000001,4.6619999999999999,1.6439999999999999,1.02,-0.878
motiongen_2088,34.799999999999997,4.6790000000000003,1.643,1.0049999999999999,-0.93899999999999995
motiongen_2089,34.817,4.6950000000000003,1.6419999999999999,0.98999999999999999,-0.999
motiongen_2090,34.832999999999998,4.7119999999999997,1.641,0.97299999999999998,-1.0580000000000001
motiongen_2091,34.850000000000001,4.7279999999999998,1.639,0.95599999999999996,-1.115
motiongen_2092,34.866999999999997,4.7439999999999998,1.6379999999999999,0.93700000000000006,-1.171
motiongen_2093,34.883000000000003,4.7590000000000003,1.6359999999999999,0.91700000000000004,-1.2250000000000001
motiongen_2094,34.899999999999999,4.774,1.6339999999999999,0.89700000000000002,-1.278
motiongen_2095,34.917000000000002,4.7889999999999997,1.6319999999999999,0.876,-1.329
motiongen_2096,34.933,4.8040000000000003,1.6299999999999999,0.85399999999999998,-1.377
motiongen_2097,34.950000000000003,4.8179999999999996,1.6279999999999999,0.83099999999999996,-1.423
motiongen_2098,34.966999999999999,4.8309999999999995,1.6259999999999999,0.80700000000000005,-1.466
motiongen_2099,34.982999999999997,4.8450000000000006,1.6240000000000001,0.78200000000000003,-1.5069999999999999
motiongen_2100,35,4.8580000000000005,1.6220000000000001,0.75700000000000001,-1.5449999999999999
motiongen_2101,35.017000000000003,4.8700000000000001,1.619,0.73199999999999998,-1.581
motiongen_2102,35.033000000000001,4.8819999999999997,1.617,0.70499999999999996,-1.613
motiongen_2103,35.049999999999997,4.8930000000000007,1.615,0.67800000000000005,-1.643
motiongen_2104,35.067,4.9050000000000002,1.613,0.65100000000000002,-1.669
motiongen_2105,35.082999999999998,4.915,1.6100000000000001,0.623,-1.6930000000000001
motiongen_2106,35.100000000000001,4.9249999999999998,1.6080000000000001,0.59499999999999997,-1.714
motiongen_2107,35.116999999999997,4.9350000000000005,1.6060000000000001,0.56599999999999995,-1.7310000000000001
motiongen_2108,35.133000000000003,4.944,1.6040000000000001,0.53800000000000003,-1.746
motiongen_2109,35.149999999999999,4.9529999999999994,1.6020000000000001,0.50800000000000001,-1.758
motiongen_2110,35.167000000000002,4.9610000000000003,1.6000000000000001,0.47899999999999998,-1.7669999999999999
motiongen_2111,35.183,4.9689999999999994,1.5980000000000001,0.45000000000000001,-1.774
motiongen_2112,35.200000000000003,4.976,1.5960000000000001,0.41999999999999998,-1.778
motiongen_2113,35.216999999999999,4.9830000000000005,1.5940000000000001,0.39000000000000001,-1.7789999999999999
motiongen_2114,35.232999999999997,4.9889999999999999,1.593,0.36099999999999999,-1.778
motiongen_2115,35.25,4.9950000000000001,1.591,0.33100000000000002,-1.774
motiongen_2116,35.267000000000003,5,1.5900000000000001,0.30199999999999999,-1.768
motiongen_2117,35.283000000000001,5.0049999999999999,1.5880000000000001,0.27200000000000002,-1.76
motiongen_2118,35.299999999999997,5.0099999999999998,1.587,0.24299999999999999,-1.75
motiongen_2119,35.317,5.0140000000000002,1.5860000000000001,0.214,-1.738
motiongen_2120,35.332999999999998,5.0169999999999995,1.585,0.185,-1.724
motiongen_2121,35.350000000000001,5.0199999999999996,1.5840000000000001,0.156,-1.708
motiongen_2122,35.366999999999997,5.0220000000000002,1.5840000000000001,0.127,-1.6910000000000001
motiongen_2123,35.383000000000003,5.024,1.583,0.099000000000000005,-1.673
motiongen_2124,35.399999999999999,5.0259999999999998,1.583,0.070999999999999994,-1.653
motiongen_2125,35.417000000000002,5.0270000000000001,1.5820000000000001,0.043999999999999997,-1.6319999999999999
motiongen_2126,35.433,5.0280000000000005,1.5820000000000001,0.017000000000000001,-0.39000000000000001
motiongen_2127,35.450000000000003,5.0280000000000005,1.5820000000000001,0.01,1.587
motiongen_2128,35.466999999999999,5.0280000000000005,1.5820000000000001,0.036999999999999998,1.5629999999999999
motiongen_2129,35.482999999999997,5.0270000000000001,1.5820000000000001,0.063,1.538
motiongen_2130,35.5,5.0259999999999998,1.583,0.087999999999999995,1.512
motiongen_2131,35.517000000000003,5.0250000000000004,1.583,0.113,1.486
motiongen_2132,35.533000000000001,5.0229999999999997,1.583,0.13800000000000001,1.4590000000000001
motiongen_2133,35.549999999999997,5.0209999999999999,1.5840000000000001,0.16300000000000001,1.4319999999999999
motiongen_2134,35.567,5.0180000000000007,1.585,0.186,1.405
motiongen_2135,35.582999999999998,5.0150000000000006,1.5860000000000001,0.20999999999999999,1.377
motiongen_2136,35.600000000000001,5.0120000000000005,1.587,0.23300000000000001,1.349
motiongen_2137,35.616999999999997,5.008,1.5880000000000001,0.255,1.321
motiongen_2138,35.633000000000003,5.0039999999999996,1.589,0.27700000000000002,1.2929999999999999
motiongen_2139,35.649999999999999,5,1.5900000000000001,0.29899999999999999,1.2649999999999999
motiongen_2140,35.667000000000002,4.9950000000000001,1.591,0.32000000000000001,1.2370000000000001
motiongen_2141,35.683,4.9900000000000002,1.593,0.34100000000000003,1.2090000000000001
motiongen_2142,35.700000000000003,4.984,1.5940000000000001,0.36099999999999999,1.181
motiongen_2143,35.716999999999999,4.9779999999999998,1.5960000000000001,0.38,1.153
motiongen_2144,35.732999999999997,4.9719999999999995,1.597,0.40000000000000002,1.125
motiongen_2145,35.75,4.9660000000000002,1.599,0.41799999999999998,1.0980000000000001
motiongen_2146,35.767000000000003,4.9589999999999996,1.6000000000000001,0.437,1.071
motiongen_2147,35.783000000000001,4.952,1.6020000000000001,0.45500000000000002,1.044
motiongen_2148,35.799999999999997,4.9450000000000003,1.6040000000000001,0.47199999999999998,1.0169999999999999
motiongen_2149,35.817,4.9369999999999994,1.6060000000000001,0.48899999999999999,0.98999999999999999
motiongen_2150,35.832999999999998,4.9290000000000003,1.607,0.505,0.96399999999999997
motiongen_2151,35.850000000000001,4.9209999999999994,1.609,0.52100000000000002,0.93799999999999994
motiongen_2152,35.866999999999997,4.9119999999999999,1.611,0.53700000000000003,0.91300000000000003
motiongen_2153,35.883000000000003,4.9030000000000005,1.613,0.55200000000000005,0.88800000000000001
motiongen_2154,35.899999999999999,4.8940000000000001,1.615,0.56699999999999995,0.86299999999999999
motiongen_2155,35.917000000000002,4.8849999999999998,1.6160000000000001,0.58099999999999996,0.83899999999999997
motiongen_2156,35.933,4.8759999999999994,1.6180000000000001,0.59499999999999997,0.81499999999999995
motiongen_2157,35.950000000000003,4.8659999999999997,1.6200000000000001,0.60899999999999999,0.79100000000000004
motiongen_2158,35.966999999999999,4.8559999999999999,1.6220000000000001,0.622,0.76800000000000002
motiongen_2159,35.982999999999997,4.8460000000000001,1.6240000000000001,0.63500000000000001,0.745
motiongen_2160,36,4.835,1.625,0.64700000000000002,0.72199999999999998
motiongen_2161,36.017000000000003,4.8250000000000002,1.627,0.65900000000000003,0.69999999999999996
motiongen_2162,36.033000000000001,4.8140000000000001,1.629,0.67100000000000004,0.67800000000000005
motiongen_2163,36.049999999999997,4.8029999999999999,1.6299999999999999,0.68200000000000005,0.65600000000000003
motiongen_2164,36.067,4.7910000000000004,1.6319999999999999,0.69299999999999995,0.63500000000000001
motiongen_2165,36.082999999999998,4.7800000000000002,1.633,0.70399999999999996,0.61399999999999999
motiongen_2166,36.100000000000001,4.7680000000000007,1.635,0.71399999999999997,0.59399999999999997
motiongen_2167,36.116999999999997,4.7560000000000002,1.6359999999999999,0.72399999999999998,0.57399999999999995
motiongen_2168,36.133000000000003,4.7439999999999998,1.637,0.73399999999999999,0.55400000000000005
motiongen_2169,36.149999999999999,4.7320000000000002,1.639,0.74299999999999999,0.53500000000000003
motiongen_2170,36.167000000000002,4.7200000000000006,1.6399999999999999,0.752,0.51500000000000001
motiongen_2171,36.183,4.7080000000000002,1.641,0.76000000000000001,0.496
motiongen_2172,36.200000000000003,4.6950000000000003,1.6419999999999999,0.76900000000000002,0.47799999999999998
motiongen_2173,36.216999999999999,4.6820000000000004,1.643,0.77700000000000002,0.46000000000000002
motiongen_2174,36.232999999999997,4.6690000000000005,1.6439999999999999,0.78400000000000003,0.442
motiongen_2175,36.25,4.6560000000000006,1.6439999999999999,0.79200000000000004,0.42399999999999999
motiongen_2176,36.267000000000003,4.6430000000000007,1.645,0.79900000000000004,0.40600000000000003
motiongen_2177,36.283000000000001,4.6299999999999999,1.645,0.80500000000000005,0.38900000000000001
motiongen_2178,36.299999999999997,4.6159999999999997,1.6459999999999999,0.81200000000000006,0.372
motiongen_2179,36.317,4.6029999999999998,1.6459999999999999,0.81799999999999995,0.35599999999999998
motiongen_2180,36.332999999999998,4.5890000000000004,1.6459999999999999,0.82399999999999995,0.33900000000000002
motiongen_2181,36.350000000000001,4.5750000000000002,1.6459999999999999,0.82999999999999996,0.32300000000000001
motiongen_2182,36.366999999999997,4.5609999999999999,1.6459999999999999,0.83499999999999996,0.307
motiongen_2183,36.383000000000003,4.548,1.6459999999999999,0.83999999999999997,0.29099999999999998
motiongen_2184,36.399999999999999,4.5340000000000007,1.6459999999999999,0.84499999999999997,0.27500000000000002
motiongen_2185,36.417000000000002,4.5190000000000001,1.6459999999999999,0.84999999999999998,0.26000000000000001
motiongen_2186,36.433,4.5049999999999999,1.645,0.85399999999999998,0.24399999999999999
motiongen_2187,36.450000000000003,4.4909999999999997,1.645,0.85799999999999998,0.22900000000000001
motiongen_2188,36.466999999999999,4.4770000000000003,1.6439999999999999,0.86199999999999999,0.214
motiongen_2189,36.482999999999997,4.4630000000000001,1.643,0.86499999999999999,0.19900000000000001
motiongen_2190,36.5,4.4480000000000004,1.6419999999999999,0.86899999999999999,0.185
motiongen_2191,36.517000000000003,4.4340000000000002,1.641,0.872,0.17000000000000001
motiongen_2192,36.533000000000001,4.4190000000000005,1.639,0.875,0.156
motiongen_2193,36.549999999999997,4.4050000000000002,1.6379999999999999,0.877,0.14099999999999999
motiongen_2194,36.567,4.3900000000000006,1.6359999999999999,0.88,0.127
motiongen_2195,36.582999999999998,4.3759999999999994,1.635,0.88200000000000001,0.113
motiongen_2196,36.600000000000001,4.3610000000000007,1.633,0.88400000000000001,0.099000000000000005
motiongen_2197,36.616999999999997,4.3460000000000001,1.631,0.88500000000000001,0.085000000000000006
motiongen_2198,36.633000000000003,4.3319999999999999,1.629,0.88700000000000001,0.070999999999999994
motiongen_2199,36.649999999999999,4.3170000000000002,1.627,0.88800000000000001,0.057000000000000002
motiongen_2200,36.667000000000002,4.3029999999999999,1.6240000000000001,0.88900000000000001,0.043999999999999997
motiongen_2201,36.683,4.2880000000000003,1.6220000000000001,0.89000000000000001,0.029999999999999999
motiongen_2202,36.700000000000003,4.2729999999999997,1.619,0.89000000000000001,0.017000000000000001
motiongen_2203,36.716999999999999,4.2590000000000003,1.6160000000000001,0.89000000000000001,0.0030000000000000001
motiongen_2204,36.732999999999997,4.2439999999999998,1.6140000000000001,0.89000000000000001,-0.01
motiongen_2205,36.75,4.2300000000000004,1.611,0.89000000000000001,-0.024
motiongen_2206,36.767000000000003,4.2149999999999999,1.607,0.89000000000000001,-0.036999999999999998
motiongen_2207,36.783000000000001,4.2010000000000005,1.6040000000000001,0.88900000000000001,-0.050999999999999997
motiongen_2208,36.799999999999997,4.1859999999999999,1.601,0.88800000000000001,-0.064000000000000001
motiongen_2209,36.817,4.1719999999999997,1.597,0.88700000000000001,-0.076999999999999999
motiongen_2210,36.832999999999998,4.1580000000000004,1.5940000000000001,0.88600000000000001,-0.090999999999999998
motiongen_2211,36.850000000000001,4.1429999999999998,1.5900000000000001,0.88500000000000001,-0.104
motiongen_2212,36.866999999999997,4.1289999999999996,1.5860000000000001,0.88300000000000001,-0.11700000000000001
motiongen_2213,36.883000000000003,4.1150000000000002,1.5820000000000001,0.88100000000000001,-0.13
motiongen_2214,36.899999999999999,4.101,1.5780000000000001,0.879,-0.14399999999999999
motiongen_2215,36.917000000000002,4.0869999999999997,1.573,0.876,-0.157
motiongen_2216,36.933,4.0730000000000004,1.569,0.874,-0.17000000000000001
motiongen_2217,36.950000000000003,4.0590000000000002,1.5649999999999999,0.871,-0.183
motiongen_2218,36.966999999999999,4.0449999999999999,1.5600000000000001,0.86799999999999999,-0.19700000000000001
motiongen_2219,36.982999999999997,4.032,1.5549999999999999,0.86499999999999999,-0.20999999999999999
motiongen_2220,37,4.0179999999999998,1.5509999999999999,0.86099999999999999,-0.223
motiongen_2221,37.017000000000003,4.0049999999999999,1.546,0.85699999999999998,-0.23599999999999999
motiongen_2222,37.033000000000001,3.9910000000000001,1.5409999999999999,0.85299999999999998,-0.249
motiongen_2223,37.049999999999997,3.9779999999999998,1.536,0.84899999999999998,-0.26300000000000001
motiongen_2224,37.067,3.9649999999999999,1.53,0.84499999999999997,-0.27600000000000002
motiongen_2225,37.082999999999998,3.952,1.5249999999999999,0.83999999999999997,-0.28899999999999998
motiongen_2226,37.100000000000001,3.9390000000000001,1.52,0.83499999999999996,-0.30199999999999999
motiongen_2227,37.116999999999997,3.9260000000000002,1.514,0.82999999999999996,-0.315
motiongen_2228,37.133000000000003,3.9130000000000003,1.5089999999999999,0.82499999999999996,-0.32800000000000001
motiongen_2229,37.149999999999999,3.9009999999999998,1.5029999999999999,0.81999999999999995,-0.34100000000000003
motiongen_2230,37.167000000000002,3.8879999999999999,1.498,0.81399999999999995,-0.35499999999999998
motiongen_2231,37.183,3.8760000000000003,1.492,0.80800000000000005,-0.36799999999999999
motiongen_2232,37.200000000000003,3.8639999999999999,1.486,0.80200000000000005,-0.38
motiongen_2233,37.216999999999999,3.8520000000000003,1.4810000000000001,0.79600000000000004,-0.39300000000000002
motiongen_2234,37.232999999999997,3.8399999999999999,1.4750000000000001,0.78900000000000003,-0.40600000000000003
motiongen_2235,37.25,3.8280000000000003,1.4690000000000001,0.78200000000000003,-0.41899999999999998
motiongen_2236,37.267000000000003,3.8159999999999998,1.4630000000000001,0.77500000000000002,-0.432
motiongen_2237,37.283000000000001,3.8049999999999997,1.4570000000000001,0.76800000000000002,-0.44400000000000001
motiongen_2238,37.299999999999997,3.794,1.4510000000000001,0.76100000000000001,-0.45700000000000002
motiongen_2239,37.317,3.782,1.4450000000000001,0.753,-0.46899999999999997
motiongen_2240,37.332999999999998,3.7709999999999999,1.4390000000000001,0.745,-0.48099999999999998
motiongen_2241,37.350000000000001,3.7610000000000001,1.4330000000000001,0.73699999999999999,-0.49299999999999999
motiongen_2242,37.366999999999997,3.75,1.427,0.72899999999999998,-0.505
motiongen_2243,37.383000000000003,3.7389999999999999,1.4199999999999999,0.72099999999999997,-0.51700000000000002
motiongen_2244,37.399999999999999,3.7290000000000001,1.4139999999999999,0.71199999999999997,-0.52900000000000003
motiongen_2245,37.417000000000002,3.7190000000000003,1.4079999999999999,0.70299999999999996,-0.54000000000000004
motiongen_2246,37.433,3.7090000000000001,1.4019999999999999,0.69399999999999995,-0.55100000000000005
motiongen_2247,37.450000000000003,3.6989999999999998,1.3959999999999999,0.68500000000000005,-0.56200000000000006
motiongen_2248,37.466999999999999,3.6890000000000001,1.3899999999999999,0.67600000000000005,-0.57299999999999995
motiongen_2249,37.482999999999997,3.6799999999999997,1.3839999999999999,0.66600000000000004,-0.58299999999999996
motiongen_2250,37.5,3.6710000000000003,1.3779999999999999,0.65600000000000003,-0.59399999999999997
motiongen_2251,37.517000000000003,3.661,1.3720000000000001,0.64600000000000002,-0.60399999999999998
motiongen_2252,37.533000000000001,3.653,1.3660000000000001,0.63600000000000001,-0.61299999999999999
motiongen_2253,37.549999999999997,3.6440000000000001,1.3600000000000001,0.626,-0.623
motiongen_2254,37.567,3.6349999999999998,1.3540000000000001,0.61599999999999999,-0.63200000000000001
motiongen_2255,37.582999999999998,3.6269999999999998,1.3480000000000001,0.60499999999999998,-0.64100000000000001
motiongen_2256,37.600000000000001,3.6180000000000003,1.3420000000000001,0.59499999999999997,-0.64900000000000002
motiongen_2257,37.616999999999997,3.6100000000000003,1.337,0.58399999999999996,-0.65700000000000003
motiongen_2258,37.633000000000003,3.6029999999999998,1.331,0.57299999999999995,-0.66500000000000004
motiongen_2259,37.649999999999999,3.5949999999999998,1.325,0.56200000000000006,-0.67200000000000004
motiongen_2260,37.667000000000002,3.5869999999999997,1.3200000000000001,0.55000000000000004,-0.67900000000000005
motiongen_2261,37.683,3.5800000000000001,1.3140000000000001,0.53900000000000003,-0.68600000000000005
motiongen_2262,37.700000000000003,3.573,1.3089999999999999,0.52800000000000002,-0.69199999999999995
motiongen_2263,37.716999999999999,3.5659999999999998,1.3029999999999999,0.51600000000000001,-0.69799999999999995
motiongen_2264,37.732999999999997,3.5590000000000002,1.298,0.505,-0.70299999999999996
motiongen_2265,37.75,3.552,1.2929999999999999,0.49299999999999999,-0.70799999999999996
motiongen_2266,37.767000000000003,3.5460000000000003,1.288,0.48099999999999998,-0.71299999999999997
motiongen_2267,37.783000000000001,3.54,1.2829999999999999,0.46899999999999997,-0.71699999999999997
motiongen_2268,37.799999999999997,3.5339999999999998,1.278,0.45700000000000002,-0.71999999999999997
motiongen_2269,37.817,3.528,1.2729999999999999,0.44500000000000001,-0.72399999999999998
motiongen_2270,37.832999999999998,3.5220000000000002,1.268,0.433,-0.72699999999999998
motiongen_2271,37.850000000000001,3.516,1.264,0.42099999999999999,-0.72899999999999998
motiongen_2272,37.866999999999997,3.5110000000000001,1.2589999999999999,0.40899999999999997,-0.73099999999999998
motiongen_2273,37.883000000000003,3.5060000000000002,1.2549999999999999,0.39700000000000002,-0.73299999999999998
motiongen_2274,37.899999999999999,3.5010000000000003,1.25,0.38500000000000001,-0.73399999999999999
motiongen_2275,37.917000000000002,3.496,1.246,0.372,-0.73499999999999999
motiongen_2276,37.933,3.4910000000000001,1.242,0.35999999999999999,-0.73499999999999999
motiongen_2277,37.950000000000003,3.4870000000000001,1.238,0.34799999999999998,-0.73499999999999999
motiongen_2278,37.966999999999999,3.4820000000000002,1.234,0.33600000000000002,-0.73499999999999999
motiongen_2279,37.982999999999997,3.4779999999999998,1.2310000000000001,0.32300000000000001,-0.73499999999999999
motiongen_2280,38,3.4740000000000002,1.2270000000000001,0.311,-0.73399999999999999
motiongen_2281,38.017000000000003,3.4699999999999998,1.224,0.29899999999999999,-0.73199999999999998
motiongen_2282,38.033000000000001,3.4670000000000001,1.22,0.28699999999999998,-0.73099999999999998
motiongen_2283,38.049999999999997,3.4630000000000001,1.2170000000000001,0.27400000000000002,-0.72899999999999998
motiongen_2284,38.067,3.46,1.214,0.26200000000000001,-0.72699999999999998
motiongen_2285,38.082999999999998,3.4569999999999999,1.2110000000000001,0.25,-0.72399999999999998
motiongen_2286,38.100000000000001,3.4539999999999997,1.208,0.23799999999999999,-0.72099999999999997
motiongen_2287,38.116999999999997,3.4510000000000001,1.206,0.22600000000000001,-0.71799999999999997
motiongen_2288,38.133000000000003,3.448,1.2030000000000001,0.214,-0.71499999999999997
motiongen_2289,38.149999999999999,3.4450000000000003,1.2010000000000001,0.20200000000000001,-0.71199999999999997
motiongen_2290,38.167000000000002,3.4430000000000001,1.198,0.19,-0.70799999999999996
motiongen_2291,38.183,3.4399999999999999,1.196,0.17899999999999999,-0.70399999999999996
motiongen_2292,38.200000000000003,3.4379999999999997,1.194,0.16700000000000001,-0.69999999999999996
motiongen_2293,38.216999999999999,3.4359999999999999,1.1919999999999999,0.155,-0.69599999999999995
motiongen_2294,38.232999999999997,3.4340000000000002,1.1899999999999999,0.14399999999999999,-0.69199999999999995
motiongen_2295,38.25,3.4329999999999998,1.1890000000000001,0.13200000000000001,-0.68799999999999994
motiongen_2296,38.267000000000003,3.431,1.1870000000000001,0.121,-0.68300000000000005
motiongen_2297,38.283000000000001,3.4299999999999997,1.1859999999999999,0.109,-0.67900000000000005
motiongen_2298,38.299999999999997,3.4279999999999999,1.1839999999999999,0.098000000000000004,-0.67400000000000004
motiongen_2299,38.317,3.427,1.1830000000000001,0.086999999999999994,-0.66900000000000004
motiongen_2300,38.332999999999998,3.4260000000000002,1.1819999999999999,0.074999999999999997,-0.66500000000000004
motiongen_2301,38.350000000000001,3.4249999999999998,1.181,0.064000000000000001,-0.66000000000000003
motiongen_2302,38.366999999999997,3.4239999999999999,1.181,0.052999999999999999,-0.65500000000000003
motiongen_2303,38.383000000000003,3.4239999999999999,1.1799999999999999,0.042000000000000003,-0.65100000000000002
motiongen_2304,38.399999999999999,3.423,1.1799999999999999,0.032000000000000001,-0.64600000000000002
motiongen_2305,38.417000000000002,3.423,1.179,0.021000000000000001,-0.64200000000000002
motiongen_2306,38.433,3.423,1.179,0.01,-0.57599999999999996
motiongen_2307,38.450000000000003,3.423,1.179,0.001,0.63300000000000001
motiongen_2308,38.466999999999999,3.423,1.179,0.010999999999999999,0.628
motiongen_2309,38.482999999999997,3.423,1.179,0.021999999999999999,0.624
motiongen_2310,38.5,3.423,1.179,0.032000000000000001,0.61899999999999999
motiongen_2311,38.517000000000003,3.423,1.1799999999999999,0.042000000000000003,0.61499999999999999
motiongen_2312,38.533000000000001,3.4239999999999999,1.1799999999999999,0.051999999999999998,0.61099999999999999
motiongen_2313,38.549999999999997,3.4239999999999999,1.181,0.063,0.60699999999999998
motiongen_2314,38.567,3.4249999999999998,1.181,0.072999999999999995,0.60399999999999998
motiongen_2315,38.582999999999998,3.4260000000000002,1.1819999999999999,0.083000000000000004,0.59999999999999998
motiongen_2316,38.600000000000001,3.427,1.1830000000000001,0.092999999999999999,0.59599999999999997
motiongen_2317,38.616999999999997,3.4279999999999999,1.1839999999999999,0.10299999999999999,0.59299999999999997
motiongen_2318,38.633000000000003,3.4290000000000003,1.1859999999999999,0.113,0.58999999999999997
motiongen_2319,38.649999999999999,3.431,1.1870000000000001,0.123,0.58699999999999997
motiongen_2320,38.667000000000002,3.4319999999999999,1.1879999999999999,0.13200000000000001,0.58399999999999996
motiongen_2321,38.683,3.4340000000000002,1.1899999999999999,0.14199999999999999,0.58099999999999996
motiongen_2322,38.700000000000003,3.4359999999999999,1.1910000000000001,0.152,0.57799999999999996
motiongen_2323,38.716999999999999,3.4370000000000003,1.1930000000000001,0.161,0.57599999999999996
motiongen_2324,38.732999999999997,3.4390000000000001,1.1950000000000001,0.17100000000000001,0.57399999999999995
motiongen_2325,38.75,3.4409999999999998,1.1970000000000001,0.18099999999999999,0.57199999999999995
motiongen_2326,38.767000000000003,3.444,1.1990000000000001,0.19,0.56999999999999995
motiongen_2327,38.783000000000001,3.4459999999999997,1.2010000000000001,0.20000000000000001,0.56799999999999995
motiongen_2328,38.799999999999997,3.448,1.2030000000000001,0.20899999999999999,0.56699999999999995
motiongen_2329,38.817,3.4510000000000001,1.206,0.218,0.56599999999999995
motiongen_2330,38.832999999999998,3.4539999999999997,1.208,0.22800000000000001,0.56399999999999995
motiongen_2331,38.850000000000001,3.456,1.2110000000000001,0.23699999999999999,0.56399999999999995
motiongen_2332,38.866999999999997,3.4590000000000001,1.214,0.247,0.56299999999999994
motiongen_2333,38.883000000000003,3.4619999999999997,1.216,0.25600000000000001,0.56200000000000006
motiongen_2334,38.899999999999999,3.4649999999999999,1.2190000000000001,0.26500000000000001,0.56200000000000006
motiongen_2335,38.917000000000002,3.4690000000000003,1.222,0.27500000000000002,0.56200000000000006
motiongen_2336,38.933,3.472,1.2250000000000001,0.28399999999999997,0.56200000000000006
motiongen_2337,38.950000000000003,3.476,1.228,0.29399999999999998,0.56200000000000006
motiongen_2338,38.966999999999999,3.4790000000000001,1.232,0.30299999999999999,0.56299999999999994
motiongen_2339,38.982999999999997,3.4830000000000001,1.2350000000000001,0.312,0.56399999999999995
motiongen_2340,39,3.4870000000000001,1.238,0.32200000000000001,0.56399999999999995
motiongen_2341,39.017000000000003,3.4910000000000001,1.242,0.33100000000000002,0.56599999999999995
motiongen_2342,39.033000000000001,3.4950000000000001,1.246,0.34100000000000003,0.56699999999999995
motiongen_2343,39.049999999999997,3.5,1.2490000000000001,0.34999999999999998,0.56799999999999995
motiongen_2344,39.067,3.504,1.2529999999999999,0.35899999999999999,0.56999999999999995
motiongen_2345,39.082999999999998,3.5090000000000003,1.2569999999999999,0.36899999999999999,0.57199999999999995
motiongen_2346,39.100000000000001,3.5129999999999999,1.2609999999999999,0.378,0.57399999999999995
motiongen_2347,39.116999999999997,3.5179999999999998,1.2649999999999999,0.38800000000000001,0.57599999999999996
motiongen_2348,39.133000000000003,3.5230000000000001,1.2689999999999999,0.39800000000000002,0.57799999999999996
motiongen_2349,39.149999999999999,3.528,1.2729999999999999,0.40699999999999997,0.58099999999999996
motiongen_2350,39.167000000000002,3.5330000000000004,1.278,0.41699999999999998,0.58399999999999996
motiongen_2351,39.183,3.5389999999999997,1.282,0.42699999999999999,0.58699999999999997
motiongen_2352,39.200000000000003,3.544,1.286,0.436,0.58999999999999997
motiongen_2353,39.216999999999999,3.5499999999999998,1.2909999999999999,0.44600000000000001,0.59299999999999997
motiongen_2354,39.232999999999997,3.556,1.296,0.45600000000000002,0.59599999999999997
motiongen_2355,39.25,3.5620000000000003,1.3,0.46600000000000003,0.59999999999999998
motiongen_2356,39.267000000000003,3.5680000000000001,1.3049999999999999,0.47599999999999998,0.60399999999999998
motiongen_2357,39.283000000000001,3.5739999999999998,1.3100000000000001,0.48599999999999999,0.60699999999999998
motiongen_2358,39.299999999999997,3.581,1.3149999999999999,0.496,0.61099999999999999
motiongen_2359,39.317,3.5869999999999997,1.3200000000000001,0.50600000000000001,0.61499999999999999
motiongen_2360,39.332999999999998,3.5940000000000003,1.325,0.51700000000000002,0.62
motiongen_2361,39.350000000000001,3.601,1.3300000000000001,0.52700000000000002,0.624
motiongen_2362,39.366999999999997,3.6080000000000001,1.335,0.53700000000000003,0.628
motiongen_2363,39.383000000000003,3.6160000000000001,1.3400000000000001,0.54800000000000004,0.63300000000000001
motiongen_2364,39.399999999999999,3.6230000000000002,1.345,0.55800000000000005,0.63700000000000001
motiongen_2365,39.417000000000002,3.6310000000000002,1.351,0.56899999999999995,0.64200000000000002
motiongen_2366,39.433,3.6379999999999999,1.3560000000000001,0.57999999999999996,0.64600000000000002
motiongen_2367,39.450000000000003,3.6459999999999999,1.3620000000000001,0.59099999999999997,0.65100000000000002
motiongen_2368,39.466999999999999,3.6550000000000002,1.367,0.60099999999999998,0.65600000000000003
motiongen_2369,39.482999999999997,3.6630000000000003,1.373,0.61199999999999999,0.66000000000000003
motiongen_2370,39.5,3.6710000000000003,1.3779999999999999,0.623,0.66500000000000004
motiongen_2371,39.517000000000003,3.6799999999999997,1.3839999999999999,0.63400000000000001,0.67000000000000004
motiongen_2372,39.533000000000001,3.6890000000000001,1.3899999999999999,0.64600000000000002,0.67400000000000004
motiongen_2373,39.549999999999997,3.698,1.395,0.65700000000000003,0.67900000000000005
motiongen_2374,39.567,3.7069999999999999,1.401,0.66800000000000004,0.68300000000000005
motiongen_2375,39.582999999999998,3.7170000000000001,1.407,0.68000000000000005,0.68700000000000006
motiongen_2376,39.600000000000001,3.7270000000000003,1.413,0.69099999999999995,0.69099999999999995
motiongen_2377,39.616999999999997,3.7370000000000001,1.419,0.70199999999999996,0.69499999999999995
motiongen_2378,39.633000000000003,3.7469999999999999,1.425,0.71399999999999997,0.69899999999999995
motiongen_2379,39.649999999999999,3.7570000000000001,1.431,0.72599999999999998,0.70299999999999996
motiongen_2380,39.667000000000002,3.7670000000000003,1.4370000000000001,0.73699999999999999,0.70599999999999996
motiongen_2381,39.683,3.778,1.4430000000000001,0.749,0.70899999999999996
motiongen_2382,39.700000000000003,3.7889999999999997,1.4490000000000001,0.76100000000000001,0.71099999999999997
motiongen_2383,39.716999999999999,3.7999999999999998,1.454,0.77300000000000002,0.71399999999999997
motiongen_2384,39.732999999999997,3.8120000000000003,1.46,0.78500000000000003,0.71599999999999997
motiongen_2385,39.75,3.823,1.466,0.79700000000000004,0.71699999999999997
motiongen_2386,39.767000000000003,3.835,1.472,0.80900000000000005,0.71799999999999997
motiongen_2387,39.783000000000001,3.847,1.478,0.82099999999999995,0.71799999999999997
motiongen_2388,39.799999999999997,3.8600000000000003,1.484,0.83299999999999996,0.71799999999999997
motiongen_2389,39.817,3.8719999999999999,1.49,0.84499999999999997,0.71699999999999997
motiongen_2390,39.832999999999998,3.8849999999999998,1.496,0.85699999999999998,0.71599999999999997
motiongen_2391,39.850000000000001,3.8980000000000001,1.502,0.86799999999999999,0.71399999999999997
motiongen_2392,39.866999999999997,3.911,1.508,0.88,0.71099999999999997
motiongen_2393,39.883000000000003,3.9249999999999998,1.514,0.89200000000000002,0.70699999999999996
motiongen_2394,39.899999999999999,3.9379999999999997,1.52,0.90400000000000003,0.70199999999999996
motiongen_2395,39.917000000000002,3.952,1.5249999999999999,0.91600000000000004,0.69599999999999995
motiongen_2396,39.933,3.9660000000000002,1.5309999999999999,0.92700000000000005,0.68899999999999995
motiongen_2397,39.950000000000003,3.9809999999999999,1.5369999999999999,0.93899999999999995,0.68100000000000005
motiongen_2398,39.966999999999999,3.9950000000000001,1.542,0.94999999999999996,0.67200000000000004
motiongen_2399,39.982999999999997,4.0099999999999998,1.548,0.96099999999999997,0.66200000000000003
motiongen_2400,40,4.0250000000000004,1.5529999999999999,0.97199999999999998,0.65100000000000002
motiongen_2401,40.017000000000003,4.0410000000000004,1.5580000000000001,0.98299999999999998,0.63800000000000001
motiongen_2402,40.033000000000001,4.056,1.5640000000000001,0.99399999999999999,0.623
motiongen_2403,40.049999999999997,4.0720000000000001,1.569,1.004,0.60699999999999998
motiongen_2404,40.067,4.0880000000000001,1.5740000000000001,1.014,0.58999999999999997
motiongen_2405,40.082999999999998,4.1040000000000001,1.579,1.024,0.57099999999999995
motiongen_2406,40.100000000000001,4.1210000000000004,1.583,1.034,0.55100000000000005
motiongen_2407,40.116999999999997,4.1370000000000005,1.5880000000000001,1.0429999999999999,0.52800000000000002
motiongen_2408,40.133000000000003,4.1539999999999999,1.593,1.052,0.504
motiongen_2409,40.149999999999999,4.1710000000000003,1.597,1.0600000000000001,0.47799999999999998
motiongen_2410,40.167000000000002,4.1879999999999997,1.601,1.0680000000000001,0.45000000000000001
motiongen_2411,40.183,4.2050000000000001,1.605,1.0760000000000001,0.42099999999999999
motiongen_2412,40.200000000000003,4.2229999999999999,1.609,1.083,0.38900000000000001
motiongen_2413,40.216999999999999,4.2409999999999997,1.613,1.089,0.35499999999999998
motiongen_2414,40.232999999999997,4.258,1.6160000000000001,1.095,0.32000000000000001
motiongen_2415,40.25,4.2759999999999998,1.6200000000000001,1.1000000000000001,0.28199999999999997
motiongen_2416,40.267000000000003,4.2940000000000005,1.623,1.105,0.24299999999999999
motiongen_2417,40.283000000000001,4.3130000000000006,1.6259999999999999,1.109,0.20100000000000001
motiongen_2418,40.299999999999997,4.3309999999999995,1.629,1.1120000000000001,0.157
motiongen_2419,40.317,4.3490000000000002,1.631,1.115,0.112
motiongen_2420,40.332999999999998,4.3680000000000003,1.6339999999999999,1.117,0.065000000000000002
motiongen_2421,40.350000000000001,4.3860000000000001,1.6359999999999999,1.1180000000000001,0.014999999999999999
motiongen_2422,40.366999999999997,4.4050000000000002,1.6379999999999999,1.1180000000000001,-0.035999999999999997
motiongen_2423,40.383000000000003,4.423,1.6399999999999999,1.1180000000000001,-0.087999999999999995
motiongen_2424,40.399999999999999,4.4420000000000002,1.641,1.1160000000000001,-0.14299999999999999
motiongen_2425,40.417000000000002,4.46,1.643,1.1140000000000001,-0.19800000000000001
motiongen_2426,40.433,4.4790000000000001,1.6439999999999999,1.1100000000000001,-0.25600000000000001
motiongen_2427,40.450000000000003,4.4969999999999999,1.645,1.1060000000000001,-0.314
motiongen_2428,40.466999999999999,4.516,1.6459999999999999,1.101,-0.373
motiongen_2429,40.482999999999997,4.5340000000000007,1.6459999999999999,1.095,-0.434
motiongen_2430,40.5,4.5519999999999996,1.6459999999999999,1.0880000000000001,-0.495
motiongen_2431,40.517000000000003,4.5700000000000003,1.6459999999999999,1.079,-0.55700000000000005
motiongen_2432,40.533000000000001,4.5880000000000001,1.6459999999999999,1.0700000000000001,-0.61899999999999999
motiongen_2433,40.549999999999997,4.6059999999999999,1.6459999999999999,1.0600000000000001,-0.68100000000000005
motiongen_2434,40.567,4.6240000000000006,1.6459999999999999,1.048,-0.74299999999999999
motiongen_2435,40.582999999999998,4.641,1.645,1.036,-0.80500000000000005
motiongen_2436,40.600000000000001,4.6590000000000007,1.6439999999999999,1.0229999999999999,-0.86699999999999999
motiongen_2437,40.616999999999997,4.6760000000000002,1.643,1.008,-0.92800000000000005
motiongen_2438,40.633000000000003,4.6920000000000002,1.6419999999999999,0.99299999999999999,-0.98799999999999999
motiongen_2439,40.649999999999999,4.7089999999999996,1.641,0.97599999999999998,-1.0469999999999999
motiongen_2440,40.667000000000002,4.7249999999999996,1.639,0.95899999999999996,-1.105
motiongen_2441,40.683,4.7409999999999997,1.6379999999999999,0.93999999999999995,-1.1619999999999999
motiongen_2442,40.700000000000003,4.7569999999999997,1.6359999999999999,0.92100000000000004,-1.216
motiongen_2443,40.716999999999999,4.7720000000000002,1.6339999999999999,0.90100000000000002,-1.2689999999999999
motiongen_2444,40.732999999999997,4.7869999999999999,1.6319999999999999,0.879,-1.3200000000000001
motiongen_2445,40.75,4.8010000000000002,1.6299999999999999,0.85699999999999998,-1.369
motiongen_2446,40.767000000000003,4.8149999999999995,1.6279999999999999,0.83499999999999996,-1.415
motiongen_2447,40.783000000000001,4.8290000000000006,1.6259999999999999,0.81100000000000005,-1.4590000000000001
motiongen_2448,40.799999999999997,4.8420000000000005,1.6240000000000001,0.78700000000000003,-1.5
motiongen_2449,40.817,4.8550000000000004,1.6220000000000001,0.76200000000000001,-1.5389999999999999
motiongen_2450,40.832999999999998,4.8680000000000003,1.6200000000000001,0.73599999999999999,-1.575
motiongen_2451,40.850000000000001,4.8799999999999999,1.617,0.70999999999999996,-1.607
motiongen_2452,40.866999999999997,4.8919999999999995,1.615,0.68300000000000005,-1.6379999999999999
motiongen_2453,40.883000000000003,4.9030000000000005,1.613,0.65600000000000003,-1.665
motiongen_2454,40.899999999999999,4.9130000000000003,1.611,0.628,-1.6890000000000001
motiongen_2455,40.917000000000002,4.9239999999999995,1.609,0.59999999999999998,-1.71
motiongen_2456,40.933,4.9329999999999998,1.6060000000000001,0.57099999999999995,-1.728
motiongen_2457,40.950000000000003,4.9429999999999996,1.6040000000000001,0.54300000000000004,-1.744
motiongen_2458,40.966999999999999,4.9510000000000005,1.6020000000000001,0.51400000000000001,-1.756
motiongen_2459,40.982999999999997,4.96,1.6000000000000001,0.48399999999999999,-1.766
motiongen_2460,41,4.968,1.5980000000000001,0.45500000000000002,-1.7729999999999999
motiongen_2461,41.017000000000003,4.9749999999999996,1.5960000000000001,0.42499999999999999,-1.7769999999999999
motiongen_2462,41.033000000000001,4.9820000000000002,1.595,0.39600000000000002,-1.7789999999999999
motiongen_2463,41.049999999999997,4.9879999999999995,1.593,0.36599999999999999,-1.778
motiongen_2464,41.067,4.9939999999999998,1.591,0.33600000000000002,-1.7749999999999999
motiongen_2465,41.082999999999998,5,1.5900000000000001,0.307,-1.7689999999999999
motiongen_2466,41.100000000000001,5.0039999999999996,1.589,0.27700000000000002,-1.762
motiongen_2467,41.116999999999997,5.0090000000000003,1.587,0.248,-1.752
motiongen_2468,41.133000000000003,5.0129999999999999,1.5860000000000001,0.219,-1.74
motiongen_2469,41.149999999999999,5.016,1.585,0.19,-1.7270000000000001
motiongen_2470,41.167000000000002,5.0190000000000001,1.585,0.161,-1.7110000000000001
motiongen_2471,41.183,5.0220000000000002,1.5840000000000001,0.13200000000000001,-1.694
motiongen_2472,41.200000000000003,5.024,1.583,0.104,-1.6759999999999999
motiongen_2473,41.216999999999999,5.0259999999999998,1.583,0.075999999999999998,-1.657
motiongen_2474,41.232999999999997,5.0270000000000001,1.5820000000000001,0.049000000000000002,-1.6359999999999999
motiongen_2475,41.25,5.0280000000000005,1.5820000000000001,0.021000000000000001,-0.95599999999999996
motiongen_2476,41.267000000000003,5.0280000000000005,1.5820000000000001,0.0050000000000000001,1.591
motiongen_2477,41.283000000000001,5.0280000000000005,1.5820000000000001,0.032000000000000001,1.5669999999999999
motiongen_2478,41.299999999999997,5.0280000000000005,1.5820000000000001,0.058000000000000003,1.542
motiongen_2479,41.317,5.0270000000000001,1.5820000000000001,0.084000000000000005,1.5169999999999999
motiongen_2480,41.332999999999998,5.0250000000000004,1.583,0.109,1.4910000000000001
motiongen_2481,41.350000000000001,5.024,1.583,0.13400000000000001,1.464
motiongen_2482,41.366999999999997,5.0209999999999999,1.5840000000000001,0.158,1.4370000000000001
motiongen_2483,41.383000000000003,5.0190000000000001,1.585,0.182,1.4099999999999999
motiongen_2484,41.399999999999999,5.016,1.5860000000000001,0.20599999999999999,1.3819999999999999
motiongen_2485,41.417000000000002,5.0129999999999999,1.5860000000000001,0.22900000000000001,1.3540000000000001
motiongen_2486,41.433,5.0090000000000003,1.587,0.251,1.3260000000000001
motiongen_2487,41.450000000000003,5.0049999999999999,1.589,0.27400000000000002,1.298
motiongen_2488,41.466999999999999,5.0009999999999994,1.5900000000000001,0.29499999999999998,1.27
motiongen_2489,41.482999999999997,4.9960000000000004,1.591,0.316,1.242
motiongen_2490,41.5,4.9909999999999997,1.5920000000000001,0.33700000000000002,1.214
motiongen_2491,41.517000000000003,4.9849999999999994,1.5940000000000001,0.35699999999999998,1.1859999999999999
motiongen_2492,41.533000000000001,4.9790000000000001,1.595,0.377,1.1579999999999999
motiongen_2493,41.549999999999997,4.9729999999999999,1.597,0.39600000000000002,1.1299999999999999
motiongen_2494,41.567,4.9670000000000005,1.5980000000000001,0.41499999999999998,1.103
motiongen_2495,41.582999999999998,4.96,1.6000000000000001,0.434,1.075
motiongen_2496,41.600000000000001,4.9529999999999994,1.6020000000000001,0.45100000000000001,1.048
motiongen_2497,41.616999999999997,4.9459999999999997,1.603,0.46899999999999997,1.0209999999999999
motiongen_2498,41.633000000000003,4.9380000000000006,1.605,0.48599999999999999,0.995
motiongen_2499,41.649999999999999,4.9299999999999997,1.607,0.503,0.96899999999999997
motiongen_2500,41.667000000000002,4.9220000000000006,1.609,0.51900000000000002,0.94299999999999995
motiongen_2501,41.683,4.9139999999999997,1.611,0.53400000000000003,0.91700000000000004
motiongen_2502,41.700000000000003,4.9050000000000002,1.6120000000000001,0.55000000000000004,0.89200000000000002
motiongen_2503,41.716999999999999,4.8959999999999999,1.6140000000000001,0.56499999999999995,0.86699999999999999
motiongen_2504,41.732999999999997,4.8870000000000005,1.6160000000000001,0.57899999999999996,0.84299999999999997
motiongen_2505,41.75,4.8770000000000007,1.6180000000000001,0.59299999999999997,0.81899999999999995
motiongen_2506,41.767000000000003,4.8680000000000003,1.6200000000000001,0.60699999999999998,0.79500000000000004
motiongen_2507,41.783000000000001,4.8580000000000005,1.6220000000000001,0.62,0.77200000000000002
motiongen_2508,41.799999999999997,4.8479999999999999,1.623,0.63300000000000001,0.749
motiongen_2509,41.817,4.8369999999999997,1.625,0.64500000000000002,0.72599999999999998
motiongen_2510,41.832999999999998,4.8260000000000005,1.627,0.65700000000000003,0.70399999999999996
motiongen_2511,41.850000000000001,4.8159999999999998,1.6279999999999999,0.66900000000000004,0.68200000000000005
motiongen_2512,41.866999999999997,4.8049999999999997,1.6299999999999999,0.68000000000000005,0.66000000000000003
motiongen_2513,41.883000000000003,4.7930000000000001,1.6319999999999999,0.69099999999999995,0.63900000000000001
motiongen_2514,41.899999999999999,4.782,1.633,0.70199999999999996,0.61799999999999999
motiongen_2515,41.917000000000002,4.7699999999999996,1.635,0.71199999999999997,0.59799999999999998
motiongen_2516,41.933,4.7590000000000003,1.6359999999999999,0.72199999999999998,0.57699999999999996
motiongen_2517,41.950000000000003,4.7469999999999999,1.637,0.73199999999999998,0.55700000000000005
motiongen_2518,41.966999999999999,4.734,1.6379999999999999,0.74099999999999999,0.53800000000000003
motiongen_2519,41.982999999999997,4.7219999999999995,1.6399999999999999,0.75,0.51900000000000002
motiongen_2520,42,4.71,1.641,0.75900000000000001,0.5
motiongen_2521,42.017000000000003,4.6970000000000001,1.6419999999999999,0.76700000000000002,0.48099999999999998
motiongen_2522,42.033000000000001,4.6840000000000002,1.643,0.77500000000000002,0.46300000000000002
motiongen_2523,42.049999999999997,4.6709999999999994,1.643,0.78300000000000003,0.44500000000000001
motiongen_2524,42.067,4.6579999999999995,1.6439999999999999,0.79000000000000004,0.42699999999999999
motiongen_2525,42.082999999999998,4.6449999999999996,1.645,0.79700000000000004,0.40899999999999997
motiongen_2526,42.100000000000001,4.6319999999999997,1.645,0.80400000000000005,0.39200000000000002
motiongen_2527,42.116999999999997,4.6189999999999998,1.6459999999999999,0.81100000000000005,0.375
motiongen_2528,42.133000000000003,4.6050000000000004,1.6459999999999999,0.81699999999999995,0.35799999999999998
motiongen_2529,42.149999999999999,4.5910000000000002,1.6459999999999999,0.82299999999999995,0.34200000000000003
motiongen_2530,42.167000000000002,4.5779999999999994,1.6459999999999999,0.82899999999999996,0.32600000000000001
motiongen_2531,42.183,4.5640000000000001,1.6459999999999999,0.83399999999999996,0.309
motiongen_2532,42.200000000000003,4.5499999999999998,1.6459999999999999,0.83899999999999997,0.29399999999999998
motiongen_2533,42.216999999999999,4.5359999999999996,1.6459999999999999,0.84399999999999997,0.27800000000000002
motiongen_2534,42.232999999999997,4.5220000000000002,1.6459999999999999,0.84899999999999998,0.26200000000000001
motiongen_2535,42.25,4.508,1.645,0.85299999999999998,0.247
motiongen_2536,42.267000000000003,4.4939999999999998,1.645,0.85699999999999998,0.23200000000000001
motiongen_2537,42.283000000000001,4.4790000000000001,1.6439999999999999,0.86099999999999999,0.217
motiongen_2538,42.299999999999997,4.4649999999999999,1.643,0.86499999999999999,0.20200000000000001
motiongen_2539,42.317,4.4510000000000005,1.6419999999999999,0.86799999999999999,0.187
motiongen_2540,42.332999999999998,4.4359999999999999,1.641,0.871,0.17299999999999999
motiongen_2541,42.350000000000001,4.4220000000000006,1.6399999999999999,0.874,0.158
motiongen_2542,42.366999999999997,4.407,1.6379999999999999,0.877,0.14399999999999999
motiongen_2543,42.383000000000003,4.3930000000000007,1.637,0.879,0.13
motiongen_2544,42.399999999999999,4.3780000000000001,1.635,0.88100000000000001,0.115
motiongen_2545,42.417000000000002,4.3639999999999999,1.633,0.88300000000000001,0.10100000000000001
motiongen_2546,42.433,4.3490000000000002,1.631,0.88500000000000001,0.087999999999999995
motiongen_2547,42.450000000000003,4.3339999999999996,1.629,0.88600000000000001,0.073999999999999996
motiongen_2548,42.466999999999999,4.3200000000000003,1.627,0.88800000000000001,0.059999999999999998
motiongen_2549,42.482999999999997,4.3049999999999997,1.625,0.88900000000000001,0.045999999999999999
motiongen_2550,42.5,4.2910000000000004,1.6220000000000001,0.88900000000000001,0.033000000000000002
motiongen_2551,42.517000000000003,4.2759999999999998,1.6200000000000001,0.89000000000000001,0.019
motiongen_2552,42.533000000000001,4.2610000000000001,1.617,0.89000000000000001,0.0050000000000000001
motiongen_2553,42.549999999999997,4.2469999999999999,1.6140000000000001,0.89000000000000001,-0.0080000000000000002
motiongen_2554,42.567,4.2320000000000002,1.611,0.89000000000000001,-0.021000000000000001
motiongen_2555,42.582999999999998,4.218,1.6080000000000001,0.89000000000000001,-0.035000000000000003
motiongen_2556,42.600000000000001,4.2030000000000003,1.605,0.88900000000000001,-0.048000000000000001
motiongen_2557,42.616999999999997,4.1890000000000001,1.601,0.88900000000000001,-0.062
motiongen_2558,42.633000000000003,4.1739999999999995,1.5980000000000001,0.88800000000000001,-0.074999999999999997
motiongen_2559,42.649999999999999,4.1600000000000001,1.5940000000000001,0.88600000000000001,-0.087999999999999995
motiongen_2560,42.667000000000002,4.1459999999999999,1.5900000000000001,0.88500000000000001,-0.10100000000000001
motiongen_2561,42.683,4.1319999999999997,1.587,0.88300000000000001,-0.115
motiongen_2562,42.700000000000003,4.117,1.583,0.88100000000000001,-0.128
motiongen_2563,42.716999999999999,4.1029999999999998,1.5780000000000001,0.879,-0.14099999999999999
motiongen_2564,42.732999999999997,4.0890000000000004,1.5740000000000001,0.877,-0.154
motiongen_2565,42.75,4.0750000000000002,1.5700000000000001,0.874,-0.16800000000000001
motiongen_2566,42.767000000000003,4.0620000000000003,1.5649999999999999,0.871,-0.18099999999999999
motiongen_2567,42.783000000000001,4.048,1.5609999999999999,0.86799999999999999,-0.19400000000000001
motiongen_2568,42.799999999999997,4.0339999999999998,1.556,0.86499999999999999,-0.20699999999999999
motiongen_2569,42.817,4.0199999999999996,1.5509999999999999,0.86199999999999999,-0.221
motiongen_2570,42.832999999999998,4.0069999999999997,1.546,0.85799999999999998,-0.23400000000000001
motiongen_2571,42.850000000000001,3.9939999999999998,1.542,0.85399999999999998,-0.247
motiongen_2572,42.866999999999997,3.98,1.536,0.84999999999999998,-0.26000000000000001
motiongen_2573,42.883000000000003,3.9670000000000001,1.5309999999999999,0.84599999999999997,-0.27300000000000002
motiongen_2574,42.899999999999999,3.9539999999999997,1.526,0.84099999999999997,-0.28699999999999998
motiongen_2575,42.917000000000002,3.9409999999999998,1.5209999999999999,0.83599999999999997,-0.29999999999999999
motiongen_2576,42.933,3.9279999999999999,1.5149999999999999,0.83099999999999996,-0.313
motiongen_2577,42.950000000000003,3.915,1.51,0.82599999999999996,-0.32600000000000001
motiongen_2578,42.966999999999999,3.903,1.504,0.82099999999999995,-0.33900000000000002
motiongen_2579,42.982999999999997,3.8900000000000001,1.4990000000000001,0.81499999999999995,-0.35199999999999998
motiongen_2580,43,3.8780000000000001,1.4930000000000001,0.80900000000000005,-0.36499999999999999
motiongen_2581,43.017000000000003,3.8660000000000001,1.4870000000000001,0.80300000000000005,-0.378
motiongen_2582,43.033000000000001,3.8540000000000001,1.482,0.79700000000000004,-0.39100000000000001
motiongen_2583,43.049999999999997,3.8420000000000001,1.476,0.79000000000000004,-0.40400000000000003
motiongen_2584,43.067,3.8300000000000001,1.47,0.78300000000000003,-0.41699999999999998
motiongen_2585,43.082999999999998,3.8180000000000001,1.464,0.77700000000000002,-0.42899999999999999
motiongen_2586,43.100000000000001,3.8069999999999999,1.458,0.76900000000000002,-0.442
motiongen_2587,43.116999999999997,3.7960000000000003,1.452,0.76200000000000001,-0.45400000000000001
motiongen_2588,43.133000000000003,3.7839999999999998,1.446,0.754,-0.46700000000000003
motiongen_2589,43.149999999999999,3.7730000000000001,1.4399999999999999,0.747,-0.47899999999999998
motiongen_2590,43.167000000000002,3.762,1.4339999999999999,0.73899999999999999,-0.49099999999999999
motiongen_2591,43.183,3.7519999999999998,1.4279999999999999,0.72999999999999998,-0.503
motiongen_2592,43.200000000000003,3.7410000000000001,1.4219999999999999,0.72199999999999998,-0.51500000000000001
motiongen_2593,43.216999999999999,3.7309999999999999,1.415,0.71299999999999997,-0.52700000000000002
motiongen_2594,43.232999999999997,3.7210000000000001,1.409,0.70499999999999996,-0.53800000000000003
motiongen_2595,43.25,3.7110000000000003,1.403,0.69599999999999995,-0.54900000000000004
motiongen_2596,43.267000000000003,3.7010000000000001,1.397,0.68700000000000006,-0.56000000000000005
motiongen_2597,43.283000000000001,3.6909999999999998,1.391,0.67700000000000005,-0.57099999999999995
motiongen_2598,43.299999999999997,3.6819999999999999,1.385,0.66800000000000004,-0.58199999999999996
motiongen_2599,43.317,3.6719999999999997,1.379,0.65800000000000003,-0.59199999999999997
motiongen_2600,43.332999999999998,3.6630000000000003,1.373,0.64800000000000002,-0.60199999999999998
motiongen_2601,43.350000000000001,3.6539999999999999,1.367,0.63800000000000001,-0.61199999999999999
motiongen_2602,43.366999999999997,3.645,1.361,0.628,-0.621
motiongen_2603,43.383000000000003,3.637,1.355,0.61799999999999999,-0.63
motiongen_2604,43.399999999999999,3.6280000000000001,1.349,0.60699999999999998,-0.63900000000000001
motiongen_2605,43.417000000000002,3.6200000000000001,1.343,0.59599999999999997,-0.64800000000000002
motiongen_2606,43.433,3.6120000000000001,1.3380000000000001,0.58599999999999997,-0.65600000000000003
motiongen_2607,43.450000000000003,3.6040000000000001,1.3320000000000001,0.57499999999999996,-0.66400000000000003
motiongen_2608,43.466999999999999,3.5960000000000001,1.3260000000000001,0.56399999999999995,-0.67100000000000004
motiongen_2609,43.482999999999997,3.589,1.321,0.55200000000000005,-0.67800000000000005
motiongen_2610,43.5,3.581,1.3149999999999999,0.54100000000000004,-0.68500000000000005
motiongen_2611,43.517000000000003,3.5739999999999998,1.3100000000000001,0.53000000000000003,-0.69099999999999995
motiongen_2612,43.533000000000001,3.5670000000000002,1.304,0.51800000000000002,-0.69699999999999995
motiongen_2613,43.549999999999997,3.5600000000000001,1.2989999999999999,0.50700000000000001,-0.70199999999999996
motiongen_2614,43.567,3.5540000000000003,1.294,0.495,-0.70699999999999996
motiongen_2615,43.582999999999998,3.5469999999999997,1.2889999999999999,0.48299999999999998,-0.71199999999999997
motiongen_2616,43.600000000000001,3.5409999999999999,1.284,0.47099999999999997,-0.71599999999999997
motiongen_2617,43.616999999999997,3.5350000000000001,1.2789999999999999,0.45900000000000002,-0.71999999999999997
motiongen_2618,43.633000000000003,3.5289999999999999,1.274,0.44700000000000001,-0.72299999999999998
motiongen_2619,43.649999999999999,3.5230000000000001,1.2689999999999999,0.435,-0.72599999999999998
motiongen_2620,43.667000000000002,3.5170000000000003,1.264,0.42299999999999999,-0.72899999999999998
motiongen_2621,43.683,3.512,1.26,0.41099999999999998,-0.73099999999999998
motiongen_2622,43.700000000000003,3.5070000000000001,1.256,0.39900000000000002,-0.73299999999999998
motiongen_2623,43.716999999999999,3.5019999999999998,1.2509999999999999,0.38700000000000001,-0.73399999999999999
motiongen_2624,43.732999999999997,3.4969999999999999,1.2470000000000001,0.374,-0.73499999999999999
motiongen_2625,43.75,3.492,1.2430000000000001,0.36199999999999999,-0.73499999999999999
motiongen_2626,43.767000000000003,3.488,1.2390000000000001,0.34999999999999998,-0.73499999999999999
motiongen_2627,43.783000000000001,3.4830000000000001,1.2350000000000001,0.33800000000000002,-0.73499999999999999
motiongen_2628,43.799999999999997,3.4790000000000001,1.2310000000000001,0.32500000000000001,-0.73499999999999999
motiongen_2629,43.817,3.4750000000000001,1.228,0.313,-0.73399999999999999
motiongen_2630,43.832999999999998,3.4710000000000001,1.224,0.30099999999999999,-0.73299999999999998
motiongen_2631,43.850000000000001,3.4670000000000001,1.2210000000000001,0.28899999999999998,-0.73099999999999998
motiongen_2632,43.866999999999997,3.464,1.218,0.27700000000000002,-0.72899999999999998
motiongen_2633,43.883000000000003,3.46,1.2150000000000001,0.26400000000000001,-0.72699999999999998
motiongen_2634,43.899999999999999,3.4569999999999999,1.212,0.252,-0.72399999999999998
motiongen_2635,43.917000000000002,3.4539999999999997,1.2090000000000001,0.23999999999999999,-0.72199999999999998
motiongen_2636,43.933,3.4510000000000001,1.206,0.22800000000000001,-0.71899999999999997
motiongen_2637,43.950000000000003,3.448,1.2030000000000001,0.216,-0.71599999999999997
motiongen_2638,43.966999999999999,3.4459999999999997,1.2010000000000001,0.20399999999999999,-0.71199999999999997
motiongen_2639,43.982999999999997,3.4430000000000001,1.1990000000000001,0.192,-0.70899999999999996
motiongen_2640,44,3.4409999999999998,1.196,0.18099999999999999,-0.70499999999999996
motiongen_2641,44.017000000000003,3.4390000000000001,1.194,0.16900000000000001,-0.70099999999999996
motiongen_2642,44.033000000000001,3.4370000000000003,1.1919999999999999,0.157,-0.69699999999999995
motiongen_2643,44.049999999999997,3.4350000000000001,1.1910000000000001,0.14599999999999999,-0.69299999999999995
motiongen_2644,44.067,3.4329999999999998,1.1890000000000001,0.13400000000000001,-0.68799999999999994
motiongen_2645,44.082999999999998,3.431,1.1870000000000001,0.123,-0.68400000000000005
motiongen_2646,44.100000000000001,3.4299999999999997,1.1859999999999999,0.111,-0.67900000000000005
motiongen_2647,44.116999999999997,3.4290000000000003,1.1850000000000001,0.10000000000000001,-0.67500000000000004
motiongen_2648,44.133000000000003,3.427,1.1839999999999999,0.088999999999999996,-0.67000000000000004
motiongen_2649,44.149999999999999,3.4260000000000002,1.1830000000000001,0.076999999999999999,-0.66600000000000004
motiongen_2650,44.167000000000002,3.4249999999999998,1.1819999999999999,0.066000000000000003,-0.66100000000000003
motiongen_2651,44.183,3.4249999999999998,1.181,0.055,-0.65600000000000003
motiongen_2652,44.200000000000003,3.4239999999999999,1.1799999999999999,0.043999999999999997,-0.65200000000000002
motiongen_2653,44.216999999999999,3.423,1.1799999999999999,0.033000000000000002,-0.64700000000000002
motiongen_2654,44.232999999999997,3.423,1.179,0.023,-0.64200000000000002
motiongen_2655,44.25,3.423,1.179,0.012,-0.63800000000000001
motiongen_2656,44.267000000000003,3.423,1.179,0.001,0.47099999999999997
motiongen_2657,44.283000000000001,3.423,1.179,0.0089999999999999993,0.629
motiongen_2658,44.299999999999997,3.423,1.179,0.02,0.624
motiongen_2659,44.317,3.423,1.179,0.029999999999999999,0.62
motiongen_2660,44.332999999999998,3.423,1.1799999999999999,0.040000000000000001,0.61599999999999999
motiongen_2661,44.350000000000001,3.4239999999999999,1.1799999999999999,0.050999999999999997,0.61199999999999999
motiongen_2662,44.366999999999997,3.4239999999999999,1.181,0.060999999999999999,0.60799999999999998
motiongen_2663,44.383000000000003,3.4249999999999998,1.181,0.070999999999999994,0.60399999999999998
motiongen_2664,44.399999999999999,3.4260000000000002,1.1819999999999999,0.081000000000000003,0.60099999999999998
motiongen_2665,44.417000000000002,3.427,1.1830000000000001,0.090999999999999998,0.59699999999999998
motiongen_2666,44.433,3.4279999999999999,1.1839999999999999,0.10100000000000001,0.59399999999999997
motiongen_2667,44.450000000000003,3.4290000000000003,1.1850000000000001,0.111,0.58999999999999997
motiongen_2668,44.466999999999999,3.431,1.1870000000000001,0.121,0.58699999999999997
motiongen_2669,44.482999999999997,3.4319999999999999,1.1879999999999999,0.13100000000000001,0.58399999999999996
motiongen_2670,44.5,3.4340000000000002,1.1899999999999999,0.14000000000000001,0.58099999999999996
motiongen_2671,44.517000000000003,3.4350000000000001,1.1910000000000001,0.14999999999999999,0.57899999999999996
motiongen_2672,44.533000000000001,3.4370000000000003,1.1930000000000001,0.16,0.57599999999999996
motiongen_2673,44.549999999999997,3.4390000000000001,1.1950000000000001,0.16900000000000001,0.57399999999999995
motiongen_2674,44.567,3.4409999999999998,1.1970000000000001,0.17899999999999999,0.57199999999999995
motiongen_2675,44.582999999999998,3.4430000000000001,1.1990000000000001,0.188,0.56999999999999995
motiongen_2676,44.600000000000001,3.4459999999999997,1.2010000000000001,0.19800000000000001,0.56899999999999995
motiongen_2677,44.616999999999997,3.448,1.2030000000000001,0.20699999999999999,0.56699999999999995
motiongen_2678,44.633000000000003,3.4500000000000002,1.2050000000000001,0.217,0.56599999999999995
motiongen_2679,44.649999999999999,3.4530000000000003,1.208,0.22600000000000001,0.56499999999999995
motiongen_2680,44.667000000000002,3.456,1.21,0.23599999999999999,0.56399999999999995
motiongen_2681,44.683,3.4590000000000001,1.2130000000000001,0.245,0.56299999999999994
motiongen_2682,44.700000000000003,3.4619999999999997,1.216,0.254,0.56200000000000006
motiongen_2683,44.716999999999999,3.4649999999999999,1.2190000000000001,0.26400000000000001,0.56200000000000006
motiongen_2684,44.732999999999997,3.468,1.222,0.27300000000000002,0.56200000000000006
motiongen_2685,44.75,3.472,1.2250000000000001,0.28299999999999997,0.56200000000000006
motiongen_2686,44.767000000000003,3.4750000000000001,1.228,0.29199999999999998,0.56200000000000006
motiongen_2687,44.783000000000001,3.4790000000000001,1.2310000000000001,0.30099999999999999,0.56299999999999994
motiongen_2688,44.799999999999997,3.4820000000000002,1.234,0.311,0.56299999999999994
motiongen_2689,44.817,3.4859999999999998,1.238,0.32000000000000001,0.56399999999999995
motiongen_2690,44.832999999999998,3.4900000000000002,1.2410000000000001,0.32900000000000001,0.56499999999999995
motiongen_2691,44.850000000000001,3.4939999999999998,1.2450000000000001,0.33900000000000002,0.56699999999999995
motiongen_2692,44.866999999999997,3.4990000000000001,1.2490000000000001,0.34799999999999998,0.56799999999999995
motiongen_2693,44.883000000000003,3.5030000000000001,1.252,0.35799999999999998,0.56999999999999995
motiongen_2694,44.899999999999999,3.508,1.256,0.36699999999999999,0.57099999999999995
motiongen_2695,44.917000000000002,3.512,1.26,0.377,0.57299999999999995
motiongen_2696,44.933,3.5170000000000003,1.264,0.38600000000000001,0.57599999999999996
motiongen_2697,44.950000000000003,3.5220000000000002,1.268,0.39600000000000002,0.57799999999999996
motiongen_2698,44.966999999999999,3.5270000000000001,1.2729999999999999,0.40600000000000003,0.58099999999999996
motiongen_2699,44.982999999999997,3.532,1.2769999999999999,0.41499999999999998,0.58299999999999996
motiongen_2700,45,3.5380000000000003,1.2809999999999999,0.42499999999999999,0.58599999999999997
motiongen_2701,45.017000000000003,3.5430000000000001,1.286,0.435,0.58899999999999997
motiongen_2702,45.033000000000001,3.5489999999999999,1.29,0.44500000000000001,0.59199999999999997
motiongen_2703,45.049999999999997,3.5549999999999997,1.2949999999999999,0.45400000000000001,0.59599999999999997
motiongen_2704,45.067,3.5609999999999999,1.2989999999999999,0.46400000000000002,0.59899999999999998
motiongen_2705,45.082999999999998,3.5670000000000002,1.304,0.47399999999999998,0.60299999999999998
motiongen_2706,45.100000000000001,3.573,1.3089999999999999,0.48399999999999999,0.60699999999999998
motiongen_2707,45.116999999999997,3.5800000000000001,1.3140000000000001,0.495,0.61099999999999999
motiongen_2708,45.133000000000003,3.5860000000000003,1.319,0.505,0.61499999999999999
motiongen_2709,45.149999999999999,3.593,1.3240000000000001,0.51500000000000001,0.61899999999999999
motiongen_2710,45.167000000000002,3.6000000000000001,1.329,0.52500000000000002,0.623
motiongen_2711,45.183,3.6070000000000002,1.3340000000000001,0.53600000000000003,0.627
motiongen_2712,45.200000000000003,3.6139999999999999,1.339,0.54600000000000004,0.63200000000000001
motiongen_2713,45.216999999999999,3.6219999999999999,1.345,0.55700000000000005,0.63600000000000001
motiongen_2714,45.232999999999997,3.629,1.3500000000000001,0.56699999999999995,0.64100000000000001
motiongen_2715,45.25,3.637,1.355,0.57799999999999996,0.64500000000000002
motiongen_2716,45.267000000000003,3.645,1.361,0.58899999999999997,0.65000000000000002
motiongen_2717,45.283000000000001,3.653,1.3660000000000001,0.59999999999999998,0.65500000000000003
motiongen_2718,45.299999999999997,3.661,1.3720000000000001,0.60999999999999999,0.65900000000000003
motiongen_2719,45.317,3.6699999999999999,1.377,0.621,0.66400000000000003
motiongen_2720,45.332999999999998,3.6790000000000003,1.383,0.63200000000000001,0.66900000000000004
motiongen_2721,45.350000000000001,3.6870000000000003,1.389,0.64400000000000002,0.67300000000000004
motiongen_2722,45.366999999999997,3.6970000000000001,1.3939999999999999,0.65500000000000003,0.67800000000000005
motiongen_2723,45.383000000000003,3.706,1.3999999999999999,0.66600000000000004,0.68200000000000005
motiongen_2724,45.399999999999999,3.7149999999999999,1.4059999999999999,0.67800000000000005,0.68700000000000006
motiongen_2725,45.417000000000002,3.7250000000000001,1.4119999999999999,0.68899999999999995,0.69099999999999995
motiongen_2726,45.433,3.7350000000000003,1.4179999999999999,0.69999999999999996,0.69499999999999995
motiongen_2727,45.450000000000003,3.7450000000000001,1.4239999999999999,0.71199999999999997,0.69799999999999995
motiongen_2728,45.466999999999999,3.7549999999999999,1.4299999999999999,0.72399999999999998,0.70199999999999996
motiongen_2729,45.482999999999997,3.766,1.4359999999999999,0.73499999999999999,0.70499999999999996
motiongen_2730,45.5,3.7759999999999998,1.4410000000000001,0.747,0.70799999999999996
motiongen_2731,45.517000000000003,3.7869999999999999,1.4470000000000001,0.75900000000000001,0.71099999999999997
motiongen_2732,45.533000000000001,3.798,1.4530000000000001,0.77100000000000002,0.71299999999999997
motiongen_2733,45.549999999999997,3.8100000000000001,1.4590000000000001,0.78300000000000003,0.71499999999999997
motiongen_2734,45.567,3.8209999999999997,1.4650000000000001,0.79500000000000004,0.71699999999999997
motiongen_2735,45.582999999999998,3.8330000000000002,1.4710000000000001,0.80700000000000005,0.71799999999999997
motiongen_2736,45.600000000000001,3.8449999999999998,1.4770000000000001,0.81899999999999995,0.71799999999999997
motiongen_2737,45.616999999999997,3.8570000000000002,1.4830000000000001,0.82999999999999996,0.71799999999999997
motiongen_2738,45.633000000000003,3.8700000000000001,1.4890000000000001,0.84199999999999997,0.71799999999999997
motiongen_2739,45.649999999999999,3.883,1.4950000000000001,0.85399999999999998,0.71599999999999997
motiongen_2740,45.667000000000002,3.8959999999999999,1.5009999999999999,0.86599999999999999,0.71399999999999997
motiongen_2741,45.683,3.9089999999999998,1.5069999999999999,0.878,0.71099999999999997
motiongen_2742,45.700000000000003,3.9219999999999997,1.5129999999999999,0.89000000000000001,0.70699999999999996
motiongen_2743,45.716999999999999,3.9359999999999999,1.5189999999999999,0.90200000000000002,0.70299999999999996
motiongen_2744,45.732999999999997,3.9500000000000002,1.524,0.91400000000000003,0.69699999999999995
motiongen_2745,45.75,3.964,1.53,0.92500000000000004,0.69099999999999995
motiongen_2746,45.767000000000003,3.9779999999999998,1.536,0.93700000000000006,0.68300000000000005
motiongen_2747,45.783000000000001,3.9930000000000003,1.5409999999999999,0.94799999999999995,0.67400000000000004
motiongen_2748,45.799999999999997,4.008,1.5469999999999999,0.95899999999999996,0.66400000000000003
motiongen_2749,45.817,4.0229999999999997,1.552,0.96999999999999997,0.65300000000000002
motiongen_2750,45.832999999999998,4.0380000000000003,1.5569999999999999,0.98099999999999998,0.64000000000000001
motiongen_2751,45.850000000000001,4.0540000000000003,1.5629999999999999,0.99199999999999999,0.626
motiongen_2752,45.866999999999997,4.069,1.5680000000000001,1.002,0.60999999999999999
motiongen_2753,45.883000000000003,4.085,1.573,1.0129999999999999,0.59299999999999997
motiongen_2754,45.899999999999999,4.101,1.5780000000000001,1.022,0.57499999999999996
motiongen_2755,45.917000000000002,4.1180000000000003,1.583,1.032,0.55400000000000005
motiongen_2756,45.933,4.1340000000000003,1.587,1.0409999999999999,0.53200000000000003
motiongen_2757,45.950000000000003,4.1509999999999998,1.5920000000000001,1.05,0.50800000000000001
motiongen_2758,45.966999999999999,4.1680000000000001,1.5960000000000001,1.0589999999999999,0.48299999999999998
motiongen_2759,45.982999999999997,4.1850000000000005,1.6000000000000001,1.0669999999999999,0.45500000000000002
motiongen_2760,46,4.202,1.6040000000000001,1.0740000000000001,0.42599999999999999
motiongen_2761,46.017000000000003,4.2199999999999998,1.6080000000000001,1.081,0.39500000000000002
motiongen_2762,46.033000000000001,4.2370000000000001,1.6120000000000001,1.0880000000000001,0.36099999999999999
motiongen_2763,46.049999999999997,4.2549999999999999,1.6160000000000001,1.0940000000000001,0.32600000000000001
motiongen_2764,46.067,4.2729999999999997,1.619,1.099,0.28899999999999998
motiongen_2765,46.082999999999998,4.2910000000000004,1.6220000000000001,1.1040000000000001,0.25
motiongen_2766,46.100000000000001,4.3090000000000002,1.625,1.1080000000000001,0.20799999999999999
motiongen_2767,46.116999999999997,4.3279999999999994,1.6279999999999999,1.1120000000000001,0.16500000000000001
motiongen_2768,46.133000000000003,4.3460000000000001,1.631,1.115,0.12
motiongen_2769,46.149999999999999,4.3639999999999999,1.633,1.117,0.072999999999999995
motiongen_2770,46.167000000000002,4.383,1.6359999999999999,1.1180000000000001,0.024
motiongen_2771,46.183,4.4009999999999998,1.6379999999999999,1.1180000000000001,-0.027
motiongen_2772,46.200000000000003,4.4199999999999999,1.639,1.1180000000000001,-0.079000000000000001
motiongen_2773,46.216999999999999,4.4380000000000006,1.641,1.1160000000000001,-0.13300000000000001
motiongen_2774,46.232999999999997,4.4569999999999999,1.6419999999999999,1.1140000000000001,-0.188
motiongen_2775,46.25,4.476,1.6439999999999999,1.111,-0.245
motiongen_2776,46.267000000000003,4.4939999999999998,1.645,1.107,-0.30399999999999999
motiongen_2777,46.283000000000001,4.5120000000000005,1.645,1.1020000000000001,-0.36299999999999999
motiongen_2778,46.299999999999997,4.5310000000000006,1.6459999999999999,1.0960000000000001,-0.42299999999999999
motiongen_2779,46.317,4.5489999999999995,1.6459999999999999,1.089,-0.48399999999999999
motiongen_2780,46.332999999999998,4.5670000000000002,1.6459999999999999,1.081,-0.54600000000000004
motiongen_2781,46.350000000000001,4.585,1.6459999999999999,1.0720000000000001,-0.60799999999999998
motiongen_2782,46.366999999999997,4.6029999999999998,1.6459999999999999,1.0620000000000001,-0.67000000000000004
motiongen_2783,46.383000000000003,4.6210000000000004,1.6459999999999999,1.05,-0.73199999999999998
motiongen_2784,46.399999999999999,4.6379999999999999,1.645,1.038,-0.79400000000000004
motiongen_2785,46.417000000000002,4.6560000000000006,1.6439999999999999,1.0249999999999999,-0.85599999999999998
motiongen_2786,46.433,4.673,1.643,1.0109999999999999,-0.91700000000000004
motiongen_2787,46.450000000000003,4.6890000000000001,1.6419999999999999,0.995,-0.97799999999999998
motiongen_2788,46.466999999999999,4.7059999999999995,1.641,0.97899999999999998,-1.0369999999999999
motiongen_2789,46.482999999999997,4.7219999999999995,1.6399999999999999,0.96199999999999997,-1.095
motiongen_2790,46.5,4.7379999999999995,1.6379999999999999,0.94399999999999995,-1.1519999999999999
motiongen_2791,46.517000000000003,4.7539999999999996,1.6359999999999999,0.92400000000000004,-1.2070000000000001
motiongen_2792,46.533000000000001,4.7690000000000001,1.635,0.90400000000000003,-1.26
motiongen_2793,46.549999999999997,4.7840000000000007,1.633,0.88300000000000001,-1.3109999999999999
motiongen_2794,46.567,4.7989999999999995,1.631,0.86099999999999999,-1.3600000000000001
motiongen_2795,46.582999999999998,4.8130000000000006,1.629,0.83899999999999997,-1.407
motiongen_2796,46.600000000000001,4.827,1.627,0.81499999999999995,-1.4510000000000001
motiongen_2797,46.616999999999997,4.8399999999999999,1.625,0.79100000000000004,-1.4930000000000001
motiongen_2798,46.633000000000003,4.8529999999999998,1.6220000000000001,0.76600000000000001,-1.532
motiongen_2799,46.649999999999999,4.8659999999999997,1.6200000000000001,0.74099999999999999,-1.5680000000000001
motiongen_2800,46.667000000000002,4.8780000000000001,1.6180000000000001,0.71499999999999997,-1.6020000000000001
motiongen_2801,46.683,4.8890000000000002,1.6160000000000001,0.68799999999999994,-1.6319999999999999
motiongen_2802,46.700000000000003,4.9009999999999998,1.613,0.66100000000000003,-1.6599999999999999
motiongen_2803,46.716999999999999,4.9119999999999999,1.611,0.63300000000000001,-1.6850000000000001
motiongen_2804,46.732999999999997,4.9220000000000006,1.609,0.60499999999999998,-1.7070000000000001
motiongen_2805,46.75,4.9320000000000004,1.607,0.57599999999999996,-1.7250000000000001
motiongen_2806,46.767000000000003,4.9409999999999998,1.605,0.54800000000000004,-1.7410000000000001
motiongen_2807,46.783000000000001,4.9500000000000002,1.603,0.51900000000000002,-1.754
motiongen_2808,46.799999999999997,4.9580000000000002,1.601,0.48899999999999999,-1.764
motiongen_2809,46.817,4.9660000000000002,1.599,0.46000000000000002,-1.772
motiongen_2810,46.832999999999998,4.9740000000000002,1.597,0.42999999999999999,-1.7769999999999999
motiongen_2811,46.850000000000001,4.9809999999999999,1.595,0.40100000000000002,-1.7789999999999999
motiongen_2812,46.866999999999997,4.9870000000000001,1.593,0.371,-1.778
motiongen_2813,46.883000000000003,4.9930000000000003,1.5920000000000001,0.34200000000000003,-1.7749999999999999
motiongen_2814,46.899999999999999,4.9990000000000006,1.5900000000000001,0.312,-1.77
motiongen_2815,46.917000000000002,5.0039999999999996,1.589,0.28199999999999997,-1.7629999999999999
motiongen_2816,46.933,5.008,1.5880000000000001,0.253,-1.754
motiongen_2817,46.950000000000003,5.0120000000000005,1.587,0.224,-1.742
motiongen_2818,46.966999999999999,5.016,1.5860000000000001,0.19500000000000001,-1.7290000000000001
motiongen_2819,46.982999999999997,5.0190000000000001,1.585,0.16600000000000001,-1.714
motiongen_2820,47,5.0220000000000002,1.5840000000000001,0.13700000000000001,-1.698
motiongen_2821,47.017000000000003,5.024,1.583,0.109,-1.679
motiongen_2822,47.033000000000001,5.0259999999999998,1.583,0.081000000000000003,-1.6599999999999999
motiongen_2823,47.049999999999997,5.0270000000000001,1.5820000000000001,0.052999999999999999,-1.639
motiongen_2824,47.067,5.0280000000000005,1.5820000000000001,0.025999999999999999,-1.5229999999999999
motiongen_2825,47.082999999999998,5.0280000000000005,1.5820000000000001,0.001,1.595
motiongen_2826,47.100000000000001,5.0280000000000005,1.5820000000000001,0.027,1.571
motiongen_2827,47.116999999999997,5.0280000000000005,1.5820000000000001,0.053999999999999999,1.5469999999999999
motiongen_2828,47.133000000000003,5.0270000000000001,1.5820000000000001,0.079000000000000001,1.5209999999999999
motiongen_2829,47.149999999999999,5.0259999999999998,1.583,0.105,1.4950000000000001
motiongen_2830,47.167000000000002,5.024,1.583,0.13,1.4690000000000001
motiongen_2831,47.183,5.0220000000000002,1.5840000000000001,0.154,1.4419999999999999
motiongen_2832,47.200000000000003,5.0190000000000001,1.585,0.17799999999999999,1.415
motiongen_2833,47.216999999999999,5.016,1.585,0.20200000000000001,1.387
motiongen_2834,47.232999999999997,5.0129999999999999,1.5860000000000001,0.22500000000000001,1.359
motiongen_2835,47.25,5.0099999999999998,1.587,0.247,1.331
motiongen_2836,47.267000000000003,5.0060000000000002,1.5880000000000001,0.27000000000000002,1.3029999999999999
motiongen_2837,47.283000000000001,5.0009999999999994,1.5900000000000001,0.29099999999999998,1.2749999999999999
motiongen_2838,47.299999999999997,4.9969999999999999,1.591,0.313,1.2470000000000001
motiongen_2839,47.317,4.992,1.5920000000000001,0.33300000000000002,1.2190000000000001
motiongen_2840,47.332999999999998,4.9860000000000007,1.5940000000000001,0.35399999999999998,1.1910000000000001
motiongen_2841,47.350000000000001,4.9809999999999999,1.595,0.374,1.163
motiongen_2842,47.366999999999997,4.9740000000000002,1.597,0.39300000000000002,1.135
motiongen_2843,47.383000000000003,4.968,1.5980000000000001,0.41199999999999998,1.107
motiongen_2844,47.399999999999999,4.9610000000000003,1.6000000000000001,0.42999999999999999,1.0800000000000001
motiongen_2845,47.417000000000002,4.9540000000000006,1.601,0.44800000000000001,1.0529999999999999
motiongen_2846,47.433,4.9470000000000001,1.603,0.46600000000000003,1.026
motiongen_2847,47.450000000000003,4.9399999999999995,1.605,0.48299999999999998,1
motiongen_2848,47.466999999999999,4.9320000000000004,1.607,0.5,0.97299999999999998
motiongen_2849,47.482999999999997,4.9239999999999995,1.609,0.51600000000000001,0.94699999999999995
motiongen_2850,47.5,4.915,1.6100000000000001,0.53200000000000003,0.92200000000000004
motiongen_2851,47.517000000000003,4.907,1.6120000000000001,0.54700000000000004,0.89700000000000002
motiongen_2852,47.533000000000001,4.8979999999999997,1.6140000000000001,0.56200000000000006,0.872
motiongen_2853,47.549999999999997,4.8879999999999999,1.6160000000000001,0.57599999999999996,0.84699999999999998
motiongen_2854,47.567,4.8789999999999996,1.6180000000000001,0.59099999999999997,0.82299999999999995
motiongen_2855,47.582999999999998,4.8689999999999998,1.619,0.60399999999999998,0.79900000000000004
motiongen_2856,47.600000000000001,4.859,1.621,0.61799999999999999,0.77600000000000002
motiongen_2857,47.616999999999997,4.8490000000000002,1.623,0.63100000000000001,0.753
motiongen_2858,47.633000000000003,4.8390000000000004,1.625,0.64300000000000002,0.72999999999999998
motiongen_2859,47.649999999999999,4.8279999999999994,1.6259999999999999,0.65500000000000003,0.70799999999999996
motiongen_2860,47.667000000000002,4.8179999999999996,1.6279999999999999,0.66700000000000004,0.68600000000000005
motiongen_2861,47.683,4.8070000000000004,1.6299999999999999,0.67900000000000005,0.66400000000000003
motiongen_2862,47.700000000000003,4.7949999999999999,1.631,0.68999999999999995,0.64300000000000002
motiongen_2863,47.716999999999999,4.7840000000000007,1.633,0.69999999999999996,0.622
motiongen_2864,47.732999999999997,4.7720000000000002,1.6339999999999999,0.71099999999999997,0.60099999999999998
motiongen_2865,47.75,4.7610000000000001,1.6359999999999999,0.72099999999999997,0.58099999999999996
motiongen_2866,47.767000000000003,4.7490000000000006,1.637,0.72999999999999998,0.56100000000000005
motiongen_2867,47.783000000000001,4.7370000000000001,1.6379999999999999,0.73999999999999999,0.54100000000000004
motiongen_2868,47.799999999999997,4.7240000000000002,1.639,0.749,0.52200000000000002
motiongen_2869,47.817,4.7119999999999997,1.641,0.75700000000000001,0.503
motiongen_2870,47.832999999999998,4.6989999999999998,1.6419999999999999,0.76600000000000001,0.48399999999999999
motiongen_2871,47.850000000000001,4.6869999999999994,1.643,0.77400000000000002,0.46600000000000003
motiongen_2872,47.866999999999997,4.6739999999999995,1.643,0.78200000000000003,0.44800000000000001
motiongen_2873,47.883000000000003,4.6609999999999996,1.6439999999999999,0.78900000000000003,0.42999999999999999
motiongen_2874,47.899999999999999,4.6479999999999997,1.645,0.79600000000000004,0.41299999999999998
motiongen_2875,47.917000000000002,4.6340000000000003,1.645,0.80300000000000005,0.39500000000000002
motiongen_2876,47.933,4.6210000000000004,1.6459999999999999,0.81000000000000005,0.378
motiongen_2877,47.950000000000003,4.6070000000000002,1.6459999999999999,0.81599999999999995,0.36099999999999999
motiongen_2878,47.966999999999999,4.5939999999999994,1.6459999999999999,0.82199999999999995,0.34499999999999997
motiongen_2879,47.982999999999997,4.5800000000000001,1.6459999999999999,0.82799999999999996,0.32800000000000001
motiongen_2880,48,4.5659999999999998,1.6459999999999999,0.83299999999999996,0.312
motiongen_2881,48.017000000000003,4.5519999999999996,1.6459999999999999,0.83799999999999997,0.29599999999999999
motiongen_2882,48.033000000000001,4.5380000000000003,1.6459999999999999,0.84299999999999997,0.28100000000000003
motiongen_2883,48.049999999999997,4.524,1.6459999999999999,0.84799999999999998,0.26500000000000001
motiongen_2884,48.067,4.5099999999999998,1.645,0.85299999999999998,0.25
motiongen_2885,48.082999999999998,4.4960000000000004,1.645,0.85699999999999998,0.23400000000000001
motiongen_2886,48.100000000000001,4.4820000000000002,1.6439999999999999,0.86099999999999999,0.219
motiongen_2887,48.116999999999997,4.468,1.643,0.86399999999999999,0.20499999999999999
motiongen_2888,48.133000000000003,4.4529999999999994,1.6419999999999999,0.86799999999999999,0.19
motiongen_2889,48.149999999999999,4.4390000000000001,1.641,0.871,0.17499999999999999
motiongen_2890,48.167000000000002,4.4239999999999995,1.6399999999999999,0.874,0.161
motiongen_2891,48.183,4.4100000000000001,1.6379999999999999,0.876,0.14599999999999999
motiongen_2892,48.200000000000003,4.3949999999999996,1.637,0.879,0.13200000000000001
motiongen_2893,48.216999999999999,4.3810000000000002,1.635,0.88100000000000001,0.11799999999999999
motiongen_2894,48.232999999999997,4.3659999999999997,1.6339999999999999,0.88300000000000001,0.104
motiongen_2895,48.25,4.3520000000000003,1.6319999999999999,0.88500000000000001,0.089999999999999997
motiongen_2896,48.267000000000003,4.3369999999999997,1.6299999999999999,0.88600000000000001,0.075999999999999998
motiongen_2897,48.283000000000001,4.3220000000000001,1.627,0.88800000000000001,0.062
motiongen_2898,48.299999999999997,4.3079999999999998,1.625,0.88900000000000001,0.049000000000000002
motiongen_2899,48.317,4.2930000000000001,1.623,0.88900000000000001,0.035000000000000003
motiongen_2900,48.332999999999998,4.2789999999999999,1.6200000000000001,0.89000000000000001,0.021000000000000001
motiongen_2901,48.350000000000001,4.2640000000000002,1.617,0.89000000000000001,0.0080000000000000002
motiongen_2902,48.366999999999997,4.2490000000000006,1.615,0.89000000000000001,-0.0060000000000000001
motiongen_2903,48.383000000000003,4.2350000000000003,1.6120000000000001,0.89000000000000001,-0.019
motiongen_2904,48.399999999999999,4.2199999999999998,1.6080000000000001,0.89000000000000001,-0.033000000000000002
motiongen_2905,48.417000000000002,4.2059999999999995,1.605,0.88900000000000001,-0.045999999999999999
motiongen_2906,48.433,4.1909999999999998,1.6020000000000001,0.88900000000000001,-0.058999999999999997
motiongen_2907,48.450000000000003,4.1769999999999996,1.5980000000000001,0.88800000000000001,-0.072999999999999995
motiongen_2908,48.466999999999999,4.1630000000000003,1.595,0.88700000000000001,-0.085999999999999993
motiongen_2909,48.482999999999997,4.1479999999999997,1.591,0.88500000000000001,-0.099000000000000005
motiongen_2910,48.5,4.1340000000000003,1.587,0.88300000000000001,-0.112
motiongen_2911,48.517000000000003,4.1200000000000001,1.583,0.88200000000000001,-0.126
motiongen_2912,48.533000000000001,4.1059999999999999,1.579,0.879,-0.13900000000000001
motiongen_2913,48.549999999999997,4.0920000000000005,1.575,0.877,-0.152
motiongen_2914,48.567,4.0780000000000003,1.571,0.875,-0.16500000000000001
motiongen_2915,48.582999999999998,4.0640000000000001,1.5660000000000001,0.872,-0.17899999999999999
motiongen_2916,48.600000000000001,4.0499999999999998,1.5620000000000001,0.86899999999999999,-0.192
motiongen_2917,48.616999999999997,4.0359999999999996,1.5569999999999999,0.86599999999999999,-0.20499999999999999
motiongen_2918,48.633000000000003,4.0229999999999997,1.552,0.86199999999999999,-0.218
motiongen_2919,48.649999999999999,4.0090000000000003,1.5469999999999999,0.85899999999999999,-0.23200000000000001
motiongen_2920,48.667000000000002,3.996,1.542,0.85499999999999998,-0.245
motiongen_2921,48.683,3.9830000000000001,1.5369999999999999,0.85099999999999998,-0.25800000000000001
motiongen_2922,48.700000000000003,3.9690000000000003,1.532,0.84599999999999997,-0.27100000000000002
motiongen_2923,48.716999999999999,3.956,1.5269999999999999,0.84199999999999997,-0.28399999999999997
motiongen_2924,48.732999999999997,3.9430000000000001,1.522,0.83699999999999997,-0.29799999999999999
motiongen_2925,48.75,3.9299999999999997,1.516,0.83199999999999996,-0.311
motiongen_2926,48.767000000000003,3.9180000000000001,1.5109999999999999,0.82699999999999996,-0.32400000000000001
motiongen_2927,48.783000000000001,3.9050000000000002,1.5049999999999999,0.82199999999999995,-0.33700000000000002
motiongen_2928,48.799999999999997,3.8920000000000003,1.5,0.81599999999999995,-0.34999999999999998
motiongen_2929,48.817,3.8799999999999999,1.494,0.81000000000000005,-0.36299999999999999
motiongen_2930,48.832999999999998,3.8680000000000003,1.488,0.80400000000000005,-0.376
motiongen_2931,48.850000000000001,3.8559999999999999,1.4830000000000001,0.79800000000000004,-0.38900000000000001
motiongen_2932,48.866999999999997,3.8440000000000003,1.4770000000000001,0.79100000000000004,-0.40200000000000002
motiongen_2933,48.883000000000003,3.8319999999999999,1.4710000000000001,0.78500000000000003,-0.41399999999999998
motiongen_2934,48.899999999999999,3.8200000000000003,1.4650000000000001,0.77800000000000002,-0.42699999999999999
motiongen_2935,48.917000000000002,3.8090000000000002,1.4590000000000001,0.77100000000000002,-0.44
motiongen_2936,48.933,3.798,1.4530000000000001,0.76300000000000001,-0.45200000000000001
motiongen_2937,48.950000000000003,3.786,1.4470000000000001,0.75600000000000001,-0.46500000000000002
motiongen_2938,48.966999999999999,3.7750000000000004,1.4410000000000001,0.748,-0.47699999999999998
motiongen_2939,48.982999999999997,3.7640000000000002,1.4350000000000001,0.73999999999999999,-0.48899999999999999
motiongen_2940,49,3.754,1.429,0.73199999999999998,-0.501
motiongen_2941,49.017000000000003,3.7430000000000003,1.423,0.72399999999999998,-0.51300000000000001
motiongen_2942,49.033000000000001,3.7330000000000001,1.417,0.71499999999999997,-0.52500000000000002
motiongen_2943,49.049999999999997,3.722,1.4099999999999999,0.70599999999999996,-0.53600000000000003
motiongen_2944,49.067,3.7119999999999997,1.4039999999999999,0.69699999999999995,-0.54700000000000004
motiongen_2945,49.082999999999998,3.7030000000000003,1.3979999999999999,0.68799999999999994,-0.55800000000000005
motiongen_2946,49.100000000000001,3.6930000000000001,1.3919999999999999,0.67900000000000005,-0.56899999999999995
motiongen_2947,49.116999999999997,3.6829999999999998,1.3859999999999999,0.66900000000000004,-0.57999999999999996
motiongen_2948,49.133000000000003,3.6739999999999999,1.3799999999999999,0.66000000000000003,-0.58999999999999997
motiongen_2949,49.149999999999999,3.665,1.3740000000000001,0.65000000000000002,-0.59999999999999998
motiongen_2950,49.167000000000002,3.6560000000000001,1.3680000000000001,0.64000000000000001,-0.60999999999999999
motiongen_2951,49.183,3.6470000000000002,1.3620000000000001,0.63,-0.62
motiongen_2952,49.200000000000003,3.6379999999999999,1.3560000000000001,0.61899999999999999,-0.629
motiongen_2953,49.216999999999999,3.6299999999999999,1.3500000000000001,0.60899999999999999,-0.63800000000000001
motiongen_2954,49.232999999999997,3.621,1.3440000000000001,0.59799999999999998,-0.64600000000000002
motiongen_2955,49.25,3.613,1.339,0.58799999999999997,-0.65400000000000003
motiongen_2956,49.267000000000003,3.605,1.333,0.57699999999999996,-0.66200000000000003
motiongen_2957,49.283000000000001,3.5979999999999999,1.327,0.56599999999999995,-0.67000000000000004
motiongen_2958,49.299999999999997,3.5899999999999999,1.3220000000000001,0.55400000000000005,-0.67700000000000005
motiongen_2959,49.317,3.5830000000000002,1.3160000000000001,0.54300000000000004,-0.68300000000000005
motiongen_2960,49.332999999999998,3.5750000000000002,1.3109999999999999,0.53200000000000003,-0.68999999999999995
motiongen_2961,49.350000000000001,3.5680000000000001,1.3049999999999999,0.52000000000000002,-0.69599999999999995
motiongen_2962,49.366999999999997,3.5609999999999999,1.3,0.50900000000000001,-0.70099999999999996
motiongen_2963,49.383000000000003,3.5549999999999997,1.2949999999999999,0.497,-0.70599999999999996
motiongen_2964,49.399999999999999,3.548,1.29,0.48499999999999999,-0.71099999999999997
motiongen_2965,49.417000000000002,3.5419999999999998,1.284,0.47299999999999998,-0.71499999999999997
motiongen_2966,49.433,3.536,1.28,0.46100000000000002,-0.72099999999999997
motiongen_2967,49.450000000000003,3.5300000000000002,1.2749999999999999,0.44900000000000001,-0.72099999999999997
motiongen_2968,49.466999999999999,3.524,1.27,0.437,-0.72599999999999998
motiongen_2969,49.482999999999997,3.5179999999999998,1.2649999999999999,0.42499999999999999,-0.72799999999999998
motiongen_2970,49.5,3.5129999999999999,1.2609999999999999,0.41299999999999998,-0.72999999999999998
motiongen_2971,49.517000000000003,3.508,1.256,0.40100000000000002,-0.73199999999999998
motiongen_2972,49.533000000000001,3.5030000000000001,1.252,0.38900000000000001,-0.73399999999999999
motiongen_2973,49.549999999999997,3.4980000000000002,1.248,0.377,-0.73499999999999999
motiongen_2974,49.567,3.4930000000000003,1.244,0.36399999999999999,-0.73499999999999999
motiongen_2975,49.582999999999998,3.488,1.24,0.35199999999999998,-0.73499999999999999
motiongen_2976,49.600000000000001,3.484,1.236,0.34000000000000002,-0.73499999999999999
motiongen_2977,49.616999999999997,3.48,1.232,0.32800000000000001,-0.73499999999999999
motiongen_2978,49.633000000000003,3.476,1.228,0.315,-0.73399999999999999
motiongen_2979,49.649999999999999,3.472,1.2250000000000001,0.30299999999999999,-0.73299999999999998
motiongen_2980,49.667000000000002,3.468,1.222,0.29099999999999998,-0.73099999999999998
motiongen_2981,49.683,3.464,1.218,0.27900000000000003,-0.72899999999999998
motiongen_2982,49.700000000000003,3.4610000000000003,1.2150000000000001,0.26700000000000002,-0.72699999999999998
motiongen_2983,49.716999999999999,3.4580000000000002,1.212,0.254,-0.72499999999999998
motiongen_2984,49.732999999999997,3.4550000000000001,1.2090000000000001,0.24199999999999999,-0.72199999999999998
motiongen_2985,49.75,3.452,1.2070000000000001,0.23000000000000001,-0.71899999999999997
motiongen_2986,49.767000000000003,3.4489999999999998,1.204,0.218,-0.71599999999999997
motiongen_2987,49.783000000000001,3.4459999999999997,1.2010000000000001,0.20599999999999999,-0.71299999999999997
motiongen_2988,49.799999999999997,3.444,1.1990000000000001,0.19400000000000001,-0.70899999999999996
motiongen_2989,49.817,3.4409999999999998,1.1970000000000001,0.183,-0.70599999999999996
motiongen_2990,49.832999999999998,3.4390000000000001,1.1950000000000001,0.17100000000000001,-0.70199999999999996
motiongen_2991,49.850000000000001,3.4370000000000003,1.1930000000000001,0.159,-0.69799999999999995
motiongen_2992,49.866999999999997,3.4350000000000001,1.1910000000000001,0.14799999999999999,-0.69299999999999995
motiongen_2993,49.883000000000003,3.4329999999999998,1.1890000000000001,0.13600000000000001,-0.68899999999999995
motiongen_2994,49.899999999999999,3.4319999999999999,1.1879999999999999,0.125,-0.68500000000000005
motiongen_2995,49.917000000000002,3.4299999999999997,1.1859999999999999,0.113,-0.68000000000000005
motiongen_2996,49.933,3.4290000000000003,1.1850000000000001,0.10199999999999999,-0.67600000000000005
motiongen_2997,49.950000000000003,3.4279999999999999,1.1839999999999999,0.090999999999999998,-0.67100000000000004
motiongen_2998,49.966999999999999,3.4260000000000002,1.1830000000000001,0.079000000000000001,-0.66600000000000004
motiongen_2999,49.982999999999997,3.4260000000000002,1.1819999999999999,0.068000000000000005,-0.66200000000000003
motiongen_3000,50,3.4249999999999998,1.181,0.057000000000000002,-0.65700000000000003
motiongen_3001,50.017000000000003,3.4239999999999999,1.1799999999999999,0.045999999999999999,-0.65200000000000002
motiongen_3002,50.033000000000001,3.423,1.1799999999999999,0.035000000000000003,-0.64800000000000002
motiongen_3003,50.049999999999997,3.423,1.179,0.025000000000000001,-0.64300000000000002
motiongen_3004,50.067,3.423,1.179,0.014,-0.63900000000000001
motiongen_3005,50.082999999999998,3.423,1.179,0.0030000000000000001,0.248
motiongen_3006,50.100000000000001,3.423,1.179,0.0070000000000000001,0.63
motiongen_3007,50.116999999999997,3.423,1.179,0.017999999999999999,0.625
motiongen_3008,50.133000000000003,3.423,1.179,0.028000000000000001,0.621
motiongen_3009,50.149999999999999,3.423,1.1799999999999999,0.039,0.61699999999999999
motiongen_3010,50.167000000000002,3.4239999999999999,1.1799999999999999,0.049000000000000002,0.61299999999999999
motiongen_3011,50.183,3.4239999999999999,1.181,0.058999999999999997,0.60899999999999999
motiongen_3012,50.200000000000003,3.4249999999999998,1.181,0.069000000000000006,0.60499999999999998
motiongen_3013,50.216999999999999,3.4260000000000002,1.1819999999999999,0.079000000000000001,0.60099999999999998
motiongen_3014,50.232999999999997,3.427,1.1830000000000001,0.088999999999999996,0.59799999999999998
motiongen_3015,50.25,3.4279999999999999,1.1839999999999999,0.099000000000000005,0.59399999999999997
motiongen_3016,50.267000000000003,3.4290000000000003,1.1850000000000001,0.109,0.59099999999999997
motiongen_3017,50.283000000000001,3.4299999999999997,1.1859999999999999,0.11899999999999999,0.58799999999999997
motiongen_3018,50.299999999999997,3.4319999999999999,1.1879999999999999,0.129,0.58499999999999996
motiongen_3019,50.317,3.4329999999999998,1.1890000000000001,0.13900000000000001,0.58199999999999996
motiongen_3020,50.332999999999998,3.4350000000000001,1.1910000000000001,0.14799999999999999,0.57899999999999996
motiongen_3021,50.350000000000001,3.4370000000000003,1.1930000000000001,0.158,0.57699999999999996
motiongen_3022,50.366999999999997,3.4390000000000001,1.194,0.16800000000000001,0.57499999999999996
motiongen_3023,50.383000000000003,3.4409999999999998,1.196,0.17699999999999999,0.57299999999999995
motiongen_3024,50.399999999999999,3.4430000000000001,1.198,0.187,0.57099999999999995
motiongen_3025,50.417000000000002,3.4450000000000003,1.2,0.19600000000000001,0.56899999999999995
motiongen_3026,50.433,3.4470000000000001,1.2030000000000001,0.20599999999999999,0.56699999999999995
motiongen_3027,50.450000000000003,3.4500000000000002,1.2050000000000001,0.215,0.56599999999999995
motiongen_3028,50.466999999999999,3.4530000000000003,1.2070000000000001,0.22500000000000001,0.56499999999999995
motiongen_3029,50.482999999999997,3.4550000000000001,1.21,0.23400000000000001,0.56399999999999995
motiongen_3030,50.5,3.4580000000000002,1.2130000000000001,0.24299999999999999,0.56299999999999994
motiongen_3031,50.517000000000003,3.4610000000000003,1.2150000000000001,0.253,0.56299999999999994
motiongen_3032,50.533000000000001,3.464,1.218,0.26200000000000001,0.56200000000000006
motiongen_3033,50.549999999999997,3.468,1.2210000000000001,0.27200000000000002,0.56200000000000006
motiongen_3034,50.567,3.4710000000000001,1.224,0.28100000000000003,0.56200000000000006
motiongen_3035,50.582999999999998,3.4740000000000002,1.2270000000000001,0.28999999999999998,0.56200000000000006
motiongen_3036,50.600000000000001,3.4779999999999998,1.2310000000000001,0.29999999999999999,0.56299999999999994
motiongen_3037,50.616999999999997,3.4820000000000002,1.234,0.309,0.56299999999999994
motiongen_3038,50.633000000000003,3.4859999999999998,1.2370000000000001,0.318,0.56399999999999995
motiongen_3039,50.649999999999999,3.4900000000000002,1.2410000000000001,0.32800000000000001,0.56499999999999995
motiongen_3040,50.667000000000002,3.4939999999999998,1.244,0.33700000000000002,0.56599999999999995
motiongen_3041,50.683,3.4980000000000002,1.248,0.34699999999999998,0.56799999999999995
motiongen_3042,50.700000000000003,3.5019999999999998,1.252,0.35599999999999998,0.56899999999999995
motiongen_3043,50.716999999999999,3.5070000000000001,1.256,0.36599999999999999,0.57099999999999995
motiongen_3044,50.732999999999997,3.512,1.26,0.375,0.57299999999999995
motiongen_3045,50.75,3.516,1.264,0.38500000000000001,0.57499999999999996
motiongen_3046,50.767000000000003,3.5209999999999999,1.268,0.39400000000000002,0.57799999999999996
motiongen_3047,50.783000000000001,3.5259999999999998,1.272,0.40400000000000003,0.57999999999999996
motiongen_3048,50.799999999999997,3.532,1.276,0.41399999999999998,0.58299999999999996
motiongen_3049,50.817,3.5369999999999999,1.28,0.42299999999999999,0.58599999999999997
motiongen_3050,50.832999999999998,3.5419999999999998,1.2849999999999999,0.433,0.58899999999999997
motiongen_3051,50.850000000000001,3.548,1.2889999999999999,0.443,0.59199999999999997
motiongen_3052,50.866999999999997,3.5540000000000003,1.294,0.45300000000000001,0.59499999999999997
motiongen_3053,50.883000000000003,3.5600000000000001,1.2989999999999999,0.46300000000000002,0.59899999999999998
motiongen_3054,50.899999999999999,3.5659999999999998,1.3029999999999999,0.47299999999999998,0.60199999999999998
motiongen_3055,50.917000000000002,3.5720000000000001,1.3080000000000001,0.48299999999999998,0.60599999999999998
motiongen_3056,50.933,3.5789999999999997,1.3129999999999999,0.49299999999999999,0.60999999999999999
motiongen_3057,50.950000000000003,3.585,1.3180000000000001,0.503,0.61399999999999999
motiongen_3058,50.966999999999999,3.5920000000000001,1.323,0.51300000000000001,0.61799999999999999
motiongen_3059,50.982999999999997,3.5990000000000002,1.3280000000000001,0.52300000000000002,0.622
motiongen_3060,51,3.6059999999999999,1.333,0.53400000000000003,0.627
motiongen_3061,51.017000000000003,3.613,1.3380000000000001,0.54400000000000004,0.63100000000000001
motiongen_3062,51.033000000000001,3.6200000000000001,1.3440000000000001,0.55500000000000005,0.63500000000000001
motiongen_3063,51.049999999999997,3.6280000000000001,1.349,0.56499999999999995,0.64000000000000001
motiongen_3064,51.067,3.6360000000000001,1.3540000000000001,0.57599999999999996,0.64500000000000002
motiongen_3065,51.082999999999998,3.6440000000000001,1.3600000000000001,0.58699999999999997,0.64900000000000002
motiongen_3066,51.100000000000001,3.6520000000000001,1.365,0.59799999999999998,0.65400000000000003
motiongen_3067,51.116999999999997,3.6600000000000001,1.371,0.60799999999999998,0.65900000000000003
motiongen_3068,51.133000000000003,3.6680000000000001,1.3759999999999999,0.61899999999999999,0.66300000000000003
motiongen_3069,51.149999999999999,3.677,1.3819999999999999,0.63100000000000001,0.66800000000000004
motiongen_3070,51.167000000000002,3.6859999999999999,1.3879999999999999,0.64200000000000002,0.67300000000000004
motiongen_3071,51.183,3.6950000000000003,1.393,0.65300000000000002,0.67700000000000005
motiongen_3072,51.200000000000003,3.7039999999999997,1.399,0.66400000000000003,0.68100000000000005
motiongen_3073,51.216999999999999,3.714,1.405,0.67600000000000005,0.68600000000000005
motiongen_3074,51.232999999999997,3.7229999999999999,1.411,0.68700000000000006,0.68999999999999995
motiongen_3075,51.25,3.7330000000000001,1.417,0.69799999999999995,0.69399999999999995
motiongen_3076,51.267000000000003,3.7430000000000003,1.423,0.70999999999999996,0.69799999999999995
motiongen_3077,51.283000000000001,3.7530000000000001,1.429,0.72199999999999998,0.70099999999999996
motiongen_3078,51.299999999999997,3.7640000000000002,1.4339999999999999,0.73299999999999998,0.70499999999999996
motiongen_3079,51.317,3.774,1.4399999999999999,0.745,0.70799999999999996
motiongen_3080,51.332999999999998,3.7850000000000001,1.446,0.75700000000000001,0.71099999999999997
motiongen_3081,51.350000000000001,3.7960000000000003,1.452,0.76900000000000002,0.71299999999999997
motiongen_3082,51.366999999999997,3.8079999999999998,1.458,0.78100000000000003,0.71499999999999997
motiongen_3083,51.383000000000003,3.819,1.464,0.79300000000000004,0.71699999999999997
motiongen_3084,51.399999999999999,3.831,1.47,0.80400000000000005,0.71799999999999997
motiongen_3085,51.417000000000002,3.843,1.476,0.81599999999999995,0.71799999999999997
motiongen_3086,51.433,3.855,1.482,0.82799999999999996,0.71799999999999997
motiongen_3087,51.450000000000003,3.8680000000000003,1.488,0.83999999999999997,0.71799999999999997
motiongen_3088,51.466999999999999,3.8799999999999999,1.494,0.85199999999999998,0.71599999999999997
motiongen_3089,51.482999999999997,3.8929999999999998,1.5,0.86399999999999999,0.71399999999999997
motiongen_3090,51.5,3.9060000000000001,1.506,0.876,0.71199999999999997
motiongen_3091,51.517000000000003,3.9199999999999999,1.512,0.88800000000000001,0.70799999999999996
motiongen_3092,51.533000000000001,3.9329999999999998,1.518,0.90000000000000002,0.70399999999999996
motiongen_3093,51.549999999999997,3.9470000000000001,1.5229999999999999,0.91200000000000003,0.69799999999999995
motiongen_3094,51.567,3.9610000000000003,1.5289999999999999,0.92300000000000004,0.69199999999999995
motiongen_3095,51.582999999999998,3.976,1.5349999999999999,0.93500000000000005,0.68400000000000005
motiongen_3096,51.600000000000001,3.9900000000000002,1.54,0.94599999999999995,0.67600000000000005
motiongen_3097,51.616999999999997,4.0049999999999999,1.546,0.95699999999999996,0.66600000000000004
motiongen_3098,51.633000000000003,4.0199999999999996,1.5509999999999999,0.96799999999999997,0.65500000000000003
motiongen_3099,51.649999999999999,4.0350000000000001,1.5569999999999999,0.97899999999999998,0.64200000000000002
motiongen_3100,51.667000000000002,4.0510000000000002,1.5620000000000001,0.98999999999999999,0.628
motiongen_3101,51.683,4.0659999999999998,1.5669999999999999,1.0009999999999999,0.61299999999999999
motiongen_3102,51.700000000000003,4.0819999999999999,1.5720000000000001,1.0109999999999999,0.59599999999999997
motiongen_3103,51.716999999999999,4.0979999999999999,1.577,1.0209999999999999,0.57799999999999996
motiongen_3104,51.732999999999997,4.1150000000000002,1.5820000000000001,1.03,0.55800000000000005
motiongen_3105,51.75,4.1310000000000002,1.5860000000000001,1.04,0.53600000000000003
motiongen_3106,51.767000000000003,4.1479999999999997,1.591,1.0489999999999999,0.51300000000000001
motiongen_3107,51.783000000000001,4.165,1.595,1.0569999999999999,0.48799999999999999
motiongen_3108,51.799999999999997,4.1820000000000004,1.6000000000000001,1.0649999999999999,0.46000000000000002
motiongen_3109,51.817,4.1989999999999998,1.6040000000000001,1.073,0.43099999999999999
motiongen_3110,51.832999999999998,4.2170000000000005,1.6080000000000001,1.0800000000000001,0.40000000000000002
motiongen_3111,51.850000000000001,4.234,1.611,1.087,0.36699999999999999
motiongen_3112,51.866999999999997,4.2519999999999998,1.615,1.093,0.33300000000000002
motiongen_3113,51.883000000000003,4.2699999999999996,1.619,1.0980000000000001,0.29599999999999999
motiongen_3114,51.899999999999999,4.2880000000000003,1.6220000000000001,1.103,0.25700000000000001
motiongen_3115,51.917000000000002,4.306,1.625,1.1080000000000001,0.216
motiongen_3116,51.933,4.3239999999999998,1.6279999999999999,1.111,0.17299999999999999
motiongen_3117,51.950000000000003,4.343,1.6299999999999999,1.1140000000000001,0.128
motiongen_3118,51.966999999999999,4.3610000000000007,1.633,1.1160000000000001,0.081000000000000003
motiongen_3119,51.982999999999997,4.3799999999999999,1.635,1.1180000000000001,0.033000000000000002
motiongen_3120,52,4.3979999999999997,1.637,1.1180000000000001,-0.017999999999999999
motiongen_3121,52.017000000000003,4.4169999999999998,1.639,1.1180000000000001,-0.070000000000000007
motiongen_3122,52.033000000000001,4.4350000000000005,1.641,1.117,-0.123
motiongen_3123,52.049999999999997,4.4540000000000006,1.6419999999999999,1.115,-0.17899999999999999
motiongen_3124,52.067,4.4719999999999995,1.643,1.1120000000000001,-0.23499999999999999
motiongen_3125,52.082999999999998,4.4909999999999997,1.6439999999999999,1.1080000000000001,-0.29299999999999998
motiongen_3126,52.100000000000001,4.5090000000000003,1.645,1.103,-0.35199999999999998
motiongen_3127,52.116999999999997,4.5280000000000005,1.6459999999999999,1.097,-0.41199999999999998
motiongen_3128,52.133000000000003,4.5459999999999994,1.6459999999999999,1.0900000000000001,-0.47299999999999998
motiongen_3129,52.149999999999999,4.5640000000000001,1.6459999999999999,1.0820000000000001,-0.53500000000000003
motiongen_3130,52.167000000000002,4.5819999999999999,1.6459999999999999,1.073,-0.59699999999999998
motiongen_3131,52.183,4.5999999999999996,1.6459999999999999,1.0629999999999999,-0.65900000000000003
motiongen_3132,52.200000000000003,4.6180000000000003,1.6459999999999999,1.052,-0.72099999999999997
motiongen_3133,52.216999999999999,4.6349999999999998,1.645,1.04,-0.78400000000000003
motiongen_3134,52.232999999999997,4.6530000000000005,1.645,1.0269999999999999,-0.84499999999999997
motiongen_3135,52.25,4.6699999999999999,1.6439999999999999,1.0129999999999999,-0.90700000000000003
motiongen_3136,52.267000000000003,4.6859999999999999,1.643,0.998,-0.96699999999999997
motiongen_3137,52.283000000000001,4.7029999999999994,1.641,0.98199999999999998,-1.0269999999999999
motiongen_3138,52.299999999999997,4.7189999999999994,1.6399999999999999,0.96499999999999997,-1.085
motiongen_3139,52.317,4.7349999999999994,1.6379999999999999,0.94699999999999995,-1.1419999999999999
motiongen_3140,52.332999999999998,4.7509999999999994,1.637,0.92800000000000005,-1.1970000000000001
motiongen_3141,52.350000000000001,4.766,1.635,0.90800000000000003,-1.2509999999999999
motiongen_3142,52.366999999999997,4.7810000000000006,1.633,0.88700000000000001,-1.302
motiongen_3143,52.383000000000003,4.7959999999999994,1.631,0.86499999999999999,-1.3520000000000001
motiongen_3144,52.399999999999999,4.8100000000000005,1.629,0.84299999999999997,-1.399
motiongen_3145,52.417000000000002,4.8239999999999998,1.627,0.81899999999999995,-1.444
motiongen_3146,52.433,4.8380000000000001,1.625,0.79500000000000004,-1.486
motiongen_3147,52.450000000000003,4.851,1.623,0.77100000000000002,-1.5249999999999999
motiongen_3148,52.466999999999999,4.8629999999999995,1.6200000000000001,0.745,-1.5620000000000001
motiongen_3149,52.482999999999997,4.8759999999999994,1.6180000000000001,0.71899999999999997,-1.5960000000000001
motiongen_3150,52.5,4.8870000000000005,1.6160000000000001,0.69299999999999995,-1.627
motiongen_3151,52.517000000000003,4.899,1.6140000000000001,0.66500000000000004,-1.6559999999999999
motiongen_3152,52.533000000000001,4.9100000000000001,1.6120000000000001,0.63800000000000001,-1.681
motiongen_3153,52.549999999999997,4.9199999999999999,1.609,0.60999999999999999,-1.7030000000000001
motiongen_3154,52.567,4.9299999999999997,1.607,0.58099999999999996,-1.722
motiongen_3155,52.582999999999998,4.9390000000000001,1.605,0.55300000000000005,-1.7390000000000001
motiongen_3156,52.600000000000001,4.9480000000000004,1.603,0.52400000000000002,-1.752
motiongen_3157,52.616999999999997,4.9569999999999999,1.601,0.495,-1.7629999999999999
motiongen_3158,52.633000000000003,4.9649999999999999,1.599,0.46500000000000002,-1.7709999999999999
motiongen_3159,52.649999999999999,4.9719999999999995,1.597,0.436,-1.776
motiongen_3160,52.667000000000002,4.9790000000000001,1.595,0.40600000000000003,-1.7789999999999999
motiongen_3161,52.683,4.9860000000000007,1.5940000000000001,0.376,-1.7789999999999999
motiongen_3162,52.700000000000003,4.992,1.5920000000000001,0.34699999999999998,-1.776
motiongen_3163,52.716999999999999,4.9980000000000002,1.591,0.317,-1.7709999999999999
motiongen_3164,52.732999999999997,5.0030000000000001,1.589,0.28799999999999998,-1.764
motiongen_3165,52.75,5.0069999999999997,1.5880000000000001,0.25800000000000001,-1.7549999999999999
motiongen_3166,52.767000000000003,5.0120000000000005,1.587,0.22900000000000001,-1.744
motiongen_3167,52.783000000000001,5.0150000000000006,1.5860000000000001,0.20000000000000001,-1.7310000000000001
motiongen_3168,52.799999999999997,5.0180000000000007,1.585,0.17100000000000001,-1.7170000000000001
motiongen_3169,52.817,5.0209999999999999,1.5840000000000001,0.14199999999999999,-1.7010000000000001
motiongen_3170,52.832999999999998,5.0229999999999997,1.583,0.114,-1.6830000000000001
motiongen_3171,52.850000000000001,5.0250000000000004,1.583,0.085999999999999993,-1.6639999999999999
motiongen_3172,52.866999999999997,5.0270000000000001,1.5820000000000001,0.058000000000000003,-1.643
motiongen_3173,52.883000000000003,5.0280000000000005,1.5820000000000001,0.031,-1.6220000000000001
motiongen_3174,52.899999999999999,5.0280000000000005,1.5820000000000001,0.0040000000000000001,1.129
motiongen_3175,52.917000000000002,5.0280000000000005,1.5820000000000001,0.023,1.575
motiongen_3176,52.933,5.0280000000000005,1.5820000000000001,0.049000000000000002,1.5509999999999999
motiongen_3177,52.950000000000003,5.0270000000000001,1.5820000000000001,0.074999999999999997,1.526
motiongen_3178,52.966999999999999,5.0259999999999998,1.583,0.10000000000000001,1.5
motiongen_3179,52.982999999999997,5.024,1.583,0.125,1.474
motiongen_3180,53,5.0220000000000002,1.5840000000000001,0.14999999999999999,1.4470000000000001
motiongen_3181,53.017000000000003,5.0199999999999996,1.5840000000000001,0.17399999999999999,1.4199999999999999
motiongen_3182,53.033000000000001,5.0169999999999995,1.585,0.19800000000000001,1.3919999999999999
motiongen_3183,53.049999999999997,5.0140000000000002,1.5860000000000001,0.221,1.3640000000000001
motiongen_3184,53.067,5.0099999999999998,1.587,0.24399999999999999,1.3360000000000001
motiongen_3185,53.082999999999998,5.0060000000000002,1.5880000000000001,0.26600000000000001,1.3080000000000001
motiongen_3186,53.100000000000001,5.0020000000000007,1.589,0.28799999999999998,1.28
motiongen_3187,53.116999999999997,4.9969999999999999,1.591,0.309,1.252
motiongen_3188,53.133000000000003,4.9930000000000003,1.5920000000000001,0.33000000000000002,1.224
motiongen_3189,53.149999999999999,4.9870000000000001,1.593,0.34999999999999998,1.196
motiongen_3190,53.167000000000002,4.9820000000000002,1.595,0.37,1.1679999999999999
motiongen_3191,53.183,4.976,1.5960000000000001,0.39000000000000001,1.1399999999999999
motiongen_3192,53.200000000000003,4.9689999999999994,1.5980000000000001,0.40899999999999997,1.1120000000000001
motiongen_3193,53.216999999999999,4.9630000000000001,1.599,0.42699999999999999,1.085
motiongen_3194,53.232999999999997,4.9559999999999995,1.601,0.44500000000000001,1.0580000000000001
motiongen_3195,53.25,4.9489999999999998,1.603,0.46300000000000002,1.0309999999999999
motiongen_3196,53.267000000000003,4.9409999999999998,1.605,0.47999999999999998,1.004
motiongen_3197,53.283000000000001,4.9329999999999998,1.6060000000000001,0.497,0.97799999999999998
motiongen_3198,53.299999999999997,4.9249999999999998,1.6080000000000001,0.51300000000000001,0.95199999999999996
motiongen_3199,53.317,4.9169999999999998,1.6100000000000001,0.52900000000000003,0.92600000000000005
motiongen_3200,53.332999999999998,4.9079999999999995,1.6120000000000001,0.54400000000000004,0.90100000000000002
motiongen_3201,53.350000000000001,4.899,1.6140000000000001,0.55900000000000005,0.876
motiongen_3202,53.366999999999997,4.8900000000000006,1.615,0.57399999999999995,0.85099999999999998
motiongen_3203,53.383000000000003,4.8810000000000002,1.617,0.58799999999999997,0.82699999999999996
motiongen_3204,53.399999999999999,4.8710000000000004,1.619,0.60199999999999998,0.80300000000000005
motiongen_3205,53.417000000000002,4.8610000000000007,1.621,0.61499999999999999,0.78000000000000003
motiongen_3206,53.433,4.851,1.623,0.628,0.75700000000000001
motiongen_3207,53.450000000000003,4.8410000000000002,1.6240000000000001,0.64100000000000001,0.73399999999999999
motiongen_3208,53.466999999999999,4.8300000000000001,1.6259999999999999,0.65300000000000002,0.71099999999999997
motiongen_3209,53.482999999999997,4.819,1.6279999999999999,0.66500000000000004,0.68899999999999995
motiongen_3210,53.5,4.8090000000000002,1.629,0.67700000000000005,0.66800000000000004
motiongen_3211,53.517000000000003,4.7970000000000006,1.631,0.68799999999999994,0.64600000000000002
motiongen_3212,53.533000000000001,4.7859999999999996,1.633,0.69799999999999995,0.625
motiongen_3213,53.549999999999997,4.774,1.6339999999999999,0.70899999999999996,0.60499999999999998
motiongen_3214,53.567,4.7629999999999999,1.635,0.71899999999999997,0.58399999999999996
motiongen_3215,53.582999999999998,4.7509999999999994,1.637,0.72899999999999998,0.56399999999999995
motiongen_3216,53.600000000000001,4.7389999999999999,1.6379999999999999,0.73799999999999999,0.54500000000000004
motiongen_3217,53.616999999999997,4.726,1.639,0.747,0.52500000000000002
motiongen_3218,53.633000000000003,4.7140000000000004,1.6399999999999999,0.75600000000000001,0.50600000000000001
motiongen_3219,53.649999999999999,4.702,1.641,0.76400000000000001,0.48799999999999999
motiongen_3220,53.667000000000002,4.6890000000000001,1.6419999999999999,0.77200000000000002,0.46899999999999997
motiongen_3221,53.683,4.6760000000000002,1.643,0.78000000000000003,0.45100000000000001
motiongen_3222,53.700000000000003,4.6630000000000003,1.6439999999999999,0.78800000000000003,0.433
motiongen_3223,53.716999999999999,4.6500000000000004,1.645,0.79500000000000004,0.41599999999999998
motiongen_3224,53.732999999999997,4.6370000000000005,1.645,0.80200000000000005,0.39800000000000002
motiongen_3225,53.75,4.6230000000000002,1.6459999999999999,0.80900000000000005,0.38100000000000001
motiongen_3226,53.767000000000003,4.6099999999999994,1.6459999999999999,0.81499999999999995,0.36399999999999999
motiongen_3227,53.783000000000001,4.5960000000000001,1.6459999999999999,0.82099999999999995,0.34799999999999998
motiongen_3228,53.799999999999997,4.5830000000000002,1.6459999999999999,0.82699999999999996,0.33100000000000002
motiongen_3229,53.817,4.569,1.6459999999999999,0.83199999999999996,0.315
motiongen_3230,53.832999999999998,4.5549999999999997,1.6459999999999999,0.83799999999999997,0.29899999999999999
motiongen_3231,53.850000000000001,4.5410000000000004,1.6459999999999999,0.84299999999999997,0.28299999999999997
motiongen_3232,53.866999999999997,4.5270000000000001,1.6459999999999999,0.84699999999999998,0.26800000000000002
motiongen_3233,53.883000000000003,4.5129999999999999,1.645,0.85199999999999998,0.252
motiongen_3234,53.899999999999999,4.4990000000000006,1.645,0.85599999999999998,0.23699999999999999
motiongen_3235,53.917000000000002,4.484,1.6439999999999999,0.85999999999999999,0.222
motiongen_3236,53.933,4.4700000000000006,1.643,0.86399999999999999,0.20699999999999999
motiongen_3237,53.950000000000003,4.4559999999999995,1.6419999999999999,0.86699999999999999,0.192
motiongen_3238,53.966999999999999,4.4409999999999998,1.641,0.87,0.17799999999999999
motiongen_3239,53.982999999999997,4.4269999999999996,1.6399999999999999,0.873,0.16300000000000001
motiongen_3240,54,4.4119999999999999,1.639,0.876,0.14899999999999999
motiongen_3241,54.017000000000003,4.3979999999999997,1.637,0.878,0.13500000000000001
motiongen_3242,54.033000000000001,4.383,1.6359999999999999,0.88100000000000001,0.12
motiongen_3243,54.049999999999997,4.3689999999999998,1.6339999999999999,0.88300000000000001,0.106
motiongen_3244,54.067,4.3540000000000001,1.6319999999999999,0.88400000000000001,0.091999999999999998
motiongen_3245,54.082999999999998,4.3399999999999999,1.6299999999999999,0.88600000000000001,0.079000000000000001
motiongen_3246,54.100000000000001,4.3250000000000002,1.6279999999999999,0.88700000000000001,0.065000000000000002
motiongen_3247,54.116999999999997,4.3100000000000005,1.6259999999999999,0.88800000000000001,0.050999999999999997
motiongen_3248,54.133000000000003,4.2959999999999994,1.623,0.88900000000000001,0.036999999999999998
motiongen_3249,54.149999999999999,4.2810000000000006,1.621,0.89000000000000001,0.024
motiongen_3250,54.167000000000002,4.266,1.6180000000000001,0.89000000000000001,0.01
motiongen_3251,54.183,4.2519999999999998,1.615,0.89000000000000001,-0.0030000000000000001
motiongen_3252,54.200000000000003,4.2370000000000001,1.6120000000000001,0.89000000000000001,-0.017000000000000001
motiongen_3253,54.216999999999999,4.2229999999999999,1.609,0.89000000000000001,-0.029999999999999999
motiongen_3254,54.232999999999997,4.2080000000000002,1.6060000000000001,0.89000000000000001,-0.043999999999999997
motiongen_3255,54.25,4.194,1.603,0.88900000000000001,-0.057000000000000002
motiongen_3256,54.267000000000003,4.1799999999999997,1.599,0.88800000000000001,-0.070000000000000007
motiongen_3257,54.283000000000001,4.165,1.595,0.88700000000000001,-0.084000000000000005
motiongen_3258,54.299999999999997,4.1509999999999998,1.5920000000000001,0.88500000000000001,-0.097000000000000003
motiongen_3259,54.317,4.1370000000000005,1.5880000000000001,0.88400000000000001,-0.11
motiongen_3260,54.332999999999998,4.1219999999999999,1.5840000000000001,0.88200000000000001,-0.123
motiongen_3261,54.350000000000001,4.1080000000000005,1.5800000000000001,0.88,-0.13700000000000001
motiongen_3262,54.366999999999997,4.0940000000000003,1.5760000000000001,0.878,-0.14999999999999999
motiongen_3263,54.383000000000003,4.0800000000000001,1.571,0.875,-0.16300000000000001
motiongen_3264,54.399999999999999,4.0659999999999998,1.5669999999999999,0.872,-0.17599999999999999
motiongen_3265,54.417000000000002,4.0529999999999999,1.5620000000000001,0.86899999999999999,-0.19
motiongen_3266,54.433,4.0389999999999997,1.5580000000000001,0.86599999999999999,-0.20300000000000001
motiongen_3267,54.450000000000003,4.0250000000000004,1.5529999999999999,0.86299999999999999,-0.216
motiongen_3268,54.466999999999999,4.0120000000000005,1.548,0.85899999999999999,-0.22900000000000001
motiongen_3269,54.482999999999997,3.9980000000000002,1.5429999999999999,0.85499999999999998,-0.24199999999999999
motiongen_3270,54.5,3.9850000000000003,1.538,0.85099999999999998,-0.25600000000000001
motiongen_3271,54.517000000000003,3.972,1.5329999999999999,0.84699999999999998,-0.26900000000000002
motiongen_3272,54.533000000000001,3.9590000000000001,1.528,0.84299999999999997,-0.28199999999999997
motiongen_3273,54.549999999999997,3.9450000000000003,1.5229999999999999,0.83799999999999997,-0.29499999999999998
motiongen_3274,54.567,3.9329999999999998,1.5169999999999999,0.83299999999999996,-0.308
motiongen_3275,54.582999999999998,3.9199999999999999,1.512,0.82799999999999996,-0.32100000000000001
motiongen_3276,54.600000000000001,3.907,1.506,0.82299999999999995,-0.33500000000000002
motiongen_3277,54.616999999999997,3.895,1.5009999999999999,0.81699999999999995,-0.34799999999999998
motiongen_3278,54.633000000000003,3.8820000000000001,1.4950000000000001,0.81100000000000005,-0.36099999999999999
motiongen_3279,54.649999999999999,3.8700000000000001,1.4890000000000001,0.80500000000000005,-0.374
motiongen_3280,54.667000000000002,3.8580000000000001,1.484,0.79900000000000004,-0.38700000000000001
motiongen_3281,54.683,3.8460000000000001,1.478,0.79300000000000004,-0.39900000000000002
motiongen_3282,54.700000000000003,3.8340000000000001,1.472,0.78600000000000003,-0.41199999999999998
motiongen_3283,54.716999999999999,3.8220000000000001,1.466,0.77900000000000003,-0.42499999999999999
motiongen_3284,54.732999999999997,3.8109999999999999,1.46,0.77200000000000002,-0.438
motiongen_3285,54.75,3.7999999999999998,1.454,0.76500000000000001,-0.45000000000000001
motiongen_3286,54.767000000000003,3.7880000000000003,1.448,0.75700000000000001,-0.46300000000000002
motiongen_3287,54.783000000000001,3.7770000000000001,1.4419999999999999,0.749,-0.47499999999999998
motiongen_3288,54.799999999999997,3.766,1.4359999999999999,0.74099999999999999,-0.48699999999999999
motiongen_3289,54.817,3.7560000000000002,1.4299999999999999,0.73299999999999998,-0.499
motiongen_3290,54.832999999999998,3.7450000000000001,1.4239999999999999,0.72499999999999998,-0.51100000000000001
motiongen_3291,54.850000000000001,3.7350000000000003,1.4179999999999999,0.71699999999999997,-0.52300000000000002
motiongen_3292,54.866999999999997,3.7240000000000002,1.411,0.70799999999999996,-0.53400000000000003
motiongen_3293,54.883000000000003,3.714,1.405,0.69899999999999995,-0.54500000000000004
motiongen_3294,54.899999999999999,3.7039999999999997,1.399,0.68999999999999995,-0.55600000000000005
motiongen_3295,54.917000000000002,3.694,1.393,0.68100000000000005,-0.56699999999999995
motiongen_3296,54.933,3.6850000000000001,1.387,0.67100000000000004,-0.57799999999999996
motiongen_3297,54.950000000000003,3.6760000000000002,1.381,0.66100000000000003,-0.58799999999999997
motiongen_3298,54.966999999999999,3.6659999999999999,1.375,0.65200000000000002,-0.59899999999999998
motiongen_3299,54.982999999999997,3.657,1.369,0.64200000000000002,-0.60799999999999998
motiongen_3300,55,3.6480000000000001,1.363,0.63200000000000001,-0.61799999999999999
motiongen_3301,55.017000000000003,3.6400000000000001,1.357,0.621,-0.627
motiongen_3302,55.033000000000001,3.6310000000000002,1.351,0.61099999999999999,-0.63600000000000001
motiongen_3303,55.049999999999997,3.6230000000000002,1.345,0.59999999999999998,-0.64500000000000002
motiongen_3304,55.067,3.6150000000000002,1.3400000000000001,0.58899999999999997,-0.65300000000000002
motiongen_3305,55.082999999999998,3.6070000000000002,1.3340000000000001,0.57899999999999996,-0.66100000000000003
motiongen_3306,55.100000000000001,3.5990000000000002,1.3280000000000001,0.56799999999999995,-0.66800000000000004
motiongen_3307,55.116999999999997,3.5910000000000002,1.323,0.55600000000000005,-0.67600000000000005
motiongen_3308,55.133000000000003,3.5840000000000001,1.3169999999999999,0.54500000000000004,-0.68200000000000005
motiongen_3309,55.149999999999999,3.577,1.3120000000000001,0.53400000000000003,-0.68899999999999995
motiongen_3310,55.167000000000002,3.5700000000000003,1.306,0.52200000000000002,-0.69499999999999995
motiongen_3311,55.183,3.5629999999999997,1.3009999999999999,0.51100000000000001,-0.69999999999999996
motiongen_3312,55.200000000000003,3.556,1.296,0.499,-0.70499999999999996
motiongen_3313,55.216999999999999,3.5489999999999999,1.29,0.48699999999999999,-0.70999999999999996
motiongen_3314,55.232999999999997,3.5430000000000001,1.2849999999999999,0.47499999999999998,-0.71499999999999997
motiongen_3315,55.25,3.5369999999999999,1.28,0.46400000000000002,-0.71899999999999997
motiongen_3316,55.267000000000003,3.5310000000000001,1.276,0.45200000000000001,-0.72199999999999998
motiongen_3317,55.283000000000001,3.5250000000000004,1.2709999999999999,0.44,-0.72499999999999998
motiongen_3318,55.299999999999997,3.5190000000000001,1.266,0.42699999999999999,-0.72799999999999998
motiongen_3319,55.317,3.5140000000000002,1.262,0.41499999999999998,-0.72999999999999998
motiongen_3320,55.332999999999998,3.5090000000000003,1.2569999999999999,0.40300000000000002,-0.73199999999999998
motiongen_3321,55.350000000000001,3.504,1.2529999999999999,0.39100000000000001,-0.73299999999999998
motiongen_3322,55.366999999999997,3.4990000000000001,1.248,0.379,-0.73499999999999999
motiongen_3323,55.383000000000003,3.4939999999999998,1.244,0.36599999999999999,-0.73499999999999999
motiongen_3324,55.399999999999999,3.4889999999999999,1.24,0.35399999999999998,-0.73499999999999999
motiongen_3325,55.417000000000002,3.4850000000000003,1.236,0.34200000000000003,-0.73499999999999999
motiongen_3326,55.433,3.48,1.2330000000000001,0.33000000000000002,-0.73499999999999999
motiongen_3327,55.450000000000003,3.476,1.2290000000000001,0.317,-0.73399999999999999
motiongen_3328,55.466999999999999,3.472,1.2250000000000001,0.30499999999999999,-0.73299999999999998
motiongen_3329,55.482999999999997,3.4690000000000003,1.222,0.29299999999999998,-0.73199999999999998
motiongen_3330,55.5,3.4649999999999999,1.2190000000000001,0.28100000000000003,-0.72999999999999998
motiongen_3331,55.517000000000003,3.4619999999999997,1.216,0.26900000000000002,-0.72799999999999998
motiongen_3332,55.533000000000001,3.4580000000000002,1.2130000000000001,0.25700000000000001,-0.72499999999999998
motiongen_3333,55.549999999999997,3.4550000000000001,1.21,0.24399999999999999,-0.72299999999999998
motiongen_3334,55.567,3.452,1.2070000000000001,0.23200000000000001,-0.71999999999999997
motiongen_3335,55.582999999999998,3.4489999999999998,1.204,0.22,-0.71699999999999997
motiongen_3336,55.600000000000001,3.4470000000000001,1.202,0.20799999999999999,-0.71299999999999997
motiongen_3337,55.616999999999997,3.444,1.1990000000000001,0.19700000000000001,-0.70999999999999996
motiongen_3338,55.633000000000003,3.4420000000000002,1.1970000000000001,0.185,-0.70599999999999996
motiongen_3339,55.649999999999999,3.4390000000000001,1.1950000000000001,0.17299999999999999,-0.70199999999999996
motiongen_3340,55.667000000000002,3.4370000000000003,1.1930000000000001,0.161,-0.69799999999999995
motiongen_3341,55.683,3.4350000000000001,1.1910000000000001,0.14999999999999999,-0.69399999999999995
motiongen_3342,55.700000000000003,3.4340000000000002,1.1899999999999999,0.13800000000000001,-0.68999999999999995
motiongen_3343,55.716999999999999,3.4319999999999999,1.1879999999999999,0.127,-0.68500000000000005
motiongen_3344,55.732999999999997,3.4299999999999997,1.1859999999999999,0.115,-0.68100000000000005
motiongen_3345,55.75,3.4290000000000003,1.1850000000000001,0.104,-0.67600000000000005
motiongen_3346,55.767000000000003,3.4279999999999999,1.1839999999999999,0.091999999999999998,-0.67200000000000004
motiongen_3347,55.783000000000001,3.427,1.1830000000000001,0.081000000000000003,-0.66700000000000004
motiongen_3348,55.799999999999997,3.4260000000000002,1.1819999999999999,0.070000000000000007,-0.66300000000000003
motiongen_3349,55.817,3.4249999999999998,1.181,0.058999999999999997,-0.65800000000000003
motiongen_3350,55.832999999999998,3.4239999999999999,1.1799999999999999,0.048000000000000001,-0.65300000000000002
motiongen_3351,55.850000000000001,3.4239999999999999,1.1799999999999999,0.036999999999999998,-0.64900000000000002
motiongen_3352,55.866999999999997,3.423,1.179,0.025999999999999999,-0.64400000000000002
motiongen_3353,55.883000000000003,3.423,1.179,0.016,-0.63900000000000001
motiongen_3354,55.899999999999999,3.423,1.179,0.0050000000000000001,0.025999999999999999
motiongen_3355,55.917000000000002,3.423,1.179,0.0060000000000000001,0.63
motiongen_3356,55.933,3.423,1.179,0.016,0.626
motiongen_3357,55.950000000000003,3.423,1.179,0.025999999999999999,0.622
motiongen_3358,55.966999999999999,3.423,1.179,0.036999999999999998,0.61799999999999999
motiongen_3359,55.982999999999997,3.4239999999999999,1.1799999999999999,0.047,0.61299999999999999
motiongen_3360,56,3.4239999999999999,1.1799999999999999,0.057000000000000002,0.60899999999999999
motiongen_3361,56.017000000000003,3.4249999999999998,1.181,0.067000000000000004,0.60599999999999998
motiongen_3362,56.033000000000001,3.4260000000000002,1.1819999999999999,0.078,0.60199999999999998
motiongen_3363,56.049999999999997,3.427,1.1830000000000001,0.087999999999999995,0.59799999999999998
motiongen_3364,56.067,3.4279999999999999,1.1839999999999999,0.098000000000000004,0.59499999999999997
motiongen_3365,56.082999999999998,3.4290000000000003,1.1850000000000001,0.107,0.59099999999999997
motiongen_3366,56.100000000000001,3.4299999999999997,1.1859999999999999,0.11700000000000001,0.58799999999999997
motiongen_3367,56.116999999999997,3.431,1.1879999999999999,0.127,0.58499999999999996
motiongen_3368,56.133000000000003,3.4329999999999998,1.1890000000000001,0.13700000000000001,0.58199999999999996
motiongen_3369,56.149999999999999,3.4350000000000001,1.1910000000000001,0.14699999999999999,0.57999999999999996
motiongen_3370,56.167000000000002,3.4359999999999999,1.1919999999999999,0.156,0.57699999999999996
motiongen_3371,56.183,3.4379999999999997,1.194,0.16600000000000001,0.57499999999999996
motiongen_3372,56.200000000000003,3.4399999999999999,1.196,0.17499999999999999,0.57299999999999995
motiongen_3373,56.216999999999999,3.4420000000000002,1.198,0.185,0.57099999999999995
motiongen_3374,56.232999999999997,3.4450000000000003,1.2,0.19500000000000001,0.56899999999999995
motiongen_3375,56.25,3.4470000000000001,1.202,0.20399999999999999,0.56799999999999995
motiongen_3376,56.267000000000003,3.4500000000000002,1.2050000000000001,0.21299999999999999,0.56599999999999995
motiongen_3377,56.283000000000001,3.452,1.2070000000000001,0.223,0.56499999999999995
motiongen_3378,56.299999999999997,3.4550000000000001,1.21,0.23200000000000001,0.56399999999999995
motiongen_3379,56.317,3.4580000000000002,1.212,0.24199999999999999,0.56299999999999994
motiongen_3380,56.332999999999998,3.4610000000000003,1.2150000000000001,0.251,0.56299999999999994
motiongen_3381,56.350000000000001,3.464,1.218,0.26100000000000001,0.56200000000000006
motiongen_3382,56.366999999999997,3.4670000000000001,1.2210000000000001,0.27000000000000002,0.56200000000000006
motiongen_3383,56.383000000000003,3.4699999999999998,1.224,0.27900000000000003,0.56200000000000006
motiongen_3384,56.399999999999999,3.4740000000000002,1.2270000000000001,0.28899999999999998,0.56200000000000006
motiongen_3385,56.417000000000002,3.4770000000000003,1.23,0.29799999999999999,0.56299999999999994
motiongen_3386,56.433,3.4809999999999999,1.2330000000000001,0.307,0.56299999999999994
motiongen_3387,56.450000000000003,3.4850000000000003,1.2370000000000001,0.317,0.56399999999999995
motiongen_3388,56.466999999999999,3.4889999999999999,1.24,0.32600000000000001,0.56499999999999995
motiongen_3389,56.482999999999997,3.4930000000000003,1.244,0.33600000000000002,0.56599999999999995
motiongen_3390,56.5,3.4969999999999999,1.2470000000000001,0.34499999999999997,0.56799999999999995
motiongen_3391,56.517000000000003,3.5019999999999998,1.2509999999999999,0.35399999999999998,0.56899999999999995
motiongen_3392,56.533000000000001,3.5060000000000002,1.2549999999999999,0.36399999999999999,0.57099999999999995
motiongen_3393,56.549999999999997,3.5110000000000001,1.2589999999999999,0.373,0.57299999999999995
motiongen_3394,56.567,3.516,1.2629999999999999,0.38300000000000001,0.57499999999999996
motiongen_3395,56.582999999999998,3.52,1.2669999999999999,0.39300000000000002,0.57699999999999996
motiongen_3396,56.600000000000001,3.5250000000000004,1.2709999999999999,0.40200000000000002,0.57999999999999996
motiongen_3397,56.616999999999997,3.5310000000000001,1.2749999999999999,0.41199999999999998,0.58199999999999996
motiongen_3398,56.633000000000003,3.536,1.28,0.42199999999999999,0.58499999999999996
motiongen_3399,56.649999999999999,3.5409999999999999,1.284,0.43099999999999999,0.58799999999999997
motiongen_3400,56.667000000000002,3.5469999999999997,1.2889999999999999,0.441,0.59099999999999997
motiongen_3401,56.683,3.5529999999999999,1.2929999999999999,0.45100000000000001,0.59499999999999997
motiongen_3402,56.700000000000003,3.5590000000000002,1.298,0.46100000000000002,0.59799999999999998
motiongen_3403,56.716999999999999,3.5649999999999999,1.302,0.47099999999999997,0.60199999999999998
motiongen_3404,56.732999999999997,3.5709999999999997,1.3069999999999999,0.48099999999999998,0.60499999999999998
motiongen_3405,56.75,3.577,1.3120000000000001,0.49099999999999999,0.60899999999999999
motiongen_3406,56.767000000000003,3.5840000000000001,1.3169999999999999,0.501,0.61299999999999999
motiongen_3407,56.783000000000001,3.5910000000000002,1.3220000000000001,0.51100000000000001,0.61699999999999999
motiongen_3408,56.799999999999997,3.597,1.327,0.52200000000000002,0.622
motiongen_3409,56.817,3.6040000000000001,1.3320000000000001,0.53200000000000003,0.626
motiongen_3410,56.832999999999998,3.6120000000000001,1.337,0.54200000000000004,0.63
motiongen_3411,56.850000000000001,3.6189999999999998,1.343,0.55300000000000005,0.63500000000000001
motiongen_3412,56.866999999999997,3.6269999999999998,1.3480000000000001,0.56299999999999994,0.63900000000000001
motiongen_3413,56.883000000000003,3.6340000000000003,1.353,0.57399999999999995,0.64400000000000002
motiongen_3414,56.899999999999999,3.6420000000000003,1.359,0.58499999999999996,0.64800000000000002
motiongen_3415,56.917000000000002,3.6500000000000004,1.3640000000000001,0.59599999999999997,0.65300000000000002
motiongen_3416,56.933,3.6580000000000004,1.3700000000000001,0.60699999999999998,0.65800000000000003
motiongen_3417,56.950000000000003,3.6669999999999998,1.375,0.61799999999999999,0.66200000000000003
motiongen_3418,56.966999999999999,3.6760000000000002,1.381,0.629,0.66700000000000004
motiongen_3419,56.982999999999997,3.6840000000000002,1.387,0.64000000000000001,0.67200000000000004
motiongen_3420,57,3.6930000000000001,1.3919999999999999,0.65100000000000002,0.67600000000000005
motiongen_3421,57.017000000000003,3.7030000000000003,1.3979999999999999,0.66200000000000003,0.68100000000000005
motiongen_3422,57.033000000000001,3.7119999999999997,1.4039999999999999,0.67400000000000004,0.68500000000000005
motiongen_3423,57.049999999999997,3.7210000000000001,1.4099999999999999,0.68500000000000005,0.68899999999999995
motiongen_3424,57.067,3.7309999999999999,1.4159999999999999,0.69599999999999995,0.69299999999999995
motiongen_3425,57.082999999999998,3.7410000000000001,1.4219999999999999,0.70799999999999996,0.69699999999999995
motiongen_3426,57.100000000000001,3.7510000000000003,1.427,0.71999999999999997,0.70099999999999996
motiongen_3427,57.116999999999997,3.762,1.4330000000000001,0.73099999999999998,0.70399999999999996
motiongen_3428,57.133000000000003,3.7730000000000001,1.4390000000000001,0.74299999999999999,0.70699999999999996
motiongen_3429,57.149999999999999,3.7830000000000004,1.4450000000000001,0.755,0.70999999999999996
motiongen_3430,57.167000000000002,3.794,1.4510000000000001,0.76700000000000002,0.71299999999999997
motiongen_3431,57.183,3.806,1.4570000000000001,0.77900000000000003,0.71499999999999997
motiongen_3432,57.200000000000003,3.8170000000000002,1.4630000000000001,0.79000000000000004,0.71599999999999997
motiongen_3433,57.216999999999999,3.8289999999999997,1.4690000000000001,0.80200000000000005,0.71799999999999997
motiongen_3434,57.232999999999997,3.8410000000000002,1.4750000000000001,0.81399999999999995,0.71799999999999997
motiongen_3435,57.25,3.8529999999999998,1.4810000000000001,0.82599999999999996,0.71799999999999997
motiongen_3436,57.267000000000003,3.8660000000000001,1.4870000000000001,0.83799999999999997,0.71799999999999997
motiongen_3437,57.283000000000001,3.8780000000000001,1.4930000000000001,0.84999999999999998,0.71699999999999997
motiongen_3438,57.299999999999997,3.891,1.4990000000000001,0.86199999999999999,0.71499999999999997
motiongen_3439,57.317,3.9039999999999999,1.5049999999999999,0.874,0.71199999999999997
motiongen_3440,57.332999999999998,3.9180000000000001,1.5109999999999999,0.88600000000000001,0.70899999999999996
motiongen_3441,57.350000000000001,3.931,1.5169999999999999,0.89800000000000002,0.70399999999999996
motiongen_3442,57.366999999999997,3.9450000000000003,1.522,0.91000000000000003,0.69899999999999995
motiongen_3443,57.383000000000003,3.9590000000000001,1.528,0.92100000000000004,0.69299999999999995
motiongen_3444,57.399999999999999,3.9729999999999999,1.534,0.93300000000000005,0.68600000000000005
motiongen_3445,57.417000000000002,3.988,1.5389999999999999,0.94399999999999995,0.67700000000000005
motiongen_3446,57.433,4.0019999999999998,1.5449999999999999,0.95499999999999996,0.66800000000000004
motiongen_3447,57.450000000000003,4.0170000000000003,1.55,0.96699999999999997,0.65700000000000003
motiongen_3448,57.466999999999999,4.0330000000000004,1.556,0.97699999999999998,0.64500000000000002
motiongen_3449,57.482999999999997,4.048,1.5609999999999999,0.98799999999999999,0.63100000000000001
motiongen_3450,57.5,4.0640000000000001,1.5660000000000001,0.999,0.61599999999999999
motiongen_3451,57.517000000000003,4.0800000000000001,1.571,1.0089999999999999,0.59899999999999998
motiongen_3452,57.533000000000001,4.0960000000000001,1.5760000000000001,1.0189999999999999,0.58099999999999996
motiongen_3453,57.549999999999997,4.1120000000000001,1.581,1.0289999999999999,0.56200000000000006
motiongen_3454,57.567,4.1280000000000001,1.5860000000000001,1.038,0.54000000000000004
motiongen_3455,57.582999999999998,4.1449999999999996,1.5900000000000001,1.0469999999999999,0.51700000000000002
motiongen_3456,57.600000000000001,4.1619999999999999,1.595,1.056,0.49199999999999999
motiongen_3457,57.616999999999997,4.1790000000000003,1.599,1.0640000000000001,0.46500000000000002
motiongen_3458,57.633000000000003,4.1959999999999997,1.603,1.0720000000000001,0.437
motiongen_3459,57.649999999999999,4.2140000000000004,1.607,1.079,0.40600000000000003
motiongen_3460,57.667000000000002,4.2309999999999999,1.611,1.0860000000000001,0.373
motiongen_3461,57.683,4.2490000000000006,1.6140000000000001,1.0920000000000001,0.33900000000000002
motiongen_3462,57.700000000000003,4.2670000000000003,1.6180000000000001,1.0980000000000001,0.30199999999999999
motiongen_3463,57.716999999999999,4.2850000000000001,1.621,1.103,0.26400000000000001
motiongen_3464,57.732999999999997,4.3029999999999999,1.6240000000000001,1.107,0.223
motiongen_3465,57.75,4.3209999999999997,1.627,1.111,0.18099999999999999
motiongen_3466,57.767000000000003,4.3390000000000004,1.6299999999999999,1.1140000000000001,0.13600000000000001
motiongen_3467,57.783000000000001,4.3580000000000005,1.633,1.1160000000000001,0.089999999999999997
motiongen_3468,57.799999999999997,4.3759999999999994,1.635,1.117,0.041000000000000002
motiongen_3469,57.817,4.3949999999999996,1.637,1.1180000000000001,-0.0089999999999999993
motiongen_3470,57.832999999999998,4.4130000000000003,1.639,1.1180000000000001,-0.059999999999999998
motiongen_3471,57.850000000000001,4.4320000000000004,1.641,1.117,-0.114
motiongen_3472,57.866999999999997,4.4500000000000002,1.6419999999999999,1.115,-0.16900000000000001
motiongen_3473,57.883000000000003,4.4689999999999994,1.643,1.1120000000000001,-0.22500000000000001
motiongen_3474,57.899999999999999,4.4879999999999995,1.6439999999999999,1.109,-0.28299999999999997
motiongen_3475,57.917000000000002,4.5060000000000002,1.645,1.1040000000000001,-0.34200000000000003
motiongen_3476,57.933,4.524,1.6459999999999999,1.0980000000000001,-0.40200000000000002
motiongen_3477,57.950000000000003,4.5430000000000001,1.6459999999999999,1.091,-0.46300000000000002
motiongen_3478,57.966999999999999,4.5609999999999999,1.6459999999999999,1.0840000000000001,-0.52400000000000002
motiongen_3479,57.982999999999997,4.5790000000000006,1.6459999999999999,1.075,-0.58599999999999997
motiongen_3480,58,4.5969999999999995,1.6459999999999999,1.0649999999999999,-0.64800000000000002
motiongen_3481,58.017000000000003,4.6150000000000002,1.6459999999999999,1.054,-0.70999999999999996
motiongen_3482,58.033000000000001,4.6319999999999997,1.645,1.0429999999999999,-0.77300000000000002
motiongen_3483,58.049999999999997,4.649,1.645,1.03,-0.83499999999999996
motiongen_3484,58.067,4.6669999999999998,1.6439999999999999,1.016,-0.89600000000000002
motiongen_3485,58.082999999999998,4.6840000000000002,1.643,1.0009999999999999,-0.95699999999999996
motiongen_3486,58.100000000000001,4.7000000000000002,1.641,0.98499999999999999,-1.016
motiongen_3487,58.116999999999997,4.7170000000000005,1.6399999999999999,0.96799999999999997,-1.075
motiongen_3488,58.133000000000003,4.7330000000000005,1.639,0.94999999999999996,-1.1319999999999999
motiongen_3489,58.149999999999999,4.7480000000000002,1.637,0.93100000000000005,-1.1879999999999999
motiongen_3490,58.167000000000002,4.7640000000000002,1.635,0.91100000000000003,-1.242
motiongen_3491,58.183,4.7789999999999999,1.633,0.89100000000000001,-1.2929999999999999
motiongen_3492,58.200000000000003,4.7940000000000005,1.6319999999999999,0.86899999999999999,-1.343
motiongen_3493,58.216999999999999,4.8079999999999998,1.6299999999999999,0.84699999999999998,-1.391
motiongen_3494,58.232999999999997,4.8220000000000001,1.627,0.82399999999999995,-1.4359999999999999
motiongen_3495,58.25,4.835,1.625,0.80000000000000004,-1.4790000000000001
motiongen_3496,58.267000000000003,4.8490000000000002,1.623,0.77500000000000002,-1.5189999999999999
motiongen_3497,58.283000000000001,4.8610000000000007,1.621,0.75,-1.556
motiongen_3498,58.299999999999997,4.8740000000000006,1.619,0.72399999999999998,-1.5900000000000001
motiongen_3499,58.317,4.8849999999999998,1.6160000000000001,0.69699999999999995,-1.6220000000000001
motiongen_3500,58.332999999999998,4.8970000000000002,1.6140000000000001,0.67000000000000004,-1.651
motiongen_3501,58.350000000000001,4.9079999999999995,1.6120000000000001,0.64300000000000002,-1.677
motiongen_3502,58.366999999999997,4.9180000000000001,1.6100000000000001,0.61499999999999999,-1.6990000000000001
motiongen_3503,58.383000000000003,4.9279999999999999,1.607,0.58599999999999997,-1.7190000000000001
motiongen_3504,58.399999999999999,4.9380000000000006,1.605,0.55800000000000005,-1.736
motiongen_3505,58.417000000000002,4.9470000000000001,1.603,0.52900000000000003,-1.75
motiongen_3506,58.433,4.9550000000000001,1.601,0.5,-1.7609999999999999
motiongen_3507,58.450000000000003,4.9640000000000004,1.599,0.46999999999999997,-1.77
motiongen_3508,58.466999999999999,4.9710000000000001,1.597,0.441,-1.7749999999999999
motiongen_3509,58.482999999999997,4.9779999999999998,1.5960000000000001,0.41099999999999998,-1.778
motiongen_3510,58.5,4.9849999999999994,1.5940000000000001,0.38200000000000001,-1.7789999999999999
motiongen_3511,58.517000000000003,4.9909999999999997,1.5920000000000001,0.35199999999999998,-1.7769999999999999
motiongen_3512,58.533000000000001,4.9969999999999999,1.591,0.32200000000000001,-1.772
motiongen_3513,58.549999999999997,5.0020000000000007,1.589,0.29299999999999998,-1.766
motiongen_3514,58.567,5.0069999999999997,1.5880000000000001,0.26300000000000001,-1.7569999999999999
motiongen_3515,58.582999999999998,5.0110000000000001,1.587,0.23400000000000001,-1.746
motiongen_3516,58.600000000000001,5.0150000000000006,1.5860000000000001,0.20499999999999999,-1.734
motiongen_3517,58.616999999999997,5.0180000000000007,1.585,0.17599999999999999,-1.72
motiongen_3518,58.633000000000003,5.0209999999999999,1.5840000000000001,0.14699999999999999,-1.704
motiongen_3519,58.649999999999999,5.0229999999999997,1.583,0.11899999999999999,-1.6859999999999999
motiongen_3520,58.667000000000002,5.0250000000000004,1.583,0.090999999999999998,-1.667
motiongen_3521,58.683,5.0259999999999998,1.583,0.063,-1.647
motiongen_3522,58.700000000000003,5.0270000000000001,1.5820000000000001,0.035999999999999997,-1.625
motiongen_3523,58.716999999999999,5.0280000000000005,1.5820000000000001,0.0089999999999999993,0.56599999999999995
motiongen_3524,58.732999999999997,5.0280000000000005,1.5820000000000001,0.017999999999999999,1.5800000000000001
motiongen_3525,58.75,5.0280000000000005,1.5820000000000001,0.043999999999999997,1.5549999999999999
motiongen_3526,58.767000000000003,5.0270000000000001,1.5820000000000001,0.070000000000000007,1.53
motiongen_3527,58.783000000000001,5.0259999999999998,1.583,0.096000000000000002,1.5049999999999999
motiongen_3528,58.799999999999997,5.0250000000000004,1.583,0.121,1.478
motiongen_3529,58.817,5.0229999999999997,1.5840000000000001,0.14599999999999999,1.4510000000000001
motiongen_3530,58.832999999999998,5.0199999999999996,1.5840000000000001,0.17000000000000001,1.4239999999999999
motiongen_3531,58.850000000000001,5.0180000000000007,1.585,0.193,1.397
motiongen_3532,58.866999999999997,5.0140000000000002,1.5860000000000001,0.217,1.369
motiongen_3533,58.883000000000003,5.0110000000000001,1.587,0.23999999999999999,1.341
motiongen_3534,58.899999999999999,5.0069999999999997,1.5880000000000001,0.26200000000000001,1.3129999999999999
motiongen_3535,58.917000000000002,5.0030000000000001,1.589,0.28399999999999997,1.2849999999999999
motiongen_3536,58.933,4.9980000000000002,1.5900000000000001,0.30499999999999999,1.2569999999999999
motiongen_3537,58.950000000000003,4.9930000000000003,1.5920000000000001,0.32600000000000001,1.2290000000000001
motiongen_3538,58.966999999999999,4.9879999999999995,1.593,0.34699999999999998,1.2010000000000001
motiongen_3539,58.982999999999997,4.9830000000000005,1.5940000000000001,0.36699999999999999,1.173
motiongen_3540,59,4.9770000000000003,1.5960000000000001,0.38600000000000001,1.145
motiongen_3541,59.017000000000003,4.9700000000000006,1.5980000000000001,0.40500000000000003,1.117
motiongen_3542,59.033000000000001,4.9640000000000004,1.599,0.42399999999999999,1.0900000000000001
motiongen_3543,59.049999999999997,4.9569999999999999,1.601,0.442,1.0620000000000001
motiongen_3544,59.067,4.9500000000000002,1.603,0.46000000000000002,1.036
motiongen_3545,59.082999999999998,4.9420000000000002,1.6040000000000001,0.47699999999999998,1.0089999999999999
motiongen_3546,59.100000000000001,4.9350000000000005,1.6060000000000001,0.49399999999999999,0.98299999999999998
motiongen_3547,59.116999999999997,4.9269999999999996,1.6080000000000001,0.51000000000000001,0.95699999999999996
motiongen_3548,59.133000000000003,4.9180000000000001,1.6100000000000001,0.52600000000000002,0.93100000000000005
motiongen_3549,59.149999999999999,4.9100000000000001,1.611,0.54200000000000004,0.90500000000000003
motiongen_3550,59.167000000000002,4.9009999999999998,1.613,0.55700000000000005,0.88
motiongen_3551,59.183,4.8919999999999995,1.615,0.57099999999999995,0.85599999999999998
motiongen_3552,59.200000000000003,4.8819999999999997,1.617,0.58599999999999997,0.83099999999999996
motiongen_3553,59.216999999999999,4.8730000000000002,1.619,0.59999999999999998,0.80800000000000005
motiongen_3554,59.232999999999997,4.8629999999999995,1.621,0.61299999999999999,0.78400000000000003
motiongen_3555,59.25,4.8529999999999998,1.6220000000000001,0.626,0.76100000000000001
motiongen_3556,59.267000000000003,4.843,1.6240000000000001,0.63900000000000001,0.73799999999999999
motiongen_3557,59.283000000000001,4.8319999999999999,1.6259999999999999,0.65100000000000002,0.71499999999999997
motiongen_3558,59.299999999999997,4.8209999999999997,1.627,0.66300000000000003,0.69299999999999995
motiongen_3559,59.317,4.8100000000000005,1.629,0.67500000000000004,0.67100000000000004
motiongen_3560,59.332999999999998,4.7989999999999995,1.631,0.68600000000000005,0.65000000000000002
motiongen_3561,59.350000000000001,4.7880000000000003,1.6319999999999999,0.69699999999999995,0.629
motiongen_3562,59.366999999999997,4.7759999999999998,1.6339999999999999,0.70699999999999996,0.60799999999999998
motiongen_3563,59.383000000000003,4.7650000000000006,1.635,0.71699999999999997,0.58799999999999997
motiongen_3564,59.399999999999999,4.7530000000000001,1.637,0.72699999999999998,0.56799999999999995
motiongen_3565,59.417000000000002,4.7409999999999997,1.6379999999999999,0.73599999999999999,0.54800000000000004
motiongen_3566,59.433,4.7290000000000001,1.639,0.746,0.52900000000000003
motiongen_3567,59.450000000000003,4.7160000000000002,1.6399999999999999,0.754,0.51000000000000001
motiongen_3568,59.466999999999999,4.7040000000000006,1.641,0.76300000000000001,0.49099999999999999
motiongen_3569,59.482999999999997,4.6909999999999998,1.6419999999999999,0.77100000000000002,0.47199999999999998
motiongen_3570,59.5,4.6779999999999999,1.643,0.77900000000000003,0.45400000000000001
motiongen_3571,59.517000000000003,4.665,1.6439999999999999,0.78700000000000003,0.436
motiongen_3572,59.533000000000001,4.6520000000000001,1.645,0.79400000000000004,0.41899999999999998
motiongen_3573,59.549999999999997,4.6390000000000002,1.645,0.80100000000000005,0.40100000000000002
motiongen_3574,59.567,4.6259999999999994,1.6459999999999999,0.80700000000000005,0.38400000000000001
motiongen_3575,59.582999999999998,4.6120000000000001,1.6459999999999999,0.81399999999999995,0.36699999999999999
motiongen_3576,59.600000000000001,4.5990000000000002,1.6459999999999999,0.81999999999999995,0.35099999999999998
motiongen_3577,59.616999999999997,4.585,1.6459999999999999,0.82599999999999996,0.33400000000000002
motiongen_3578,59.633000000000003,4.5709999999999997,1.6459999999999999,0.83099999999999996,0.318
motiongen_3579,59.649999999999999,4.5570000000000004,1.6459999999999999,0.83699999999999997,0.30199999999999999
motiongen_3580,59.667000000000002,4.5430000000000001,1.6459999999999999,0.84199999999999997,0.28599999999999998
motiongen_3581,59.683,4.5289999999999999,1.6459999999999999,0.84599999999999997,0.27000000000000002
motiongen_3582,59.700000000000003,4.5150000000000006,1.6459999999999999,0.85099999999999998,0.255
motiongen_3583,59.716999999999999,4.5009999999999994,1.645,0.85499999999999998,0.23999999999999999
motiongen_3584,59.732999999999997,4.4870000000000001,1.6439999999999999,0.85899999999999999,0.22500000000000001
motiongen_3585,59.75,4.4729999999999999,1.643,0.86299999999999999,0.20999999999999999
motiongen_3586,59.767000000000003,4.4580000000000002,1.643,0.86599999999999999,0.19500000000000001
motiongen_3587,59.783000000000001,4.444,1.641,0.87,0.17999999999999999
motiongen_3588,59.799999999999997,4.4290000000000003,1.6399999999999999,0.873,0.16600000000000001
motiongen_3589,59.817,4.415,1.639,0.875,0.151
motiongen_3590,59.832999999999998,4.4000000000000004,1.6379999999999999,0.878,0.13700000000000001
motiongen_3591,59.850000000000001,4.3860000000000001,1.6359999999999999,0.88,0.123
motiongen_3592,59.866999999999997,4.3710000000000004,1.6339999999999999,0.88200000000000001,0.109
motiongen_3593,59.883000000000003,4.3570000000000002,1.6319999999999999,0.88400000000000001,0.095000000000000001
motiongen_3594,59.899999999999999,4.3420000000000005,1.6299999999999999,0.88600000000000001,0.081000000000000003
motiongen_3595,59.917000000000002,4.327,1.6279999999999999,0.88700000000000001,0.067000000000000004
motiongen_3596,59.933,4.3130000000000006,1.6259999999999999,0.88800000000000001,0.052999999999999999
motiongen_3597,59.950000000000003,4.298,1.6240000000000001,0.88900000000000001,0.040000000000000001
motiongen_3598,59.966999999999999,4.2839999999999998,1.621,0.89000000000000001,0.025999999999999999
motiongen_3599,59.982999999999997,4.2690000000000001,1.6180000000000001,0.89000000000000001,0
motiongen_3600,60,4.2539999999999996,1.6160000000000001,0,0
