sample_id,x,y,vx,vy,ax,ay
pmks_positive_0000,0.010471974182821878,11.999995430738993,-0.0027415564301112656,-3.1415914573600583,-0.0053830334626496319,-6.1685004018892577
pmks_positive_0001,0.010425538136533241,11.946783654854517,-0.0028305147023345084,-3.2435301025064973,-0.0052914420833851134,-6.0635444390993323
pmks_positive_0002,0.010377632316616481,11.891887642881834,-0.0029179206985381952,-3.3436899708132763,-0.0051967666004081601,-5.9550543546804739
pmks_positive_0003,0.010328283020916817,11.835337529927024,-0.0030037233367447699,-3.4420125266607924,-0.0050990457926063616,-5.8430745859532651
pmks_positive_0004,0.010277517393149083,11.777164420386246,-0.0030878722020692044,-3.5384399988609747,-0.0049983209526996515,-5.7276524508772271
pmks_positive_0005,0.010225363411417998,11.71740037479853,-0.0031703175896535801,-3.6329154298566824,-0.0048946360124470008,-5.6088382915270971
pmks_positive_0006,0.010171849876016381,11.656078395858447,-0.0032510105497237361,-3.7253827273528017,-0.0047880376720372949,-5.486685622363801
pmks_positive_0007,0.010117006396446637,11.593232413547437,-0.0033299029348350488,-3.8157867184559144,-0.0046785755333357236,-5.3612512829235355
pmks_positive_0008,0.010060863377638896,11.528897269341428,-0.0034069474493684075,-3.9040732063924874,-0.0045663022365865832,-5.2325955944676039
pmks_positive_0009,0.010003452005327151,11.463108699451219,-0.0034820977013301216,-3.9901890298671816,-0.0044512736000963549,-5.100782520047388
pmks_positive_0010,0.0099448042305412265,11.395903317051198,-0.0035553082565008801,-4.0740821251129757,-0.0043335487623373144,-4.9658798273430493
pmks_positive_0011,0.0098849527531807979,11.327318593451174,-0.0036265346949688419,-4.1557015906732921,-0.0042131903258216287,-4.8279592535310627
pmks_positive_0012,0.00982393100460488,11.257392838165527,-0.0036957336700702472,-4.2349977549429534,-0.0040902645019993914,-4.6870966713250803
pmks_positive_0013,0.0097617731292634069,11.186165177833614,-0.0037628629697477288,-4.3119222464796003,-0.0039648412563311622,-4.5433722552167861
pmks_positive_0014,0.0096985139652310259,11.11367553394525,-0.0038278815803213474,-4.3864280670799127,-0.0038369944525772559,-4.3968706468191954
pmks_positive_0015,0.0096341890237123806,11.039964599325357,-0.0038907497526506044,-4.4584696675956526,-0.003706801995232446,-4.2476811180847553
pmks_positive_0016,0.0095688344673705572,10.965073813332518,-0.003951429070646691,-4.5280030264429136,-0.0035743459689170109,-4.0958977310356914
pmks_positive_0017,0.00950248708755419,10.88904533572703,-0.0040098825220735929,-4.5949857307341819,-0.0034397127734140114,-3.9416194925052728
pmks_positive_0018,0.0094351842802691266,10.811922019165603,-0.0040660745715536155,-4.6593770599364861,-0.003302993252919508,-3.7849505022476233
pmks_positive_0019,0.0093669640209452787,10.733747380281505,-0.0041199712356681734,-4.7211380719305485,-0.0031642828179488554,-3.6260000926320117
pmks_positive_0020,0.0092978648379484774,10.654565569311469,-0.0041715401600175509,-4.7802316913147296,-0.0030236815582195455,-3.4648829579970215
pmks_positive_0021,0.0092279257847565077,10.574421338233444,-0.0042207506980744356,-4.8366227997645117,-0.0028812943447117292,-3.3017192716032655
pmks_positive_0022,0.0091571864108286327,10.493360007382767,-0.0042675739916350729,-4.8902783282226991,-0.0027372309189934514,-3.1366347879925445
pmks_positive_0023,0.009085686731131748,10.411427430518362,-0.0043119830526390955,-4.9411673506580165,-0.002591605967791461,-2.969760928439678
pmks_positive_0024,0.0090134671942707634,10.328669958315286,-0.0043539528460946157,-4.9892611790902386,-0.0024445391806930468,-2.8012348470739123
pmks_positive_0025,0.0089405686492414205,10.245134400265353,-0.0043934603738092354,-5.0345334595388413,-0.0022961552887824695,-2.6311994751530121
pmks_positive_0026,0.0088670323107904458,10.160867984973523,-0.0044304847585904727,-5.0769602685095494,-0.0021465840819508046,-2.4598035408988617
pmks_positive_0027,0.0087928997233506223,10.075918318844691,-0.0044650073285409401,-5.1165202095894786,-0.0019959604025735359,-2.287201562252533
pmks_positive_0028,0.0087182127235969631,9.9903333431628738,-0.0044970117010350924,-5.1531945096773732,-0.001844424113229651,-2.1135538098830988
pmks_positive_0029,0.0086430134015906823,9.9041612895731941,-0.004526483865925501,-5.1869671143309475,-0.0016921200361431133,-1.9390262377926881
pmks_positive_0030,0.0085673440605549267,9.8174506339859526,-0.0045534122674882856,-5.2178247816694139,-0.0015391978620657042,-1.76379037890394
pmks_positive_0031,0.0084912471752955909,9.7302500489318859,-0.0045777878845798883,-5.2457571742263491,-0.0013858120263932515,-1.5880232030996997
pmks_positive_0032,0.0084147653493058527,9.642608354408063,-0.0045996043084413907,-5.270756948106861,-0.0012321215504182545,-1.4119069353119691
pmks_positive_0033,0.0083379412706077183,9.554574467265045,-0.0046188578175528896,-5.2928198387643528,-0.0010782898457741396,-1.2356288314315855
pmks_positive_0034,0.0082608176663452326,9.4661973491975608,-0.004635547448909566,-5.3119447426768707,-0.00092448448032228948,-1.0593809100345908
pmks_positive_0035,0.0081834372562603619,9.37752595341329,-0.0046496750650639115,-5.3281337941718103,-0.00077087690397488451,-0.88335963819843055
pmks_positive_0036,0.0081058427050804127,9.2886091700670281,-0.0046612454162557994,-5.3413924366217174,-0.00061764213323565282,-0.70776557001236684
pmks_positive_0037,0.0080280765738889315,9.1994957705607234,-0.0046702661969344802,-5.35172948721371,-0.00046495839357764326,-0.53280293677270674
pmks_positive_0038,0.0079501812706448405,9.1102343508231645,-0.0046767480959651522,-5.359157194481952,-0.00031300671916156559,-0.3586791882939151
pmks_positive_0039,0.0078721989998991049,9.020873273696786,-0.0046807048398078673,-5.3636912877870202,-0.00016197050982880677,-0.18560448526014151
pmks_positive_0040,0.0077941717118674703,8.931460610572584,-0.0046821532279594513,-5.3653510179293509,-1.2035045777234517E-05,-0.013791143084792346
pmks_positive_0041,0.0077161410509694051,8.8420440824275666,-0.0046811131599600649,-5.3641591880964645,0.00013661303915858073,0.15654697166571685
pmks_positive_0042,0.0076381483039957843,8.7526710004324322,-0.0046776076532859378,-5.3601421743665263,0.00028378632415311002,0.32519509059999185
pmks_positive_0043,0.0075602343480758449,8.663388206309703,-0.0046716628514791121,-5.3533299350243428,0.00042929720591636223,0.49193823623781752
pmks_positive_0044,0.0074824395985650938,8.5742420126347412,-0.0046633080219039627,-5.343756007990522,0.00057295853846016766,0.65656195512813675
pmks_positive_0045,0.0074048039570833168,8.485278143283173,-0.0046525755425694277,-5.3314574957208691,0.00071458430485718994,0.81885308762796982
pmks_positive_0046,0.0073273667598563463,8.3965416742384384,-0.0046395008775149803,-5.3164750370007932,0.00085399031713887354,0.97860056992618882
pmks_positive_0047,0.0072501667265685299,8.3080769749821606,-0.0046241225403276433,-5.2988527651389035,0.00099099493988315224,1.1355962632137406
pmks_positive_0048,0.0071732419099310718,8.2199276506975139,-0.0046064820454362878,-5.2786382521543782,0.0011254198324705401,1.2896358042462561
pmks_positive_0049,0.0070966296461589806,8.1321364855216807,-0.0045866238469176486,-5.2558824386538756,0.0012570907044512005,1.4405194709307334
pmks_positive_0050,0.0070203665065706744,8.0447453870877457,-0.0045645952646453164,-5.2306395492045041,0.0013858380779786439,1.5880530560099739
pmks_positive_0051,0.006944488250526959,7.9577953325984794,-0.0045404463977172455,-5.2029669931290963,0.0015114980508410037,1.7320487414318009
pmks_positive_0052,0.0068690297799314237,7.8713263166747289,-0.0045142300252082792,-5.1729252507769976,0.0016339130532706807,1.8723259655888009
pmks_positive_0053,0.0067940250954627857,7.7853773012191656,-0.0044860014944100284,-5.1405777454564499,0.0017529325914492154,2.0087122753119422
pmks_positive_0054,0.0067195072548047463,7.6999861675317955,-0.0044558185968402086,-5.1059907013517725,0.0018684139704573221,2.1410441543100709
pmks_positive_0055,0.0066455083330065889,7.6151896709072346,-0.0044237414324248209,-5.0692329878876636,0.0019802229893581972,2.2691678196765146
pmks_positive_0056,0.0065720593852383047,7.5310233979347343,-0.0043898322623783965,-5.0303759511424122,0.002088234601153227,2.3929399781424219
pmks_positive_0057,0.00649919041205127,7.4475217267108968,-0.0043541553514271098,-4.9894932330489485,0.002192333530516532,2.5122285339482255
pmks_positive_0058,0.0064269303273887246,7.3647177901614995,-0.0043167768001356847,-4.9466605792556901,0.0022924148425013612,2.6269132405330051
pmks_positive_0059,0.0063553069294357556,7.2826434426532991,-0.0042777643682092269,-4.9019556366453987,0.0023883844558154179,2.736886288704532
pmks_positive_0060,0.0062843468744997466,7.2013292300590299,-0.0042371872897436795,-4.8554577416278519,0.0024801595947807485,2.842052824547026
pmks_positive_0061,0.0062140756540323139,7.1208043634193174,-0.0041951160814915362,-4.8072477004285954,0.0025676691747198166,2.9423313910409452
pmks_positive_0062,0.0061445175748806591,7.0410966963240718,-0.0041516223452913066,-4.757407562689842,0.0026508541162335191,3.0376542881989796
pmks_positive_0063,0.006075695742888243,6.9622327061132969,-0.0041067785658780104,-4.706020389778419,0.0027296675846472575,3.1279678474509653
pmks_positive_0064,0.0060076320498891889,6.8842374789734393,-0.0040606579053468856,-4.6531700192585967,0.0028040751517830905,3.2132326170210712
pmks_positive_0065,0.0059403471641443772,6.8071346989807475,-0.0040133339955820821,-4.5989408270329406,0.0028740548781532355,3.2934234561145854
pmks_positive_0066,0.0058738605242449893,6.730946641117761,-0.0039648807299857512,-4.5434174886815004,0.0029395973146447555,3.3685295368484285
pmks_positive_0067,0.0058081903364959331,6.6556941682634791,-0.0039153720558502275,-4.4866847415379123,0.0030007054237580644,3.4385542539971494
pmks_positive_0068,0.0057433535757240861,6.5813967321321467,-0.0038648817687066592,-4.4288271490303401,0.0030573944214534691,3.5035150437624569
pmks_positive_0069,0.0056793659895006954,6.5080723781104037,-0.0038134833099577,-4.3699288687856948,0.0031096915416306526,3.5634431138866627
pmks_positive_0070,0.0056162421057095457,6.4357377539178637,-0.0037612495690603934,-4.3100734259479649,0.0031576357261971439,3.6183830884973869
pmks_positive_0071,0.0055539952433427686,6.3644081219926179,-0.0037082526914686315,-4.2493434930965446,0.0032012772445552183,3.6683925720717907
pmks_positive_0072,0.0054926375264567895,6.2940973754806189,-0.0036545638934740664,-4.1878206780696035,0.0032406772471366757,3.7135416378252346
pmks_positive_0073,0.0054321799011587402,6.224818057687008,-0.0036002532850010591,-4.1255853209021058,0.0032759072583268566,3.7539122466451591
pmks_positive_0074,0.0053726321554430356,6.156581384828125,-0.0035453897013170204,-4.0627163009801119,0.0033070486147318326,3.7895976033928611
pmks_positive_0075,0.0053140029417839685,6.0893972719055443,-0.0034900405445158862,-3.9992908553942743,0.0033341918552466212,3.8207014579733301
pmks_positive_0076,0.0052562998022631646,6.0232743615082267,-0.0034342716355214666,-3.9353844093482055,0.0033574360697712822,3.8473373590190567
pmks_positive_0077,0.005199529196087127,5.9582200553355964,-0.0033781470772408155,-3.8710704193438317,0.0033768882136927178,3.8696278683442431
pmks_positive_0078,0.0051436965292692705,5.8942405482235909,-0.0033217291293777666,-3.806420229728313,0.0033926623954021436,3.8877037445001705
pmks_positive_0079,0.0050888061863156864,5.8313408644470464,-0.0032650780952951249,-3.7415029430476894,0.0034048791441541422,3.9017031038036856
pmks_positive_0080,0.0050348615636952587,5.7695248960655796,-0.0032082522211927117,-3.6763853045134662,0.003413664665497352,3.9117705671238427
pmks_positive_0081,0.0049818651048614271,5.7087954430761565,-0.0031513076077493386,-3.6111316007517997,0.0034191500913267588,3.9180564005053382
pmks_positive_0082,0.0049298183366790482,5.6491542551337872,-0.003094298134261474,-3.545803572872833,0.0034214707313318161,3.9207156573914714
pmks_positive_0083,0.0048787219069845733,5.5906020746022751,-0.0030372753952012943,-3.4804603437715942,0.003420765332254082,3.9199073297961311
pmks_positive_0084,0.0048285756231054577,5.533138680699377,-0.0029802886490135211,-3.4151583594535153,0.0034171753509345997,3.9157935152776724
pmks_positive_0085,0.0047793784911505099,5.4767629345051159,-0.0029233847788747514,-3.349951344067942,0.003410844246637167,3.908538606001315
pmks_positive_0086,0.0047311287558260418,5.4214728246081494,-0.0028666082650520364,-3.284890268233406,0.0034019167975921638,3.8983085055562698
pmks_positive_0087,0.0046838239406596927,5.3672655131727076,-0.0028100011684198049,-3.2200233301494228,0.0033905384461298364,3.8852698785339408
pmks_positive_0088,0.0046374608883601454,5.3141373822178144,-0.0027536031246263885,-3.1553959489118153,0.0033768546761741925,3.8695894371886621
pmks_positive_0089,0.0045920358012399021,5.2620840799106556,-0.0026974513483435641,-3.0910507693823335,0.0033610104262616946,3.8514332688068351
pmks_positive_0090,0.0045475442814462141,5.2111005666873886,-0.0026415806469849076,-3.027027677908726,0.0033431495406433817,3.8309662067164512
pmks_positive_0091,0.0045039813709171206,5.161181161026672,-0.0025860234432410244,-2.9633638281482062,0.0033234142604356845,3.8083512471890302
pmks_positive_0092,0.0044613415908743015,5.1123195847140028,-0.0025308098057518144,-2.9000936762152625,0.0033019447562126361,3.7837490138298766
pmks_positive_0093,0.0044196189807537145,5.0645090074481196,-0.0024759674872172387,-2.837249024353381,0.0032788787028884669,3.7573172704295486
pmks_positive_0094,0.0043788071364421199,5.0177420906541217,-0.0024215219692382871,-2.7748590723189901,0.0032543508972309497,3.7292104826665415
pmks_positive_0095,0.004338899247703587,4.9720110303815908,-0.0023674965131780285,-2.7129504756639133,0.0032284929178772711,3.6995794285142791
pmks_positive_0096,0.0042998881347302564,4.9273075991794526,-0.0023139122163384519,-2.6515474101092762,0.0032014328272997068,3.6685708567190183
pmks_positive_0097,0.0042617662837058923,4.8836231868527076,-0.002260788072761183,-2.5906716412179742,0.003173294914789918,3.6363271922816205
pmks_positive_0098,0.004224525881332486,4.8409488400191609,-0.002208141037978526,-2.5303425985938834,0.0031441994792001148,3.6029862874973313
pmks_positive_0099,0.0041881588482324261,4.799275300396987,-0.0021559860970647386,-2.470577453862858,0.0031142626498963611,3.5686812167834301
pmks_positive_0100,0.004152656871208471,4.7585930417660638,-0.0021043363353651966,-2.4113912017223615,0.0030835962441436221,3.5335401132545732
pmks_positive_0101,0.0041180114342989071,4.7188923055576399,-0.0020532030113124544,-2.3527967433825059,0.0030523076589520372,3.4976860447877876
pmks_positive_0102,0.0040842138486127944,4.6801631350378425,-0.0020025956307723027,-2.2948049717603327,0.0030204997952672794,3.4612369271510395
pmks_positive_0103,0.004051255280908439,4.6423954080608567,-0.0019525220223991697,-2.2374248578307281,0.0029882710122819955,3.4243054716480179
pmks_positive_0104,0.0040191267809195352,4.6055788683771395,-0.0019029884135178779,-2.180663537580477,0.002955715109577141,3.3869991646536128
pmks_positive_0105,0.0039878193074032176,4.5697031554909628,-0.0018539995060872477,-2.1245263990561298,0.0029229213347680871,3.349420276375711
pmks_positive_0106,0.0039573237529411109,4.5347578330696194,-0.0018055585523399226,-2.0690171690408299,0.0028899744143272288,3.3116658961752927
pmks_positive_0107,0.0039276309674671772,4.5007324159140651,-0.0017576674297313665,-2.0141379989395176,0.002856954605278681,3.2738279918041737
pmks_positive_0108,0.0038987317805698751,4.4676163955073847,-0.0017103267148690703,-1.9598895494955382,0.0028239377655080227,3.2359934899740148
pmks_positive_0109,0.0038706170225570879,4.4353992641634061,-0.0016635357561300614,-1.9062710740041575,0.0027909954404973401,3.198244375747342
pmks_positive_0110,0.0038432775443451028,4.4040705378030065,-0.0016172927447106395,-1.8532804997295427,0.002758194964379596,3.1606578083372865
pmks_positive_0111,0.0038167042361543224,4.3736197773902434,-0.001571594783886578,-1.8009145072710833,0.0027255995733034394,3.1233062510140592
pmks_positive_0112,0.0037908880450747695,4.3440366090643243,-0.0015264379562945952,-1.7491686076622632,0.0026932685292069703,3.0862576129391988
pmks_positive_0113,0.0037658199915542312,4.3153107430067701,-0.0014818173890766785,-1.6980372170205329,0.0026612572522139027,3.0495754008803635
pmks_positive_0114,0.0037414911847597487,4.2874319910858958,-0.0014377273167576296,-1.6475137285996539,0.0026296174599856094,3.0133188788969654
pmks_positive_0115,0.0037178928369772102,4.2603902833228782,-0.0013941611417528823,-1.5975905821265348,0.0025983973124853186,2.9775432342276869
pmks_positive_0116,0.003695016276980656,4.234175683225498,-0.0013511114924284616,-1.5482593303330203,0.002567641560734614,2.9422997477528248
pmks_positive_0117,0.0036728529624641126,4.2087784020368497,-0.0013085702786574686,-1.4995107026189247,0.002537391698265219,2.907635967545203
pmks_positive_0118,0.0036513944915776975,4.1841888119471937,-0.001266528744838168,-1.4513346658062636,0.0025076861140898923,2.8735958841618721
pmks_positive_0119,0.0036306326135902012,4.1603974583176289,-0.0012249775203573342,-1.4037204819659763,0.0024785602461335748,2.8402201064631973
pmks_positive_0120,0.0036105592387376539,4.1373950709643896,-0.0011839066674992128,-1.3566567633175413,0.0024500467341788206,2.8075460368753782
pmks_positive_0121,0.0035911664472942917,4.1151725745524308,-0.0011433057268153489,-1.3101315242189486,0.0024221755714874094,2.7756080451359644
pmks_positive_0122,0.0035724464979076664,4.0937210981465517,-0.0011031637599835803,-1.2641322302794851,0.0023949742543619913,2.7444376396788392
pmks_positive_0123,0.0035543918352405335,4.0730319839676206,-0.001063469390196027,-1.2186458446409425,0.0023684679290075401,2.714063635925005
pmks_positive_0124,0.003536995096948381,4.0530967954006867,-0.0010242108401257795,-1.1736588714842282,0.0023426795351418027,2.6845123208479889
pmks_positive_0125,0.0035202491200752029,4.0339073243006096,-0.00098537596753044934,-1.1291573968280224,0.0023176299458867906,2.6558076132776507
pmks_positive_0126,0.0035041469468426456,4.0154555976397965,-0.00094695229855799163,-1.0851271266944236,0.0022933381035495403,2.6279712194934284
pmks_positive_0127,0.0034886818299117994,3.9977338835411986,-0.00090892705882602816,-1.0415534227232246,0.0022698211509700719,2.6010227837379771
pmks_positive_0128,0.0034738472371491635,3.9807346967384145,-0.00087128720235083205,-0.99842133532207811,0.0022470945581776558,2.5749800333545174
pmks_positive_0129,0.0034596368559449697,3.9644508035031691,-0.00083401943840589207,-0.9557156344441341,0.0022251722441533933,2.5498589183164473
pmks_positive_0130,0.0034460445970458942,3.9488752260789708,-0.00079711025639299382,-0.91342083808819585,0.0022040666935481475,2.5256737449761952
pmks_positive_0131,0.0034330645980611418,3.9340012466580516,-0.00076054594881076959,-0.87152123861873032,0.0021837890682499563,2.5024373039120369
pmks_positive_0132,0.0034206912265504208,3.9198224109371278,-0.00072431263240722095,-0.83000092700486638,0.0021643493137348912,2.480160991797161
pmks_positive_0133,0.0034089190827850668,3.9063325312858215,-0.00068839626760343103,-0.78884381507832635,0.0021457562601698748,2.4588549272549387
pmks_positive_0134,0.0033977430022051891,3.8935256895599366,-0.0006527826762759921,-0.74803365591058191,0.0021280177182659318,2.4385280606986344
pmks_positive_0135,0.0033871580575917104,3.8813962395900896,-0.00061745755798547854,-0.70755406240930696,0.0021111405699056392,2.4191882781827805
pmks_positive_0136,0.0033771595610023741,3.8699388093745339,-0.00058240650473769635,-0.66738852423352091,0.002095130853589889,2.400842499317934
pmks_positive_0137,0.0033677430654042162,3.8591483030034235,-0.00054761501436360242,-0.62752042312584366,0.0020799938447665419,2.3834967693205096
pmks_positive_0138,0.0033589043661799156,3.8490199023400278,-0.00051306850260250127,-0.58793304675881441,0.0020657341311175899,2.3671563452854918
pmks_positive_0139,0.0033506395023936708,3.8395490684828948,-0.00047875231397188911,-0.54860960119081181,0.0020523556828922511,2.3518257767822011
pmks_positive_0140,0.0033429447578909866,3.830731543031364,-0.00044465173150570053,-0.50953322202526152,0.002039861918381462,2.3375089808825185
pmks_positive_0141,0.0033358166622453611,3.8225633491752564,-0.00041075198544110751,-0.47068698436497081,0.0020282557646345775,2.3242093117370843
pmks_positive_0142,0.0033292519915896213,3.8150407926280607,-0.0003770382609322907,-0.43205391165145723,0.0020175397135221407,2.3119296248184753
pmks_positive_0143,0.003323247769276727,3.808160462421494,-0.00034349570486790897,-0.3936169834771916,0.0020077158732495445,2.3006723359515071
pmks_positive_0144,0.0033178012665086021,3.8019192315778065,-0.0003101094318671572,-0.35535914245657257,0.0019987860154255205,2.2904394752497281
pmks_positive_0145,0.003312910002816416,3.7963142576748394,-0.00027686452952771468,-0.31726330023963056,0.0019907516177867885,2.2812327360742555
pmks_positive_0146,0.0033085717464279574,3.7913429833174224,-0.00024374606299714974,-0.2793123427504699,0.0019836139026762176,2.273053519126484
pmks_positive_0147,0.0033047845146892962,3.7870031365273675,-0.00021073907893770386,-0.24148913473057648,0.0019773738713665537,2.2659029717801711
pmks_positive_0148,0.003301546574295211,3.783292731062982,-0.00017782860895309804,-0.20377652366564711,0.0019720323343153019,2.2597820227509708
pmks_positive_0149,0.0032988564414340726,3.7802100666777587,-0.00014499967254446726,-0.16615734317284023,0.0019675899374290507,2.2546914121931274
pmks_positive_0150,0.0032967128821836389,3.7777537293265384,-0.00011223727966116887,-0.12861441592378589,0.0019640471844072781,2.2506317173035764
pmks_positive_0151,0.0032951149124057777,3.7759225913263608,-7.9526432911664521E-05,-0.091130556178069796,0.0019614044552267885,2.2476033735035532
pmks_positive_0152,0.003294061798017639,3.774715811477785,-4.6852129497919771E-05,-0.053688571999890689,0.0019596620208184672,2.2456066912569028
pmks_positive_0153,0.0032935530551299122,3.7741328351514252,-1.4199362936675048E-05,-0.016271267230491739,0.0019588200539780993,2.2446418685729608
pmks_positive_0154,0.0032935884495952569,3.7741733943431495,1.8446875369693608E-05,0.021138556711766517,0.0019588786365426969,2.24470899923001
pmks_positive_0155,0.0032941679980533906,3.7748375077002132,5.1101594651705444E-05,0.058558099133767874,0.0019598377628531746,2.2458080767432169
pmks_positive_0156,0.0032952919666899283,3.7761254805194522,8.3779803317027073E-05,0.096004558399476803,0.0019616973395135333,2.2479389940886803
pmks_positive_0157,0.0032969608720472277,3.7780379047174506,0.0001164965074608801,0.1334951302229915,0.0019644571814458273,2.2511015391827476
pmks_positive_0158,0.0032991754807936147,3.780575658771431,0.00014926670927925315,0.17104700585021973,0.001968117004229377,2.2552953861034131
pmks_positive_0159,0.0033019368095504875,3.7837399076284068,0.00018210540532336605,0.20867737005864184,0.0019726764127020037,2.2605200820282882
pmks_positive_0160,0.0033052461247724541,3.7875321025790054,0.0002150275845328239,0.24640339890347307,0.0019781348857904587,2.2667750298515674
pmks_positive_0161,0.0033091049427127484,3.7919539810910994,0.00024804822598429064,0.28424225713783263,0.0019844917575270009,2.2740594664306251
pmks_positive_0162,0.0033135150291383475,3.7970075665972125,0.00028118229629152505,0.32221109523340696,0.0019917461941991866,2.282372436401618
pmks_positive_0163,0.0033184783991602185,3.8026951682284382,0.00031444474659200896,0.36032704592737902,0.00199989716757051,2.2917127614926032
pmks_positive_0164,0.0033239973168848191,3.8090193804863173,0.00034785050905396112,0.3986072202197643,0.0020089434241007415,2.3020790052526521
pmks_positive_0165,0.0033300742951256623,3.8159830828429051,0.00038141449283653602,0.43706870274413795,0.0020188834500866962,2.3134694331061274
pmks_positive_0166,0.0033367120949980844,3.8235894392579084,0.00041515157943442042,0.47572854643293949,0.002029715432636929,2.3258819676329847
pmks_positive_0167,0.0033439137252997408,3.8318418976004756,0.00044907661733658666,0.51460376639685468,0.0020414372163875434,2.3393141389687604
pmks_positive_0168,0.0033516824420285474,3.8407441889618577,0.00048320441592758848,0.55371133293621833,0.0020540462558611894,2.3537630302120145
pmks_positive_0169,0.0033600217476408289,3.8503003268437812,0.00051754973855775571,0.59306816360004289,0.0020675395633674566,2.3692252177225965
pmks_positive_0170,0.0033689353901793506,3.8605146062059283,0.00055212729470717871,0.63269111420660984,0.0020819136523405595,2.3856967061914296
pmks_positive_0171,0.0033784273623638228,3.8713916023545076,0.00058695173116662437,0.67259696873754549,0.0020971644760094687,2.4031728583616783
pmks_positive_0172,0.0033885019004222805,3.8829361696523685,0.00062203762215661245,0.71280242801512095,0.0021132873612969131,2.4216483192826046
pmks_positive_0173,0.0033991634828161033,3.8951534400296399,0.00065739945830439121,0.75332409707079662,0.0021302769378470175,2.4411169349812445
pmks_positive_0174,0.0034104168287225622,3.908048821272267,0.00069305163439675353,0.79417847111098971,0.0021481270620869559,2.4615716654435058
pmks_positive_0175,0.0034222668963492797,3.9216279950643171,0.00072900843582525182,0.83538191998443778,0.0021668307362365195,2.4830044918059864
pmks_positive_0176,0.0034347188809740192,3.9358969147582235,0.00076528402363892065,0.87695067105388469,0.0021863800221905124,2.5054063176724921
pmks_positive_0177,0.0034477782127551038,3.9508618028455951,0.00080189241811856582,0.91890079037360684,0.0022067659502135609,2.5287668644860291
pmks_positive_0178,0.0034614505542149843,3.9665291480994931,0.00083884748078573955,0.96124816207322461,0.0022279784224047343,2.5530745609074272
pmks_positive_0179,0.0034757417974400351,3.9829057023574705,0.00087616289475906284,1.0040084658477089,0.0022500061109112499,2.5783164261768761
pmks_positive_0180,0.0034906580609408433,3.9999984769129737,0.00091385214337036912,1.0471971524532926,0.0022728363508964788,2.604477947464316
pmks_positive_0181,0.0035062056861256963,4.0178147384810181,0.00095192848695348144,1.0908294171093793,0.0022964550282978859,2.6315429512495538
pmks_positive_0182,0.0035223912333748331,4.0363620047024558,0.00099040493771938897,1.1349201707076209,0.002320846462445931,2.6594934688134573
pmks_positive_0183,0.0035392214776841513,4.0556480391493182,0.0010292942326327577,1.1794840087306944,0.002345993283655097,2.6883095959676484
pmks_positive_0184,0.0035567034038392897,4.0756808457926459,0.0010686088042079157,1.2245351777869797,0.0023718763059448278,2.7179693472034741
pmks_positive_0185,0.0035748442010783421,4.0964686628918052,0.0011083607491438844,1.2700875396689548,0.0023984743950988129,2.7484485044991236
pmks_positive_0186,0.0035936512572232182,4.1180199562636677,0.0011485617947235879,1.3161545328495463,0.0024257643323297687,2.7797204610910162
pmks_positive_0187,0.0036131321522216986,4.1403434118881144,0.0011892232629064025,1.362749131335218,0.0024537206738803915,2.8117560605883831
pmks_positive_0188,0.003633294651080643,4.1634479278052243,0.0012303560320495799,1.4098838008019801,0.0024823156069617609,2.8445234318908836
pmks_positive_0189,0.0036541466961383939,4.1873426052582774,0.0012719704962013952,1.457570451948772,0.0025115188025075759,2.877987820457427
pmks_positive_0190,0.0036756963986244173,4.2120367390357387,0.0013140765219175033,1.50582039101267,0.0025412972653062892,2.9121114165702937
pmks_positive_0191,0.0036979520295106205,4.237539806964536,0.0013566834025621141,1.5546442674019063,0.0025716151821634963,2.9468531813420991
pmks_positive_0192,0.0037209220095388851,4.2638614585063053,0.0013997998100672539,1.6040520184160652,0.0026024337688436367,2.9821686713239379
pmks_positive_0193,0.0037446148984612293,4.2910115024079127,0.0014434337441367306,1.6540528110381294,0.0026337111166428451,3.018009862690874
pmks_positive_0194,0.0037690393833811342,4.3189998933574554,0.0014875924788964885,1.7046549808003078,0.0026654020395533115,3.0543249761052405
pmks_positive_0195,0.0037942042662097997,4.3478367175970964,0.0015322825070100184,1.7558659677450306,0.0026974579230930507,3.0910583034883601
pmks_positive_0196,0.0038201184501494012,4.3775321774446603,0.0015775094812963304,1.8076922495240835,0.0027298265759928327,3.1281500380663285
pmks_positive_0197,0.0038467909251989063,4.4080965746768186,0.0016232781539088775,1.8601392717028149,0.0027624520860531103,3.165536109194262
pmks_positive_0198,0.0038742307526193898,4.4395402927280152,0.0016695923131567491,1.9132113753625664,0.0027952746816069778,3.2031480236045833
pmks_positive_0199,0.0039024470483175477,4.4718737776610569,0.0017164547180743459,1.966911722123073,0.0028282306001488882,3.2409127148666634
pmks_positive_0200,0.0039314489651474105,4.5051075178676516,0.0017638670308728875,2.0212422167376003,0.0028612519658115241,3.278752402985682
pmks_positive_0201,0.0039612456740401036,4.5392520224598663,0.0018118297474359947,2.0762034274467744,0.0028942666774926127,3.3165844662054438
pmks_positive_0202,0.0039918463439816421,4.5743177983170122,0.0018603421260527284,2.1317945043126842,0.002927198309547688,3.3543213272106898
pmks_positive_0203,0.004023260120777028,4.6103153257563587,0.001909402114614172,2.1880130957923289,0.0029599660270709007,3.3918703560460859
pmks_positive_0204,0.0040554961045926596,4.647255032800782,0.0019590062765342635,2.2448552638491579,0.0029924845178816175,3.4291337921786202
pmks_positive_0205,0.0040885633262606191,4.6851472680217583,0.0020091497156914905,2.3023153979426243,0.0030246639434162821,3.4660086882238392
pmks_positive_0206,0.0041224707223341817,4.724002271942128,0.0020598260007253667,2.3603861282783494,0.0030564099107899699,3.502386877930757
pmks_positive_0207,0.004157227108841699,4.7638301469897861,0.0021110270890596708,2.4190582387451993,0.0030876234683365404,3.5381549710712452
pmks_positive_0208,0.0041928411538174615,4.8046408260009574,0.0021627432510632123,2.4783205800099317,0.0031182011269568644,3.5731943779032918
pmks_positive_0209,0.0042293213485562475,4.8464440392799233,0.002214962994797595,2.5381599832845194,0.0031480349095976516,3.6073813658695513
pmks_positive_0210,0.004266675977627532,4.8892492802309793,0.0022676729918399644,2.598561175325298,0.003177012431145201,3.6405871511488099
pmks_positive_0211,0.0043049130876293695,4.9330657695881177,0.0023208580047061854,2.6595066952660718,0.0032050170109455302,3.672678027594531
pmks_positive_0212,0.0043440404548227285,4.9779024182783598,0.0023745008164359474,2.7209768139286146,0.0032319278200512672,3.7035155354673126
pmks_positive_0213,0.0043840655515410276,5.0237677889655714,0.0024285821629350026,2.7829494562925969,0.0032576200651436614,3.7329566721939385
pmks_positive_0214,0.0044249955115427397,5.0706700563334373,0.002483080668700741,2.8454001278425469,0.0032819652108820228,3.7608541471610017
pmks_positive_0215,0.0044668370943083957,5.1186169661783456,0.002537972786584481,2.9083018455405334,0.0033048312421912075,3.7870566822741489
pmks_positive_0216,0.0045095966483921224,5.1676157933957576,0.0025932327422667645,2.971625074199558,0.0033260829677086235,3.8114093596826395
pmks_positive_0217,0.0045532800738476986,5.2176732989566199,0.0026488324841394588,3.0353376690526916,0.0033455823652753462,3.8337540176829119
pmks_positive_0218,0.004597892783930746,5.2687956859838598,0.0027047416393002083,3.0994048253264355,0.0033631889699714513,3.8539296953741986
pmks_positive_0219,0.0046434396660561816,5.3209885550524421,0.0027609274763694541,3.1637890356321865,0.0033787603047652232,3.8717731261460475
pmks_positive_0220,0.0046899250422702821,5.3742568588500852,0.0028173548758376132,3.2284500559866052,0.0033921523533718533,3.8871192795343381
pmks_positive_0221,0.004737352629217817,5.4286048563490947,0.0028739863086389593,3.293344881259106,0.0034032200744038409,3.8998019503940888
pmks_positive_0222,0.0047857254979088992,5.4840360666529824,0.0029307818236290191,3.3584277308220072,0.0034118179553472737,3.9096543937093591
pmks_positive_0223,0.0048350460332660106,5.5405532226940784,0.0029876990446129838,3.4236500451453504,0.0034178006043226444,3.9165100027010187
pmks_positive_0224,0.0048853158937927077,5.5981582249705344,0.0030446931775338195,3.4889604940338566,0.0034210233769931334,3.9202030272105342
pmks_positive_0225,0.0049365359713906543,5.6568520955220798,0.0031017170283796081,3.5543049971472347,0.003421343035377195,3.9205693286434027
pmks_positive_0226,0.0049887063515789976,5.7166349323541814,0.0031587210323106804,3.6196267573773921,0.0034186184347156411,3.917447167060645
pmks_positive_0227,0.0050418262743221476,5.777505864529159,0.0032156532944378363,3.6848663075768369,0.0034127112339479605,3.9106780153244896
pmks_positive_0228,0.0050958940956151721,5.8394630081502035,0.0032724596426041272,3.7499615710421219,0.0034034866247805232,3.9001073945487832
pmks_positive_0229,0.0051509072500364184,5.9025034234702609,0.0033290836924345008,3.814847936055231,0.0033908140737932942,3.8855857244904284
pmks_positive_0230,0.0052068622145329257,5.9666230733618608,0.0033854669248209032,3.8794583446749353,0.0033745680715446978,3.8669691819601062
pmks_positive_0231,0.0052637544735523178,6.0318167833861089,0.0034415487759061492,3.9437233958507001,0.0033546288822097229,3.8441205598440558
pmks_positive_0232,0.0053215784858027249,6.0980782036993366,0.003497266739519082,4.007571462804691,0.0033308832869360211,3.8169101189271912
pmks_positive_0233,0.0053803276528441302,6.1653997730338057,0.0035525564818976491,4.0709288244947057,0.0033032253138390796,3.7852164244057485
pmks_positive_0234,0.0054399942896239395,6.2337726849846273,0.0036073519684169456,4.133719810833778,0.0032715569473904488,3.7489271587860982
pmks_positive_0235,0.0055005695973120439,6.3031868568285718,0.0036615856019179441,4.1958669612031825,0.003235788809891262,3.7079399027956881
pmks_positive_0236,0.0055620436384575811,6.3736309010914001,0.0037151883721109977,4.2572911956561992,0.0031958408077743562,3.6621628759905236
pmks_positive_0237,0.0056244053147675999,6.4450921000693429,0.0037680900154085499,4.3179119980728586,0.0031516427356455658,3.611515628935333
pmks_positive_0238,0.0056876423476150961,6.517556383496756,0.0038202191844255453,4.3776476103930566,0.0031031348312613792,3.5559296791609509
pmks_positive_0239,0.0057517412614549457,6.5910083095364733,0.0038715036262758238,4.4364152369291183,0.0030502682750442201,3.4953490835665244
pmks_positive_0240,0.0058166873702587552,6.6654310492516879,0.0039218703686903431,4.4941312576415138,0.0029930056282551909,3.4297309405283598
pmks_positive_0241,0.0058824647671480434,6.7408063746986953,0.0039712459128901307,4.5507114491549405,0.0029313212045700477,3.3590458156945227
pmks_positive_0242,0.0059490563172399646,6.8171146507586586,0.0040195564320651914,4.6060712121983158,0.0028652013705284711,3.2832780862742479
pmks_positive_0243,0.0060164436538832078,6.8943348308039329,0.0040667279742417498,4.6601258040734717,0.0027946447711368456,3.2024261995596248
pmks_positive_0244,0.0060846071782814093,6.9724444562706864,0.0041126866682654794,4.7127905746944849,0.0027196624777868603,3.1165028424277699
pmks_positive_0245,0.0061535260625626975,7.0514196601848385,0.0041573589315888008,4.7639812046943169,0.0026402780565894118,3.0255350196457105
pmks_positive_0246,0.0062231782563362259,7.1312351746630753,0.0042006716785267543,4.8136139440684058,0.0025565275561978294,2.9295640399168175
pmks_positive_0247,0.0062935404966912856,7.2118643423850131,0.0042425525276387826,4.8616058498166295,0.0024684594151873421,2.8286454097455249
pmks_positive_0248,0.0063645883216647547,7.2932791320071244,0.0042829300069031359,4.9078750210557844,0.0023761342900491416,2.7228486363330959
pmks_positive_0249,0.0064362960870640862,7.3754501574636606,0.0043217337553764024,4.9523408301043395,0.0022796248058282636,2.6122569418297559
pmks_positive_0250,0.0065086369866547145,7.4583467010753335,0.0043588947200723024,4.9949241480888453,0.0021790152323654553,2.4969668923352892
pmks_positive_0251,0.0065815830755422411,7.5419367403627593,0.0043943453468505804,5.0355475636864506,0.0020744010899767609,2.377087946041256
pmks_positive_0252,0.0066551052967076529,7.6261869784393035,0.0044280197641775624,5.0741355936989239,0.0019658886892044273,2.2527419258244996
pmks_positive_0253,0.0067291735105143857,7.7110628778369321,0.0044598539587031175,5.1106148842489878,0.0018535946099847156,2.1240624224175821
pmks_positive_0254,0.0068037565270850919,7.7965286975994923,0.0044897859416932612,5.1449144014979789,0.0017376451261907387,1.9911941349836135
pmks_positive_0255,0.0068788221413669248,7.882547533460361,0.0045177559054611436,5.1769656109025144,0.0016181755820123354,1.8542921565004131
pmks_positive_0256,0.0069543371706979329,7.9690813609061841,0.0045437063690503838,5.2067026441552571,0.0014953297270240576,1.7135212118047385
pmks_positive_0257,0.0070302674947440025,8.0560910809152233,0.0045675823125412539,5.2340624530884199,0.0013692590170631788,1.5690548564576989
pmks_positive_0258,0.0071065780975256843,8.1435365681479617,0.0045893312994703846,5.2589849499563845,0.0012401218881919311,1.4210746447669802
pmks_positive_0259,0.0071832331114363157,8.2313767213590747,0.0046089035869763175,5.2814131336531682,0.0011080830110538746,1.2697692753423946
pmks_positive_0260,0.0072601958629432417,8.3195695157935798,0.0046262522234046307,5.3012932015596395,0.00097331253285873722,1.1153337224747153
pmks_positive_0261,0.0073374289198548936,8.4080720573261214,0.0046413331332255279,5.318574646851876,0.00083598531404962271,0.95796836142095065
pmks_positive_0262,0.0074148941398615165,8.4968406381005366,0.0046541051892322119,5.3332103412343894,0.0006962801664309958,0.79787809536354537
pmks_positive_0263,0.0074925527201896713,8.5858307934274016,0.0046645302720984064,5.3451566031879976,0.00055437909917515856,0.63527149139766514
pmks_positive_0264,0.0075703652481511341,8.6749973596996934,0.004672573317476867,5.3543732519407303,0.00041046657869147686,0.47035993240402396
pmks_positive_0265,0.007648291752350822,8.7642945330911299,0.0046782023509163943,5.3608236474797675,0.00026472880784850997,0.30335679109849245
pmks_positive_0266,0.0077262917544134169,8.8536759288078972,0.0046813885109619037,5.36447471702217,0.00011735302949773645,0.13447663192927628
pmks_positive_0267,0.0078043243209720004,8.9430946406721574,0.0046821060608798672,5.3652969684512284,-3.1473141328322487E-05,-0.03606555416746593
pmks_positive_0268,0.0078823481157490605,9.0325033008248887,0.0046803323895193002,5.3632644913030951,-0.00018156235276838191,-0.20805507782752164
pmks_positive_0269,0.0079603214516250631,9.1218541393459311,0.0046760480018763814,5.3583549459546269,-0.00033272811586712537,-0.38127823850382869
pmks_positive_0270,0.0080382023423872795,9.2110990436003277,0.0046692364999785258,5.3505495417181645,-0.00048478536612969574,-0.55552296796036016
pmks_positive_0271,0.0081159485541535403,9.3001896171323484,0.0046598845547414546,5.3398330045921023,-0.00063755098492700841,-0.73057942775844831
pmks_positive_0272,0.0081935176562146772,9.3890772379412173,0.0046479818694808404,5.3261935354483363,-0.0007908442793552082,-0.90624055913507551
pmks_positive_0273,0.0082708670712130505,9.4777131159858143,0.0046335211357787986,5.3096227594590024,-0.00094448741969655413,-1.0823025842960003
pmks_positive_0274,0.008347954124541701,9.5660483497791677,0.0046164979824154049,5.290115667576309,-0.0010983058341376456,-1.2585654587294064
pmks_positive_0275,0.008424736092821572,9.6540339819470269,0.0045969109180772141,5.2676705508813662,-0.0012521285608693864,-1.4348332746826447
pmks_positive_0276,0.0085011702513848597,9.7416210536384593,0.0045747612685490503,5.2422889286112833,-0.001405788558117835,-1.6109146164313186
pmks_positive_0277,0.0085772139206654607,9.8287606576897506,0.0045500531090830066,5.2139754706597863,-0.001559122973033351,-1.7866228684034799
pmks_positive_0278,0.0086528245114445568,9.915403990456003,0.0045227931926202589,5.1827379153254824,-0.0017119733706962917,-1.9617764776007536
pmks_positive_0279,0.0087279595688318778,10.001502402237454,0.0044929908745179777,5.1485869830552851,-0.0018641859247803003,-2.1361991720823221
pmks_positive_0280,0.008802576815020835,10.087007446239832,0.0044606580344058186,5.1115362868985681,-0.0020156115716501348,-2.3097201375479814
pmks_positive_0281,0.0088766341906634239,10.171870926019597,0.0044258089957653016,5.0716022403519432,-0.0021661061298609897,-2.4821741542742419
pmks_positive_0282,0.0089500898949368413,10.256044941376004,0.0043884604437912401,5.0288039632354238,-0.0023155303871730329,-2.6534016968256227
pmks_positive_0283,0.0090229024242183264,10.339481932662233,0.0043486313420582953,4.9831631861993415,-0.002463750157300746,-2.8232489990845799
pmks_positive_0284,0.0090950306093278144,10.422134723497418,0.0043063428484780538,4.9347041544182888,-0.0026106363086848576,-2.9915680872217134
pmks_positive_0285,0.0091664336514347688,10.503956561870433,0.0042616182309936036,4.8834535309842337,-0.002756064767608713,-3.1582167832668562
pmks_positive_0286,0.0092370711564999652,10.584901159634295,0.0042144827834198154,4.8294403004666151,-0.0028999164979840127,-3.3230586819452519
pmks_positive_0287,0.0093069031683490344,10.664922730397622,0.0041649637417989346,4.7726956730629393,-0.0030420774601071787,-3.4859631034158314
pmks_positive_0288,0.0093758902003502342,10.743976025826178,0.004113090201603129,4.713252989719904,-0.0031824385506401352,-3.6468050244942836
pmks_positive_0289,0.0094439932657244263,10.822016370373579,0.0040588930360785725,4.6511476285626427,-0.0033208955260021398,-3.8054649908665734
pmks_positive_0290,0.0095111739065050216,10.898999694465459,0.0040024048159899104,4.5864169129286712,-0.0034573489112755965,-3.9618290127027223
pmks_positive_0291,0.0095773942211674346,10.974882566166064,0.0039436597309896642,4.5191000212638981,-0.0035917038966316135,-4.1157884459692724
pmks_positive_0292,0.0096426168909720111,11.049622221360183,0.0038826935128046395,4.4492378991007406,-0.0037238702231739071,-4.2672398616160701
pmks_positive_0293,0.0097068052050359732,11.123176592486697,0.0038195433604006263,4.3768731733032187,-0.0038537620599846029,-4.4160849046811608
pmks_positive_0294,0.0097699230841805651,11.195504335862859,0.003754247867258022,4.302050068730976,-0.0039812978740356251,-4.5622301452202692
pmks_positive_0295,0.0098319351035822677,11.26656485764066,0.0036868469508642707,4.224814327443589,-0.004106400294506523,-4.7055869228265195
pmks_positive_0296,0.0098928065142667165,11.336318338438424,0.0036173817845043523,4.1452131305382389,-0.0042289959729259145,-4.8460711863643606
pmks_positive_0297,0.0099525032634866228,11.404725756692143,0.0035458947314079749,4.0632950226879805,-0.0043490154404307348,-4.9836033304007854
pmks_positive_0298,0.010010992014021003,11.471748910771918,0.0034724292812915829,3.9791098394242521,-0.0044663929633169163,-5.1181080296786128
pmks_positive_0299,0.010068240162443232,11.537350439909501,0.0033970299893146478,3.8927086371859598,-0.0045810663979376914,-5.2495140728422571
pmks_positive_0300,0.010124215856380125,11.60149384398307,0.0033197424174531594,3.8041436261384574,-0.0046929770458929796,-5.3777541964970119
pmks_positive_0301,0.010178888010818898,11.664143502205311,0.0032406130782783116,3.7134681057486909,-0.004802069510345488,-5.5027649205594926
pmks_positive_0302,0.010232226323509508,11.725264690760543,0.00315968938111536,3.620736403087804,-0.004908291554197244,-5.6244863857399334
pmks_positive_0303,0.01028420128946772,11.784823599435992,0.0030770195805462273,3.5260038138194867,-0.0050115939607644246,-5.7428621938873583
pmks_positive_0304,0.010334784214651727,11.842787347291559,0.0029926527272094868,3.4293265458209223,-0.0051119303974989944,-5.8578392518261158
pmks_positive_0305,0.010383947228838952,11.899123997411454,0.0029066386208429864,3.3307616653736174,-0.0052092572832229339,-5.9693676192175458
pmks_positive_0306,0.010431663297729266,11.953802570779917,0.0028190277655072041,3.2303670458531539,-0.0053035336592645345,-6.0774003608930967
pmks_positive_0307,0.010477906234332757,12.006793059322085,0.0027298713269215437,3.1282013188401989,-0.0053947210648168445,-6.1818934040256543
pmks_positive_0308,0.010522650709647197,12.058066438149622,0.0026392210918409881,3.0243238275695941,-0.0054827834167750882,-6.2828054004334142
pmks_positive_0309,0.010565872262696452,12.107594677049399,0.0025471294293967044,2.9187945826299568,-0.0055676868942529986,-6.3800975942453571
pmks_positive_0310,0.010607547309909204,12.155350751251932,0.0024536492543213231,2.8116742198229727,-0.0056493998279272106,-6.4737336950993214
pmks_positive_0311,0.010647653153931902,12.201308651514864,0.0023588339919774918,2.7030239600890726,-0.0057278925943136886,-6.5636797569917311
pmks_positive_0312,0.010686167991867723,12.245443393555068,0.0022627375451069048,2.5929055714046418,-0.0058031375150404425,-6.6499040628526567
pmks_positive_0313,0.010723070922938671,12.287731026861479,0.0021654142622162839,2.4813813325550331,-0.0058751087611463243,-6.732377014880357
pmks_positive_0314,0.010758341955693806,12.328148642919132,0.0020669189075164457,2.3685139986872774,-0.0059437822624057775,-6.8110710306351026
pmks_positive_0315,0.010791962014675915,12.366674382873198,0.0019673066323309223,2.2543667685467912,-0.0060091356216541818,-6.8859604448632972
pmks_positive_0316,0.010823912946661629,12.403287444660378,0.0018666329478911189,2.1390032533029295,-0.0060711480340672154,-6.9570214169984457
pmks_positive_0317,0.010854177526414155,12.437968089633294,0.0017649536994359841,2.0224874468693996,-0.0061298002113301438,-7.0242318442655964
pmks_positive_0318,0.010882739462086066,12.470697648702021,0.0016623250415352768,1.9048836976268193,-0.0061850743106191316,-7.0875712802999331
pmks_positive_0319,0.010909583400140699,12.501458528015402,0.0015588034145570251,1.7862566814564129,-0.0062369538683057744,-7.1470208591777817
pmks_positive_0320,0.010934694929940036,12.530234214203208,0.0014544455222011922,1.6666713759955001,-0.0062854237382882318,-7.202563224749321
pmks_positive_0321,0.010958060587951346,12.557009279198827,0.0013493083100233169,1.5461930360274043,-0.006330470034846907,-7.2541824651560187
pmks_positive_0322,0.010979667861609199,12.581769384660594,0.0012434489448735762,1.4248871699203596,-0.0063720800799198169,-7.3018640524126832
pmks_positive_0323,0.010999505192840764,12.604501286008652,0.001136924795178501,1.3028195170320291,-0.0064102423546917343,-7.3455947869327165
pmks_positive_0324,0.011017561981232049,12.625192836092655,0.0010297934119943356,1.1800560259982582,-0.0064449464553922517,-7.3853627468764333
pmks_positive_0325,0.011033828586999195,12.643832988504471,0.00092211251076267922,1.0566628338265858,-0.0064761830532005984,-7.4211572422053917
pmks_positive_0326,0.01104829633347626,12.660411800548591,0.00081393995370093416,0.93270624571718841,-0.0065039438581589613,-7.4529687733301015
pmks_positive_0327,0.011060957509512692,12.674920435881742,0.00070533373276134427,0.80825271553538314,-0.0065282215870016477,-7.4807889942449757
pmks_positive_0328,0.011071805371468402,12.687351166831998,0.00059635195309424584,0.68336882686191269,-0.0065490099348137504,-7.5046106800515604
pmks_positive_0329,0.011080834144853224,12.697697376406325,0.00048705281695235806,0.55812127454862603,-0.0065663035504404874,-7.5244276987797223
pmks_positive_0330,0.011088039026055707,12.705953559994473,0.00037749460797398195,0.43257684670835495,-0.0065800980155766558,-7.5402349874259293
pmks_positive_0331,0.011093416183311056,12.712115326775827,0.0002677356757847223,0.30680240706979334,-0.0065903898274746334,-7.5520285321380962
pmks_positive_0332,0.011096962757845941,12.716179400834722,0.00015783442085741151,0.1808648776282501,-0.0065971763852188401,-7.5598053524872642
pmks_positive_0333,0.011098676864677748,12.718143621988613,4.7849279571416787E-05,0.054831221524882241,-0.00660045597952466,-7.5635634897780406
pmks_positive_0334,0.011098557592644491,12.718006946332341,-6.2161290586919073E-05,-0.071231573912347135,-0.0066002277860301413,-7.5633019993614523
pmks_positive_0335,0.011096605005116542,12.715769446500611,-0.00017213882574144512,-0.19725651403329597,-0.0065964918620594988,-7.5590209469262
pmks_positive_0336,0.011092820140030241,12.711432311649745,-0.00028202487031806644,-0.32317661370127532,-0.006589249146848203,-7.5507214087565702
pmks_positive_0337,0.0110872050090427,12.704997847158614,-0.00039176099176888967,-0.44892491416567265,-0.0065785014652303478,-7.5384054759578758
pmks_positive_0338,0.011079762597615894,12.696469474047595,-0.00050128879538733273,-0.57443450003881336,-0.0065642515347999596,-7.5220762626626874
pmks_positive_0339,0.011070496863988644,12.685851728113235,-0.00061054993927125913,-0.69963851644244446,-0.0065465029765685951,-7.5017379182435455
pmks_positive_0340,0.011059412738182894,12.673150258775285,-0.00071948614949323775,-0.82447018639156833,-0.0065252603291522868,-7.477395643570004
pmks_positive_0341,0.011046516120821415,12.658371827631537,-0.00082803923553699055,-0.94886282848330328,-0.0065005290665311822,-7.4490557113596578
pmks_positive_0342,0.011031813881551167,12.641524306714835,-0.00093615110605990313,-1.0727498749593865,-0.0064723156194351848,-7.416725490684291
pmks_positive_0343,0.011015313857273723,12.622616676445446,-0.0010437637850426455,-1.1960648902122704,-0.006440627400418405,-7.380413475703067
pmks_positive_0344,0.010997024850064707,12.601659023270809,-0.001150819428387913,-1.3187415898058763,-0.0064054728326941122,-7.3401293187049417
pmks_positive_0345,0.010976956624852763,12.578662536983479,-0.001257260341031657,-1.4407138600836116,-0.0063668613828099961,-7.2958838675517441
pmks_positive_0346,0.010955119906835287,12.553639507706848,-0.0013630289946315202,-1.5619157784378217,-0.0063248035972509669,-7.2476892076218853
pmks_positive_0347,0.010931526378424428,12.52660332253704,-0.0014680680458986069,-1.6822816343164448,-0.0062793111430630086,-7.1955587083618608
pmks_positive_0348,0.010906188676127027,12.497568461827964,-0.0015723203556406357,-1.8017459510448515,-0.00623039685259683,-7.1395070745586722
pmks_positive_0349,0.010879120386931396,12.466550495105377,-0.0016757290085857731,-1.9202435085422802,-0.0061780747724739932,-7.0795504024508711
pmks_positive_0350,0.01085033604437724,12.433566076594271,-0.0017782373340584977,-2.0377093670146245,-0.0061223602168805642,-7.0157062407985702
pmks_positive_0351,0.010819851124358237,12.398632940342701,-0.0018797889275805335,-2.1540788917072753,-0.0060632698252941781,-6.9479936570337646
pmks_positive_0352,0.010787682040447777,12.361769894923622,-0.0019803276734715164,-2.2692877788035686,-0.0060008216247491751,-6.8764333086109062
pmks_positive_0353,0.010753846138920942,12.322996817694925,-0.0020797977685259846,-2.3832720825566116,-0.005935035096741227,-6.8010475196739408
pmks_positive_0354,0.010718361693322853,12.282334648596397,-0.0021781437468447492,-2.4959682437439303,-0.0058659312488672736,-6.7218603631496059
pmks_positive_0355,0.010681247898646884,12.239805383460762,-0.0022753105059003581,-2.6073131195362822,-0.0057935326912882563,-6.638897748367242
pmks_positive_0356,0.010642524865041247,12.195432066814483,-0.0023712433339176534,-2.7172440148734598,-0.0057178637180910112,-6.5521875142926422
pmks_positive_0357,0.010602213611060618,12.14923878414244,-0.0024658879386516403,-2.8256987154412849,-0.0056389503936112913,-6.4617595284469127
pmks_positive_0358,0.010560336056434805,12.101250653588956,-0.0025591904776457327,-2.9326155223449999,-0.0055568206437619618,-6.3676457915608546
pmks_positive_0359,0.010516915014275652,12.051493817066165,-0.0026510975900539981,-3.0379332885748629,-0.0054715043523886871,-6.2698805479904189
pmks_negative_0000,0.010471974182821878,11.999995430738993,0.0027415564301112656,3.1415914573600583,-0.0053830334626496319,-6.1685004018892577
pmks_negative_0001,0.010516915014275652,12.051493817066165,0.0026510975900539981,3.0379332885748629,-0.0054715043523886871,-6.2698805479904189
pmks_negative_0002,0.010560336056434805,12.101250653588956,0.0025591904776457327,2.9326155223449999,-0.0055568206437619618,-6.3676457915608546
pmks_negative_0003,0.010602213611060618,12.14923878414244,0.0024658879386516403,2.8256987154412849,-0.0056389503936112913,-6.4617595284469127
pmks_negative_0004,0.010642524865041247,12.195432066814483,0.0023712433339176534,2.7172440148734598,-0.0057178637180910112,-6.5521875142926422
pmks_negative_0005,0.010681247898646884,12.239805383460762,0.0022753105059003581,2.6073131195362822,-0.0057935326912882563,-6.638897748367242
pmks_negative_0006,0.010718361693322853,12.282334648596397,0.0021781437468447492,2.4959682437439303,-0.0058659312488672736,-6.7218603631496059
pmks_negative_0007,0.010753846138920942,12.322996817694925,0.0020797977685259846,2.3832720825566116,-0.005935035096741227,-6.8010475196739408
pmks_negative_0008,0.010787682040447777,12.361769894923622,0.0019803276734715164,2.2692877788035686,-0.0060008216247491751,-6.8764333086109062
pmks_negative_0009,0.010819851124358237,12.398632940342701,0.0018797889275805335,2.1540788917072753,-0.0060632698252941781,-6.9479936570337646
pmks_negative_0010,0.01085033604437724,12.433566076594271,0.0017782373340584977,2.0377093670146245,-0.0061223602168805642,-7.0157062407985702
pmks_negative_0011,0.010879120386931396,12.466550495105377,0.0016757290085857731,1.9202435085422802,-0.0061780747724739932,-7.0795504024508711
pmks_negative_0012,0.010906188676127027,12.497568461827964,0.0015723203556406357,1.8017459510448515,-0.00623039685259683,-7.1395070745586722
pmks_negative_0013,0.010931526378424428,12.52660332253704,0.0014680680458986069,1.6822816343164448,-0.0062793111430630086,-7.1955587083618608
pmks_negative_0014,0.010955119906835287,12.553639507706848,0.0013630289946315202,1.5619157784378217,-0.0063248035972509669,-7.2476892076218853
pmks_negative_0015,0.010976956624852763,12.578662536983479,0.001257260341031657,1.4407138600836116,-0.0063668613828099961,-7.2958838675517441
pmks_negative_0016,0.010997024850064707,12.601659023270809,0.001150819428387913,1.3187415898058763,-0.0064054728326941122,-7.3401293187049417
pmks_negative_0017,0.011015313857273723,12.622616676445446,0.0010437637850426455,1.1960648902122704,-0.006440627400418405,-7.380413475703067
pmks_negative_0018,0.011031813881551167,12.641524306714835,0.00093615110605990313,1.0727498749593865,-0.0064723156194351848,-7.416725490684291
pmks_negative_0019,0.011046516120821415,12.658371827631537,0.00082803923553699055,0.94886282848330328,-0.0065005290665311822,-7.4490557113596578
pmks_negative_0020,0.011059412738182894,12.673150258775285,0.00071948614949323775,0.82447018639156833,-0.0065252603291522868,-7.477395643570004
pmks_negative_0021,0.011070496863988644,12.685851728113235,0.00061054993927125913,0.69963851644244446,-0.0065465029765685951,-7.5017379182435455
pmks_negative_0022,0.011079762597615894,12.696469474047595,0.00050128879538733273,0.57443450003881336,-0.0065642515347999596,-7.5220762626626874
pmks_negative_0023,0.0110872050090427,12.704997847158614,0.00039176099176888967,0.44892491416567265,-0.0065785014652303478,-7.5384054759578758
pmks_negative_0024,0.011092820140030241,12.711432311649745,0.00028202487031806644,0.32317661370127532,-0.006589249146848203,-7.5507214087565702
pmks_negative_0025,0.011096605005116542,12.715769446500611,0.00017213882574144512,0.19725651403329597,-0.0065964918620594988,-7.5590209469262
pmks_negative_0026,0.011098557592644491,12.718006946332341,6.2161290586919073E-05,0.071231573912347135,-0.0066002277860301413,-7.5633019993614523
pmks_negative_0027,0.011098676864677748,12.718143621988613,-4.7849279571416787E-05,-0.054831221524882241,-0.00660045597952466,-7.5635634897780406
pmks_negative_0028,0.011096962757845941,12.716179400834722,-0.00015783442085741151,-0.1808648776282501,-0.0065971763852188401,-7.5598053524872642
pmks_negative_0029,0.011093416183311056,12.712115326775827,-0.0002677356757847223,-0.30680240706979334,-0.0065903898274746334,-7.5520285321380962
pmks_negative_0030,0.011088039026055707,12.705953559994473,-0.00037749460797398195,-0.43257684670835495,-0.0065800980155766558,-7.5402349874259293
pmks_negative_0031,0.011080834144853224,12.697697376406325,-0.00048705281695235806,-0.55812127454862603,-0.0065663035504404874,-7.5244276987797223
pmks_negative_0032,0.011071805371468402,12.687351166831998,-0.00059635195309424584,-0.68336882686191269,-0.0065490099348137504,-7.5046106800515604
pmks_negative_0033,0.011060957509512692,12.674920435881742,-0.00070533373276134427,-0.80825271553538314,-0.0065282215870016477,-7.4807889942449757
pmks_negative_0034,0.01104829633347626,12.660411800548591,-0.00081393995370093416,-0.93270624571718841,-0.0065039438581589613,-7.4529687733301015
pmks_negative_0035,0.011033828586999195,12.643832988504471,-0.00092211251076267922,-1.0566628338265858,-0.0064761830532005984,-7.4211572422053917
pmks_negative_0036,0.011017561981232049,12.625192836092655,-0.0010297934119943356,-1.1800560259982582,-0.0064449464553922517,-7.3853627468764333
pmks_negative_0037,0.010999505192840764,12.604501286008652,-0.001136924795178501,-1.3028195170320291,-0.0064102423546917343,-7.3455947869327165
pmks_negative_0038,0.010979667861609199,12.581769384660594,-0.0012434489448735762,-1.4248871699203596,-0.0063720800799198169,-7.3018640524126832
pmks_negative_0039,0.010958060587951346,12.557009279198827,-0.0013493083100233169,-1.5461930360274043,-0.006330470034846907,-7.2541824651560187
pmks_negative_0040,0.010934694929940036,12.530234214203208,-0.0014544455222011922,-1.6666713759955001,-0.0062854237382882318,-7.202563224749321
pmks_negative_0041,0.010909583400140699,12.501458528015402,-0.0015588034145570251,-1.7862566814564129,-0.0062369538683057744,-7.1470208591777817
pmks_negative_0042,0.010882739462086066,12.470697648702021,-0.0016623250415352768,-1.9048836976268193,-0.0061850743106191316,-7.0875712802999331
pmks_negative_0043,0.010854177526414155,12.437968089633294,-0.0017649536994359841,-2.0224874468693996,-0.0061298002113301438,-7.0242318442655964
pmks_negative_0044,0.010823912946661629,12.403287444660378,-0.0018666329478911189,-2.1390032533029295,-0.0060711480340672154,-6.9570214169984457
pmks_negative_0045,0.010791962014675915,12.366674382873198,-0.0019673066323309223,-2.2543667685467912,-0.0060091356216541818,-6.8859604448632972
pmks_negative_0046,0.010758341955693806,12.328148642919132,-0.0020669189075164457,-2.3685139986872774,-0.0059437822624057775,-6.8110710306351026
pmks_negative_0047,0.010723070922938671,12.287731026861479,-0.0021654142622162839,-2.4813813325550331,-0.0058751087611463243,-6.732377014880357
pmks_negative_0048,0.010686167991867723,12.245443393555068,-0.0022627375451069048,-2.5929055714046418,-0.0058031375150404425,-6.6499040628526567
pmks_negative_0049,0.010647653153931902,12.201308651514864,-0.0023588339919774918,-2.7030239600890726,-0.0057278925943136886,-6.5636797569917311
pmks_negative_0050,0.010607547309909204,12.155350751251932,-0.0024536492543213231,-2.8116742198229727,-0.0056493998279272106,-6.4737336950993214
pmks_negative_0051,0.010565872262696452,12.107594677049399,-0.0025471294293967044,-2.9187945826299568,-0.0055676868942529986,-6.3800975942453571
pmks_negative_0052,0.010522650709647197,12.058066438149622,-0.0026392210918409881,-3.0243238275695941,-0.0054827834167750882,-6.2828054004334142
pmks_negative_0053,0.010477906234332757,12.006793059322085,-0.0027298713269215437,-3.1282013188401989,-0.0053947210648168445,-6.1818934040256543
pmks_negative_0054,0.010431663297729266,11.953802570779917,-0.0028190277655072041,-3.2303670458531539,-0.0053035336592645345,-6.0774003608930967
pmks_negative_0055,0.010383947228838952,11.899123997411454,-0.0029066386208429864,-3.3307616653736174,-0.0052092572832229339,-5.9693676192175458
pmks_negative_0056,0.010334784214651727,11.842787347291559,-0.0029926527272094868,-3.4293265458209223,-0.0051119303974989944,-5.8578392518261158
pmks_negative_0057,0.01028420128946772,11.784823599435992,-0.0030770195805462273,-3.5260038138194867,-0.0050115939607644246,-5.7428621938873583
pmks_negative_0058,0.010232226323509508,11.725264690760543,-0.00315968938111536,-3.620736403087804,-0.004908291554197244,-5.6244863857399334
pmks_negative_0059,0.010178888010818898,11.664143502205311,-0.0032406130782783116,-3.7134681057486909,-0.004802069510345488,-5.5027649205594926
pmks_negative_0060,0.010124215856380125,11.60149384398307,-0.0033197424174531594,-3.8041436261384574,-0.0046929770458929796,-5.3777541964970119
pmks_negative_0061,0.010068240162443232,11.537350439909501,-0.0033970299893146478,-3.8927086371859598,-0.0045810663979376914,-5.2495140728422571
pmks_negative_0062,0.010010992014021003,11.471748910771918,-0.0034724292812915829,-3.9791098394242521,-0.0044663929633169163,-5.1181080296786128
pmks_negative_0063,0.0099525032634866228,11.404725756692143,-0.0035458947314079749,-4.0632950226879805,-0.0043490154404307348,-4.9836033304007854
pmks_negative_0064,0.0098928065142667165,11.336318338438424,-0.0036173817845043523,-4.1452131305382389,-0.0042289959729259145,-4.8460711863643606
pmks_negative_0065,0.0098319351035822677,11.26656485764066,-0.0036868469508642707,-4.224814327443589,-0.004106400294506523,-4.7055869228265195
pmks_negative_0066,0.0097699230841805651,11.195504335862859,-0.003754247867258022,-4.302050068730976,-0.0039812978740356251,-4.5622301452202692
pmks_negative_0067,0.0097068052050359732,11.123176592486697,-0.0038195433604006263,-4.3768731733032187,-0.0038537620599846029,-4.4160849046811608
pmks_negative_0068,0.0096426168909720111,11.049622221360183,-0.0038826935128046395,-4.4492378991007406,-0.0037238702231739071,-4.2672398616160701
pmks_negative_0069,0.0095773942211674346,10.974882566166064,-0.0039436597309896642,-4.5191000212638981,-0.0035917038966316135,-4.1157884459692724
pmks_negative_0070,0.0095111739065050216,10.898999694465459,-0.0040024048159899104,-4.5864169129286712,-0.0034573489112755965,-3.9618290127027223
pmks_negative_0071,0.0094439932657244263,10.822016370373579,-0.0040588930360785725,-4.6511476285626427,-0.0033208955260021398,-3.8054649908665734
pmks_negative_0072,0.0093758902003502342,10.743976025826178,-0.004113090201603129,-4.713252989719904,-0.0031824385506401352,-3.6468050244942836
pmks_negative_0073,0.0093069031683490344,10.664922730397622,-0.0041649637417989346,-4.7726956730629393,-0.0030420774601071787,-3.4859631034158314
pmks_negative_0074,0.0092370711564999652,10.584901159634295,-0.0042144827834198154,-4.8294403004666151,-0.0028999164979840127,-3.3230586819452519
pmks_negative_0075,0.0091664336514347688,10.503956561870433,-0.0042616182309936036,-4.8834535309842337,-0.002756064767608713,-3.1582167832668562
pmks_negative_0076,0.0090950306093278144,10.422134723497418,-0.0043063428484780538,-4.9347041544182888,-0.0026106363086848576,-2.9915680872217134
pmks_negative_0077,0.0090229024242183264,10.339481932662233,-0.0043486313420582953,-4.9831631861993415,-0.002463750157300746,-2.8232489990845799
pmks_negative_0078,0.0089500898949368413,10.256044941376004,-0.0043884604437912401,-5.0288039632354238,-0.0023155303871730329,-2.6534016968256227
pmks_negative_0079,0.0088766341906634239,10.171870926019597,-0.0044258089957653016,-5.0716022403519432,-0.0021661061298609897,-2.4821741542742419
pmks_negative_0080,0.008802576815020835,10.087007446239832,-0.0044606580344058186,-5.1115362868985681,-0.0020156115716501348,-2.3097201375479814
pmks_negative_0081,0.0087279595688318778,10.001502402237454,-0.0044929908745179777,-5.1485869830552851,-0.0018641859247803003,-2.1361991720823221
pmks_negative_0082,0.0086528245114445568,9.915403990456003,-0.0045227931926202589,-5.1827379153254824,-0.0017119733706962917,-1.9617764776007536
pmks_negative_0083,0.0085772139206654607,9.8287606576897506,-0.0045500531090830066,-5.2139754706597863,-0.001559122973033351,-1.7866228684034799
pmks_negative_0084,0.0085011702513848597,9.7416210536384593,-0.0045747612685490503,-5.2422889286112833,-0.001405788558117835,-1.6109146164313186
pmks_negative_0085,0.008424736092821572,9.6540339819470269,-0.0045969109180772141,-5.2676705508813662,-0.0012521285608693864,-1.4348332746826447
pmks_negative_0086,0.008347954124541701,9.5660483497791677,-0.0046164979824154049,-5.290115667576309,-0.0010983058341376456,-1.2585654587294064
pmks_negative_0087,0.0082708670712130505,9.4777131159858143,-0.0046335211357787986,-5.3096227594590024,-0.00094448741969655413,-1.0823025842960003
pmks_negative_0088,0.0081935176562146772,9.3890772379412173,-0.0046479818694808404,-5.3261935354483363,-0.0007908442793552082,-0.90624055913507551
pmks_negative_0089,0.0081159485541535403,9.3001896171323484,-0.0046598845547414546,-5.3398330045921023,-0.00063755098492700841,-0.73057942775844831
pmks_negative_0090,0.0080382023423872795,9.2110990436003277,-0.0046692364999785258,-5.3505495417181645,-0.00048478536612969574,-0.55552296796036016
pmks_negative_0091,0.0079603214516250631,9.1218541393459311,-0.0046760480018763814,-5.3583549459546269,-0.00033272811586712537,-0.38127823850382869
pmks_negative_0092,0.0078823481157490605,9.0325033008248887,-0.0046803323895193002,-5.3632644913030951,-0.00018156235276838191,-0.20805507782752164
pmks_negative_0093,0.0078043243209720004,8.9430946406721574,-0.0046821060608798672,-5.3652969684512284,-3.1473141328322487E-05,-0.03606555416746593
pmks_negative_0094,0.0077262917544134169,8.8536759288078972,-0.0046813885109619037,-5.36447471702217,0.00011735302949773645,0.13447663192927628
pmks_negative_0095,0.007648291752350822,8.7642945330911299,-0.0046782023509163943,-5.3608236474797675,0.00026472880784850997,0.30335679109849245
pmks_negative_0096,0.0075703652481511341,8.6749973596996934,-0.004672573317476867,-5.3543732519407303,0.00041046657869147686,0.47035993240402396
pmks_negative_0097,0.0074925527201896713,8.5858307934274016,-0.0046645302720984064,-5.3451566031879976,0.00055437909917515856,0.63527149139766514
pmks_negative_0098,0.0074148941398615165,8.4968406381005366,-0.0046541051892322119,-5.3332103412343894,0.0006962801664309958,0.79787809536354537
pmks_negative_0099,0.0073374289198548936,8.4080720573261214,-0.0046413331332255279,-5.318574646851876,0.00083598531404962271,0.95796836142095065
pmks_negative_0100,0.0072601958629432417,8.3195695157935798,-0.0046262522234046307,-5.3012932015596395,0.00097331253285873722,1.1153337224747153
pmks_negative_0101,0.0071832331114363157,8.2313767213590747,-0.0046089035869763175,-5.2814131336531682,0.0011080830110538746,1.2697692753423946
pmks_negative_0102,0.0071065780975256843,8.1435365681479617,-0.0045893312994703846,-5.2589849499563845,0.0012401218881919311,1.4210746447669802
pmks_negative_0103,0.0070302674947440025,8.0560910809152233,-0.0045675823125412539,-5.2340624530884199,0.0013692590170631788,1.5690548564576989
pmks_negative_0104,0.0069543371706979329,7.9690813609061841,-0.0045437063690503838,-5.2067026441552571,0.0014953297270240576,1.7135212118047385
pmks_negative_0105,0.0068788221413669248,7.882547533460361,-0.0045177559054611436,-5.1769656109025144,0.0016181755820123354,1.8542921565004131
pmks_negative_0106,0.0068037565270850919,7.7965286975994923,-0.0044897859416932612,-5.1449144014979789,0.0017376451261907387,1.9911941349836135
pmks_negative_0107,0.0067291735105143857,7.7110628778369321,-0.0044598539587031175,-5.1106148842489878,0.0018535946099847156,2.1240624224175821
pmks_negative_0108,0.0066551052967076529,7.6261869784393035,-0.0044280197641775624,-5.0741355936989239,0.0019658886892044273,2.2527419258244996
pmks_negative_0109,0.0065815830755422411,7.5419367403627593,-0.0043943453468505804,-5.0355475636864506,0.0020744010899767609,2.377087946041256
pmks_negative_0110,0.0065086369866547145,7.4583467010753335,-0.0043588947200723024,-4.9949241480888453,0.0021790152323654553,2.4969668923352892
pmks_negative_0111,0.0064362960870640862,7.3754501574636606,-0.0043217337553764024,-4.9523408301043395,0.0022796248058282636,2.6122569418297559
pmks_negative_0112,0.0063645883216647547,7.2932791320071244,-0.0042829300069031359,-4.9078750210557844,0.0023761342900491416,2.7228486363330959
pmks_negative_0113,0.0062935404966912856,7.2118643423850131,-0.0042425525276387826,-4.8616058498166295,0.0024684594151873421,2.8286454097455249
pmks_negative_0114,0.0062231782563362259,7.1312351746630753,-0.0042006716785267543,-4.8136139440684058,0.0025565275561978294,2.9295640399168175
pmks_negative_0115,0.0061535260625626975,7.0514196601848385,-0.0041573589315888008,-4.7639812046943169,0.0026402780565894118,3.0255350196457105
pmks_negative_0116,0.0060846071782814093,6.9724444562706864,-0.0041126866682654794,-4.7127905746944849,0.0027196624777868603,3.1165028424277699
pmks_negative_0117,0.0060164436538832078,6.8943348308039329,-0.0040667279742417498,-4.6601258040734717,0.0027946447711368456,3.2024261995596248
pmks_negative_0118,0.0059490563172399646,6.8171146507586586,-0.0040195564320651914,-4.6060712121983158,0.0028652013705284711,3.2832780862742479
pmks_negative_0119,0.0058824647671480434,6.7408063746986953,-0.0039712459128901307,-4.5507114491549405,0.0029313212045700477,3.3590458156945227
pmks_negative_0120,0.0058166873702587552,6.6654310492516879,-0.0039218703686903431,-4.4941312576415138,0.0029930056282551909,3.4297309405283598
pmks_negative_0121,0.0057517412614549457,6.5910083095364733,-0.0038715036262758238,-4.4364152369291183,0.0030502682750442201,3.4953490835665244
pmks_negative_0122,0.0056876423476150961,6.517556383496756,-0.0038202191844255453,-4.3776476103930566,0.0031031348312613792,3.5559296791609509
pmks_negative_0123,0.0056244053147675999,6.4450921000693429,-0.0037680900154085499,-4.3179119980728586,0.0031516427356455658,3.611515628935333
pmks_negative_0124,0.0055620436384575811,6.3736309010914001,-0.0037151883721109977,-4.2572911956561992,0.0031958408077743562,3.6621628759905236
pmks_negative_0125,0.0055005695973120439,6.3031868568285718,-0.0036615856019179441,-4.1958669612031825,0.003235788809891262,3.7079399027956881
pmks_negative_0126,0.0054399942896239395,6.2337726849846273,-0.0036073519684169456,-4.133719810833778,0.0032715569473904488,3.7489271587860982
pmks_negative_0127,0.0053803276528441302,6.1653997730338057,-0.0035525564818976491,-4.0709288244947057,0.0033032253138390796,3.7852164244057485
pmks_negative_0128,0.0053215784858027249,6.0980782036993366,-0.003497266739519082,-4.007571462804691,0.0033308832869360211,3.8169101189271912
pmks_negative_0129,0.0052637544735523178,6.0318167833861089,-0.0034415487759061492,-3.9437233958507001,0.0033546288822097229,3.8441205598440558
pmks_negative_0130,0.0052068622145329257,5.9666230733618608,-0.0033854669248209032,-3.8794583446749353,0.0033745680715446978,3.8669691819601062
pmks_negative_0131,0.0051509072500364184,5.9025034234702609,-0.0033290836924345008,-3.814847936055231,0.0033908140737932942,3.8855857244904284
pmks_negative_0132,0.0050958940956151721,5.8394630081502035,-0.0032724596426041272,-3.7499615710421219,0.0034034866247805232,3.9001073945487832
pmks_negative_0133,0.0050418262743221476,5.777505864529159,-0.0032156532944378363,-3.6848663075768369,0.0034127112339479605,3.9106780153244896
pmks_negative_0134,0.0049887063515789976,5.7166349323541814,-0.0031587210323106804,-3.6196267573773921,0.0034186184347156411,3.917447167060645
pmks_negative_0135,0.0049365359713906543,5.6568520955220798,-0.0031017170283796081,-3.5543049971472347,0.003421343035377195,3.9205693286434027
pmks_negative_0136,0.0048853158937927077,5.5981582249705344,-0.0030446931775338195,-3.4889604940338566,0.0034210233769931334,3.9202030272105342
pmks_negative_0137,0.0048350460332660106,5.5405532226940784,-0.0029876990446129838,-3.4236500451453504,0.0034178006043226444,3.9165100027010187
pmks_negative_0138,0.0047857254979088992,5.4840360666529824,-0.0029307818236290191,-3.3584277308220072,0.0034118179553472737,3.9096543937093591
pmks_negative_0139,0.004737352629217817,5.4286048563490947,-0.0028739863086389593,-3.293344881259106,0.0034032200744038409,3.8998019503940888
pmks_negative_0140,0.0046899250422702821,5.3742568588500852,-0.0028173548758376132,-3.2284500559866052,0.0033921523533718533,3.8871192795343381
pmks_negative_0141,0.0046434396660561816,5.3209885550524421,-0.0027609274763694541,-3.1637890356321865,0.0033787603047652232,3.8717731261460475
pmks_negative_0142,0.004597892783930746,5.2687956859838598,-0.0027047416393002083,-3.0994048253264355,0.0033631889699714513,3.8539296953741986
pmks_negative_0143,0.0045532800738476986,5.2176732989566199,-0.0026488324841394588,-3.0353376690526916,0.0033455823652753462,3.8337540176829119
pmks_negative_0144,0.0045095966483921224,5.1676157933957576,-0.0025932327422667645,-2.971625074199558,0.0033260829677086235,3.8114093596826395
pmks_negative_0145,0.0044668370943083957,5.1186169661783456,-0.002537972786584481,-2.9083018455405334,0.0033048312421912075,3.7870566822741489
pmks_negative_0146,0.0044249955115427397,5.0706700563334373,-0.002483080668700741,-2.8454001278425469,0.0032819652108820228,3.7608541471610017
pmks_negative_0147,0.0043840655515410276,5.0237677889655714,-0.0024285821629350026,-2.7829494562925969,0.0032576200651436614,3.7329566721939385
pmks_negative_0148,0.0043440404548227285,4.9779024182783598,-0.0023745008164359474,-2.7209768139286146,0.0032319278200512672,3.7035155354673126
pmks_negative_0149,0.0043049130876293695,4.9330657695881177,-0.0023208580047061854,-2.6595066952660718,0.0032050170109455302,3.672678027594531
pmks_negative_0150,0.004266675977627532,4.8892492802309793,-0.0022676729918399644,-2.598561175325298,0.003177012431145201,3.6405871511488099
pmks_negative_0151,0.0042293213485562475,4.8464440392799233,-0.002214962994797595,-2.5381599832845194,0.0031480349095976516,3.6073813658695513
pmks_negative_0152,0.0041928411538174615,4.8046408260009574,-0.0021627432510632123,-2.4783205800099317,0.0031182011269568644,3.5731943779032918
pmks_negative_0153,0.004157227108841699,4.7638301469897861,-0.0021110270890596708,-2.4190582387451993,0.0030876234683365404,3.5381549710712452
pmks_negative_0154,0.0041224707223341817,4.724002271942128,-0.0020598260007253667,-2.3603861282783494,0.0030564099107899699,3.502386877930757
pmks_negative_0155,0.0040885633262606191,4.6851472680217583,-0.0020091497156914905,-2.3023153979426243,0.0030246639434162821,3.4660086882238392
pmks_negative_0156,0.0040554961045926596,4.647255032800782,-0.0019590062765342635,-2.2448552638491579,0.0029924845178816175,3.4291337921786202
pmks_negative_0157,0.004023260120777028,4.6103153257563587,-0.001909402114614172,-2.1880130957923289,0.0029599660270709007,3.3918703560460859
pmks_negative_0158,0.0039918463439816421,4.5743177983170122,-0.0018603421260527284,-2.1317945043126842,0.002927198309547688,3.3543213272106898
pmks_negative_0159,0.0039612456740401036,4.5392520224598663,-0.0018118297474359947,-2.0762034274467744,0.0028942666774926127,3.3165844662054438
pmks_negative_0160,0.0039314489651474105,4.5051075178676516,-0.0017638670308728875,-2.0212422167376003,0.0028612519658115241,3.278752402985682
pmks_negative_0161,0.0039024470483175477,4.4718737776610569,-0.0017164547180743459,-1.966911722123073,0.0028282306001488882,3.2409127148666634
pmks_negative_0162,0.0038742307526193898,4.4395402927280152,-0.0016695923131567491,-1.9132113753625664,0.0027952746816069778,3.2031480236045833
pmks_negative_0163,0.0038467909251989063,4.4080965746768186,-0.0016232781539088775,-1.8601392717028149,0.0027624520860531103,3.165536109194262
pmks_negative_0164,0.0038201184501494012,4.3775321774446603,-0.0015775094812963304,-1.8076922495240835,0.0027298265759928327,3.1281500380663285
pmks_negative_0165,0.0037942042662097997,4.3478367175970964,-0.0015322825070100184,-1.7558659677450306,0.0026974579230930507,3.0910583034883601
pmks_negative_0166,0.0037690393833811342,4.3189998933574554,-0.0014875924788964885,-1.7046549808003078,0.0026654020395533115,3.0543249761052405
pmks_negative_0167,0.0037446148984612293,4.2910115024079127,-0.0014434337441367306,-1.6540528110381294,0.0026337111166428451,3.018009862690874
pmks_negative_0168,0.0037209220095388851,4.2638614585063053,-0.0013997998100672539,-1.6040520184160652,0.0026024337688436367,2.9821686713239379
pmks_negative_0169,0.0036979520295106205,4.237539806964536,-0.0013566834025621141,-1.5546442674019063,0.0025716151821634963,2.9468531813420991
pmks_negative_0170,0.0036756963986244173,4.2120367390357387,-0.0013140765219175033,-1.50582039101267,0.0025412972653062892,2.9121114165702937
pmks_negative_0171,0.0036541466961383939,4.1873426052582774,-0.0012719704962013952,-1.457570451948772,0.0025115188025075759,2.877987820457427
pmks_negative_0172,0.003633294651080643,4.1634479278052243,-0.0012303560320495799,-1.4098838008019801,0.0024823156069617609,2.8445234318908836
pmks_negative_0173,0.0036131321522216986,4.1403434118881144,-0.0011892232629064025,-1.362749131335218,0.0024537206738803915,2.8117560605883831
pmks_negative_0174,0.0035936512572232182,4.1180199562636677,-0.0011485617947235879,-1.3161545328495463,0.0024257643323297687,2.7797204610910162
pmks_negative_0175,0.0035748442010783421,4.0964686628918052,-0.0011083607491438844,-1.2700875396689548,0.0023984743950988129,2.7484485044991236
pmks_negative_0176,0.0035567034038392897,4.0756808457926459,-0.0010686088042079157,-1.2245351777869797,0.0023718763059448278,2.7179693472034741
pmks_negative_0177,0.0035392214776841513,4.0556480391493182,-0.0010292942326327577,-1.1794840087306944,0.002345993283655097,2.6883095959676484
pmks_negative_0178,0.0035223912333748331,4.0363620047024558,-0.00099040493771938897,-1.1349201707076209,0.002320846462445931,2.6594934688134573
pmks_negative_0179,0.0035062056861256963,4.0178147384810181,-0.00095192848695348144,-1.0908294171093793,0.0022964550282978859,2.6315429512495538
pmks_negative_0180,0.0034906580609408433,3.9999984769129737,-0.00091385214337036912,-1.0471971524532926,0.0022728363508964788,2.604477947464316
pmks_negative_0181,0.0034757417974400351,3.9829057023574705,-0.00087616289475906284,-1.0040084658477089,0.0022500061109112499,2.5783164261768761
pmks_negative_0182,0.0034614505542149843,3.9665291480994931,-0.00083884748078573955,-0.96124816207322461,0.0022279784224047343,2.5530745609074272
pmks_negative_0183,0.0034477782127551038,3.9508618028455951,-0.00080189241811856582,-0.91890079037360684,0.0022067659502135609,2.5287668644860291
pmks_negative_0184,0.0034347188809740192,3.9358969147582235,-0.00076528402363892065,-0.87695067105388469,0.0021863800221905124,2.5054063176724921
pmks_negative_0185,0.0034222668963492797,3.9216279950643171,-0.00072900843582525182,-0.83538191998443778,0.0021668307362365195,2.4830044918059864
pmks_negative_0186,0.0034104168287225622,3.908048821272267,-0.00069305163439675353,-0.79417847111098971,0.0021481270620869559,2.4615716654435058
pmks_negative_0187,0.0033991634828161033,3.8951534400296399,-0.00065739945830439121,-0.75332409707079662,0.0021302769378470175,2.4411169349812445
pmks_negative_0188,0.0033885019004222805,3.8829361696523685,-0.00062203762215661245,-0.71280242801512095,0.0021132873612969131,2.4216483192826046
pmks_negative_0189,0.0033784273623638228,3.8713916023545076,-0.00058695173116662437,-0.67259696873754549,0.0020971644760094687,2.4031728583616783
pmks_negative_0190,0.0033689353901793506,3.8605146062059283,-0.00055212729470717871,-0.63269111420660984,0.0020819136523405595,2.3856967061914296
pmks_negative_0191,0.0033600217476408289,3.8503003268437812,-0.00051754973855775571,-0.59306816360004289,0.0020675395633674566,2.3692252177225965
pmks_negative_0192,0.0033516824420285474,3.8407441889618577,-0.00048320441592758848,-0.55371133293621833,0.0020540462558611894,2.3537630302120145
pmks_negative_0193,0.0033439137252997408,3.8318418976004756,-0.00044907661733658666,-0.51460376639685468,0.0020414372163875434,2.3393141389687604
pmks_negative_0194,0.0033367120949980844,3.8235894392579084,-0.00041515157943442042,-0.47572854643293949,0.002029715432636929,2.3258819676329847
pmks_negative_0195,0.0033300742951256623,3.8159830828429051,-0.00038141449283653602,-0.43706870274413795,0.0020188834500866962,2.3134694331061274
pmks_negative_0196,0.0033239973168848191,3.8090193804863173,-0.00034785050905396112,-0.3986072202197643,0.0020089434241007415,2.3020790052526521
pmks_negative_0197,0.0033184783991602185,3.8026951682284382,-0.00031444474659200896,-0.36032704592737902,0.00199989716757051,2.2917127614926032
pmks_negative_0198,0.0033135150291383475,3.7970075665972125,-0.00028118229629152505,-0.32221109523340696,0.0019917461941991866,2.282372436401618
pmks_negative_0199,0.0033091049427127484,3.7919539810910994,-0.00024804822598429064,-0.28424225713783263,0.0019844917575270009,2.2740594664306251
pmks_negative_0200,0.0033052461247724541,3.7875321025790054,-0.0002150275845328239,-0.24640339890347307,0.0019781348857904587,2.2667750298515674
pmks_negative_0201,0.0033019368095504875,3.7837399076284068,-0.00018210540532336605,-0.20867737005864184,0.0019726764127020037,2.2605200820282882
pmks_negative_0202,0.0032991754807936147,3.780575658771431,-0.00014926670927925315,-0.17104700585021973,0.001968117004229377,2.2552953861034131
pmks_negative_0203,0.0032969608720472277,3.7780379047174506,-0.0001164965074608801,-0.1334951302229915,0.0019644571814458273,2.2511015391827476
pmks_negative_0204,0.0032952919666899283,3.7761254805194522,-8.3779803317027073E-05,-0.096004558399476803,0.0019616973395135333,2.2479389940886803
pmks_negative_0205,0.0032941679980533906,3.7748375077002132,-5.1101594651705444E-05,-0.058558099133767874,0.0019598377628531746,2.2458080767432169
pmks_negative_0206,0.0032935884495952569,3.7741733943431495,-1.8446875369693608E-05,-0.021138556711766517,0.0019588786365426969,2.24470899923001
pmks_negative_0207,0.0032935530551299122,3.7741328351514252,1.4199362936675048E-05,0.016271267230491739,0.0019588200539780993,2.2446418685729608
pmks_negative_0208,0.003294061798017639,3.774715811477785,4.6852129497919771E-05,0.053688571999890689,0.0019596620208184672,2.2456066912569028
pmks_negative_0209,0.0032951149124057777,3.7759225913263608,7.9526432911664521E-05,0.091130556178069796,0.0019614044552267885,2.2476033735035532
pmks_negative_0210,0.0032967128821836389,3.7777537293265384,0.00011223727966116887,0.12861441592378589,0.0019640471844072781,2.2506317173035764
pmks_negative_0211,0.0032988564414340726,3.7802100666777587,0.00014499967254446726,0.16615734317284023,0.0019675899374290507,2.2546914121931274
pmks_negative_0212,0.003301546574295211,3.783292731062982,0.00017782860895309804,0.20377652366564711,0.0019720323343153019,2.2597820227509708
pmks_negative_0213,0.0033047845146892962,3.7870031365273675,0.00021073907893770386,0.24148913473057648,0.0019773738713665537,2.2659029717801711
pmks_negative_0214,0.0033085717464279574,3.7913429833174224,0.00024374606299714974,0.2793123427504699,0.0019836139026762176,2.273053519126484
pmks_negative_0215,0.003312910002816416,3.7963142576748394,0.00027686452952771468,0.31726330023963056,0.0019907516177867885,2.2812327360742555
pmks_negative_0216,0.0033178012665086021,3.8019192315778065,0.0003101094318671572,0.35535914245657257,0.0019987860154255205,2.2904394752497281
pmks_negative_0217,0.003323247769276727,3.808160462421494,0.00034349570486790897,0.3936169834771916,0.0020077158732495445,2.3006723359515071
pmks_negative_0218,0.0033292519915896213,3.8150407926280607,0.0003770382609322907,0.43205391165145723,0.0020175397135221407,2.3119296248184753
pmks_negative_0219,0.0033358166622453611,3.8225633491752564,0.00041075198544110751,0.47068698436497081,0.0020282557646345775,2.3242093117370843
pmks_negative_0220,0.0033429447578909866,3.830731543031364,0.00044465173150570053,0.50953322202526152,0.002039861918381462,2.3375089808825185
pmks_negative_0221,0.0033506395023936708,3.8395490684828948,0.00047875231397188911,0.54860960119081181,0.0020523556828922511,2.3518257767822011
pmks_negative_0222,0.0033589043661799156,3.8490199023400278,0.00051306850260250127,0.58793304675881441,0.0020657341311175899,2.3671563452854918
pmks_negative_0223,0.0033677430654042162,3.8591483030034235,0.00054761501436360242,0.62752042312584366,0.0020799938447665419,2.3834967693205096
pmks_negative_0224,0.0033771595610023741,3.8699388093745339,0.00058240650473769635,0.66738852423352091,0.002095130853589889,2.400842499317934
pmks_negative_0225,0.0033871580575917104,3.8813962395900896,0.00061745755798547854,0.70755406240930696,0.0021111405699056392,2.4191882781827805
pmks_negative_0226,0.0033977430022051891,3.8935256895599366,0.0006527826762759921,0.74803365591058191,0.0021280177182659318,2.4385280606986344
pmks_negative_0227,0.0034089190827850668,3.9063325312858215,0.00068839626760343103,0.78884381507832635,0.0021457562601698748,2.4588549272549387
pmks_negative_0228,0.0034206912265504208,3.9198224109371278,0.00072431263240722095,0.83000092700486638,0.0021643493137348912,2.480160991797161
pmks_negative_0229,0.0034330645980611418,3.9340012466580516,0.00076054594881076959,0.87152123861873032,0.0021837890682499563,2.5024373039120369
pmks_negative_0230,0.0034460445970458942,3.9488752260789708,0.00079711025639299382,0.91342083808819585,0.0022040666935481475,2.5256737449761952
pmks_negative_0231,0.0034596368559449697,3.9644508035031691,0.00083401943840589207,0.9557156344441341,0.0022251722441533933,2.5498589183164473
pmks_negative_0232,0.0034738472371491635,3.9807346967384145,0.00087128720235083205,0.99842133532207811,0.0022470945581776558,2.5749800333545174
pmks_negative_0233,0.0034886818299117994,3.9977338835411986,0.00090892705882602816,1.0415534227232246,0.0022698211509700719,2.6010227837379771
pmks_negative_0234,0.0035041469468426456,4.0154555976397965,0.00094695229855799163,1.0851271266944236,0.0022933381035495403,2.6279712194934284
pmks_negative_0235,0.0035202491200752029,4.0339073243006096,0.00098537596753044934,1.1291573968280224,0.0023176299458867906,2.6558076132776507
pmks_negative_0236,0.003536995096948381,4.0530967954006867,0.0010242108401257795,1.1736588714842282,0.0023426795351418027,2.6845123208479889
pmks_negative_0237,0.0035543918352405335,4.0730319839676206,0.001063469390196027,1.2186458446409425,0.0023684679290075401,2.714063635925005
pmks_negative_0238,0.0035724464979076664,4.0937210981465517,0.0011031637599835803,1.2641322302794851,0.0023949742543619913,2.7444376396788392
pmks_negative_0239,0.0035911664472942917,4.1151725745524308,0.0011433057268153489,1.3101315242189486,0.0024221755714874094,2.7756080451359644
pmks_negative_0240,0.0036105592387376539,4.1373950709643896,0.0011839066674992128,1.3566567633175413,0.0024500467341788206,2.8075460368753782
pmks_negative_0241,0.0036306326135902012,4.1603974583176289,0.0012249775203573342,1.4037204819659763,0.0024785602461335748,2.8402201064631973
pmks_negative_0242,0.0036513944915776975,4.1841888119471937,0.001266528744838168,1.4513346658062636,0.0025076861140898923,2.8735958841618721
pmks_negative_0243,0.0036728529624641126,4.2087784020368497,0.0013085702786574686,1.4995107026189247,0.002537391698265219,2.907635967545203
pmks_negative_0244,0.003695016276980656,4.234175683225498,0.0013511114924284616,1.5482593303330203,0.002567641560734614,2.9422997477528248
pmks_negative_0245,0.0037178928369772102,4.2603902833228782,0.0013941611417528823,1.5975905821265348,0.0025983973124853186,2.9775432342276869
pmks_negative_0246,0.0037414911847597487,4.2874319910858958,0.0014377273167576296,1.6475137285996539,0.0026296174599856094,3.0133188788969654
pmks_negative_0247,0.0037658199915542312,4.3153107430067701,0.0014818173890766785,1.6980372170205329,0.0026612572522139027,3.0495754008803635
pmks_negative_0248,0.0037908880450747695,4.3440366090643243,0.0015264379562945952,1.7491686076622632,0.0026932685292069703,3.0862576129391988
pmks_negative_0249,0.0038167042361543224,4.3736197773902434,0.001571594783886578,1.8009145072710833,0.0027255995733034394,3.1233062510140592
pmks_negative_0250,0.0038432775443451028,4.4040705378030065,0.0016172927447106395,1.8532804997295427,0.002758194964379596,3.1606578083372865
pmks_negative_0251,0.0038706170225570879,4.4353992641634061,0.0016635357561300614,1.9062710740041575,0.0027909954404973401,3.198244375747342
pmks_negative_0252,0.0038987317805698751,4.4676163955073847,0.0017103267148690703,1.9598895494955382,0.0028239377655080227,3.2359934899740148
pmks_negative_0253,0.0039276309674671772,4.5007324159140651,0.0017576674297313665,2.0141379989395176,0.002856954605278681,3.2738279918041737
pmks_negative_0254,0.0039573237529411109,4.5347578330696194,0.0018055585523399226,2.0690171690408299,0.0028899744143272288,3.3116658961752927
pmks_negative_0255,0.0039878193074032176,4.5697031554909628,0.0018539995060872477,2.1245263990561298,0.0029229213347680871,3.349420276375711
pmks_negative_0256,0.0040191267809195352,4.6055788683771395,0.0019029884135178779,2.180663537580477,0.002955715109577141,3.3869991646536128
pmks_negative_0257,0.004051255280908439,4.6423954080608567,0.0019525220223991697,2.2374248578307281,0.0029882710122819955,3.4243054716480179
pmks_negative_0258,0.0040842138486127944,4.6801631350378425,0.0020025956307723027,2.2948049717603327,0.0030204997952672794,3.4612369271510395
pmks_negative_0259,0.0041180114342989071,4.7188923055576399,0.0020532030113124544,2.3527967433825059,0.0030523076589520372,3.4976860447877876
pmks_negative_0260,0.004152656871208471,4.7585930417660638,0.0021043363353651966,2.4113912017223615,0.0030835962441436221,3.5335401132545732
pmks_negative_0261,0.0041881588482324261,4.799275300396987,0.0021559860970647386,2.470577453862858,0.0031142626498963611,3.5686812167834301
pmks_negative_0262,0.004224525881332486,4.8409488400191609,0.002208141037978526,2.5303425985938834,0.0031441994792001148,3.6029862874973313
pmks_negative_0263,0.0042617662837058923,4.8836231868527076,0.002260788072761183,2.5906716412179742,0.003173294914789918,3.6363271922816205
pmks_negative_0264,0.0042998881347302564,4.9273075991794526,0.0023139122163384519,2.6515474101092762,0.0032014328272997068,3.6685708567190183
pmks_negative_0265,0.004338899247703587,4.9720110303815908,0.0023674965131780285,2.7129504756639133,0.0032284929178772711,3.6995794285142791
pmks_negative_0266,0.0043788071364421199,5.0177420906541217,0.0024215219692382871,2.7748590723189901,0.0032543508972309497,3.7292104826665415
pmks_negative_0267,0.0044196189807537145,5.0645090074481196,0.0024759674872172387,2.837249024353381,0.0032788787028884669,3.7573172704295486
pmks_negative_0268,0.0044613415908743015,5.1123195847140028,0.0025308098057518144,2.9000936762152625,0.0033019447562126361,3.7837490138298766
pmks_negative_0269,0.0045039813709171206,5.161181161026672,0.0025860234432410244,2.9633638281482062,0.0033234142604356845,3.8083512471890302
pmks_negative_0270,0.0045475442814462141,5.2111005666873886,0.0026415806469849076,3.027027677908726,0.0033431495406433817,3.8309662067164512
pmks_negative_0271,0.0045920358012399021,5.2620840799106556,0.0026974513483435641,3.0910507693823335,0.0033610104262616946,3.8514332688068351
pmks_negative_0272,0.0046374608883601454,5.3141373822178144,0.0027536031246263885,3.1553959489118153,0.0033768546761741925,3.8695894371886621
pmks_negative_0273,0.0046838239406596927,5.3672655131727076,0.0028100011684198049,3.2200233301494228,0.0033905384461298364,3.8852698785339408
pmks_negative_0274,0.0047311287558260418,5.4214728246081494,0.0028666082650520364,3.284890268233406,0.0034019167975921638,3.8983085055562698
pmks_negative_0275,0.0047793784911505099,5.4767629345051159,0.0029233847788747514,3.349951344067942,0.003410844246637167,3.908538606001315
pmks_negative_0276,0.0048285756231054577,5.533138680699377,0.0029802886490135211,3.4151583594535153,0.0034171753509345997,3.9157935152776724
pmks_negative_0277,0.0048787219069845733,5.5906020746022751,0.0030372753952012943,3.4804603437715942,0.003420765332254082,3.9199073297961311
pmks_negative_0278,0.0049298183366790482,5.6491542551337872,0.003094298134261474,3.545803572872833,0.0034214707313318161,3.9207156573914714
pmks_negative_0279,0.0049818651048614271,5.7087954430761565,0.0031513076077493386,3.6111316007517997,0.0034191500913267588,3.9180564005053382
pmks_negative_0280,0.0050348615636952587,5.7695248960655796,0.0032082522211927117,3.6763853045134662,0.003413664665497352,3.9117705671238427
pmks_negative_0281,0.0050888061863156864,5.8313408644470464,0.0032650780952951249,3.7415029430476894,0.0034048791441541422,3.9017031038036856
pmks_negative_0282,0.0051436965292692705,5.8942405482235909,0.0033217291293777666,3.806420229728313,0.0033926623954021436,3.8877037445001705
pmks_negative_0283,0.005199529196087127,5.9582200553355964,0.0033781470772408155,3.8710704193438317,0.0033768882136927178,3.8696278683442431
pmks_negative_0284,0.0052562998022631646,6.0232743615082267,0.0034342716355214666,3.9353844093482055,0.0033574360697712822,3.8473373590190567
pmks_negative_0285,0.0053140029417839685,6.0893972719055443,0.0034900405445158862,3.9992908553942743,0.0033341918552466212,3.8207014579733301
pmks_negative_0286,0.0053726321554430356,6.156581384828125,0.0035453897013170204,4.0627163009801119,0.0033070486147318326,3.7895976033928611
pmks_negative_0287,0.0054321799011587402,6.224818057687008,0.0036002532850010591,4.1255853209021058,0.0032759072583268566,3.7539122466451591
pmks_negative_0288,0.0054926375264567895,6.2940973754806189,0.0036545638934740664,4.1878206780696035,0.0032406772471366757,3.7135416378252346
pmks_negative_0289,0.0055539952433427686,6.3644081219926179,0.0037082526914686315,4.2493434930965446,0.0032012772445552183,3.6683925720717907
pmks_negative_0290,0.0056162421057095457,6.4357377539178637,0.0037612495690603934,4.3100734259479649,0.0031576357261971439,3.6183830884973869
pmks_negative_0291,0.0056793659895006954,6.5080723781104037,0.0038134833099577,4.3699288687856948,0.0031096915416306526,3.5634431138866627
pmks_negative_0292,0.0057433535757240861,6.5813967321321467,0.0038648817687066592,4.4288271490303401,0.0030573944214534691,3.5035150437624569
pmks_negative_0293,0.0058081903364959331,6.6556941682634791,0.0039153720558502275,4.4866847415379123,0.0030007054237580644,3.4385542539971494
pmks_negative_0294,0.0058738605242449893,6.730946641117761,0.0039648807299857512,4.5434174886815004,0.0029395973146447555,3.3685295368484285
pmks_negative_0295,0.0059403471641443772,6.8071346989807475,0.0040133339955820821,4.5989408270329406,0.0028740548781532355,3.2934234561145854
pmks_negative_0296,0.0060076320498891889,6.8842374789734393,0.0040606579053468856,4.6531700192585967,0.0028040751517830905,3.2132326170210712
pmks_negative_0297,0.006075695742888243,6.9622327061132969,0.0041067785658780104,4.706020389778419,0.0027296675846472575,3.1279678474509653
pmks_negative_0298,0.0061445175748806591,7.0410966963240718,0.0041516223452913066,4.757407562689842,0.0026508541162335191,3.0376542881989796
pmks_negative_0299,0.0062140756540323139,7.1208043634193174,0.0041951160814915362,4.8072477004285954,0.0025676691747198166,2.9423313910409452
pmks_negative_0300,0.0062843468744997466,7.2013292300590299,0.0042371872897436795,4.8554577416278519,0.0024801595947807485,2.842052824547026
pmks_negative_0301,0.0063553069294357556,7.2826434426532991,0.0042777643682092269,4.9019556366453987,0.0023883844558154179,2.736886288704532
pmks_negative_0302,0.0064269303273887246,7.3647177901614995,0.0043167768001356847,4.9466605792556901,0.0022924148425013612,2.6269132405330051
pmks_negative_0303,0.00649919041205127,7.4475217267108968,0.0043541553514271098,4.9894932330489485,0.002192333530516532,2.5122285339482255
pmks_negative_0304,0.0065720593852383047,7.5310233979347343,0.0043898322623783965,5.0303759511424122,0.002088234601153227,2.3929399781424219
pmks_negative_0305,0.0066455083330065889,7.6151896709072346,0.0044237414324248209,5.0692329878876636,0.0019802229893581972,2.2691678196765146
pmks_negative_0306,0.0067195072548047463,7.6999861675317955,0.0044558185968402086,5.1059907013517725,0.0018684139704573221,2.1410441543100709
pmks_negative_0307,0.0067940250954627857,7.7853773012191656,0.0044860014944100284,5.1405777454564499,0.0017529325914492154,2.0087122753119422
pmks_negative_0308,0.0068690297799314237,7.8713263166747289,0.0045142300252082792,5.1729252507769976,0.0016339130532706807,1.8723259655888009
pmks_negative_0309,0.006944488250526959,7.9577953325984794,0.0045404463977172455,5.2029669931290963,0.0015114980508410037,1.7320487414318009
pmks_negative_0310,0.0070203665065706744,8.0447453870877457,0.0045645952646453164,5.2306395492045041,0.0013858380779786439,1.5880530560099739
pmks_negative_0311,0.0070966296461589806,8.1321364855216807,0.0045866238469176486,5.2558824386538756,0.0012570907044512005,1.4405194709307334
pmks_negative_0312,0.0071732419099310718,8.2199276506975139,0.0046064820454362878,5.2786382521543782,0.0011254198324705401,1.2896358042462561
pmks_negative_0313,0.0072501667265685299,8.3080769749821606,0.0046241225403276433,5.2988527651389035,0.00099099493988315224,1.1355962632137406
pmks_negative_0314,0.0073273667598563463,8.3965416742384384,0.0046395008775149803,5.3164750370007932,0.00085399031713887354,0.97860056992618882
pmks_negative_0315,0.0074048039570833168,8.485278143283173,0.0046525755425694277,5.3314574957208691,0.00071458430485718994,0.81885308762796982
pmks_negative_0316,0.0074824395985650938,8.5742420126347412,0.0046633080219039627,5.343756007990522,0.00057295853846016766,0.65656195512813675
pmks_negative_0317,0.0075602343480758449,8.663388206309703,0.0046716628514791121,5.3533299350243428,0.00042929720591636223,0.49193823623781752
pmks_negative_0318,0.0076381483039957843,8.7526710004324322,0.0046776076532859378,5.3601421743665263,0.00028378632415311002,0.32519509059999185
pmks_negative_0319,0.0077161410509694051,8.8420440824275666,0.0046811131599600649,5.3641591880964645,0.00013661303915858073,0.15654697166571685
pmks_negative_0320,0.0077941717118674703,8.931460610572584,0.0046821532279594513,5.3653510179293509,-1.2035045777234517E-05,-0.013791143084792346
pmks_negative_0321,0.0078721989998991049,9.020873273696786,0.0046807048398078673,5.3636912877870202,-0.00016197050982880677,-0.18560448526014151
pmks_negative_0322,0.0079501812706448405,9.1102343508231645,0.0046767480959651522,5.359157194481952,-0.00031300671916156559,-0.3586791882939151
pmks_negative_0323,0.0080280765738889315,9.1994957705607234,0.0046702661969344802,5.35172948721371,-0.00046495839357764326,-0.53280293677270674
pmks_negative_0324,0.0081058427050804127,9.2886091700670281,0.0046612454162557994,5.3413924366217174,-0.00061764213323565282,-0.70776557001236684
pmks_negative_0325,0.0081834372562603619,9.37752595341329,0.0046496750650639115,5.3281337941718103,-0.00077087690397488451,-0.88335963819843055
pmks_negative_0326,0.0082608176663452326,9.4661973491975608,0.004635547448909566,5.3119447426768707,-0.00092448448032228948,-1.0593809100345908
pmks_negative_0327,0.0083379412706077183,9.554574467265045,0.0046188578175528896,5.2928198387643528,-0.0010782898457741396,-1.2356288314315855
pmks_negative_0328,0.0084147653493058527,9.642608354408063,0.0045996043084413907,5.270756948106861,-0.0012321215504182545,-1.4119069353119691
pmks_negative_0329,0.0084912471752955909,9.7302500489318859,0.0045777878845798883,5.2457571742263491,-0.0013858120263932515,-1.5880232030996997
pmks_negative_0330,0.0085673440605549267,9.8174506339859526,0.0045534122674882856,5.2178247816694139,-0.0015391978620657042,-1.76379037890394
pmks_negative_0331,0.0086430134015906823,9.9041612895731941,0.004526483865925501,5.1869671143309475,-0.0016921200361431133,-1.9390262377926881
pmks_negative_0332,0.0087182127235969631,9.9903333431628738,0.0044970117010350924,5.1531945096773732,-0.001844424113229651,-2.1135538098830988
pmks_negative_0333,0.0087928997233506223,10.075918318844691,0.0044650073285409401,5.1165202095894786,-0.0019959604025735359,-2.287201562252533
pmks_negative_0334,0.0088670323107904458,10.160867984973523,0.0044304847585904727,5.0769602685095494,-0.0021465840819508046,-2.4598035408988617
pmks_negative_0335,0.0089405686492414205,10.245134400265353,0.0043934603738092354,5.0345334595388413,-0.0022961552887824695,-2.6311994751530121
pmks_negative_0336,0.0090134671942707634,10.328669958315286,0.0043539528460946157,4.9892611790902386,-0.0024445391806930468,-2.8012348470739123
pmks_negative_0337,0.009085686731131748,10.411427430518362,0.0043119830526390955,4.9411673506580165,-0.002591605967791461,-2.969760928439678
pmks_negative_0338,0.0091571864108286327,10.493360007382767,0.0042675739916350729,4.8902783282226991,-0.0027372309189934514,-3.1366347879925445
pmks_negative_0339,0.0092279257847565077,10.574421338233444,0.0042207506980744356,4.8366227997645117,-0.0028812943447117292,-3.3017192716032655
pmks_negative_0340,0.0092978648379484774,10.654565569311469,0.0041715401600175509,4.7802316913147296,-0.0030236815582195455,-3.4648829579970215
pmks_negative_0341,0.0093669640209452787,10.733747380281505,0.0041199712356681734,4.7211380719305485,-0.0031642828179488554,-3.6260000926320117
pmks_negative_0342,0.0094351842802691266,10.811922019165603,0.0040660745715536155,4.6593770599364861,-0.003302993252919508,-3.7849505022476233
pmks_negative_0343,0.00950248708755419,10.88904533572703,0.0040098825220735929,4.5949857307341819,-0.0034397127734140114,-3.9416194925052728
pmks_negative_0344,0.0095688344673705572,10.965073813332518,0.003951429070646691,4.5280030264429136,-0.0035743459689170109,-4.0958977310356914
pmks_negative_0345,0.0096341890237123806,11.039964599325357,0.0038907497526506044,4.4584696675956526,-0.003706801995232446,-4.2476811180847553
pmks_negative_0346,0.0096985139652310259,11.11367553394525,0.0038278815803213474,4.3864280670799127,-0.0038369944525772559,-4.3968706468191954
pmks_negative_0347,0.0097617731292634069,11.186165177833614,0.0037628629697477288,4.3119222464796003,-0.0039648412563311622,-4.5433722552167861
pmks_negative_0348,0.00982393100460488,11.257392838165527,0.0036957336700702472,4.2349977549429534,-0.0040902645019993914,-4.6870966713250803
pmks_negative_0349,0.0098849527531807979,11.327318593451174,0.0036265346949688419,4.1557015906732921,-0.0042131903258216287,-4.8279592535310627
pmks_negative_0350,0.0099448042305412265,11.395903317051198,0.0035553082565008801,4.0740821251129757,-0.0043335487623373144,-4.9658798273430493
pmks_negative_0351,0.010003452005327151,11.463108699451219,0.0034820977013301216,3.9901890298671816,-0.0044512736000963549,-5.100782520047388
pmks_negative_0352,0.010060863377638896,11.528897269341428,0.0034069474493684075,3.9040732063924874,-0.0045663022365865832,-5.2325955944676039
pmks_negative_0353,0.010117006396446637,11.593232413547437,0.0033299029348350488,3.8157867184559144,-0.0046785755333357236,-5.3612512829235355
pmks_negative_0354,0.010171849876016381,11.656078395858447,0.0032510105497237361,3.7253827273528017,-0.0047880376720372949,-5.486685622363801
pmks_negative_0355,0.010225363411417998,11.71740037479853,0.0031703175896535801,3.6329154298566824,-0.0048946360124470008,-5.6088382915270971
pmks_negative_0356,0.010277517393149083,11.777164420386246,0.0030878722020692044,3.5384399988609747,-0.0049983209526996515,-5.7276524508772271
pmks_negative_0357,0.010328283020916817,11.835337529927024,0.0030037233367447699,3.4420125266607924,-0.0050990457926063616,-5.8430745859532651
pmks_negative_0358,0.010377632316616481,11.891887642881834,0.0029179206985381952,3.3436899708132763,-0.0051967666004081601,-5.9550543546804739
pmks_negative_0359,0.010425538136533241,11.946783654854517,0.0028305147023345084,3.2435301025064973,-0.0052914420833851134,-6.0635444390993323
