sample_id,sweep_id,sweep_index,input_angle_rad,input_direction,time_s,jacobian_condition,eligibility
motiongen_0000,motiongen_sweep_00,0,0,1,0,0,eligible
motiongen_0001,motiongen_sweep_00,1,0.017999999999999999,1,0.017000000000000001,0,eligible
motiongen_0002,motiongen_sweep_00,2,0.035999999999999997,1,0.033000000000000002,0,eligible
motiongen_0003,motiongen_sweep_00,3,0.053999999999999999,1,0.050000000000000003,0,eligible
motiongen_0004,motiongen_sweep_00,4,0.071999999999999995,1,0.067000000000000004,0,eligible
motiongen_0005,motiongen_sweep_00,5,0.089999999999999997,1,0.083000000000000004,0,eligible
motiongen_0006,motiongen_sweep_00,6,0.108,1,0.10000000000000001,0,eligible
motiongen_0007,motiongen_sweep_00,7,0.126,1,0.11700000000000001,0,eligible
motiongen_0008,motiongen_sweep_00,8,0.14399999999999999,1,0.13300000000000001,0,eligible
motiongen_0009,motiongen_sweep_00,9,0.16200000000000001,1,0.14999999999999999,0,eligible
motiongen_0010,motiongen_sweep_00,10,0.17999999999999999,1,0.16700000000000001,0,eligible
motiongen_0011,motiongen_sweep_00,11,0.19800000000000001,1,0.183,0,eligible
motiongen_0012,motiongen_sweep_00,12,0.216,1,0.20000000000000001,0,eligible
motiongen_0013,motiongen_sweep_00,13,0.23400000000000001,1,0.217,0,eligible
motiongen_0014,motiongen_sweep_00,14,0.252,1,0.23300000000000001,0,eligible
motiongen_0015,motiongen_sweep_00,15,0.27000000000000002,1,0.25,0,eligible
motiongen_0016,motiongen_sweep_00,16,0.28799999999999998,1,0.26700000000000002,0,eligible
motiongen_0017,motiongen_sweep_00,17,0.30599999999999999,1,0.28299999999999997,0,eligible
motiongen_0018,motiongen_sweep_00,18,0.32400000000000001,1,0.29999999999999999,0,eligible
motiongen_0019,motiongen_sweep_00,19,0.34200000000000003,1,0.317,0,eligible
motiongen_0020,motiongen_sweep_00,20,0.35999999999999999,1,0.33300000000000002,0,eligible
motiongen_0021,motiongen_sweep_00,21,0.378,1,0.34999999999999998,0,eligible
motiongen_0022,motiongen_sweep_00,22,0.39600000000000002,1,0.36699999999999999,0,eligible
motiongen_0023,motiongen_sweep_00,23,0.41399999999999998,1,0.38300000000000001,0,eligible
motiongen_0024,motiongen_sweep_00,24,0.432,1,0.40000000000000002,0,eligible
motiongen_0025,motiongen_sweep_00,25,0.45000000000000001,1,0.41699999999999998,0,eligible
motiongen_0026,motiongen_sweep_00,26,0.46800000000000003,1,0.433,0,eligible
motiongen_0027,motiongen_sweep_00,27,0.48599999999999999,1,0.45000000000000001,0,eligible
motiongen_0028,motiongen_sweep_00,28,0.504,1,0.46700000000000003,0,eligible
motiongen_0029,motiongen_sweep_00,29,0.52200000000000002,1,0.48299999999999998,0,eligible
motiongen_0030,motiongen_sweep_00,30,0.54000000000000004,1,0.5,0,eligible
motiongen_0031,motiongen_sweep_00,31,0.55800000000000005,1,0.51700000000000002,0,eligible
motiongen_0032,motiongen_sweep_00,32,0.57599999999999996,1,0.53300000000000003,0,eligible
motiongen_0033,motiongen_sweep_00,33,0.59399999999999997,1,0.55000000000000004,0,eligible
motiongen_0034,motiongen_sweep_00,34,0.61199999999999999,1,0.56699999999999995,0,eligible
motiongen_0035,motiongen_sweep_00,35,0.63,1,0.58299999999999996,0,eligible
motiongen_0036,motiongen_sweep_00,36,0.64800000000000002,1,0.59999999999999998,0,eligible
motiongen_0037,motiongen_sweep_00,37,0.66600000000000004,1,0.61699999999999999,0,eligible
motiongen_0038,motiongen_sweep_00,38,0.68400000000000005,1,0.63300000000000001,0,eligible
motiongen_0039,motiongen_sweep_00,39,0.70199999999999996,1,0.65000000000000002,0,eligible
motiongen_0040,motiongen_sweep_00,40,0.71999999999999997,1,0.66700000000000004,0,eligible
motiongen_0041,motiongen_sweep_00,41,0.73799999999999999,1,0.68300000000000005,0,eligible
motiongen_0042,motiongen_sweep_00,42,0.75600000000000001,1,0.69999999999999996,0,eligible
motiongen_0043,motiongen_sweep_00,43,0.77400000000000002,1,0.71699999999999997,0,eligible
motiongen_0044,motiongen_sweep_00,44,0.79200000000000004,1,0.73299999999999998,0,eligible
motiongen_0045,motiongen_sweep_00,45,0.81000000000000005,1,0.75,0,eligible
motiongen_0046,motiongen_sweep_00,46,0.82799999999999996,1,0.76700000000000002,0,eligible
motiongen_0047,motiongen_sweep_00,47,0.84599999999999997,1,0.78300000000000003,0,eligible
motiongen_0048,motiongen_sweep_00,48,0.86399999999999999,1,0.80000000000000004,0,eligible
motiongen_0049,motiongen_sweep_00,49,0.88200000000000001,1,0.81699999999999995,0,eligible
motiongen_0050,motiongen_sweep_00,50,0.90000000000000002,1,0.83299999999999996,0,eligible
motiongen_0051,motiongen_sweep_00,51,0.91800000000000004,1,0.84999999999999998,0,eligible
motiongen_0052,motiongen_sweep_00,52,0.93600000000000005,1,0.86699999999999999,0,eligible
motiongen_0053,motiongen_sweep_00,53,0.95399999999999996,1,0.88300000000000001,0,eligible
motiongen_0054,motiongen_sweep_00,54,0.97199999999999998,1,0.90000000000000002,0,eligible
motiongen_0055,motiongen_sweep_00,55,0.98999999999999999,1,0.91700000000000004,0,eligible
motiongen_0056,motiongen_sweep_00,56,1.008,1,0.93300000000000005,0,eligible
motiongen_0057,motiongen_sweep_00,57,1.026,1,0.94999999999999996,0,eligible
motiongen_0058,motiongen_sweep_00,58,1.044,1,0.96699999999999997,0,eligible
motiongen_0059,motiongen_sweep_00,59,1.0620000000000001,1,0.98299999999999998,0,eligible
motiongen_0060,motiongen_sweep_00,60,1.0800000000000001,1,1,0,eligible
motiongen_0061,motiongen_sweep_00,61,1.0980000000000001,1,1.0169999999999999,0,eligible
motiongen_0062,motiongen_sweep_00,62,1.1160000000000001,1,1.0329999999999999,0,eligible
motiongen_0063,motiongen_sweep_00,63,1.1339999999999999,1,1.05,0,eligible
motiongen_0064,motiongen_sweep_00,64,1.1519999999999999,1,1.0669999999999999,0,eligible
motiongen_0065,motiongen_sweep_00,65,1.1699999999999999,1,1.083,0,eligible
motiongen_0066,motiongen_sweep_00,66,1.1879999999999999,1,1.1000000000000001,0,eligible
motiongen_0067,motiongen_sweep_00,67,1.206,1,1.117,0,eligible
motiongen_0068,motiongen_sweep_00,68,1.224,1,1.133,0,eligible
motiongen_0069,motiongen_sweep_00,69,1.242,1,1.1499999999999999,0,eligible
motiongen_0070,motiongen_sweep_00,70,1.26,1,1.167,0,eligible
motiongen_0071,motiongen_sweep_00,71,1.278,1,1.1830000000000001,0,eligible
motiongen_0072,motiongen_sweep_00,72,1.296,1,1.2,0,eligible
motiongen_0073,motiongen_sweep_00,73,1.3140000000000001,1,1.2170000000000001,0,eligible
motiongen_0074,motiongen_sweep_00,74,1.3320000000000001,1,1.2330000000000001,0,eligible
motiongen_0075,motiongen_sweep_00,75,1.3500000000000001,1,1.25,0,eligible
motiongen_0076,motiongen_sweep_00,76,1.3680000000000001,1,1.2669999999999999,0,eligible
motiongen_0077,motiongen_sweep_00,77,1.3859999999999999,1,1.2829999999999999,0,eligible
motiongen_0078,motiongen_sweep_00,78,1.4039999999999999,1,1.3,0,eligible
motiongen_0079,motiongen_sweep_00,79,1.4219999999999999,1,1.3169999999999999,0,eligible
motiongen_0080,motiongen_sweep_00,80,1.4399999999999999,1,1.333,0,eligible
motiongen_0081,motiongen_sweep_00,81,1.458,1,1.3500000000000001,0,eligible
motiongen_0082,motiongen_sweep_00,82,1.476,1,1.367,0,eligible
motiongen_0083,motiongen_sweep_00,83,1.494,1,1.383,0,eligible
motiongen_0084,motiongen_sweep_00,84,1.512,1,1.3999999999999999,0,eligible
motiongen_0085,motiongen_sweep_00,85,1.53,1,1.417,0,eligible
motiongen_0086,motiongen_sweep_00,86,1.548,1,1.4330000000000001,0,eligible
motiongen_0087,motiongen_sweep_00,87,1.5660000000000001,1,1.45,0,eligible
motiongen_0088,motiongen_sweep_00,88,1.5840000000000001,1,1.4670000000000001,0,eligible
motiongen_0089,motiongen_sweep_00,89,1.601,1,1.4830000000000001,0,eligible
motiongen_0090,motiongen_sweep_00,90,1.619,1,1.5,0,eligible
motiongen_0091,motiongen_sweep_00,91,1.637,1,1.5169999999999999,0,eligible
motiongen_0092,motiongen_sweep_00,92,1.655,1,1.5329999999999999,0,eligible
motiongen_0093,motiongen_sweep_00,93,1.673,1,1.55,0,eligible
motiongen_0094,motiongen_sweep_00,94,1.6910000000000001,1,1.5669999999999999,0,eligible
motiongen_0095,motiongen_sweep_00,95,1.7090000000000001,1,1.583,0,eligible
motiongen_0096,motiongen_sweep_00,96,1.7270000000000001,1,1.6000000000000001,0,eligible
motiongen_0097,motiongen_sweep_00,97,1.7450000000000001,1,1.617,0,eligible
motiongen_0098,motiongen_sweep_00,98,1.7629999999999999,1,1.633,0,eligible
motiongen_0099,motiongen_sweep_00,99,1.7809999999999999,1,1.6499999999999999,0,eligible
motiongen_0100,motiongen_sweep_00,100,1.7989999999999999,1,1.667,0,eligible
motiongen_0101,motiongen_sweep_00,101,1.8169999999999999,1,1.6830000000000001,0,eligible
motiongen_0102,motiongen_sweep_00,102,1.835,1,1.7,0,eligible
motiongen_0103,motiongen_sweep_00,103,1.853,1,1.7170000000000001,0,eligible
motiongen_0104,motiongen_sweep_00,104,1.871,1,1.7330000000000001,0,eligible
motiongen_0105,motiongen_sweep_00,105,1.889,1,1.75,0,eligible
motiongen_0106,motiongen_sweep_00,106,1.907,1,1.7669999999999999,0,eligible
motiongen_0107,motiongen_sweep_00,107,1.925,1,1.7829999999999999,0,eligible
motiongen_0108,motiongen_sweep_00,108,1.9430000000000001,1,1.8,0,eligible
motiongen_0109,motiongen_sweep_00,109,1.9610000000000001,1,1.8169999999999999,0,eligible
motiongen_0110,motiongen_sweep_00,110,1.9790000000000001,1,1.833,0,eligible
motiongen_0111,motiongen_sweep_00,111,1.9970000000000001,1,1.8500000000000001,0,eligible
motiongen_0112,motiongen_sweep_00,112,2.0150000000000001,1,1.867,0,eligible
motiongen_0113,motiongen_sweep_00,113,2.0329999999999999,1,1.883,0,eligible
motiongen_0114,motiongen_sweep_00,114,2.0510000000000002,1,1.8999999999999999,0,eligible
motiongen_0115,motiongen_sweep_00,115,2.069,1,1.917,0,eligible
motiongen_0116,motiongen_sweep_00,116,2.0870000000000002,1,1.9330000000000001,0,eligible
motiongen_0117,motiongen_sweep_00,117,2.105,1,1.95,0,eligible
motiongen_0118,motiongen_sweep_00,118,2.1230000000000002,1,1.9670000000000001,0,eligible
motiongen_0119,motiongen_sweep_00,119,2.141,1,1.9830000000000001,0,eligible
motiongen_0120,motiongen_sweep_00,120,2.1589999999999998,1,2,0,eligible
motiongen_0121,motiongen_sweep_00,121,2.177,1,2.0169999999999999,0,eligible
motiongen_0122,motiongen_sweep_00,122,2.1949999999999998,1,2.0329999999999999,0,eligible
motiongen_0123,motiongen_sweep_00,123,2.2130000000000001,1,2.0499999999999998,0,eligible
motiongen_0124,motiongen_sweep_00,124,2.2309999999999999,1,2.0670000000000002,0,eligible
motiongen_0125,motiongen_sweep_00,125,2.2490000000000001,1,2.0830000000000002,0,eligible
motiongen_0126,motiongen_sweep_00,126,2.2669999999999999,1,2.1000000000000001,0,eligible
motiongen_0127,motiongen_sweep_00,127,2.2850000000000001,1,2.117,0,eligible
motiongen_0128,motiongen_sweep_00,128,2.3029999999999999,1,2.133,0,eligible
motiongen_0129,motiongen_sweep_00,129,2.3210000000000002,1,2.1499999999999999,0,eligible
motiongen_0130,motiongen_sweep_00,130,2.339,1,2.1669999999999998,0,eligible
motiongen_0131,motiongen_sweep_00,131,2.3570000000000002,1,2.1829999999999998,0,eligible
motiongen_0132,motiongen_sweep_00,132,2.375,1,2.2000000000000002,0,eligible
motiongen_0133,motiongen_sweep_00,133,2.3929999999999998,1,2.2170000000000001,0,eligible
motiongen_0134,motiongen_sweep_00,134,2.411,1,2.2330000000000001,0,eligible
motiongen_0135,motiongen_sweep_00,135,2.4289999999999998,1,2.25,0,eligible
motiongen_0136,motiongen_sweep_00,136,2.4470000000000001,1,2.2669999999999999,0,eligible
motiongen_0137,motiongen_sweep_00,137,2.4649999999999999,1,2.2829999999999999,0,eligible
motiongen_0138,motiongen_sweep_00,138,2.4830000000000001,1,2.2999999999999998,0,eligible
motiongen_0139,motiongen_sweep_00,139,2.5009999999999999,1,2.3170000000000002,0,eligible
motiongen_0140,motiongen_sweep_00,140,2.5190000000000001,1,2.3330000000000002,0,eligible
motiongen_0141,motiongen_sweep_00,141,2.5369999999999999,1,2.3500000000000001,0,eligible
motiongen_0142,motiongen_sweep_00,142,2.5550000000000002,1,2.367,0,eligible
motiongen_0143,motiongen_sweep_00,143,2.573,1,2.383,0,eligible
motiongen_0144,motiongen_sweep_00,144,2.5910000000000002,1,2.3999999999999999,0,eligible
motiongen_0145,motiongen_sweep_00,145,2.609,1,2.4169999999999998,0,eligible
motiongen_0146,motiongen_sweep_00,146,2.6269999999999998,1,2.4329999999999998,0,eligible
motiongen_0147,motiongen_sweep_00,147,2.645,1,2.4500000000000002,0,eligible
motiongen_0148,motiongen_sweep_00,148,2.6629999999999998,1,2.4670000000000001,0,eligible
motiongen_0149,motiongen_sweep_00,149,2.681,1,2.4830000000000001,0,eligible
motiongen_0150,motiongen_sweep_00,150,2.6989999999999998,1,2.5,0,eligible
motiongen_0151,motiongen_sweep_00,151,2.7170000000000001,1,2.5169999999999999,0,eligible
motiongen_0152,motiongen_sweep_00,152,2.7349999999999999,1,2.5329999999999999,0,eligible
motiongen_0153,motiongen_sweep_00,153,2.7530000000000001,1,2.5499999999999998,0,eligible
motiongen_0154,motiongen_sweep_00,154,2.7709999999999999,1,2.5670000000000002,0,eligible
motiongen_0155,motiongen_sweep_00,155,2.7890000000000001,1,2.5830000000000002,0,eligible
motiongen_0156,motiongen_sweep_00,156,2.8069999999999999,1,2.6000000000000001,0,eligible
motiongen_0157,motiongen_sweep_00,157,2.8250000000000002,1,2.617,0,eligible
motiongen_0158,motiongen_sweep_00,158,2.843,1,2.633,0,eligible
motiongen_0159,motiongen_sweep_00,159,2.8610000000000002,1,2.6499999999999999,0,eligible
motiongen_0160,motiongen_sweep_00,160,2.879,1,2.6669999999999998,0,eligible
motiongen_0161,motiongen_sweep_00,161,2.8969999999999998,1,2.6829999999999998,0,eligible
motiongen_0162,motiongen_sweep_00,162,2.915,1,2.7000000000000002,0,eligible
motiongen_0163,motiongen_sweep_00,163,2.9329999999999998,1,2.7170000000000001,0,eligible
motiongen_0164,motiongen_sweep_00,164,2.9510000000000001,1,2.7330000000000001,0,eligible
motiongen_0165,motiongen_sweep_00,165,2.9689999999999999,1,2.75,0,eligible
motiongen_0166,motiongen_sweep_00,166,2.9870000000000001,1,2.7669999999999999,0,eligible
motiongen_0167,motiongen_sweep_00,167,3.0049999999999999,1,2.7829999999999999,0,eligible
motiongen_0168,motiongen_sweep_00,168,3.0230000000000001,1,2.7999999999999998,0,eligible
motiongen_0169,motiongen_sweep_00,169,3.0409999999999999,1,2.8170000000000002,0,eligible
motiongen_0170,motiongen_sweep_00,170,3.0590000000000002,1,2.8330000000000002,0,eligible
motiongen_0171,motiongen_sweep_00,171,3.077,1,2.8500000000000001,0,eligible
motiongen_0172,motiongen_sweep_00,172,3.0950000000000002,1,2.867,0,eligible
motiongen_0173,motiongen_sweep_00,173,3.113,1,2.883,0,eligible
motiongen_0174,motiongen_sweep_00,174,3.1309999999999998,1,2.8999999999999999,0,eligible
motiongen_0175,motiongen_sweep_00,175,3.149,1,2.9169999999999998,0,eligible
motiongen_0176,motiongen_sweep_00,176,3.1669999999999998,1,2.9329999999999998,0,eligible
motiongen_0177,motiongen_sweep_00,177,3.1850000000000001,1,2.9500000000000002,0,eligible
motiongen_0178,motiongen_sweep_00,178,3.2029999999999998,1,2.9670000000000001,0,eligible
motiongen_0179,motiongen_sweep_00,179,3.2210000000000001,1,2.9830000000000001,0,eligible
motiongen_0180,motiongen_sweep_00,180,3.2389999999999999,1,3,0,eligible
motiongen_0181,motiongen_sweep_00,181,3.2570000000000001,1,3.0169999999999999,0,eligible
motiongen_0182,motiongen_sweep_00,182,3.2749999999999999,1,3.0329999999999999,0,eligible
motiongen_0183,motiongen_sweep_00,183,3.2930000000000001,1,3.0499999999999998,0,eligible
motiongen_0184,motiongen_sweep_00,184,3.3109999999999999,1,3.0670000000000002,0,eligible
motiongen_0185,motiongen_sweep_00,185,3.3290000000000002,1,3.0830000000000002,0,eligible
motiongen_0186,motiongen_sweep_00,186,3.347,1,3.1000000000000001,0,eligible
motiongen_0187,motiongen_sweep_00,187,3.3650000000000002,1,3.117,0,eligible
motiongen_0188,motiongen_sweep_00,188,3.383,1,3.133,0,eligible
motiongen_0189,motiongen_sweep_00,189,3.4009999999999998,1,3.1499999999999999,0,eligible
motiongen_0190,motiongen_sweep_00,190,3.419,1,3.1669999999999998,0,eligible
motiongen_0191,motiongen_sweep_00,191,3.4369999999999998,1,3.1829999999999998,0,eligible
motiongen_0192,motiongen_sweep_00,192,3.4550000000000001,1,3.2000000000000002,0,eligible
motiongen_0193,motiongen_sweep_00,193,3.4729999999999999,1,3.2170000000000001,0,eligible
motiongen_0194,motiongen_sweep_00,194,3.4910000000000001,1,3.2330000000000001,0,eligible
motiongen_0195,motiongen_sweep_00,195,3.5089999999999999,1,3.25,0,eligible
motiongen_0196,motiongen_sweep_00,196,3.5270000000000001,1,3.2669999999999999,0,eligible
motiongen_0197,motiongen_sweep_00,197,3.5449999999999999,1,3.2829999999999999,0,eligible
motiongen_0198,motiongen_sweep_00,198,3.5630000000000002,1,3.2999999999999998,0,eligible
motiongen_0199,motiongen_sweep_00,199,3.581,1,3.3170000000000002,0,eligible
motiongen_0200,motiongen_sweep_00,200,3.5990000000000002,1,3.3330000000000002,0,eligible
motiongen_0201,motiongen_sweep_00,201,3.617,1,3.3500000000000001,0,eligible
motiongen_0202,motiongen_sweep_00,202,3.6349999999999998,1,3.367,0,eligible
motiongen_0203,motiongen_sweep_00,203,3.653,1,3.383,0,eligible
motiongen_0204,motiongen_sweep_00,204,3.6709999999999998,1,3.3999999999999999,0,eligible
motiongen_0205,motiongen_sweep_00,205,3.6890000000000001,1,3.4169999999999998,0,eligible
motiongen_0206,motiongen_sweep_00,206,3.7069999999999999,1,3.4329999999999998,0,eligible
motiongen_0207,motiongen_sweep_00,207,3.7250000000000001,1,3.4500000000000002,0,eligible
motiongen_0208,motiongen_sweep_00,208,3.7429999999999999,1,3.4670000000000001,0,eligible
motiongen_0209,motiongen_sweep_00,209,3.7610000000000001,1,3.4830000000000001,0,eligible
motiongen_0210,motiongen_sweep_00,210,3.7789999999999999,1,3.5,0,eligible
motiongen_0211,motiongen_sweep_00,211,3.7970000000000002,1,3.5169999999999999,0,eligible
motiongen_0212,motiongen_sweep_00,212,3.8149999999999999,1,3.5329999999999999,0,eligible
motiongen_0213,motiongen_sweep_00,213,3.8330000000000002,1,3.5499999999999998,0,eligible
motiongen_0214,motiongen_sweep_00,214,3.851,1,3.5670000000000002,0,eligible
motiongen_0215,motiongen_sweep_00,215,3.8690000000000002,1,3.5830000000000002,0,eligible
motiongen_0216,motiongen_sweep_00,216,3.887,1,3.6000000000000001,0,eligible
motiongen_0217,motiongen_sweep_00,217,3.9049999999999998,1,3.617,0,eligible
motiongen_0218,motiongen_sweep_00,218,3.923,1,3.633,0,eligible
motiongen_0219,motiongen_sweep_00,219,3.9409999999999998,1,3.6499999999999999,0,eligible
motiongen_0220,motiongen_sweep_00,220,3.9590000000000001,1,3.6669999999999998,0,eligible
motiongen_0221,motiongen_sweep_00,221,3.9769999999999999,1,3.6829999999999998,0,eligible
motiongen_0222,motiongen_sweep_00,222,3.9950000000000001,1,3.7000000000000002,0,eligible
motiongen_0223,motiongen_sweep_00,223,4.0129999999999999,1,3.7170000000000001,0,eligible
motiongen_0224,motiongen_sweep_00,224,4.0309999999999997,1,3.7330000000000001,0,eligible
motiongen_0225,motiongen_sweep_00,225,4.0490000000000004,1,3.75,0,eligible
motiongen_0226,motiongen_sweep_00,226,4.0670000000000002,1,3.7669999999999999,0,eligible
motiongen_0227,motiongen_sweep_00,227,4.085,1,3.7829999999999999,0,eligible
motiongen_0228,motiongen_sweep_00,228,4.1029999999999998,1,3.7999999999999998,0,eligible
motiongen_0229,motiongen_sweep_00,229,4.1210000000000004,1,3.8170000000000002,0,eligible
motiongen_0230,motiongen_sweep_00,230,4.1390000000000002,1,3.8330000000000002,0,eligible
motiongen_0231,motiongen_sweep_00,231,4.157,1,3.8500000000000001,0,eligible
motiongen_0232,motiongen_sweep_00,232,4.1749999999999998,1,3.867,0,eligible
motiongen_0233,motiongen_sweep_00,233,4.1929999999999996,1,3.883,0,eligible
motiongen_0234,motiongen_sweep_00,234,4.2110000000000003,1,3.8999999999999999,0,eligible
motiongen_0235,motiongen_sweep_00,235,4.2290000000000001,1,3.9169999999999998,0,eligible
motiongen_0236,motiongen_sweep_00,236,4.2469999999999999,1,3.9329999999999998,0,eligible
motiongen_0237,motiongen_sweep_00,237,4.2649999999999997,1,3.9500000000000002,0,eligible
motiongen_0238,motiongen_sweep_00,238,4.2830000000000004,1,3.9670000000000001,0,eligible
motiongen_0239,motiongen_sweep_00,239,4.3010000000000002,1,3.9830000000000001,0,eligible
motiongen_0240,motiongen_sweep_00,240,4.319,1,4,0,eligible
motiongen_0241,motiongen_sweep_00,241,4.3369999999999997,1,4.0170000000000003,0,eligible
motiongen_0242,motiongen_sweep_00,242,4.3550000000000004,1,4.0330000000000004,0,eligible
motiongen_0243,motiongen_sweep_00,243,4.3730000000000002,1,4.0499999999999998,0,eligible
motiongen_0244,motiongen_sweep_00,244,4.391,1,4.0670000000000002,0,eligible
motiongen_0245,motiongen_sweep_00,245,4.4089999999999998,1,4.0830000000000002,0,eligible
motiongen_0246,motiongen_sweep_00,246,4.4269999999999996,1,4.0999999999999996,0,eligible
motiongen_0247,motiongen_sweep_00,247,4.4450000000000003,1,4.117,0,eligible
motiongen_0248,motiongen_sweep_00,248,4.4630000000000001,1,4.133,0,eligible
motiongen_0249,motiongen_sweep_00,249,4.4809999999999999,1,4.1500000000000004,0,eligible
motiongen_0250,motiongen_sweep_00,250,4.4989999999999997,1,4.1669999999999998,0,eligible
motiongen_0251,motiongen_sweep_00,251,4.5170000000000003,1,4.1829999999999998,0,eligible
motiongen_0252,motiongen_sweep_00,252,4.5350000000000001,1,4.2000000000000002,0,eligible
motiongen_0253,motiongen_sweep_00,253,4.5529999999999999,1,4.2169999999999996,0,eligible
motiongen_0254,motiongen_sweep_00,254,4.5709999999999997,1,4.2329999999999997,0,eligible
motiongen_0255,motiongen_sweep_00,255,4.5890000000000004,1,4.25,0,eligible
motiongen_0256,motiongen_sweep_00,256,4.6070000000000002,1,4.2670000000000003,0,eligible
motiongen_0257,motiongen_sweep_00,257,4.625,1,4.2830000000000004,0,eligible
motiongen_0258,motiongen_sweep_00,258,4.6429999999999998,1,4.2999999999999998,0,eligible
motiongen_0259,motiongen_sweep_00,259,4.6609999999999996,1,4.3170000000000002,0,eligible
motiongen_0260,motiongen_sweep_00,260,4.6790000000000003,1,4.3330000000000002,0,eligible
motiongen_0261,motiongen_sweep_00,261,4.6970000000000001,1,4.3499999999999996,0,eligible
motiongen_0262,motiongen_sweep_00,262,4.7149999999999999,1,4.367,0,eligible
motiongen_0263,motiongen_sweep_00,263,4.7329999999999997,1,4.383,0,eligible
motiongen_0264,motiongen_sweep_00,264,4.7510000000000003,1,4.4000000000000004,0,eligible
motiongen_0265,motiongen_sweep_00,265,4.7690000000000001,1,4.4169999999999998,0,eligible
motiongen_0266,motiongen_sweep_00,266,4.7859999999999996,1,4.4329999999999998,0,eligible
motiongen_0267,motiongen_sweep_00,267,4.8040000000000003,1,4.4500000000000002,0,eligible
motiongen_0268,motiongen_sweep_00,268,4.8220000000000001,1,4.4669999999999996,0,eligible
motiongen_0269,motiongen_sweep_00,269,4.8399999999999999,1,4.4829999999999997,0,eligible
motiongen_0270,motiongen_sweep_00,270,4.8579999999999997,1,4.5,0,eligible
motiongen_0271,motiongen_sweep_00,271,4.8760000000000003,1,4.5170000000000003,0,eligible
motiongen_0272,motiongen_sweep_00,272,4.8940000000000001,1,4.5330000000000004,0,eligible
motiongen_0273,motiongen_sweep_00,273,4.9119999999999999,1,4.5499999999999998,0,eligible
motiongen_0274,motiongen_sweep_00,274,4.9299999999999997,1,4.5670000000000002,0,eligible
motiongen_0275,motiongen_sweep_00,275,4.9480000000000004,1,4.5830000000000002,0,eligible
motiongen_0276,motiongen_sweep_00,276,4.9660000000000002,1,4.5999999999999996,0,eligible
motiongen_0277,motiongen_sweep_00,277,4.984,1,4.617,0,eligible
motiongen_0278,motiongen_sweep_00,278,5.0019999999999998,1,4.633,0,eligible
motiongen_0279,motiongen_sweep_00,279,5.0199999999999996,1,4.6500000000000004,0,eligible
motiongen_0280,motiongen_sweep_00,280,5.0380000000000003,1,4.6669999999999998,0,eligible
motiongen_0281,motiongen_sweep_00,281,5.056,1,4.6829999999999998,0,eligible
motiongen_0282,motiongen_sweep_00,282,5.0739999999999998,1,4.7000000000000002,0,eligible
motiongen_0283,motiongen_sweep_00,283,5.0919999999999996,1,4.7169999999999996,0,eligible
motiongen_0284,motiongen_sweep_00,284,5.1100000000000003,1,4.7329999999999997,0,eligible
motiongen_0285,motiongen_sweep_00,285,5.1280000000000001,1,4.75,0,eligible
motiongen_0286,motiongen_sweep_00,286,5.1459999999999999,1,4.7670000000000003,0,eligible
motiongen_0287,motiongen_sweep_00,287,5.1639999999999997,1,4.7830000000000004,0,eligible
motiongen_0288,motiongen_sweep_00,288,5.1820000000000004,1,4.7999999999999998,0,eligible
motiongen_0289,motiongen_sweep_00,289,5.2000000000000002,1,4.8170000000000002,0,eligible
motiongen_0290,motiongen_sweep_00,290,5.218,1,4.8330000000000002,0,eligible
motiongen_0291,motiongen_sweep_00,291,5.2359999999999998,1,4.8499999999999996,0,eligible
motiongen_0292,motiongen_sweep_00,292,5.2539999999999996,1,4.867,0,eligible
motiongen_0293,motiongen_sweep_00,293,5.2720000000000002,1,4.883,0,eligible
motiongen_0294,motiongen_sweep_00,294,5.29,1,4.9000000000000004,0,eligible
motiongen_0295,motiongen_sweep_00,295,5.3079999999999998,1,4.9169999999999998,0,eligible
motiongen_0296,motiongen_sweep_00,296,5.3259999999999996,1,4.9329999999999998,0,eligible
motiongen_0297,motiongen_sweep_00,297,5.3440000000000003,1,4.9500000000000002,0,eligible
motiongen_0298,motiongen_sweep_00,298,5.3620000000000001,1,4.9669999999999996,0,eligible
motiongen_0299,motiongen_sweep_00,299,5.3799999999999999,1,4.9829999999999997,0,eligible
motiongen_0300,motiongen_sweep_00,300,5.3979999999999997,1,5,0,eligible
motiongen_0301,motiongen_sweep_00,301,5.4160000000000004,1,5.0170000000000003,0,eligible
motiongen_0302,motiongen_sweep_00,302,5.4340000000000002,1,5.0330000000000004,0,eligible
motiongen_0303,motiongen_sweep_00,303,5.452,1,5.0499999999999998,0,eligible
motiongen_0304,motiongen_sweep_00,304,5.4699999999999998,1,5.0670000000000002,0,eligible
motiongen_0305,motiongen_sweep_00,305,5.4880000000000004,1,5.0830000000000002,0,eligible
motiongen_0306,motiongen_sweep_00,306,5.5060000000000002,1,5.0999999999999996,0,eligible
motiongen_0307,motiongen_sweep_00,307,5.524,1,5.117,0,eligible
motiongen_0308,motiongen_sweep_00,308,5.5419999999999998,1,5.133,0,eligible
motiongen_0309,motiongen_sweep_00,309,5.5599999999999996,1,5.1500000000000004,0,eligible
motiongen_0310,motiongen_sweep_00,310,5.5780000000000003,1,5.1669999999999998,0,eligible
motiongen_0311,motiongen_sweep_00,311,5.5960000000000001,1,5.1829999999999998,0,eligible
motiongen_0312,motiongen_sweep_00,312,5.6139999999999999,1,5.2000000000000002,0,eligible
motiongen_0313,motiongen_sweep_00,313,5.6319999999999997,1,5.2169999999999996,0,eligible
motiongen_0314,motiongen_sweep_00,314,5.6500000000000004,1,5.2329999999999997,0,eligible
motiongen_0315,motiongen_sweep_00,315,5.6680000000000001,1,5.25,0,eligible
motiongen_0316,motiongen_sweep_00,316,5.6859999999999999,1,5.2670000000000003,0,eligible
motiongen_0317,motiongen_sweep_00,317,5.7039999999999997,1,5.2830000000000004,0,eligible
motiongen_0318,motiongen_sweep_00,318,5.7220000000000004,1,5.2999999999999998,0,eligible
motiongen_0319,motiongen_sweep_00,319,5.7400000000000002,1,5.3170000000000002,0,eligible
motiongen_0320,motiongen_sweep_00,320,5.758,1,5.3330000000000002,0,eligible
motiongen_0321,motiongen_sweep_00,321,5.7759999999999998,1,5.3499999999999996,0,eligible
motiongen_0322,motiongen_sweep_00,322,5.7939999999999996,1,5.367,0,eligible
motiongen_0323,motiongen_sweep_00,323,5.8120000000000003,1,5.383,0,eligible
motiongen_0324,motiongen_sweep_00,324,5.8300000000000001,1,5.4000000000000004,0,eligible
motiongen_0325,motiongen_sweep_00,325,5.8479999999999999,1,5.4169999999999998,0,eligible
motiongen_0326,motiongen_sweep_00,326,5.8659999999999997,1,5.4329999999999998,0,eligible
motiongen_0327,motiongen_sweep_00,327,5.8840000000000003,1,5.4500000000000002,0,eligible
motiongen_0328,motiongen_sweep_00,328,5.9020000000000001,1,5.4669999999999996,0,eligible
motiongen_0329,motiongen_sweep_00,329,5.9199999999999999,1,5.4829999999999997,0,eligible
motiongen_0330,motiongen_sweep_00,330,5.9379999999999997,1,5.5,0,eligible
motiongen_0331,motiongen_sweep_00,331,5.9560000000000004,1,5.5170000000000003,0,eligible
motiongen_0332,motiongen_sweep_00,332,5.9740000000000002,1,5.5330000000000004,0,eligible
motiongen_0333,motiongen_sweep_00,333,5.992,1,5.5499999999999998,0,eligible
motiongen_0334,motiongen_sweep_00,334,6.0099999999999998,1,5.5670000000000002,0,eligible
motiongen_0335,motiongen_sweep_00,335,6.0279999999999996,1,5.5830000000000002,0,eligible
motiongen_0336,motiongen_sweep_00,336,6.0460000000000003,1,5.5999999999999996,0,eligible
motiongen_0337,motiongen_sweep_00,337,6.0640000000000001,1,5.617,0,eligible
motiongen_0338,motiongen_sweep_00,338,6.0819999999999999,1,5.633,0,eligible
motiongen_0339,motiongen_sweep_00,339,6.0999999999999996,1,5.6500000000000004,0,eligible
motiongen_0340,motiongen_sweep_00,340,6.1180000000000003,1,5.6669999999999998,0,eligible
motiongen_0341,motiongen_sweep_00,341,6.1360000000000001,1,5.6829999999999998,0,eligible
motiongen_0342,motiongen_sweep_00,342,6.1539999999999999,1,5.7000000000000002,0,eligible
motiongen_0343,motiongen_sweep_00,343,6.1719999999999997,1,5.7169999999999996,0,eligible
motiongen_0344,motiongen_sweep_00,344,6.1900000000000004,1,5.7329999999999997,0,eligible
motiongen_0345,motiongen_sweep_00,345,6.2080000000000002,1,5.75,0,eligible
motiongen_0346,motiongen_sweep_00,346,6.226,1,5.7670000000000003,0,eligible
motiongen_0347,motiongen_sweep_00,347,6.2439999999999998,1,5.7830000000000004,0,eligible
motiongen_0348,motiongen_sweep_00,348,6.2619999999999996,1,5.7999999999999998,0,eligible
motiongen_0349,motiongen_sweep_00,349,6.2800000000000002,1,5.8170000000000002,0,eligible
motiongen_0350,motiongen_sweep_00,350,6.2981853071795859,1,5.8330000000000002,0,eligible
motiongen_0351,motiongen_sweep_00,351,6.3161853071795866,1,5.8499999999999996,0,eligible
motiongen_0352,motiongen_sweep_00,352,6.3341853071795864,1,5.867,0,eligible
motiongen_0353,motiongen_sweep_00,353,6.3521853071795862,1,5.883,0,eligible
motiongen_0354,motiongen_sweep_00,354,6.370185307179586,1,5.9000000000000004,0,eligible
motiongen_0355,motiongen_sweep_00,355,6.3881853071795867,1,5.9169999999999998,0,eligible
motiongen_0356,motiongen_sweep_00,356,6.4061853071795865,1,5.9329999999999998,0,eligible
motiongen_0357,motiongen_sweep_00,357,6.4241853071795862,1,5.9500000000000002,0,eligible
motiongen_0358,motiongen_sweep_00,358,6.442185307179586,1,5.9669999999999996,0,eligible
motiongen_0359,motiongen_sweep_00,359,6.4601853071795858,1,5.9829999999999997,0,eligible
motiongen_0360,motiongen_sweep_00,360,6.4781853071795865,1,6,0,eligible
motiongen_0361,motiongen_sweep_00,361,6.4961853071795863,1,6.0170000000000003,0,eligible
motiongen_0362,motiongen_sweep_00,362,6.5141853071795861,1,6.0330000000000004,0,eligible
motiongen_0363,motiongen_sweep_00,363,6.5321853071795859,1,6.0499999999999998,0,eligible
motiongen_0364,motiongen_sweep_00,364,6.5501853071795866,1,6.0670000000000002,0,eligible
motiongen_0365,motiongen_sweep_00,365,6.5681853071795864,1,6.0830000000000002,0,eligible
motiongen_0366,motiongen_sweep_00,366,6.5861853071795862,1,6.0999999999999996,0,eligible
motiongen_0367,motiongen_sweep_00,367,6.604185307179586,1,6.117,0,eligible
motiongen_0368,motiongen_sweep_00,368,6.6221853071795866,1,6.133,0,eligible
motiongen_0369,motiongen_sweep_00,369,6.6401853071795864,1,6.1500000000000004,0,eligible
motiongen_0370,motiongen_sweep_00,370,6.6581853071795862,1,6.1669999999999998,0,eligible
motiongen_0371,motiongen_sweep_00,371,6.676185307179586,1,6.1829999999999998,0,eligible
motiongen_0372,motiongen_sweep_00,372,6.6941853071795858,1,6.2000000000000002,0,eligible
motiongen_0373,motiongen_sweep_00,373,6.7121853071795865,1,6.2169999999999996,0,eligible
motiongen_0374,motiongen_sweep_00,374,6.7301853071795863,1,6.2329999999999997,0,eligible
motiongen_0375,motiongen_sweep_00,375,6.7481853071795861,1,6.25,0,eligible
motiongen_0376,motiongen_sweep_00,376,6.7661853071795859,1,6.2670000000000003,0,eligible
motiongen_0377,motiongen_sweep_00,377,6.7841853071795866,1,6.2830000000000004,0,eligible
motiongen_0378,motiongen_sweep_00,378,6.8021853071795864,1,6.2999999999999998,0,eligible
motiongen_0379,motiongen_sweep_00,379,6.8201853071795862,1,6.3170000000000002,0,eligible
motiongen_0380,motiongen_sweep_00,380,6.8381853071795859,1,6.3330000000000002,0,eligible
motiongen_0381,motiongen_sweep_00,381,6.8561853071795866,1,6.3499999999999996,0,eligible
motiongen_0382,motiongen_sweep_00,382,6.8741853071795864,1,6.367,0,eligible
motiongen_0383,motiongen_sweep_00,383,6.8921853071795862,1,6.383,0,eligible
motiongen_0384,motiongen_sweep_00,384,6.910185307179586,1,6.4000000000000004,0,eligible
motiongen_0385,motiongen_sweep_00,385,6.9281853071795858,1,6.4169999999999998,0,eligible
motiongen_0386,motiongen_sweep_00,386,6.9461853071795865,1,6.4329999999999998,0,eligible
motiongen_0387,motiongen_sweep_00,387,6.9641853071795863,1,6.4500000000000002,0,eligible
motiongen_0388,motiongen_sweep_00,388,6.9821853071795861,1,6.4669999999999996,0,eligible
motiongen_0389,motiongen_sweep_00,389,7.0001853071795859,1,6.4829999999999997,0,eligible
motiongen_0390,motiongen_sweep_00,390,7.0181853071795866,1,6.5,0,eligible
motiongen_0391,motiongen_sweep_00,391,7.0361853071795863,1,6.5170000000000003,0,eligible
motiongen_0392,motiongen_sweep_00,392,7.0541853071795861,1,6.5330000000000004,0,eligible
motiongen_0393,motiongen_sweep_00,393,7.0721853071795859,1,6.5499999999999998,0,eligible
motiongen_0394,motiongen_sweep_00,394,7.0901853071795866,1,6.5670000000000002,0,eligible
motiongen_0395,motiongen_sweep_00,395,7.1081853071795864,1,6.5830000000000002,0,eligible
motiongen_0396,motiongen_sweep_00,396,7.1261853071795862,1,6.5999999999999996,0,eligible
motiongen_0397,motiongen_sweep_00,397,7.144185307179586,1,6.617,0,eligible
motiongen_0398,motiongen_sweep_00,398,7.1621853071795858,1,6.633,0,eligible
motiongen_0399,motiongen_sweep_00,399,7.1801853071795865,1,6.6500000000000004,0,eligible
motiongen_0400,motiongen_sweep_00,400,7.1981853071795863,1,6.6669999999999998,0,eligible
motiongen_0401,motiongen_sweep_00,401,7.2161853071795861,1,6.6829999999999998,0,eligible
motiongen_0402,motiongen_sweep_00,402,7.2341853071795859,1,6.7000000000000002,0,eligible
motiongen_0403,motiongen_sweep_00,403,7.2521853071795865,1,6.7169999999999996,0,eligible
motiongen_0404,motiongen_sweep_00,404,7.2701853071795863,1,6.7329999999999997,0,eligible
motiongen_0405,motiongen_sweep_00,405,7.2881853071795861,1,6.75,0,eligible
motiongen_0406,motiongen_sweep_00,406,7.3061853071795859,1,6.7670000000000003,0,eligible
motiongen_0407,motiongen_sweep_00,407,7.3241853071795866,1,6.7830000000000004,0,eligible
motiongen_0408,motiongen_sweep_00,408,7.3421853071795864,1,6.7999999999999998,0,eligible
motiongen_0409,motiongen_sweep_00,409,7.3601853071795862,1,6.8170000000000002,0,eligible
motiongen_0410,motiongen_sweep_00,410,7.3771853071795865,1,6.8330000000000002,0,eligible
motiongen_0411,motiongen_sweep_00,411,7.3951853071795863,1,6.8499999999999996,0,eligible
motiongen_0412,motiongen_sweep_00,412,7.4131853071795861,1,6.867,0,eligible
motiongen_0413,motiongen_sweep_00,413,7.4311853071795859,1,6.883,0,eligible
motiongen_0414,motiongen_sweep_00,414,7.4491853071795866,1,6.9000000000000004,0,eligible
motiongen_0415,motiongen_sweep_00,415,7.4671853071795864,1,6.9169999999999998,0,eligible
motiongen_0416,motiongen_sweep_00,416,7.4851853071795862,1,6.9329999999999998,0,eligible
motiongen_0417,motiongen_sweep_00,417,7.503185307179586,1,6.9500000000000002,0,eligible
motiongen_0418,motiongen_sweep_00,418,7.5211853071795858,1,6.9669999999999996,0,eligible
motiongen_0419,motiongen_sweep_00,419,7.5391853071795865,1,6.9829999999999997,0,eligible
motiongen_0420,motiongen_sweep_00,420,7.5571853071795863,1,7,0,eligible
motiongen_0421,motiongen_sweep_00,421,7.575185307179586,1,7.0170000000000003,0,eligible
motiongen_0422,motiongen_sweep_00,422,7.5931853071795867,1,7.0330000000000004,0,eligible
motiongen_0423,motiongen_sweep_00,423,7.6111853071795865,1,7.0499999999999998,0,eligible
motiongen_0424,motiongen_sweep_00,424,7.6291853071795863,1,7.0670000000000002,0,eligible
motiongen_0425,motiongen_sweep_00,425,7.6471853071795861,1,7.0830000000000002,0,eligible
motiongen_0426,motiongen_sweep_00,426,7.6651853071795859,1,7.0999999999999996,0,eligible
motiongen_0427,motiongen_sweep_00,427,7.6831853071795866,1,7.117,0,eligible
motiongen_0428,motiongen_sweep_00,428,7.7011853071795864,1,7.133,0,eligible
motiongen_0429,motiongen_sweep_00,429,7.7191853071795862,1,7.1500000000000004,0,eligible
motiongen_0430,motiongen_sweep_00,430,7.737185307179586,1,7.1669999999999998,0,eligible
motiongen_0431,motiongen_sweep_00,431,7.7551853071795858,1,7.1829999999999998,0,eligible
motiongen_0432,motiongen_sweep_00,432,7.7731853071795864,1,7.2000000000000002,0,eligible
motiongen_0433,motiongen_sweep_00,433,7.7911853071795862,1,7.2169999999999996,0,eligible
motiongen_0434,motiongen_sweep_00,434,7.809185307179586,1,7.2329999999999997,0,eligible
motiongen_0435,motiongen_sweep_00,435,7.8271853071795867,1,7.25,0,eligible
motiongen_0436,motiongen_sweep_00,436,7.8451853071795865,1,7.2670000000000003,0,eligible
motiongen_0437,motiongen_sweep_00,437,7.8631853071795863,1,7.2830000000000004,0,eligible
motiongen_0438,motiongen_sweep_00,438,7.8811853071795861,1,7.2999999999999998,0,eligible
motiongen_0439,motiongen_sweep_00,439,7.8991853071795859,1,7.3170000000000002,0,eligible
motiongen_0440,motiongen_sweep_00,440,7.9171853071795866,1,7.3330000000000002,0,eligible
motiongen_0441,motiongen_sweep_00,441,7.9351853071795864,1,7.3499999999999996,0,eligible
motiongen_0442,motiongen_sweep_00,442,7.9531853071795862,1,7.367,0,eligible
motiongen_0443,motiongen_sweep_00,443,7.971185307179586,1,7.383,0,eligible
motiongen_0444,motiongen_sweep_00,444,7.9891853071795857,1,7.4000000000000004,0,eligible
motiongen_0445,motiongen_sweep_00,445,8.0071853071795864,1,7.4169999999999998,0,eligible
motiongen_0446,motiongen_sweep_00,446,8.0251853071795871,1,7.4329999999999998,0,eligible
motiongen_0447,motiongen_sweep_00,447,8.043185307179586,1,7.4500000000000002,0,eligible
motiongen_0448,motiongen_sweep_00,448,8.0611853071795867,1,7.4669999999999996,0,eligible
motiongen_0449,motiongen_sweep_00,449,8.0791853071795856,1,7.4829999999999997,0,eligible
motiongen_0450,motiongen_sweep_00,450,8.0971853071795863,1,7.5,0,eligible
motiongen_0451,motiongen_sweep_00,451,8.115185307179587,1,7.5170000000000003,0,eligible
motiongen_0452,motiongen_sweep_00,452,8.1331853071795859,1,7.5330000000000004,0,eligible
motiongen_0453,motiongen_sweep_00,453,8.1511853071795866,1,7.5499999999999998,0,eligible
motiongen_0454,motiongen_sweep_00,454,8.1691853071795855,1,7.5670000000000002,0,eligible
motiongen_0455,motiongen_sweep_00,455,8.1871853071795861,1,7.5830000000000002,0,eligible
motiongen_0456,motiongen_sweep_00,456,8.2051853071795868,1,7.5999999999999996,0,eligible
motiongen_0457,motiongen_sweep_00,457,8.2231853071795857,1,7.617,0,eligible
motiongen_0458,motiongen_sweep_00,458,8.2411853071795864,1,7.633,0,eligible
motiongen_0459,motiongen_sweep_00,459,8.2591853071795853,1,7.6500000000000004,0,eligible
motiongen_0460,motiongen_sweep_00,460,8.277185307179586,1,7.6669999999999998,0,eligible
motiongen_0461,motiongen_sweep_00,461,8.2951853071795867,1,7.6829999999999998,0,eligible
motiongen_0462,motiongen_sweep_00,462,8.3131853071795856,1,7.7000000000000002,0,eligible
motiongen_0463,motiongen_sweep_00,463,8.3311853071795863,1,7.7169999999999996,0,eligible
motiongen_0464,motiongen_sweep_00,464,8.3491853071795852,1,7.7329999999999997,0,eligible
motiongen_0465,motiongen_sweep_00,465,8.3671853071795859,1,7.75,0,eligible
motiongen_0466,motiongen_sweep_00,466,8.3851853071795865,1,7.7670000000000003,0,eligible
motiongen_0467,motiongen_sweep_00,467,8.4031853071795872,1,7.7830000000000004,0,eligible
motiongen_0468,motiongen_sweep_00,468,8.4211853071795861,1,7.7999999999999998,0,eligible
motiongen_0469,motiongen_sweep_00,469,8.4391853071795868,1,7.8170000000000002,0,eligible
motiongen_0470,motiongen_sweep_00,470,8.4571853071795857,1,7.8330000000000002,0,eligible
motiongen_0471,motiongen_sweep_00,471,8.4751853071795864,1,7.8499999999999996,0,eligible
motiongen_0472,motiongen_sweep_00,472,8.4931853071795871,1,7.867,0,eligible
motiongen_0473,motiongen_sweep_00,473,8.511185307179586,1,7.883,0,eligible
motiongen_0474,motiongen_sweep_00,474,8.5291853071795867,1,7.9000000000000004,0,eligible
motiongen_0475,motiongen_sweep_00,475,8.5471853071795856,1,7.9169999999999998,0,eligible
motiongen_0476,motiongen_sweep_00,476,8.5651853071795863,1,7.9329999999999998,0,eligible
motiongen_0477,motiongen_sweep_00,477,8.5831853071795869,1,7.9500000000000002,0,eligible
motiongen_0478,motiongen_sweep_00,478,8.6011853071795858,1,7.9669999999999996,0,eligible
motiongen_0479,motiongen_sweep_00,479,8.6191853071795865,1,7.9829999999999997,0,eligible
motiongen_0480,motiongen_sweep_00,480,8.6371853071795854,1,8,0,eligible
motiongen_0481,motiongen_sweep_00,481,8.6551853071795861,1,8.0169999999999995,0,eligible
motiongen_0482,motiongen_sweep_00,482,8.6731853071795868,1,8.0329999999999995,0,eligible
motiongen_0483,motiongen_sweep_00,483,8.6911853071795857,1,8.0500000000000007,0,eligible
motiongen_0484,motiongen_sweep_00,484,8.7091853071795864,1,8.0670000000000002,0,eligible
motiongen_0485,motiongen_sweep_00,485,8.7271853071795853,1,8.0830000000000002,0,eligible
motiongen_0486,motiongen_sweep_00,486,8.745185307179586,1,8.0999999999999996,0,eligible
motiongen_0487,motiongen_sweep_00,487,8.7631853071795867,1,8.1170000000000009,0,eligible
motiongen_0488,motiongen_sweep_00,488,8.7811853071795873,1,8.1329999999999991,0,eligible
motiongen_0489,motiongen_sweep_00,489,8.7991853071795862,1,8.1500000000000004,0,eligible
motiongen_0490,motiongen_sweep_00,490,8.8171853071795852,1,8.1669999999999998,0,eligible
motiongen_0491,motiongen_sweep_00,491,8.8351853071795858,1,8.1829999999999998,0,eligible
motiongen_0492,motiongen_sweep_00,492,8.8531853071795865,1,8.1999999999999993,0,eligible
motiongen_0493,motiongen_sweep_00,493,8.8711853071795872,1,8.2170000000000005,0,eligible
motiongen_0494,motiongen_sweep_00,494,8.8891853071795861,1,8.2330000000000005,0,eligible
motiongen_0495,motiongen_sweep_00,495,8.9071853071795868,1,8.25,0,eligible
motiongen_0496,motiongen_sweep_00,496,8.9251853071795857,1,8.2669999999999995,0,eligible
motiongen_0497,motiongen_sweep_00,497,8.9431853071795864,1,8.2829999999999995,0,eligible
motiongen_0498,motiongen_sweep_00,498,8.9611853071795871,1,8.3000000000000007,0,eligible
motiongen_0499,motiongen_sweep_00,499,8.979185307179586,1,8.3170000000000002,0,eligible
motiongen_0500,motiongen_sweep_00,500,8.9971853071795866,1,8.3330000000000002,0,eligible
motiongen_0501,motiongen_sweep_00,501,9.0151853071795855,1,8.3499999999999996,0,eligible
motiongen_0502,motiongen_sweep_00,502,9.0331853071795862,1,8.3670000000000009,0,eligible
motiongen_0503,motiongen_sweep_00,503,9.0511853071795869,1,8.3829999999999991,0,eligible
motiongen_0504,motiongen_sweep_00,504,9.0691853071795858,1,8.4000000000000004,0,eligible
motiongen_0505,motiongen_sweep_00,505,9.0871853071795865,1,8.4169999999999998,0,eligible
motiongen_0506,motiongen_sweep_00,506,9.1051853071795854,1,8.4329999999999998,0,eligible
motiongen_0507,motiongen_sweep_00,507,9.1231853071795861,1,8.4499999999999993,0,eligible
motiongen_0508,motiongen_sweep_00,508,9.1411853071795868,1,8.4670000000000005,0,eligible
motiongen_0509,motiongen_sweep_00,509,9.1591853071795857,1,8.4830000000000005,0,eligible
motiongen_0510,motiongen_sweep_00,510,9.1771853071795864,1,8.5,0,eligible
motiongen_0511,motiongen_sweep_00,511,9.1951853071795853,1,8.5169999999999995,0,eligible
motiongen_0512,motiongen_sweep_00,512,9.2131853071795859,1,8.5329999999999995,0,eligible
motiongen_0513,motiongen_sweep_00,513,9.2311853071795866,1,8.5500000000000007,0,eligible
motiongen_0514,motiongen_sweep_00,514,9.2491853071795873,1,8.5670000000000002,0,eligible
motiongen_0515,motiongen_sweep_00,515,9.2671853071795862,1,8.5830000000000002,0,eligible
motiongen_0516,motiongen_sweep_00,516,9.2851853071795851,1,8.5999999999999996,0,eligible
motiongen_0517,motiongen_sweep_00,517,9.3031853071795858,1,8.6170000000000009,0,eligible
motiongen_0518,motiongen_sweep_00,518,9.3211853071795865,1,8.6329999999999991,0,eligible
motiongen_0519,motiongen_sweep_00,519,9.3391853071795872,1,8.6500000000000004,0,eligible
motiongen_0520,motiongen_sweep_00,520,9.3571853071795861,1,8.6669999999999998,0,eligible
motiongen_0521,motiongen_sweep_00,521,9.3751853071795868,1,8.6829999999999998,0,eligible
motiongen_0522,motiongen_sweep_00,522,9.3931853071795857,1,8.6999999999999993,0,eligible
motiongen_0523,motiongen_sweep_00,523,9.4111853071795863,1,8.7170000000000005,0,eligible
motiongen_0524,motiongen_sweep_00,524,9.429185307179587,1,8.7330000000000005,0,eligible
motiongen_0525,motiongen_sweep_00,525,9.4471853071795859,1,8.75,0,eligible
motiongen_0526,motiongen_sweep_00,526,9.4651853071795866,1,8.7669999999999995,0,eligible
motiongen_0527,motiongen_sweep_00,527,9.4831853071795855,1,8.7829999999999995,0,eligible
motiongen_0528,motiongen_sweep_00,528,9.5011853071795862,1,8.8000000000000007,0,eligible
motiongen_0529,motiongen_sweep_00,529,9.5191853071795869,1,8.8170000000000002,0,eligible
motiongen_0530,motiongen_sweep_00,530,9.5371853071795858,1,8.8330000000000002,0,eligible
motiongen_0531,motiongen_sweep_00,531,9.5551853071795865,1,8.8499999999999996,0,eligible
motiongen_0532,motiongen_sweep_00,532,9.5731853071795854,1,8.8670000000000009,0,eligible
motiongen_0533,motiongen_sweep_00,533,9.5911853071795861,1,8.8829999999999991,0,eligible
motiongen_0534,motiongen_sweep_00,534,9.6091853071795867,1,8.9000000000000004,0,eligible
motiongen_0535,motiongen_sweep_00,535,9.6271853071795856,1,8.9169999999999998,0,eligible
motiongen_0536,motiongen_sweep_00,536,9.6451853071795863,1,8.9329999999999998,0,eligible
motiongen_0537,motiongen_sweep_00,537,9.6631853071795852,1,8.9499999999999993,0,eligible
motiongen_0538,motiongen_sweep_00,538,9.6811853071795859,1,8.9670000000000005,0,eligible
motiongen_0539,motiongen_sweep_00,539,9.6991853071795866,1,8.9830000000000005,0,eligible
motiongen_0540,motiongen_sweep_00,540,9.7171853071795873,1,9,0,eligible
motiongen_0541,motiongen_sweep_00,541,9.7351853071795862,1,9.0169999999999995,0,eligible
motiongen_0542,motiongen_sweep_00,542,9.7531853071795869,1,9.0329999999999995,0,eligible
motiongen_0543,motiongen_sweep_00,543,9.7711853071795858,1,9.0500000000000007,0,eligible
motiongen_0544,motiongen_sweep_00,544,9.7891853071795865,1,9.0670000000000002,0,eligible
motiongen_0545,motiongen_sweep_00,545,9.8071853071795871,1,9.0830000000000002,0,eligible
motiongen_0546,motiongen_sweep_00,546,9.825185307179586,1,9.0999999999999996,0,eligible
motiongen_0547,motiongen_sweep_00,547,9.8431853071795867,1,9.1170000000000009,0,eligible
motiongen_0548,motiongen_sweep_00,548,9.8611853071795856,1,9.1329999999999991,0,eligible
motiongen_0549,motiongen_sweep_00,549,9.8791853071795863,1,9.1500000000000004,0,eligible
motiongen_0550,motiongen_sweep_00,550,9.897185307179587,1,9.1669999999999998,0,eligible
motiongen_0551,motiongen_sweep_00,551,9.9151853071795859,1,9.1829999999999998,0,eligible
motiongen_0552,motiongen_sweep_00,552,9.9331853071795866,1,9.1999999999999993,0,eligible
motiongen_0553,motiongen_sweep_00,553,9.9511853071795855,1,9.2170000000000005,0,eligible
motiongen_0554,motiongen_sweep_00,554,9.9691853071795862,1,9.2330000000000005,0,eligible
motiongen_0555,motiongen_sweep_00,555,9.9871853071795869,1,9.25,0,eligible
motiongen_0556,motiongen_sweep_00,556,10.005185307179586,1,9.2669999999999995,0,eligible
motiongen_0557,motiongen_sweep_00,557,10.023185307179586,1,9.2829999999999995,0,eligible
motiongen_0558,motiongen_sweep_00,558,10.041185307179585,1,9.3000000000000007,0,eligible
motiongen_0559,motiongen_sweep_00,559,10.059185307179586,1,9.3170000000000002,0,eligible
motiongen_0560,motiongen_sweep_00,560,10.077185307179587,1,9.3330000000000002,0,eligible
motiongen_0561,motiongen_sweep_00,561,10.095185307179586,1,9.3499999999999996,0,eligible
motiongen_0562,motiongen_sweep_00,562,10.113185307179586,1,9.3670000000000009,0,eligible
motiongen_0563,motiongen_sweep_00,563,10.131185307179585,1,9.3829999999999991,0,eligible
motiongen_0564,motiongen_sweep_00,564,10.149185307179586,1,9.4000000000000004,0,eligible
motiongen_0565,motiongen_sweep_00,565,10.167185307179587,1,9.4169999999999998,0,eligible
motiongen_0566,motiongen_sweep_00,566,10.185185307179587,1,9.4329999999999998,0,eligible
motiongen_0567,motiongen_sweep_00,567,10.203185307179586,1,9.4499999999999993,0,eligible
motiongen_0568,motiongen_sweep_00,568,10.221185307179587,1,9.4670000000000005,0,eligible
motiongen_0569,motiongen_sweep_00,569,10.239185307179586,1,9.4830000000000005,0,eligible
motiongen_0570,motiongen_sweep_00,570,10.257185307179586,1,9.5,0,eligible
motiongen_0571,motiongen_sweep_00,571,10.275185307179587,1,9.5169999999999995,0,eligible
motiongen_0572,motiongen_sweep_00,572,10.293185307179586,1,9.5329999999999995,0,eligible
motiongen_0573,motiongen_sweep_00,573,10.311185307179585,1,9.5500000000000007,0,eligible
motiongen_0574,motiongen_sweep_00,574,10.329185307179586,1,9.5670000000000002,0,eligible
motiongen_0575,motiongen_sweep_00,575,10.347185307179586,1,9.5830000000000002,0,eligible
motiongen_0576,motiongen_sweep_00,576,10.365185307179587,1,9.5999999999999996,0,eligible
motiongen_0577,motiongen_sweep_00,577,10.383185307179586,1,9.6170000000000009,0,eligible
motiongen_0578,motiongen_sweep_00,578,10.401185307179587,1,9.6329999999999991,0,eligible
motiongen_0579,motiongen_sweep_00,579,10.419185307179585,1,9.6500000000000004,0,eligible
motiongen_0580,motiongen_sweep_00,580,10.437185307179586,1,9.6669999999999998,0,eligible
motiongen_0581,motiongen_sweep_00,581,10.455185307179587,1,9.6829999999999998,0,eligible
motiongen_0582,motiongen_sweep_00,582,10.473185307179588,1,9.6999999999999993,0,eligible
motiongen_0583,motiongen_sweep_00,583,10.491185307179586,1,9.7170000000000005,0,eligible
motiongen_0584,motiongen_sweep_00,584,10.509185307179585,1,9.7330000000000005,0,eligible
motiongen_0585,motiongen_sweep_00,585,10.527185307179586,1,9.75,0,eligible
motiongen_0586,motiongen_sweep_00,586,10.545185307179587,1,9.7669999999999995,0,eligible
motiongen_0587,motiongen_sweep_00,587,10.562185307179586,1,9.7829999999999995,0,eligible
motiongen_0588,motiongen_sweep_00,588,10.580185307179587,1,9.8000000000000007,0,eligible
motiongen_0589,motiongen_sweep_00,589,10.598185307179588,1,9.8170000000000002,0,eligible
motiongen_0590,motiongen_sweep_00,590,10.616185307179586,1,9.8330000000000002,0,eligible
motiongen_0591,motiongen_sweep_00,591,10.634185307179585,1,9.8499999999999996,0,eligible
motiongen_0592,motiongen_sweep_00,592,10.652185307179586,1,9.8670000000000009,0,eligible
motiongen_0593,motiongen_sweep_00,593,10.670185307179587,1,9.8829999999999991,0,eligible
motiongen_0594,motiongen_sweep_00,594,10.688185307179587,1,9.9000000000000004,0,eligible
motiongen_0595,motiongen_sweep_00,595,10.706185307179586,1,9.9169999999999998,0,eligible
motiongen_0596,motiongen_sweep_00,596,10.724185307179585,1,9.9329999999999998,0,eligible
motiongen_0597,motiongen_sweep_00,597,10.742185307179586,1,9.9499999999999993,0,eligible
motiongen_0598,motiongen_sweep_00,598,10.760185307179587,1,9.9670000000000005,0,eligible
motiongen_0599,motiongen_sweep_00,599,10.778185307179587,1,9.9830000000000005,0,eligible
motiongen_0600,motiongen_sweep_00,600,10.796185307179586,1,10,0,eligible
motiongen_0601,motiongen_sweep_00,601,10.814185307179585,1,10.016999999999999,0,eligible
motiongen_0602,motiongen_sweep_00,602,10.832185307179586,1,10.032999999999999,0,eligible
motiongen_0603,motiongen_sweep_00,603,10.850185307179586,1,10.050000000000001,0,eligible
motiongen_0604,motiongen_sweep_00,604,10.868185307179587,1,10.067,0,eligible
motiongen_0605,motiongen_sweep_00,605,10.886185307179586,1,10.083,0,eligible
motiongen_0606,motiongen_sweep_00,606,10.904185307179587,1,10.1,0,eligible
motiongen_0607,motiongen_sweep_00,607,10.922185307179586,1,10.117000000000001,0,eligible
motiongen_0608,motiongen_sweep_00,608,10.940185307179586,1,10.132999999999999,0,eligible
motiongen_0609,motiongen_sweep_00,609,10.958185307179587,1,10.15,0,eligible
motiongen_0610,motiongen_sweep_00,610,10.976185307179586,1,10.167,0,eligible
motiongen_0611,motiongen_sweep_00,611,10.994185307179587,1,10.183,0,eligible
motiongen_0612,motiongen_sweep_00,612,11.012185307179585,1,10.199999999999999,0,eligible
motiongen_0613,motiongen_sweep_00,613,11.030185307179586,1,10.217000000000001,0,eligible
motiongen_0614,motiongen_sweep_00,614,11.048185307179587,1,10.233000000000001,0,eligible
motiongen_0615,motiongen_sweep_00,615,11.066185307179587,1,10.25,0,eligible
motiongen_0616,motiongen_sweep_00,616,11.084185307179586,1,10.266999999999999,0,eligible
motiongen_0617,motiongen_sweep_00,617,11.102185307179585,1,10.282999999999999,0,eligible
motiongen_0618,motiongen_sweep_00,618,11.120185307179586,1,10.300000000000001,0,eligible
motiongen_0619,motiongen_sweep_00,619,11.138185307179587,1,10.317,0,eligible
motiongen_0620,motiongen_sweep_00,620,11.156185307179587,1,10.333,0,eligible
motiongen_0621,motiongen_sweep_00,621,11.174185307179586,1,10.35,0,eligible
motiongen_0622,motiongen_sweep_00,622,11.192185307179585,1,10.367000000000001,0,eligible
motiongen_0623,motiongen_sweep_00,623,11.210185307179586,1,10.382999999999999,0,eligible
motiongen_0624,motiongen_sweep_00,624,11.228185307179587,1,10.4,0,eligible
motiongen_0625,motiongen_sweep_00,625,11.246185307179587,1,10.417,0,eligible
motiongen_0626,motiongen_sweep_00,626,11.264185307179586,1,10.433,0,eligible
motiongen_0627,motiongen_sweep_00,627,11.282185307179585,1,10.449999999999999,0,eligible
motiongen_0628,motiongen_sweep_00,628,11.300185307179586,1,10.467000000000001,0,eligible
motiongen_0629,motiongen_sweep_00,629,11.318185307179586,1,10.483000000000001,0,eligible
motiongen_0630,motiongen_sweep_00,630,11.336185307179587,1,10.5,0,eligible
motiongen_0631,motiongen_sweep_00,631,11.354185307179586,1,10.516999999999999,0,eligible
motiongen_0632,motiongen_sweep_00,632,11.372185307179587,1,10.532999999999999,0,eligible
motiongen_0633,motiongen_sweep_00,633,11.390185307179586,1,10.550000000000001,0,eligible
motiongen_0634,motiongen_sweep_00,634,11.408185307179586,1,10.567,0,eligible
motiongen_0635,motiongen_sweep_00,635,11.426185307179587,1,10.583,0,eligible
motiongen_0636,motiongen_sweep_00,636,11.444185307179586,1,10.6,0,eligible
motiongen_0637,motiongen_sweep_00,637,11.462185307179587,1,10.617000000000001,0,eligible
motiongen_0638,motiongen_sweep_00,638,11.480185307179585,1,10.632999999999999,0,eligible
motiongen_0639,motiongen_sweep_00,639,11.498185307179586,1,10.65,0,eligible
motiongen_0640,motiongen_sweep_00,640,11.516185307179587,1,10.667,0,eligible
motiongen_0641,motiongen_sweep_00,641,11.534185307179587,1,10.683,0,eligible
motiongen_0642,motiongen_sweep_00,642,11.552185307179586,1,10.699999999999999,0,eligible
motiongen_0643,motiongen_sweep_00,643,11.570185307179585,1,10.717000000000001,0,eligible
motiongen_0644,motiongen_sweep_00,644,11.588185307179586,1,10.733000000000001,0,eligible
motiongen_0645,motiongen_sweep_00,645,11.606185307179587,1,10.75,0,eligible
motiongen_0646,motiongen_sweep_00,646,11.624185307179587,1,10.766999999999999,0,eligible
motiongen_0647,motiongen_sweep_00,647,11.642185307179586,1,10.782999999999999,0,eligible
motiongen_0648,motiongen_sweep_00,648,11.660185307179585,1,10.800000000000001,0,eligible
motiongen_0649,motiongen_sweep_00,649,11.678185307179586,1,10.817,0,eligible
motiongen_0650,motiongen_sweep_00,650,11.696185307179586,1,10.833,0,eligible
motiongen_0651,motiongen_sweep_00,651,11.714185307179587,1,10.85,0,eligible
motiongen_0652,motiongen_sweep_00,652,11.732185307179586,1,10.867000000000001,0,eligible
motiongen_0653,motiongen_sweep_00,653,11.750185307179585,1,10.882999999999999,0,eligible
motiongen_0654,motiongen_sweep_00,654,11.768185307179586,1,10.9,0,eligible
motiongen_0655,motiongen_sweep_00,655,11.786185307179586,1,10.917,0,eligible
motiongen_0656,motiongen_sweep_00,656,11.804185307179587,1,10.933,0,eligible
motiongen_0657,motiongen_sweep_00,657,11.822185307179586,1,10.949999999999999,0,eligible
motiongen_0658,motiongen_sweep_00,658,11.840185307179587,1,10.967000000000001,0,eligible
motiongen_0659,motiongen_sweep_00,659,11.858185307179586,1,10.983000000000001,0,eligible
motiongen_0660,motiongen_sweep_00,660,11.876185307179586,1,11,0,eligible
motiongen_0661,motiongen_sweep_00,661,11.894185307179587,1,11.016999999999999,0,eligible
motiongen_0662,motiongen_sweep_00,662,11.912185307179586,1,11.032999999999999,0,eligible
motiongen_0663,motiongen_sweep_00,663,11.930185307179586,1,11.050000000000001,0,eligible
motiongen_0664,motiongen_sweep_00,664,11.948185307179585,1,11.067,0,eligible
motiongen_0665,motiongen_sweep_00,665,11.966185307179586,1,11.083,0,eligible
motiongen_0666,motiongen_sweep_00,666,11.984185307179587,1,11.1,0,eligible
motiongen_0667,motiongen_sweep_00,667,12.002185307179587,1,11.117000000000001,0,eligible
motiongen_0668,motiongen_sweep_00,668,12.020185307179586,1,11.132999999999999,0,eligible
motiongen_0669,motiongen_sweep_00,669,12.038185307179585,1,11.15,0,eligible
motiongen_0670,motiongen_sweep_00,670,12.056185307179586,1,11.167,0,eligible
motiongen_0671,motiongen_sweep_00,671,12.074185307179587,1,11.183,0,eligible
motiongen_0672,motiongen_sweep_00,672,12.092185307179587,1,11.199999999999999,0,eligible
motiongen_0673,motiongen_sweep_00,673,12.110185307179586,1,11.217000000000001,0,eligible
motiongen_0674,motiongen_sweep_00,674,12.128185307179585,1,11.233000000000001,0,eligible
motiongen_0675,motiongen_sweep_00,675,12.146185307179586,1,11.25,0,eligible
motiongen_0676,motiongen_sweep_00,676,12.164185307179586,1,11.266999999999999,0,eligible
motiongen_0677,motiongen_sweep_00,677,12.182185307179587,1,11.282999999999999,0,eligible
motiongen_0678,motiongen_sweep_00,678,12.200185307179586,1,11.300000000000001,0,eligible
motiongen_0679,motiongen_sweep_00,679,12.218185307179585,1,11.317,0,eligible
motiongen_0680,motiongen_sweep_00,680,12.236185307179586,1,11.333,0,eligible
motiongen_0681,motiongen_sweep_00,681,12.254185307179586,1,11.35,0,eligible
motiongen_0682,motiongen_sweep_00,682,12.272185307179587,1,11.367000000000001,0,eligible
motiongen_0683,motiongen_sweep_00,683,12.290185307179586,1,11.382999999999999,0,eligible
motiongen_0684,motiongen_sweep_00,684,12.308185307179587,1,11.4,0,eligible
motiongen_0685,motiongen_sweep_00,685,12.326185307179585,1,11.417,0,eligible
motiongen_0686,motiongen_sweep_00,686,12.344185307179586,1,11.433,0,eligible
motiongen_0687,motiongen_sweep_00,687,12.362185307179587,1,11.449999999999999,0,eligible
motiongen_0688,motiongen_sweep_00,688,12.380185307179588,1,11.467000000000001,0,eligible
motiongen_0689,motiongen_sweep_00,689,12.398185307179586,1,11.483000000000001,0,eligible
motiongen_0690,motiongen_sweep_00,690,12.416185307179585,1,11.5,0,eligible
motiongen_0691,motiongen_sweep_00,691,12.434185307179586,1,11.516999999999999,0,eligible
motiongen_0692,motiongen_sweep_00,692,12.452185307179587,1,11.532999999999999,0,eligible
motiongen_0693,motiongen_sweep_00,693,12.470185307179587,1,11.550000000000001,0,eligible
motiongen_0694,motiongen_sweep_00,694,12.488185307179586,1,11.567,0,eligible
motiongen_0695,motiongen_sweep_00,695,12.506185307179585,1,11.583,0,eligible
motiongen_0696,motiongen_sweep_00,696,12.524185307179586,1,11.6,0,eligible
motiongen_0697,motiongen_sweep_00,697,12.542185307179587,1,11.617000000000001,0,eligible
motiongen_0698,motiongen_sweep_00,698,12.560185307179587,1,11.632999999999999,0,eligible
motiongen_0699,motiongen_sweep_00,699,12.578370614359173,1,11.65,0,eligible
motiongen_0700,motiongen_sweep_00,700,12.596370614359174,1,11.667,0,eligible
motiongen_0701,motiongen_sweep_00,701,12.614370614359173,1,11.683,0,eligible
motiongen_0702,motiongen_sweep_00,702,12.632370614359171,1,11.699999999999999,0,eligible
motiongen_0703,motiongen_sweep_00,703,12.650370614359172,1,11.717000000000001,0,eligible
motiongen_0704,motiongen_sweep_00,704,12.668370614359173,1,11.733000000000001,0,eligible
motiongen_0705,motiongen_sweep_00,705,12.686370614359173,1,11.75,0,eligible
motiongen_0706,motiongen_sweep_00,706,12.704370614359172,1,11.766999999999999,0,eligible
motiongen_0707,motiongen_sweep_00,707,12.722370614359171,1,11.782999999999999,0,eligible
motiongen_0708,motiongen_sweep_00,708,12.740370614359172,1,11.800000000000001,0,eligible
motiongen_0709,motiongen_sweep_00,709,12.758370614359173,1,11.817,0,eligible
motiongen_0710,motiongen_sweep_00,710,12.776370614359173,1,11.833,0,eligible
motiongen_0711,motiongen_sweep_00,711,12.794370614359172,1,11.85,0,eligible
motiongen_0712,motiongen_sweep_00,712,12.812370614359173,1,11.867000000000001,0,eligible
motiongen_0713,motiongen_sweep_00,713,12.830370614359172,1,11.882999999999999,0,eligible
motiongen_0714,motiongen_sweep_00,714,12.848370614359172,1,11.9,0,eligible
motiongen_0715,motiongen_sweep_00,715,12.866370614359173,1,11.917,0,eligible
motiongen_0716,motiongen_sweep_00,716,12.884370614359172,1,11.933,0,eligible
motiongen_0717,motiongen_sweep_00,717,12.902370614359173,1,11.949999999999999,0,eligible
motiongen_0718,motiongen_sweep_00,718,12.920370614359172,1,11.967000000000001,0,eligible
motiongen_0719,motiongen_sweep_00,719,12.938370614359172,1,11.983000000000001,0,eligible
motiongen_0720,motiongen_sweep_00,720,12.956370614359173,1,12,0,eligible
motiongen_0721,motiongen_sweep_00,721,12.974370614359174,1,12.016999999999999,0,eligible
motiongen_0722,motiongen_sweep_00,722,12.992370614359173,1,12.032999999999999,0,eligible
motiongen_0723,motiongen_sweep_00,723,13.010370614359172,1,12.050000000000001,0,eligible
motiongen_0724,motiongen_sweep_00,724,13.028370614359172,1,12.067,0,eligible
motiongen_0725,motiongen_sweep_00,725,13.046370614359173,1,12.083,0,eligible
motiongen_0726,motiongen_sweep_00,726,13.064370614359174,1,12.1,0,eligible
motiongen_0727,motiongen_sweep_00,727,13.082370614359172,1,12.117000000000001,0,eligible
motiongen_0728,motiongen_sweep_00,728,13.100370614359171,1,12.132999999999999,0,eligible
motiongen_0729,motiongen_sweep_00,729,13.118370614359172,1,12.15,0,eligible
motiongen_0730,motiongen_sweep_00,730,13.136370614359173,1,12.167,0,eligible
motiongen_0731,motiongen_sweep_00,731,13.153370614359172,1,12.183,0,eligible
motiongen_0732,motiongen_sweep_00,732,13.171370614359173,1,12.199999999999999,0,eligible
motiongen_0733,motiongen_sweep_00,733,13.189370614359174,1,12.217000000000001,0,eligible
motiongen_0734,motiongen_sweep_00,734,13.207370614359172,1,12.233000000000001,0,eligible
motiongen_0735,motiongen_sweep_00,735,13.225370614359171,1,12.25,0,eligible
motiongen_0736,motiongen_sweep_00,736,13.243370614359172,1,12.266999999999999,0,eligible
motiongen_0737,motiongen_sweep_00,737,13.261370614359173,1,12.282999999999999,0,eligible
motiongen_0738,motiongen_sweep_00,738,13.279370614359173,1,12.300000000000001,0,eligible
motiongen_0739,motiongen_sweep_00,739,13.297370614359172,1,12.317,0,eligible
motiongen_0740,motiongen_sweep_00,740,13.315370614359171,1,12.333,0,eligible
motiongen_0741,motiongen_sweep_00,741,13.333370614359172,1,12.35,0,eligible
motiongen_0742,motiongen_sweep_00,742,13.351370614359173,1,12.367000000000001,0,eligible
motiongen_0743,motiongen_sweep_00,743,13.369370614359173,1,12.382999999999999,0,eligible
motiongen_0744,motiongen_sweep_00,744,13.387370614359172,1,12.4,0,eligible
motiongen_0745,motiongen_sweep_00,745,13.405370614359173,1,12.417,0,eligible
motiongen_0746,motiongen_sweep_00,746,13.423370614359172,1,12.433,0,eligible
motiongen_0747,motiongen_sweep_00,747,13.441370614359172,1,12.449999999999999,0,eligible
motiongen_0748,motiongen_sweep_00,748,13.459370614359173,1,12.467000000000001,0,eligible
motiongen_0749,motiongen_sweep_00,749,13.477370614359172,1,12.483000000000001,0,eligible
motiongen_0750,motiongen_sweep_00,750,13.495370614359173,1,12.5,0,eligible
motiongen_0751,motiongen_sweep_00,751,13.513370614359172,1,12.516999999999999,0,eligible
motiongen_0752,motiongen_sweep_00,752,13.531370614359172,1,12.532999999999999,0,eligible
motiongen_0753,motiongen_sweep_00,753,13.549370614359173,1,12.550000000000001,0,eligible
motiongen_0754,motiongen_sweep_00,754,13.567370614359172,1,12.567,0,eligible
motiongen_0755,motiongen_sweep_00,755,13.585370614359173,1,12.583,0,eligible
motiongen_0756,motiongen_sweep_00,756,13.603370614359171,1,12.6,0,eligible
motiongen_0757,motiongen_sweep_00,757,13.621370614359172,1,12.617000000000001,0,eligible
motiongen_0758,motiongen_sweep_00,758,13.639370614359173,1,12.632999999999999,0,eligible
motiongen_0759,motiongen_sweep_00,759,13.657370614359174,1,12.65,0,eligible
motiongen_0760,motiongen_sweep_00,760,13.675370614359172,1,12.667,0,eligible
motiongen_0761,motiongen_sweep_00,761,13.693370614359171,1,12.683,0,eligible
motiongen_0762,motiongen_sweep_00,762,13.711370614359172,1,12.699999999999999,0,eligible
motiongen_0763,motiongen_sweep_00,763,13.729370614359173,1,12.717000000000001,0,eligible
motiongen_0764,motiongen_sweep_00,764,13.747370614359173,1,12.733000000000001,0,eligible
motiongen_0765,motiongen_sweep_00,765,13.765370614359172,1,12.75,0,eligible
motiongen_0766,motiongen_sweep_00,766,13.783370614359173,1,12.766999999999999,0,eligible
motiongen_0767,motiongen_sweep_00,767,13.801370614359172,1,12.782999999999999,0,eligible
motiongen_0768,motiongen_sweep_00,768,13.819370614359173,1,12.800000000000001,0,eligible
motiongen_0769,motiongen_sweep_00,769,13.837370614359173,1,12.817,0,eligible
motiongen_0770,motiongen_sweep_00,770,13.855370614359172,1,12.833,0,eligible
motiongen_0771,motiongen_sweep_00,771,13.873370614359173,1,12.85,0,eligible
motiongen_0772,motiongen_sweep_00,772,13.891370614359172,1,12.867000000000001,0,eligible
motiongen_0773,motiongen_sweep_00,773,13.909370614359172,1,12.882999999999999,0,eligible
motiongen_0774,motiongen_sweep_00,774,13.927370614359173,1,12.9,0,eligible
motiongen_0775,motiongen_sweep_00,775,13.945370614359172,1,12.917,0,eligible
motiongen_0776,motiongen_sweep_00,776,13.963370614359173,1,12.933,0,eligible
motiongen_0777,motiongen_sweep_00,777,13.981370614359172,1,12.949999999999999,0,eligible
motiongen_0778,motiongen_sweep_00,778,13.999370614359172,1,12.967000000000001,0,eligible
motiongen_0779,motiongen_sweep_00,779,14.017370614359173,1,12.983000000000001,0,eligible
motiongen_0780,motiongen_sweep_00,780,14.035370614359174,1,13,0,eligible
motiongen_0781,motiongen_sweep_00,781,14.053370614359173,1,13.016999999999999,0,eligible
motiongen_0782,motiongen_sweep_00,782,14.071370614359171,1,13.032999999999999,0,eligible
motiongen_0783,motiongen_sweep_00,783,14.089370614359172,1,13.050000000000001,0,eligible
motiongen_0784,motiongen_sweep_00,784,14.107370614359173,1,13.067,0,eligible
motiongen_0785,motiongen_sweep_00,785,14.125370614359174,1,13.083,0,eligible
motiongen_0786,motiongen_sweep_00,786,14.143370614359172,1,13.1,0,eligible
motiongen_0787,motiongen_sweep_00,787,14.161370614359171,1,13.117000000000001,0,eligible
motiongen_0788,motiongen_sweep_00,788,14.179370614359172,1,13.132999999999999,0,eligible
motiongen_0789,motiongen_sweep_00,789,14.197370614359173,1,13.15,0,eligible
motiongen_0790,motiongen_sweep_00,790,14.215370614359173,1,13.167,0,eligible
motiongen_0791,motiongen_sweep_00,791,14.233370614359172,1,13.183,0,eligible
motiongen_0792,motiongen_sweep_00,792,14.251370614359173,1,13.199999999999999,0,eligible
motiongen_0793,motiongen_sweep_00,793,14.269370614359172,1,13.217000000000001,0,eligible
motiongen_0794,motiongen_sweep_00,794,14.287370614359173,1,13.233000000000001,0,eligible
motiongen_0795,motiongen_sweep_00,795,14.305370614359173,1,13.25,0,eligible
motiongen_0796,motiongen_sweep_00,796,14.323370614359172,1,13.266999999999999,0,eligible
motiongen_0797,motiongen_sweep_00,797,14.341370614359173,1,13.282999999999999,0,eligible
motiongen_0798,motiongen_sweep_00,798,14.359370614359172,1,13.300000000000001,0,eligible
motiongen_0799,motiongen_sweep_00,799,14.377370614359172,1,13.317,0,eligible
motiongen_0800,motiongen_sweep_00,800,14.395370614359173,1,13.333,0,eligible
motiongen_0801,motiongen_sweep_00,801,14.413370614359172,1,13.35,0,eligible
motiongen_0802,motiongen_sweep_00,802,14.431370614359173,1,13.367000000000001,0,eligible
motiongen_0803,motiongen_sweep_00,803,14.449370614359172,1,13.382999999999999,0,eligible
motiongen_0804,motiongen_sweep_00,804,14.467370614359172,1,13.4,0,eligible
motiongen_0805,motiongen_sweep_00,805,14.485370614359173,1,13.417,0,eligible
motiongen_0806,motiongen_sweep_00,806,14.503370614359172,1,13.433,0,eligible
motiongen_0807,motiongen_sweep_00,807,14.521370614359173,1,13.449999999999999,0,eligible
motiongen_0808,motiongen_sweep_00,808,14.539370614359173,1,13.467000000000001,0,eligible
motiongen_0809,motiongen_sweep_00,809,14.557370614359172,1,13.483000000000001,0,eligible
motiongen_0810,motiongen_sweep_00,810,14.575370614359173,1,13.5,0,eligible
motiongen_0811,motiongen_sweep_00,811,14.593370614359173,1,13.516999999999999,0,eligible
motiongen_0812,motiongen_sweep_00,812,14.611370614359172,1,13.532999999999999,0,eligible
motiongen_0813,motiongen_sweep_00,813,14.629370614359173,1,13.550000000000001,0,eligible
motiongen_0814,motiongen_sweep_00,814,14.647370614359172,1,13.567,0,eligible
motiongen_0815,motiongen_sweep_00,815,14.665370614359173,1,13.583,0,eligible
motiongen_0816,motiongen_sweep_00,816,14.683370614359173,1,13.6,0,eligible
motiongen_0817,motiongen_sweep_00,817,14.701370614359172,1,13.617000000000001,0,eligible
motiongen_0818,motiongen_sweep_00,818,14.719370614359173,1,13.632999999999999,0,eligible
motiongen_0819,motiongen_sweep_00,819,14.737370614359172,1,13.65,0,eligible
motiongen_0820,motiongen_sweep_00,820,14.755370614359173,1,13.667,0,eligible
motiongen_0821,motiongen_sweep_00,821,14.773370614359173,1,13.683,0,eligible
motiongen_0822,motiongen_sweep_00,822,14.791370614359172,1,13.699999999999999,0,eligible
motiongen_0823,motiongen_sweep_00,823,14.809370614359173,1,13.717000000000001,0,eligible
motiongen_0824,motiongen_sweep_00,824,14.827370614359172,1,13.733000000000001,0,eligible
motiongen_0825,motiongen_sweep_00,825,14.845370614359172,1,13.75,0,eligible
motiongen_0826,motiongen_sweep_00,826,14.863370614359173,1,13.766999999999999,0,eligible
motiongen_0827,motiongen_sweep_00,827,14.881370614359172,1,13.782999999999999,0,eligible
motiongen_0828,motiongen_sweep_00,828,14.899370614359173,1,13.800000000000001,0,eligible
motiongen_0829,motiongen_sweep_00,829,14.917370614359172,1,13.817,0,eligible
motiongen_0830,motiongen_sweep_00,830,14.935370614359172,1,13.833,0,eligible
motiongen_0831,motiongen_sweep_00,831,14.953370614359173,1,13.85,0,eligible
motiongen_0832,motiongen_sweep_00,832,14.971370614359172,1,13.867000000000001,0,eligible
motiongen_0833,motiongen_sweep_00,833,14.989370614359173,1,13.882999999999999,0,eligible
motiongen_0834,motiongen_sweep_00,834,15.007370614359171,1,13.9,0,eligible
motiongen_0835,motiongen_sweep_00,835,15.025370614359172,1,13.917,0,eligible
motiongen_0836,motiongen_sweep_00,836,15.043370614359173,1,13.933,0,eligible
motiongen_0837,motiongen_sweep_00,837,15.061370614359173,1,13.949999999999999,0,eligible
motiongen_0838,motiongen_sweep_00,838,15.079370614359172,1,13.967000000000001,0,eligible
motiongen_0839,motiongen_sweep_00,839,15.097370614359173,1,13.983000000000001,0,eligible
motiongen_0840,motiongen_sweep_00,840,15.115370614359172,1,14,0,eligible
motiongen_0841,motiongen_sweep_00,841,15.133370614359173,1,14.016999999999999,0,eligible
motiongen_0842,motiongen_sweep_00,842,15.151370614359173,1,14.032999999999999,0,eligible
motiongen_0843,motiongen_sweep_00,843,15.169370614359172,1,14.050000000000001,0,eligible
motiongen_0844,motiongen_sweep_00,844,15.187370614359173,1,14.067,0,eligible
motiongen_0845,motiongen_sweep_00,845,15.205370614359172,1,14.083,0,eligible
motiongen_0846,motiongen_sweep_00,846,15.223370614359172,1,14.1,0,eligible
motiongen_0847,motiongen_sweep_00,847,15.241370614359173,1,14.117000000000001,0,eligible
motiongen_0848,motiongen_sweep_00,848,15.259370614359172,1,14.132999999999999,0,eligible
motiongen_0849,motiongen_sweep_00,849,15.277370614359173,1,14.15,0,eligible
motiongen_0850,motiongen_sweep_00,850,15.295370614359172,1,14.167,0,eligible
motiongen_0851,motiongen_sweep_00,851,15.313370614359172,1,14.183,0,eligible
motiongen_0852,motiongen_sweep_00,852,15.331370614359173,1,14.199999999999999,0,eligible
motiongen_0853,motiongen_sweep_00,853,15.349370614359172,1,14.217000000000001,0,eligible
motiongen_0854,motiongen_sweep_00,854,15.367370614359173,1,14.233000000000001,0,eligible
motiongen_0855,motiongen_sweep_00,855,15.385370614359172,1,14.25,0,eligible
motiongen_0856,motiongen_sweep_00,856,15.403370614359172,1,14.266999999999999,0,eligible
motiongen_0857,motiongen_sweep_00,857,15.421370614359173,1,14.282999999999999,0,eligible
motiongen_0858,motiongen_sweep_00,858,15.439370614359174,1,14.300000000000001,0,eligible
motiongen_0859,motiongen_sweep_00,859,15.457370614359172,1,14.317,0,eligible
motiongen_0860,motiongen_sweep_00,860,15.475370614359171,1,14.333,0,eligible
motiongen_0861,motiongen_sweep_00,861,15.493370614359172,1,14.35,0,eligible
motiongen_0862,motiongen_sweep_00,862,15.511370614359173,1,14.367000000000001,0,eligible
motiongen_0863,motiongen_sweep_00,863,15.529370614359173,1,14.382999999999999,0,eligible
motiongen_0864,motiongen_sweep_00,864,15.547370614359172,1,14.4,0,eligible
motiongen_0865,motiongen_sweep_00,865,15.565370614359173,1,14.417,0,eligible
motiongen_0866,motiongen_sweep_00,866,15.583370614359172,1,14.433,0,eligible
motiongen_0867,motiongen_sweep_00,867,15.601370614359173,1,14.449999999999999,0,eligible
motiongen_0868,motiongen_sweep_00,868,15.619370614359173,1,14.467000000000001,0,eligible
motiongen_0869,motiongen_sweep_00,869,15.637370614359172,1,14.483000000000001,0,eligible
motiongen_0870,motiongen_sweep_00,870,15.655370614359173,1,14.5,0,eligible
motiongen_0871,motiongen_sweep_00,871,15.673370614359172,1,14.516999999999999,0,eligible
motiongen_0872,motiongen_sweep_00,872,15.691370614359172,1,14.532999999999999,0,eligible
motiongen_0873,motiongen_sweep_00,873,15.709370614359173,1,14.550000000000001,0,eligible
motiongen_0874,motiongen_sweep_00,874,15.727370614359172,1,14.567,0,eligible
motiongen_0875,motiongen_sweep_00,875,15.745370614359173,1,14.583,0,eligible
motiongen_0876,motiongen_sweep_00,876,15.763370614359172,1,14.6,0,eligible
motiongen_0877,motiongen_sweep_00,877,15.781370614359172,1,14.617000000000001,0,eligible
motiongen_0878,motiongen_sweep_00,878,15.799370614359173,1,14.632999999999999,0,eligible
motiongen_0879,motiongen_sweep_00,879,15.817370614359172,1,14.65,0,eligible
motiongen_0880,motiongen_sweep_00,880,15.835370614359173,1,14.667,0,eligible
motiongen_0881,motiongen_sweep_00,881,15.853370614359171,1,14.683,0,eligible
motiongen_0882,motiongen_sweep_00,882,15.871370614359172,1,14.699999999999999,0,eligible
motiongen_0883,motiongen_sweep_00,883,15.889370614359173,1,14.717000000000001,0,eligible
motiongen_0884,motiongen_sweep_00,884,15.907370614359174,1,14.733000000000001,0,eligible
motiongen_0885,motiongen_sweep_00,885,15.925370614359172,1,14.75,0,eligible
motiongen_0886,motiongen_sweep_00,886,15.943370614359171,1,14.766999999999999,0,eligible
motiongen_0887,motiongen_sweep_00,887,15.961370614359172,1,14.782999999999999,0,eligible
motiongen_0888,motiongen_sweep_00,888,15.979370614359173,1,14.800000000000001,0,eligible
motiongen_0889,motiongen_sweep_00,889,15.997370614359173,1,14.817,0,eligible
motiongen_0890,motiongen_sweep_00,890,16.015370614359171,1,14.833,0,eligible
motiongen_0891,motiongen_sweep_00,891,16.033370614359171,1,14.85,0,eligible
motiongen_0892,motiongen_sweep_00,892,16.051370614359172,1,14.867000000000001,0,eligible
motiongen_0893,motiongen_sweep_00,893,16.069370614359173,1,14.882999999999999,0,eligible
motiongen_0894,motiongen_sweep_00,894,16.087370614359173,1,14.9,0,eligible
motiongen_0895,motiongen_sweep_00,895,16.105370614359174,1,14.917,0,eligible
motiongen_0896,motiongen_sweep_00,896,16.123370614359175,1,14.933,0,eligible
motiongen_0897,motiongen_sweep_00,897,16.141370614359172,1,14.949999999999999,0,eligible
motiongen_0898,motiongen_sweep_00,898,16.159370614359172,1,14.967000000000001,0,eligible
motiongen_0899,motiongen_sweep_00,899,16.177370614359173,1,14.983000000000001,0,eligible
motiongen_0900,motiongen_sweep_00,900,16.19537061435917,1,15,0,eligible
motiongen_0901,motiongen_sweep_00,901,16.213370614359171,1,15.016999999999999,0,eligible
motiongen_0902,motiongen_sweep_00,902,16.231370614359172,1,15.032999999999999,0,eligible
motiongen_0903,motiongen_sweep_00,903,16.249370614359172,1,15.050000000000001,0,eligible
motiongen_0904,motiongen_sweep_00,904,16.267370614359173,1,15.067,0,eligible
motiongen_0905,motiongen_sweep_00,905,16.285370614359174,1,15.083,0,eligible
motiongen_0906,motiongen_sweep_00,906,16.303370614359174,1,15.1,0,eligible
motiongen_0907,motiongen_sweep_00,907,16.321370614359171,1,15.117000000000001,0,eligible
motiongen_0908,motiongen_sweep_00,908,16.338370614359171,1,15.132999999999999,0,eligible
motiongen_0909,motiongen_sweep_00,909,16.356370614359172,1,15.15,0,eligible
motiongen_0910,motiongen_sweep_00,910,16.374370614359172,1,15.167,0,eligible
motiongen_0911,motiongen_sweep_00,911,16.392370614359173,1,15.183,0,eligible
motiongen_0912,motiongen_sweep_00,912,16.410370614359174,1,15.199999999999999,0,eligible
motiongen_0913,motiongen_sweep_00,913,16.428370614359174,1,15.217000000000001,0,eligible
motiongen_0914,motiongen_sweep_00,914,16.446370614359171,1,15.233000000000001,0,eligible
motiongen_0915,motiongen_sweep_00,915,16.464370614359172,1,15.25,0,eligible
motiongen_0916,motiongen_sweep_00,916,16.482370614359173,1,15.266999999999999,0,eligible
motiongen_0917,motiongen_sweep_00,917,16.500370614359174,1,15.282999999999999,0,eligible
motiongen_0918,motiongen_sweep_00,918,16.518370614359171,1,15.300000000000001,0,eligible
motiongen_0919,motiongen_sweep_00,919,16.536370614359171,1,15.317,0,eligible
motiongen_0920,motiongen_sweep_00,920,16.554370614359172,1,15.333,0,eligible
motiongen_0921,motiongen_sweep_00,921,16.572370614359173,1,15.35,0,eligible
motiongen_0922,motiongen_sweep_00,922,16.590370614359173,1,15.367000000000001,0,eligible
motiongen_0923,motiongen_sweep_00,923,16.608370614359174,1,15.382999999999999,0,eligible
motiongen_0924,motiongen_sweep_00,924,16.626370614359171,1,15.4,0,eligible
motiongen_0925,motiongen_sweep_00,925,16.644370614359172,1,15.417,0,eligible
motiongen_0926,motiongen_sweep_00,926,16.662370614359173,1,15.433,0,eligible
motiongen_0927,motiongen_sweep_00,927,16.680370614359173,1,15.449999999999999,0,eligible
motiongen_0928,motiongen_sweep_00,928,16.69837061435917,1,15.467000000000001,0,eligible
motiongen_0929,motiongen_sweep_00,929,16.716370614359171,1,15.483000000000001,0,eligible
motiongen_0930,motiongen_sweep_00,930,16.734370614359172,1,15.5,0,eligible
motiongen_0931,motiongen_sweep_00,931,16.752370614359172,1,15.516999999999999,0,eligible
motiongen_0932,motiongen_sweep_00,932,16.770370614359173,1,15.532999999999999,0,eligible
motiongen_0933,motiongen_sweep_00,933,16.788370614359174,1,15.550000000000001,0,eligible
motiongen_0934,motiongen_sweep_00,934,16.806370614359174,1,15.567,0,eligible
motiongen_0935,motiongen_sweep_00,935,16.824370614359172,1,15.583,0,eligible
motiongen_0936,motiongen_sweep_00,936,16.842370614359172,1,15.6,0,eligible
motiongen_0937,motiongen_sweep_00,937,16.860370614359173,1,15.617000000000001,0,eligible
motiongen_0938,motiongen_sweep_00,938,16.878370614359174,1,15.632999999999999,0,eligible
motiongen_0939,motiongen_sweep_00,939,16.896370614359171,1,15.65,0,eligible
motiongen_0940,motiongen_sweep_00,940,16.914370614359171,1,15.667,0,eligible
motiongen_0941,motiongen_sweep_00,941,16.932370614359172,1,15.683,0,eligible
motiongen_0942,motiongen_sweep_00,942,16.950370614359173,1,15.699999999999999,0,eligible
motiongen_0943,motiongen_sweep_00,943,16.968370614359173,1,15.717000000000001,0,eligible
motiongen_0944,motiongen_sweep_00,944,16.986370614359174,1,15.733000000000001,0,eligible
motiongen_0945,motiongen_sweep_00,945,17.004370614359171,1,15.75,0,eligible
motiongen_0946,motiongen_sweep_00,946,17.022370614359172,1,15.766999999999999,0,eligible
motiongen_0947,motiongen_sweep_00,947,17.040370614359173,1,15.782999999999999,0,eligible
motiongen_0948,motiongen_sweep_00,948,17.058370614359173,1,15.800000000000001,0,eligible
motiongen_0949,motiongen_sweep_00,949,17.07637061435917,1,15.817,0,eligible
motiongen_0950,motiongen_sweep_00,950,17.094370614359171,1,15.833,0,eligible
motiongen_0951,motiongen_sweep_00,951,17.112370614359172,1,15.85,0,eligible
motiongen_0952,motiongen_sweep_00,952,17.130370614359173,1,15.867000000000001,0,eligible
motiongen_0953,motiongen_sweep_00,953,17.148370614359173,1,15.882999999999999,0,eligible
motiongen_0954,motiongen_sweep_00,954,17.166370614359174,1,15.9,0,eligible
motiongen_0955,motiongen_sweep_00,955,17.184370614359175,1,15.917,0,eligible
motiongen_0956,motiongen_sweep_00,956,17.202370614359172,1,15.933,0,eligible
motiongen_0957,motiongen_sweep_00,957,17.220370614359172,1,15.949999999999999,0,eligible
motiongen_0958,motiongen_sweep_00,958,17.238370614359173,1,15.967000000000001,0,eligible
motiongen_0959,motiongen_sweep_00,959,17.256370614359174,1,15.983000000000001,0,eligible
motiongen_0960,motiongen_sweep_00,960,17.274370614359171,1,16,0,eligible
motiongen_0961,motiongen_sweep_00,961,17.292370614359172,1,16.016999999999999,0,eligible
motiongen_0962,motiongen_sweep_00,962,17.310370614359172,1,16.033000000000001,0,eligible
motiongen_0963,motiongen_sweep_00,963,17.328370614359173,1,16.050000000000001,0,eligible
motiongen_0964,motiongen_sweep_00,964,17.346370614359174,1,16.067,0,eligible
motiongen_0965,motiongen_sweep_00,965,17.364370614359174,1,16.082999999999998,0,eligible
motiongen_0966,motiongen_sweep_00,966,17.382370614359171,1,16.100000000000001,0,eligible
motiongen_0967,motiongen_sweep_00,967,17.400370614359172,1,16.117000000000001,0,eligible
motiongen_0968,motiongen_sweep_00,968,17.418370614359173,1,16.132999999999999,0,eligible
motiongen_0969,motiongen_sweep_00,969,17.436370614359173,1,16.149999999999999,0,eligible
motiongen_0970,motiongen_sweep_00,970,17.454370614359171,1,16.167000000000002,0,eligible
motiongen_0971,motiongen_sweep_00,971,17.472370614359171,1,16.183,0,eligible
motiongen_0972,motiongen_sweep_00,972,17.490370614359172,1,16.199999999999999,0,eligible
motiongen_0973,motiongen_sweep_00,973,17.508370614359173,1,16.216999999999999,0,eligible
motiongen_0974,motiongen_sweep_00,974,17.526370614359173,1,16.233000000000001,0,eligible
motiongen_0975,motiongen_sweep_00,975,17.544370614359174,1,16.25,0,eligible
motiongen_0976,motiongen_sweep_00,976,17.562370614359175,1,16.266999999999999,0,eligible
motiongen_0977,motiongen_sweep_00,977,17.580370614359172,1,16.283000000000001,0,eligible
motiongen_0978,motiongen_sweep_00,978,17.598370614359172,1,16.300000000000001,0,eligible
motiongen_0979,motiongen_sweep_00,979,17.616370614359173,1,16.317,0,eligible
motiongen_0980,motiongen_sweep_00,980,17.63437061435917,1,16.332999999999998,0,eligible
motiongen_0981,motiongen_sweep_00,981,17.652370614359171,1,16.350000000000001,0,eligible
motiongen_0982,motiongen_sweep_00,982,17.670370614359172,1,16.367000000000001,0,eligible
motiongen_0983,motiongen_sweep_00,983,17.688370614359172,1,16.382999999999999,0,eligible
motiongen_0984,motiongen_sweep_00,984,17.706370614359173,1,16.399999999999999,0,eligible
motiongen_0985,motiongen_sweep_00,985,17.724370614359174,1,16.417000000000002,0,eligible
motiongen_0986,motiongen_sweep_00,986,17.742370614359174,1,16.433,0,eligible
motiongen_0987,motiongen_sweep_00,987,17.760370614359172,1,16.449999999999999,0,eligible
motiongen_0988,motiongen_sweep_00,988,17.778370614359172,1,16.466999999999999,0,eligible
motiongen_0989,motiongen_sweep_00,989,17.796370614359173,1,16.483000000000001,0,eligible
motiongen_0990,motiongen_sweep_00,990,17.814370614359174,1,16.5,0,eligible
motiongen_0991,motiongen_sweep_00,991,17.832370614359171,1,16.516999999999999,0,eligible
motiongen_0992,motiongen_sweep_00,992,17.850370614359171,1,16.533000000000001,0,eligible
motiongen_0993,motiongen_sweep_00,993,17.868370614359172,1,16.550000000000001,0,eligible
motiongen_0994,motiongen_sweep_00,994,17.886370614359173,1,16.567,0,eligible
motiongen_0995,motiongen_sweep_00,995,17.904370614359173,1,16.582999999999998,0,eligible
motiongen_0996,motiongen_sweep_00,996,17.922370614359174,1,16.600000000000001,0,eligible
motiongen_0997,motiongen_sweep_00,997,17.940370614359171,1,16.617000000000001,0,eligible
motiongen_0998,motiongen_sweep_00,998,17.958370614359172,1,16.632999999999999,0,eligible
motiongen_0999,motiongen_sweep_00,999,17.976370614359173,1,16.649999999999999,0,eligible
motiongen_1000,motiongen_sweep_00,1000,17.994370614359173,1,16.667000000000002,0,eligible
motiongen_1001,motiongen_sweep_00,1001,18.01237061435917,1,16.683,0,eligible
motiongen_1002,motiongen_sweep_00,1002,18.030370614359171,1,16.699999999999999,0,eligible
motiongen_1003,motiongen_sweep_00,1003,18.048370614359172,1,16.716999999999999,0,eligible
motiongen_1004,motiongen_sweep_00,1004,18.066370614359172,1,16.733000000000001,0,eligible
motiongen_1005,motiongen_sweep_00,1005,18.084370614359173,1,16.75,0,eligible
motiongen_1006,motiongen_sweep_00,1006,18.102370614359174,1,16.766999999999999,0,eligible
motiongen_1007,motiongen_sweep_00,1007,18.120370614359175,1,16.783000000000001,0,eligible
motiongen_1008,motiongen_sweep_00,1008,18.138370614359172,1,16.800000000000001,0,eligible
motiongen_1009,motiongen_sweep_00,1009,18.156370614359172,1,16.817,0,eligible
motiongen_1010,motiongen_sweep_00,1010,18.174370614359173,1,16.832999999999998,0,eligible
motiongen_1011,motiongen_sweep_00,1011,18.192370614359174,1,16.850000000000001,0,eligible
motiongen_1012,motiongen_sweep_00,1012,18.210370614359171,1,16.867000000000001,0,eligible
motiongen_1013,motiongen_sweep_00,1013,18.228370614359171,1,16.882999999999999,0,eligible
motiongen_1014,motiongen_sweep_00,1014,18.246370614359172,1,16.899999999999999,0,eligible
motiongen_1015,motiongen_sweep_00,1015,18.264370614359173,1,16.917000000000002,0,eligible
motiongen_1016,motiongen_sweep_00,1016,18.282370614359174,1,16.933,0,eligible
motiongen_1017,motiongen_sweep_00,1017,18.300370614359174,1,16.949999999999999,0,eligible
motiongen_1018,motiongen_sweep_00,1018,18.318370614359171,1,16.966999999999999,0,eligible
motiongen_1019,motiongen_sweep_00,1019,18.336370614359172,1,16.983000000000001,0,eligible
motiongen_1020,motiongen_sweep_00,1020,18.354370614359173,1,17,0,eligible
motiongen_1021,motiongen_sweep_00,1021,18.372370614359173,1,17.016999999999999,0,eligible
motiongen_1022,motiongen_sweep_00,1022,18.390370614359171,1,17.033000000000001,0,eligible
motiongen_1023,motiongen_sweep_00,1023,18.408370614359171,1,17.050000000000001,0,eligible
motiongen_1024,motiongen_sweep_00,1024,18.426370614359172,1,17.067,0,eligible
motiongen_1025,motiongen_sweep_00,1025,18.444370614359173,1,17.082999999999998,0,eligible
motiongen_1026,motiongen_sweep_00,1026,18.462370614359173,1,17.100000000000001,0,eligible
motiongen_1027,motiongen_sweep_00,1027,18.480370614359174,1,17.117000000000001,0,eligible
motiongen_1028,motiongen_sweep_00,1028,18.498370614359175,1,17.132999999999999,0,eligible
motiongen_1029,motiongen_sweep_00,1029,18.516370614359172,1,17.149999999999999,0,eligible
motiongen_1030,motiongen_sweep_00,1030,18.534370614359172,1,17.167000000000002,0,eligible
motiongen_1031,motiongen_sweep_00,1031,18.552370614359173,1,17.183,0,eligible
motiongen_1032,motiongen_sweep_00,1032,18.57037061435917,1,17.199999999999999,0,eligible
motiongen_1033,motiongen_sweep_00,1033,18.588370614359171,1,17.216999999999999,0,eligible
motiongen_1034,motiongen_sweep_00,1034,18.606370614359172,1,17.233000000000001,0,eligible
motiongen_1035,motiongen_sweep_00,1035,18.624370614359172,1,17.25,0,eligible
motiongen_1036,motiongen_sweep_00,1036,18.642370614359173,1,17.266999999999999,0,eligible
motiongen_1037,motiongen_sweep_00,1037,18.660370614359174,1,17.283000000000001,0,eligible
motiongen_1038,motiongen_sweep_00,1038,18.678370614359174,1,17.300000000000001,0,eligible
motiongen_1039,motiongen_sweep_00,1039,18.696370614359171,1,17.317,0,eligible
motiongen_1040,motiongen_sweep_00,1040,18.714370614359172,1,17.332999999999998,0,eligible
motiongen_1041,motiongen_sweep_00,1041,18.732370614359173,1,17.350000000000001,0,eligible
motiongen_1042,motiongen_sweep_00,1042,18.750370614359174,1,17.367000000000001,0,eligible
motiongen_1043,motiongen_sweep_00,1043,18.768370614359171,1,17.382999999999999,0,eligible
motiongen_1044,motiongen_sweep_00,1044,18.786370614359171,1,17.399999999999999,0,eligible
motiongen_1045,motiongen_sweep_00,1045,18.804370614359172,1,17.417000000000002,0,eligible
motiongen_1046,motiongen_sweep_00,1046,18.822370614359173,1,17.433,0,eligible
motiongen_1047,motiongen_sweep_00,1047,18.840370614359173,1,17.449999999999999,0,eligible
motiongen_1048,motiongen_sweep_00,1048,18.858555921538759,1,17.466999999999999,0,eligible
motiongen_1049,motiongen_sweep_00,1049,18.87655592153876,1,17.483000000000001,0,eligible
motiongen_1050,motiongen_sweep_00,1050,18.89455592153876,1,17.5,0,eligible
motiongen_1051,motiongen_sweep_00,1051,18.912555921538758,1,17.516999999999999,0,eligible
motiongen_1052,motiongen_sweep_00,1052,18.929555921538757,1,17.533000000000001,0,eligible
motiongen_1053,motiongen_sweep_00,1053,18.947555921538758,1,17.550000000000001,0,eligible
motiongen_1054,motiongen_sweep_00,1054,18.965555921538758,1,17.567,0,eligible
motiongen_1055,motiongen_sweep_00,1055,18.983555921538759,1,17.582999999999998,0,eligible
motiongen_1056,motiongen_sweep_00,1056,19.00155592153876,1,17.600000000000001,0,eligible
motiongen_1057,motiongen_sweep_00,1057,19.01955592153876,1,17.617000000000001,0,eligible
motiongen_1058,motiongen_sweep_00,1058,19.037555921538758,1,17.632999999999999,0,eligible
motiongen_1059,motiongen_sweep_00,1059,19.055555921538758,1,17.649999999999999,0,eligible
motiongen_1060,motiongen_sweep_00,1060,19.073555921538759,1,17.667000000000002,0,eligible
motiongen_1061,motiongen_sweep_00,1061,19.09155592153876,1,17.683,0,eligible
motiongen_1062,motiongen_sweep_00,1062,19.109555921538757,1,17.699999999999999,0,eligible
motiongen_1063,motiongen_sweep_00,1063,19.127555921538757,1,17.716999999999999,0,eligible
motiongen_1064,motiongen_sweep_00,1064,19.145555921538758,1,17.733000000000001,0,eligible
motiongen_1065,motiongen_sweep_00,1065,19.163555921538759,1,17.75,0,eligible
motiongen_1066,motiongen_sweep_00,1066,19.181555921538759,1,17.766999999999999,0,eligible
motiongen_1067,motiongen_sweep_00,1067,19.19955592153876,1,17.783000000000001,0,eligible
motiongen_1068,motiongen_sweep_00,1068,19.217555921538761,1,17.800000000000001,0,eligible
motiongen_1069,motiongen_sweep_00,1069,19.235555921538758,1,17.817,0,eligible
motiongen_1070,motiongen_sweep_00,1070,19.253555921538759,1,17.832999999999998,0,eligible
motiongen_1071,motiongen_sweep_00,1071,19.271555921538759,1,17.850000000000001,0,eligible
motiongen_1072,motiongen_sweep_00,1072,19.28955592153876,1,17.867000000000001,0,eligible
motiongen_1073,motiongen_sweep_00,1073,19.307555921538757,1,17.882999999999999,0,eligible
motiongen_1074,motiongen_sweep_00,1074,19.325555921538758,1,17.899999999999999,0,eligible
motiongen_1075,motiongen_sweep_00,1075,19.343555921538758,1,17.917000000000002,0,eligible
motiongen_1076,motiongen_sweep_00,1076,19.361555921538759,1,17.933,0,eligible
motiongen_1077,motiongen_sweep_00,1077,19.37955592153876,1,17.949999999999999,0,eligible
motiongen_1078,motiongen_sweep_00,1078,19.397555921538761,1,17.966999999999999,0,eligible
motiongen_1079,motiongen_sweep_00,1079,19.415555921538758,1,17.983000000000001,0,eligible
motiongen_1080,motiongen_sweep_00,1080,19.433555921538758,1,18,0,eligible
motiongen_1081,motiongen_sweep_00,1081,19.451555921538759,1,18.016999999999999,0,eligible
motiongen_1082,motiongen_sweep_00,1082,19.46955592153876,1,18.033000000000001,0,eligible
motiongen_1083,motiongen_sweep_00,1083,19.487555921538757,1,18.050000000000001,0,eligible
motiongen_1084,motiongen_sweep_00,1084,19.505555921538758,1,18.067,0,eligible
motiongen_1085,motiongen_sweep_00,1085,19.523555921538758,1,18.082999999999998,0,eligible
motiongen_1086,motiongen_sweep_00,1086,19.541555921538759,1,18.100000000000001,0,eligible
motiongen_1087,motiongen_sweep_00,1087,19.55955592153876,1,18.117000000000001,0,eligible
motiongen_1088,motiongen_sweep_00,1088,19.57755592153876,1,18.132999999999999,0,eligible
motiongen_1089,motiongen_sweep_00,1089,19.595555921538761,1,18.149999999999999,0,eligible
motiongen_1090,motiongen_sweep_00,1090,19.613555921538758,1,18.167000000000002,0,eligible
motiongen_1091,motiongen_sweep_00,1091,19.631555921538759,1,18.183,0,eligible
motiongen_1092,motiongen_sweep_00,1092,19.649555921538759,1,18.199999999999999,0,eligible
motiongen_1093,motiongen_sweep_00,1093,19.667555921538757,1,18.216999999999999,0,eligible
motiongen_1094,motiongen_sweep_00,1094,19.685555921538757,1,18.233000000000001,0,eligible
motiongen_1095,motiongen_sweep_00,1095,19.703555921538758,1,18.25,0,eligible
motiongen_1096,motiongen_sweep_00,1096,19.721555921538759,1,18.266999999999999,0,eligible
motiongen_1097,motiongen_sweep_00,1097,19.739555921538759,1,18.283000000000001,0,eligible
motiongen_1098,motiongen_sweep_00,1098,19.75755592153876,1,18.300000000000001,0,eligible
motiongen_1099,motiongen_sweep_00,1099,19.775555921538761,1,18.317,0,eligible
motiongen_1100,motiongen_sweep_00,1100,19.793555921538758,1,18.332999999999998,0,eligible
motiongen_1101,motiongen_sweep_00,1101,19.811555921538758,1,18.350000000000001,0,eligible
motiongen_1102,motiongen_sweep_00,1102,19.829555921538759,1,18.367000000000001,0,eligible
motiongen_1103,motiongen_sweep_00,1103,19.84755592153876,1,18.382999999999999,0,eligible
motiongen_1104,motiongen_sweep_00,1104,19.865555921538757,1,18.399999999999999,0,eligible
motiongen_1105,motiongen_sweep_00,1105,19.883555921538758,1,18.417000000000002,0,eligible
motiongen_1106,motiongen_sweep_00,1106,19.901555921538758,1,18.433,0,eligible
motiongen_1107,motiongen_sweep_00,1107,19.919555921538759,1,18.449999999999999,0,eligible
motiongen_1108,motiongen_sweep_00,1108,19.93755592153876,1,18.466999999999999,0,eligible
motiongen_1109,motiongen_sweep_00,1109,19.95555592153876,1,18.483000000000001,0,eligible
motiongen_1110,motiongen_sweep_00,1110,19.973555921538761,1,18.5,0,eligible
motiongen_1111,motiongen_sweep_00,1111,19.991555921538758,1,18.516999999999999,0,eligible
motiongen_1112,motiongen_sweep_00,1112,20.009555921538759,1,18.533000000000001,0,eligible
motiongen_1113,motiongen_sweep_00,1113,20.02755592153876,1,18.550000000000001,0,eligible
motiongen_1114,motiongen_sweep_00,1114,20.045555921538757,1,18.567,0,eligible
motiongen_1115,motiongen_sweep_00,1115,20.063555921538757,1,18.582999999999998,0,eligible
motiongen_1116,motiongen_sweep_00,1116,20.081555921538758,1,18.600000000000001,0,eligible
motiongen_1117,motiongen_sweep_00,1117,20.099555921538759,1,18.617000000000001,0,eligible
motiongen_1118,motiongen_sweep_00,1118,20.117555921538759,1,18.632999999999999,0,eligible
motiongen_1119,motiongen_sweep_00,1119,20.13555592153876,1,18.649999999999999,0,eligible
motiongen_1120,motiongen_sweep_00,1120,20.153555921538761,1,18.667000000000002,0,eligible
motiongen_1121,motiongen_sweep_00,1121,20.171555921538758,1,18.683,0,eligible
motiongen_1122,motiongen_sweep_00,1122,20.189555921538759,1,18.699999999999999,0,eligible
motiongen_1123,motiongen_sweep_00,1123,20.207555921538759,1,18.716999999999999,0,eligible
motiongen_1124,motiongen_sweep_00,1124,20.225555921538756,1,18.733000000000001,0,eligible
motiongen_1125,motiongen_sweep_00,1125,20.243555921538757,1,18.75,0,eligible
motiongen_1126,motiongen_sweep_00,1126,20.261555921538758,1,18.766999999999999,0,eligible
motiongen_1127,motiongen_sweep_00,1127,20.279555921538758,1,18.783000000000001,0,eligible
motiongen_1128,motiongen_sweep_00,1128,20.297555921538759,1,18.800000000000001,0,eligible
motiongen_1129,motiongen_sweep_00,1129,20.31555592153876,1,18.817,0,eligible
motiongen_1130,motiongen_sweep_00,1130,20.33355592153876,1,18.832999999999998,0,eligible
motiongen_1131,motiongen_sweep_00,1131,20.351555921538758,1,18.850000000000001,0,eligible
motiongen_1132,motiongen_sweep_00,1132,20.369555921538758,1,18.867000000000001,0,eligible
motiongen_1133,motiongen_sweep_00,1133,20.387555921538759,1,18.882999999999999,0,eligible
motiongen_1134,motiongen_sweep_00,1134,20.40555592153876,1,18.899999999999999,0,eligible
motiongen_1135,motiongen_sweep_00,1135,20.423555921538757,1,18.917000000000002,0,eligible
motiongen_1136,motiongen_sweep_00,1136,20.441555921538757,1,18.933,0,eligible
motiongen_1137,motiongen_sweep_00,1137,20.459555921538758,1,18.949999999999999,0,eligible
motiongen_1138,motiongen_sweep_00,1138,20.477555921538759,1,18.966999999999999,0,eligible
motiongen_1139,motiongen_sweep_00,1139,20.495555921538759,1,18.983000000000001,0,eligible
motiongen_1140,motiongen_sweep_00,1140,20.51355592153876,1,19,0,eligible
motiongen_1141,motiongen_sweep_00,1141,20.531555921538761,1,19.016999999999999,0,eligible
motiongen_1142,motiongen_sweep_00,1142,20.549555921538758,1,19.033000000000001,0,eligible
motiongen_1143,motiongen_sweep_00,1143,20.567555921538759,1,19.050000000000001,0,eligible
motiongen_1144,motiongen_sweep_00,1144,20.585555921538759,1,19.067,0,eligible
motiongen_1145,motiongen_sweep_00,1145,20.603555921538756,1,19.082999999999998,0,eligible
motiongen_1146,motiongen_sweep_00,1146,20.621555921538757,1,19.100000000000001,0,eligible
motiongen_1147,motiongen_sweep_00,1147,20.639555921538758,1,19.117000000000001,0,eligible
motiongen_1148,motiongen_sweep_00,1148,20.657555921538759,1,19.132999999999999,0,eligible
motiongen_1149,motiongen_sweep_00,1149,20.675555921538759,1,19.149999999999999,0,eligible
motiongen_1150,motiongen_sweep_00,1150,20.69355592153876,1,19.167000000000002,0,eligible
motiongen_1151,motiongen_sweep_00,1151,20.711555921538761,1,19.183,0,eligible
motiongen_1152,motiongen_sweep_00,1152,20.729555921538758,1,19.199999999999999,0,eligible
motiongen_1153,motiongen_sweep_00,1153,20.747555921538758,1,19.216999999999999,0,eligible
motiongen_1154,motiongen_sweep_00,1154,20.765555921538759,1,19.233000000000001,0,eligible
motiongen_1155,motiongen_sweep_00,1155,20.783555921538756,1,19.25,0,eligible
motiongen_1156,motiongen_sweep_00,1156,20.801555921538757,1,19.266999999999999,0,eligible
motiongen_1157,motiongen_sweep_00,1157,20.819555921538758,1,19.283000000000001,0,eligible
motiongen_1158,motiongen_sweep_00,1158,20.837555921538758,1,19.300000000000001,0,eligible
motiongen_1159,motiongen_sweep_00,1159,20.855555921538759,1,19.317,0,eligible
motiongen_1160,motiongen_sweep_00,1160,20.87355592153876,1,19.332999999999998,0,eligible
motiongen_1161,motiongen_sweep_00,1161,20.89155592153876,1,19.350000000000001,0,eligible
motiongen_1162,motiongen_sweep_00,1162,20.909555921538761,1,19.367000000000001,0,eligible
motiongen_1163,motiongen_sweep_00,1163,20.927555921538758,1,19.382999999999999,0,eligible
motiongen_1164,motiongen_sweep_00,1164,20.945555921538759,1,19.399999999999999,0,eligible
motiongen_1165,motiongen_sweep_00,1165,20.963555921538759,1,19.417000000000002,0,eligible
motiongen_1166,motiongen_sweep_00,1166,20.981555921538757,1,19.433,0,eligible
motiongen_1167,motiongen_sweep_00,1167,20.999555921538757,1,19.449999999999999,0,eligible
motiongen_1168,motiongen_sweep_00,1168,21.017555921538758,1,19.466999999999999,0,eligible
motiongen_1169,motiongen_sweep_00,1169,21.035555921538759,1,19.483000000000001,0,eligible
motiongen_1170,motiongen_sweep_00,1170,21.053555921538759,1,19.5,0,eligible
motiongen_1171,motiongen_sweep_00,1171,21.07155592153876,1,19.516999999999999,0,eligible
motiongen_1172,motiongen_sweep_00,1172,21.089555921538761,1,19.533000000000001,0,eligible
motiongen_1173,motiongen_sweep_00,1173,21.107555921538758,1,19.550000000000001,0,eligible
motiongen_1174,motiongen_sweep_00,1174,21.125555921538758,1,19.567,0,eligible
motiongen_1175,motiongen_sweep_00,1175,21.143555921538759,1,19.582999999999998,0,eligible
motiongen_1176,motiongen_sweep_00,1176,21.161555921538756,1,19.600000000000001,0,eligible
motiongen_1177,motiongen_sweep_00,1177,21.179555921538757,1,19.617000000000001,0,eligible
motiongen_1178,motiongen_sweep_00,1178,21.197555921538758,1,19.632999999999999,0,eligible
motiongen_1179,motiongen_sweep_00,1179,21.215555921538758,1,19.649999999999999,0,eligible
motiongen_1180,motiongen_sweep_00,1180,21.233555921538759,1,19.667000000000002,0,eligible
motiongen_1181,motiongen_sweep_00,1181,21.25155592153876,1,19.683,0,eligible
motiongen_1182,motiongen_sweep_00,1182,21.26955592153876,1,19.699999999999999,0,eligible
motiongen_1183,motiongen_sweep_00,1183,21.287555921538761,1,19.716999999999999,0,eligible
motiongen_1184,motiongen_sweep_00,1184,21.305555921538758,1,19.733000000000001,0,eligible
motiongen_1185,motiongen_sweep_00,1185,21.323555921538759,1,19.75,0,eligible
motiongen_1186,motiongen_sweep_00,1186,21.34155592153876,1,19.766999999999999,0,eligible
motiongen_1187,motiongen_sweep_00,1187,21.359555921538757,1,19.783000000000001,0,eligible
motiongen_1188,motiongen_sweep_00,1188,21.377555921538757,1,19.800000000000001,0,eligible
motiongen_1189,motiongen_sweep_00,1189,21.395555921538758,1,19.817,0,eligible
motiongen_1190,motiongen_sweep_00,1190,21.413555921538759,1,19.832999999999998,0,eligible
motiongen_1191,motiongen_sweep_00,1191,21.431555921538759,1,19.850000000000001,0,eligible
motiongen_1192,motiongen_sweep_00,1192,21.44955592153876,1,19.867000000000001,0,eligible
motiongen_1193,motiongen_sweep_00,1193,21.467555921538761,1,19.882999999999999,0,eligible
motiongen_1194,motiongen_sweep_00,1194,21.485555921538758,1,19.899999999999999,0,eligible
motiongen_1195,motiongen_sweep_00,1195,21.503555921538759,1,19.917000000000002,0,eligible
motiongen_1196,motiongen_sweep_00,1196,21.521555921538759,1,19.933,0,eligible
motiongen_1197,motiongen_sweep_00,1197,21.539555921538756,1,19.949999999999999,0,eligible
motiongen_1198,motiongen_sweep_00,1198,21.557555921538757,1,19.966999999999999,0,eligible
motiongen_1199,motiongen_sweep_00,1199,21.575555921538758,1,19.983000000000001,0,eligible
motiongen_1200,motiongen_sweep_00,1200,21.593555921538758,1,20,0,eligible
motiongen_1201,motiongen_sweep_00,1201,21.611555921538759,1,20.016999999999999,0,eligible
motiongen_1202,motiongen_sweep_00,1202,21.62955592153876,1,20.033000000000001,0,eligible
motiongen_1203,motiongen_sweep_00,1203,21.647555921538761,1,20.050000000000001,0,eligible
motiongen_1204,motiongen_sweep_00,1204,21.665555921538758,1,20.067,0,eligible
motiongen_1205,motiongen_sweep_00,1205,21.683555921538758,1,20.082999999999998,0,eligible
motiongen_1206,motiongen_sweep_00,1206,21.701555921538759,1,20.100000000000001,0,eligible
motiongen_1207,motiongen_sweep_00,1207,21.71955592153876,1,20.117000000000001,0,eligible
motiongen_1208,motiongen_sweep_00,1208,21.737555921538757,1,20.132999999999999,0,eligible
motiongen_1209,motiongen_sweep_00,1209,21.755555921538758,1,20.149999999999999,0,eligible
motiongen_1210,motiongen_sweep_00,1210,21.773555921538758,1,20.167000000000002,0,eligible
motiongen_1211,motiongen_sweep_00,1211,21.791555921538759,1,20.183,0,eligible
motiongen_1212,motiongen_sweep_00,1212,21.80955592153876,1,20.199999999999999,0,eligible
motiongen_1213,motiongen_sweep_00,1213,21.82755592153876,1,20.216999999999999,0,eligible
motiongen_1214,motiongen_sweep_00,1214,21.845555921538761,1,20.233000000000001,0,eligible
motiongen_1215,motiongen_sweep_00,1215,21.863555921538758,1,20.25,0,eligible
motiongen_1216,motiongen_sweep_00,1216,21.881555921538759,1,20.266999999999999,0,eligible
motiongen_1217,motiongen_sweep_00,1217,21.899555921538759,1,20.283000000000001,0,eligible
motiongen_1218,motiongen_sweep_00,1218,21.917555921538757,1,20.300000000000001,0,eligible
motiongen_1219,motiongen_sweep_00,1219,21.935555921538757,1,20.317,0,eligible
motiongen_1220,motiongen_sweep_00,1220,21.953555921538758,1,20.332999999999998,0,eligible
motiongen_1221,motiongen_sweep_00,1221,21.971555921538759,1,20.350000000000001,0,eligible
motiongen_1222,motiongen_sweep_00,1222,21.989555921538759,1,20.367000000000001,0,eligible
motiongen_1223,motiongen_sweep_00,1223,22.00755592153876,1,20.382999999999999,0,eligible
motiongen_1224,motiongen_sweep_00,1224,22.025555921538761,1,20.399999999999999,0,eligible
motiongen_1225,motiongen_sweep_00,1225,22.043555921538758,1,20.417000000000002,0,eligible
motiongen_1226,motiongen_sweep_00,1226,22.061555921538758,1,20.433,0,eligible
motiongen_1227,motiongen_sweep_00,1227,22.079555921538759,1,20.449999999999999,0,eligible
motiongen_1228,motiongen_sweep_00,1228,22.096555921538759,1,20.466999999999999,0,eligible
motiongen_1229,motiongen_sweep_00,1229,22.114555921538759,1,20.483000000000001,0,eligible
motiongen_1230,motiongen_sweep_00,1230,22.13255592153876,1,20.5,0,eligible
motiongen_1231,motiongen_sweep_00,1231,22.150555921538761,1,20.516999999999999,0,eligible
motiongen_1232,motiongen_sweep_00,1232,22.168555921538758,1,20.533000000000001,0,eligible
motiongen_1233,motiongen_sweep_00,1233,22.186555921538758,1,20.550000000000001,0,eligible
motiongen_1234,motiongen_sweep_00,1234,22.204555921538759,1,20.567,0,eligible
motiongen_1235,motiongen_sweep_00,1235,22.22255592153876,1,20.582999999999998,0,eligible
motiongen_1236,motiongen_sweep_00,1236,22.240555921538757,1,20.600000000000001,0,eligible
motiongen_1237,motiongen_sweep_00,1237,22.258555921538758,1,20.617000000000001,0,eligible
motiongen_1238,motiongen_sweep_00,1238,22.276555921538758,1,20.632999999999999,0,eligible
motiongen_1239,motiongen_sweep_00,1239,22.294555921538759,1,20.649999999999999,0,eligible
motiongen_1240,motiongen_sweep_00,1240,22.31255592153876,1,20.667000000000002,0,eligible
motiongen_1241,motiongen_sweep_00,1241,22.33055592153876,1,20.683,0,eligible
motiongen_1242,motiongen_sweep_00,1242,22.348555921538761,1,20.699999999999999,0,eligible
motiongen_1243,motiongen_sweep_00,1243,22.366555921538758,1,20.716999999999999,0,eligible
motiongen_1244,motiongen_sweep_00,1244,22.384555921538759,1,20.733000000000001,0,eligible
motiongen_1245,motiongen_sweep_00,1245,22.40255592153876,1,20.75,0,eligible
motiongen_1246,motiongen_sweep_00,1246,22.420555921538757,1,20.766999999999999,0,eligible
motiongen_1247,motiongen_sweep_00,1247,22.438555921538757,1,20.783000000000001,0,eligible
motiongen_1248,motiongen_sweep_00,1248,22.456555921538758,1,20.800000000000001,0,eligible
motiongen_1249,motiongen_sweep_00,1249,22.474555921538759,1,20.817,0,eligible
motiongen_1250,motiongen_sweep_00,1250,22.492555921538759,1,20.832999999999998,0,eligible
motiongen_1251,motiongen_sweep_00,1251,22.51055592153876,1,20.850000000000001,0,eligible
motiongen_1252,motiongen_sweep_00,1252,22.528555921538761,1,20.867000000000001,0,eligible
motiongen_1253,motiongen_sweep_00,1253,22.546555921538758,1,20.882999999999999,0,eligible
motiongen_1254,motiongen_sweep_00,1254,22.564555921538759,1,20.899999999999999,0,eligible
motiongen_1255,motiongen_sweep_00,1255,22.582555921538759,1,20.917000000000002,0,eligible
motiongen_1256,motiongen_sweep_00,1256,22.600555921538756,1,20.933,0,eligible
motiongen_1257,motiongen_sweep_00,1257,22.618555921538757,1,20.949999999999999,0,eligible
motiongen_1258,motiongen_sweep_00,1258,22.636555921538758,1,20.966999999999999,0,eligible
motiongen_1259,motiongen_sweep_00,1259,22.654555921538758,1,20.983000000000001,0,eligible
motiongen_1260,motiongen_sweep_00,1260,22.672555921538759,1,21,0,eligible
motiongen_1261,motiongen_sweep_00,1261,22.69055592153876,1,21.016999999999999,0,eligible
motiongen_1262,motiongen_sweep_00,1262,22.70855592153876,1,21.033000000000001,0,eligible
motiongen_1263,motiongen_sweep_00,1263,22.726555921538758,1,21.050000000000001,0,eligible
motiongen_1264,motiongen_sweep_00,1264,22.744555921538758,1,21.067,0,eligible
motiongen_1265,motiongen_sweep_00,1265,22.762555921538759,1,21.082999999999998,0,eligible
motiongen_1266,motiongen_sweep_00,1266,22.78055592153876,1,21.100000000000001,0,eligible
motiongen_1267,motiongen_sweep_00,1267,22.798555921538757,1,21.117000000000001,0,eligible
motiongen_1268,motiongen_sweep_00,1268,22.816555921538757,1,21.132999999999999,0,eligible
motiongen_1269,motiongen_sweep_00,1269,22.834555921538758,1,21.149999999999999,0,eligible
motiongen_1270,motiongen_sweep_00,1270,22.852555921538759,1,21.167000000000002,0,eligible
motiongen_1271,motiongen_sweep_00,1271,22.870555921538759,1,21.183,0,eligible
motiongen_1272,motiongen_sweep_00,1272,22.88855592153876,1,21.199999999999999,0,eligible
motiongen_1273,motiongen_sweep_00,1273,22.906555921538761,1,21.216999999999999,0,eligible
motiongen_1274,motiongen_sweep_00,1274,22.924555921538758,1,21.233000000000001,0,eligible
motiongen_1275,motiongen_sweep_00,1275,22.942555921538759,1,21.25,0,eligible
motiongen_1276,motiongen_sweep_00,1276,22.960555921538759,1,21.266999999999999,0,eligible
motiongen_1277,motiongen_sweep_00,1277,22.978555921538756,1,21.283000000000001,0,eligible
motiongen_1278,motiongen_sweep_00,1278,22.996555921538757,1,21.300000000000001,0,eligible
motiongen_1279,motiongen_sweep_00,1279,23.014555921538758,1,21.317,0,eligible
motiongen_1280,motiongen_sweep_00,1280,23.032555921538759,1,21.332999999999998,0,eligible
motiongen_1281,motiongen_sweep_00,1281,23.050555921538759,1,21.350000000000001,0,eligible
motiongen_1282,motiongen_sweep_00,1282,23.06855592153876,1,21.367000000000001,0,eligible
motiongen_1283,motiongen_sweep_00,1283,23.086555921538761,1,21.382999999999999,0,eligible
motiongen_1284,motiongen_sweep_00,1284,23.104555921538758,1,21.399999999999999,0,eligible
motiongen_1285,motiongen_sweep_00,1285,23.122555921538758,1,21.417000000000002,0,eligible
motiongen_1286,motiongen_sweep_00,1286,23.140555921538759,1,21.433,0,eligible
motiongen_1287,motiongen_sweep_00,1287,23.15855592153876,1,21.449999999999999,0,eligible
motiongen_1288,motiongen_sweep_00,1288,23.176555921538757,1,21.466999999999999,0,eligible
motiongen_1289,motiongen_sweep_00,1289,23.194555921538758,1,21.483000000000001,0,eligible
motiongen_1290,motiongen_sweep_00,1290,23.212555921538758,1,21.5,0,eligible
motiongen_1291,motiongen_sweep_00,1291,23.230555921538759,1,21.516999999999999,0,eligible
motiongen_1292,motiongen_sweep_00,1292,23.24855592153876,1,21.533000000000001,0,eligible
motiongen_1293,motiongen_sweep_00,1293,23.26655592153876,1,21.550000000000001,0,eligible
motiongen_1294,motiongen_sweep_00,1294,23.284555921538757,1,21.567,0,eligible
motiongen_1295,motiongen_sweep_00,1295,23.302555921538758,1,21.582999999999998,0,eligible
motiongen_1296,motiongen_sweep_00,1296,23.320555921538759,1,21.600000000000001,0,eligible
motiongen_1297,motiongen_sweep_00,1297,23.338555921538759,1,21.617000000000001,0,eligible
motiongen_1298,motiongen_sweep_00,1298,23.356555921538757,1,21.632999999999999,0,eligible
motiongen_1299,motiongen_sweep_00,1299,23.374555921538757,1,21.649999999999999,0,eligible
motiongen_1300,motiongen_sweep_00,1300,23.392555921538758,1,21.667000000000002,0,eligible
motiongen_1301,motiongen_sweep_00,1301,23.410555921538759,1,21.683,0,eligible
motiongen_1302,motiongen_sweep_00,1302,23.428555921538759,1,21.699999999999999,0,eligible
motiongen_1303,motiongen_sweep_00,1303,23.44655592153876,1,21.716999999999999,0,eligible
motiongen_1304,motiongen_sweep_00,1304,23.464555921538761,1,21.733000000000001,0,eligible
motiongen_1305,motiongen_sweep_00,1305,23.482555921538758,1,21.75,0,eligible
motiongen_1306,motiongen_sweep_00,1306,23.500555921538758,1,21.766999999999999,0,eligible
motiongen_1307,motiongen_sweep_00,1307,23.518555921538759,1,21.783000000000001,0,eligible
motiongen_1308,motiongen_sweep_00,1308,23.53655592153876,1,21.800000000000001,0,eligible
motiongen_1309,motiongen_sweep_00,1309,23.554555921538757,1,21.817,0,eligible
motiongen_1310,motiongen_sweep_00,1310,23.572555921538758,1,21.832999999999998,0,eligible
motiongen_1311,motiongen_sweep_00,1311,23.590555921538758,1,21.850000000000001,0,eligible
motiongen_1312,motiongen_sweep_00,1312,23.608555921538759,1,21.867000000000001,0,eligible
motiongen_1313,motiongen_sweep_00,1313,23.62655592153876,1,21.882999999999999,0,eligible
motiongen_1314,motiongen_sweep_00,1314,23.64455592153876,1,21.899999999999999,0,eligible
motiongen_1315,motiongen_sweep_00,1315,23.662555921538758,1,21.917000000000002,0,eligible
motiongen_1316,motiongen_sweep_00,1316,23.680555921538758,1,21.933,0,eligible
motiongen_1317,motiongen_sweep_00,1317,23.698555921538759,1,21.949999999999999,0,eligible
motiongen_1318,motiongen_sweep_00,1318,23.71655592153876,1,21.966999999999999,0,eligible
motiongen_1319,motiongen_sweep_00,1319,23.734555921538757,1,21.983000000000001,0,eligible
motiongen_1320,motiongen_sweep_00,1320,23.752555921538757,1,22,0,eligible
motiongen_1321,motiongen_sweep_00,1321,23.770555921538758,1,22.016999999999999,0,eligible
motiongen_1322,motiongen_sweep_00,1322,23.788555921538759,1,22.033000000000001,0,eligible
motiongen_1323,motiongen_sweep_00,1323,23.806555921538759,1,22.050000000000001,0,eligible
motiongen_1324,motiongen_sweep_00,1324,23.82455592153876,1,22.067,0,eligible
motiongen_1325,motiongen_sweep_00,1325,23.842555921538761,1,22.082999999999998,0,eligible
motiongen_1326,motiongen_sweep_00,1326,23.860555921538758,1,22.100000000000001,0,eligible
motiongen_1327,motiongen_sweep_00,1327,23.878555921538759,1,22.117000000000001,0,eligible
motiongen_1328,motiongen_sweep_00,1328,23.896555921538759,1,22.132999999999999,0,eligible
motiongen_1329,motiongen_sweep_00,1329,23.91455592153876,1,22.149999999999999,0,eligible
motiongen_1330,motiongen_sweep_00,1330,23.932555921538757,1,22.167000000000002,0,eligible
motiongen_1331,motiongen_sweep_00,1331,23.950555921538758,1,22.183,0,eligible
motiongen_1332,motiongen_sweep_00,1332,23.968555921538758,1,22.199999999999999,0,eligible
motiongen_1333,motiongen_sweep_00,1333,23.986555921538759,1,22.216999999999999,0,eligible
motiongen_1334,motiongen_sweep_00,1334,24.00455592153876,1,22.233000000000001,0,eligible
motiongen_1335,motiongen_sweep_00,1335,24.022555921538761,1,22.25,0,eligible
motiongen_1336,motiongen_sweep_00,1336,24.040555921538758,1,22.266999999999999,0,eligible
motiongen_1337,motiongen_sweep_00,1337,24.058555921538758,1,22.283000000000001,0,eligible
motiongen_1338,motiongen_sweep_00,1338,24.076555921538759,1,22.300000000000001,0,eligible
motiongen_1339,motiongen_sweep_00,1339,24.09455592153876,1,22.317,0,eligible
motiongen_1340,motiongen_sweep_00,1340,24.112555921538757,1,22.332999999999998,0,eligible
motiongen_1341,motiongen_sweep_00,1341,24.130555921538758,1,22.350000000000001,0,eligible
motiongen_1342,motiongen_sweep_00,1342,24.148555921538758,1,22.367000000000001,0,eligible
motiongen_1343,motiongen_sweep_00,1343,24.166555921538759,1,22.382999999999999,0,eligible
motiongen_1344,motiongen_sweep_00,1344,24.18455592153876,1,22.399999999999999,0,eligible
motiongen_1345,motiongen_sweep_00,1345,24.20255592153876,1,22.417000000000002,0,eligible
motiongen_1346,motiongen_sweep_00,1346,24.220555921538761,1,22.433,0,eligible
motiongen_1347,motiongen_sweep_00,1347,24.238555921538758,1,22.449999999999999,0,eligible
motiongen_1348,motiongen_sweep_00,1348,24.256555921538759,1,22.466999999999999,0,eligible
motiongen_1349,motiongen_sweep_00,1349,24.274555921538759,1,22.483000000000001,0,eligible
motiongen_1350,motiongen_sweep_00,1350,24.292555921538757,1,22.5,0,eligible
motiongen_1351,motiongen_sweep_00,1351,24.310555921538757,1,22.516999999999999,0,eligible
motiongen_1352,motiongen_sweep_00,1352,24.328555921538758,1,22.533000000000001,0,eligible
motiongen_1353,motiongen_sweep_00,1353,24.346555921538759,1,22.550000000000001,0,eligible
motiongen_1354,motiongen_sweep_00,1354,24.364555921538759,1,22.567,0,eligible
motiongen_1355,motiongen_sweep_00,1355,24.38255592153876,1,22.582999999999998,0,eligible
motiongen_1356,motiongen_sweep_00,1356,24.400555921538761,1,22.600000000000001,0,eligible
motiongen_1357,motiongen_sweep_00,1357,24.418555921538758,1,22.617000000000001,0,eligible
motiongen_1358,motiongen_sweep_00,1358,24.436555921538758,1,22.632999999999999,0,eligible
motiongen_1359,motiongen_sweep_00,1359,24.454555921538759,1,22.649999999999999,0,eligible
motiongen_1360,motiongen_sweep_00,1360,24.47255592153876,1,22.667000000000002,0,eligible
motiongen_1361,motiongen_sweep_00,1361,24.490555921538757,1,22.683,0,eligible
motiongen_1362,motiongen_sweep_00,1362,24.508555921538758,1,22.699999999999999,0,eligible
motiongen_1363,motiongen_sweep_00,1363,24.526555921538758,1,22.716999999999999,0,eligible
motiongen_1364,motiongen_sweep_00,1364,24.544555921538759,1,22.733000000000001,0,eligible
motiongen_1365,motiongen_sweep_00,1365,24.56255592153876,1,22.75,0,eligible
motiongen_1366,motiongen_sweep_00,1366,24.58055592153876,1,22.766999999999999,0,eligible
motiongen_1367,motiongen_sweep_00,1367,24.598555921538757,1,22.783000000000001,0,eligible
motiongen_1368,motiongen_sweep_00,1368,24.616555921538758,1,22.800000000000001,0,eligible
motiongen_1369,motiongen_sweep_00,1369,24.634555921538759,1,22.817,0,eligible
motiongen_1370,motiongen_sweep_00,1370,24.65255592153876,1,22.832999999999998,0,eligible
motiongen_1371,motiongen_sweep_00,1371,24.670555921538757,1,22.850000000000001,0,eligible
motiongen_1372,motiongen_sweep_00,1372,24.688555921538757,1,22.867000000000001,0,eligible
motiongen_1373,motiongen_sweep_00,1373,24.706555921538758,1,22.882999999999999,0,eligible
motiongen_1374,motiongen_sweep_00,1374,24.724555921538759,1,22.899999999999999,0,eligible
motiongen_1375,motiongen_sweep_00,1375,24.742555921538759,1,22.917000000000002,0,eligible
motiongen_1376,motiongen_sweep_00,1376,24.76055592153876,1,22.933,0,eligible
motiongen_1377,motiongen_sweep_00,1377,24.778555921538761,1,22.949999999999999,0,eligible
motiongen_1378,motiongen_sweep_00,1378,24.796555921538758,1,22.966999999999999,0,eligible
motiongen_1379,motiongen_sweep_00,1379,24.814555921538759,1,22.983000000000001,0,eligible
motiongen_1380,motiongen_sweep_00,1380,24.832555921538759,1,23,0,eligible
motiongen_1381,motiongen_sweep_00,1381,24.85055592153876,1,23.016999999999999,0,eligible
motiongen_1382,motiongen_sweep_00,1382,24.868555921538757,1,23.033000000000001,0,eligible
motiongen_1383,motiongen_sweep_00,1383,24.886555921538758,1,23.050000000000001,0,eligible
motiongen_1384,motiongen_sweep_00,1384,24.904555921538758,1,23.067,0,eligible
motiongen_1385,motiongen_sweep_00,1385,24.922555921538759,1,23.082999999999998,0,eligible
motiongen_1386,motiongen_sweep_00,1386,24.94055592153876,1,23.100000000000001,0,eligible
motiongen_1387,motiongen_sweep_00,1387,24.95855592153876,1,23.117000000000001,0,eligible
motiongen_1388,motiongen_sweep_00,1388,24.976555921538758,1,23.132999999999999,0,eligible
motiongen_1389,motiongen_sweep_00,1389,24.994555921538758,1,23.149999999999999,0,eligible
motiongen_1390,motiongen_sweep_00,1390,25.012555921538759,1,23.167000000000002,0,eligible
motiongen_1391,motiongen_sweep_00,1391,25.03055592153876,1,23.183,0,eligible
motiongen_1392,motiongen_sweep_00,1392,25.048555921538757,1,23.199999999999999,0,eligible
motiongen_1393,motiongen_sweep_00,1393,25.066555921538757,1,23.216999999999999,0,eligible
motiongen_1394,motiongen_sweep_00,1394,25.084555921538758,1,23.233000000000001,0,eligible
motiongen_1395,motiongen_sweep_00,1395,25.102555921538759,1,23.25,0,eligible
motiongen_1396,motiongen_sweep_00,1396,25.120555921538759,1,23.266999999999999,0,eligible
motiongen_1397,motiongen_sweep_00,1397,25.137741228718344,1,23.283000000000001,0,eligible
motiongen_1398,motiongen_sweep_00,1398,25.155741228718345,1,23.300000000000001,0,eligible
motiongen_1399,motiongen_sweep_00,1399,25.173741228718345,1,23.317,0,eligible
motiongen_1400,motiongen_sweep_00,1400,25.191741228718346,1,23.332999999999998,0,eligible
motiongen_1401,motiongen_sweep_00,1401,25.209741228718343,1,23.350000000000001,0,eligible
motiongen_1402,motiongen_sweep_00,1402,25.227741228718344,1,23.367000000000001,0,eligible
motiongen_1403,motiongen_sweep_00,1403,25.245741228718344,1,23.382999999999999,0,eligible
motiongen_1404,motiongen_sweep_00,1404,25.263741228718345,1,23.399999999999999,0,eligible
motiongen_1405,motiongen_sweep_00,1405,25.281741228718346,1,23.417000000000002,0,eligible
motiongen_1406,motiongen_sweep_00,1406,25.299741228718347,1,23.433,0,eligible
motiongen_1407,motiongen_sweep_00,1407,25.317741228718344,1,23.449999999999999,0,eligible
motiongen_1408,motiongen_sweep_00,1408,25.335741228718344,1,23.466999999999999,0,eligible
motiongen_1409,motiongen_sweep_00,1409,25.353741228718345,1,23.483000000000001,0,eligible
motiongen_1410,motiongen_sweep_00,1410,25.371741228718346,1,23.5,0,eligible
motiongen_1411,motiongen_sweep_00,1411,25.389741228718343,1,23.516999999999999,0,eligible
motiongen_1412,motiongen_sweep_00,1412,25.407741228718344,1,23.533000000000001,0,eligible
motiongen_1413,motiongen_sweep_00,1413,25.425741228718344,1,23.550000000000001,0,eligible
motiongen_1414,motiongen_sweep_00,1414,25.443741228718345,1,23.567,0,eligible
motiongen_1415,motiongen_sweep_00,1415,25.461741228718346,1,23.582999999999998,0,eligible
motiongen_1416,motiongen_sweep_00,1416,25.479741228718346,1,23.600000000000001,0,eligible
motiongen_1417,motiongen_sweep_00,1417,25.497741228718347,1,23.617000000000001,0,eligible
motiongen_1418,motiongen_sweep_00,1418,25.515741228718344,1,23.632999999999999,0,eligible
motiongen_1419,motiongen_sweep_00,1419,25.533741228718345,1,23.649999999999999,0,eligible
motiongen_1420,motiongen_sweep_00,1420,25.551741228718345,1,23.667000000000002,0,eligible
motiongen_1421,motiongen_sweep_00,1421,25.569741228718346,1,23.683,0,eligible
motiongen_1422,motiongen_sweep_00,1422,25.587741228718343,1,23.699999999999999,0,eligible
motiongen_1423,motiongen_sweep_00,1423,25.605741228718344,1,23.716999999999999,0,eligible
motiongen_1424,motiongen_sweep_00,1424,25.623741228718345,1,23.733000000000001,0,eligible
motiongen_1425,motiongen_sweep_00,1425,25.641741228718345,1,23.75,0,eligible
motiongen_1426,motiongen_sweep_00,1426,25.659741228718346,1,23.766999999999999,0,eligible
motiongen_1427,motiongen_sweep_00,1427,25.677741228718347,1,23.783000000000001,0,eligible
motiongen_1428,motiongen_sweep_00,1428,25.695741228718344,1,23.800000000000001,0,eligible
motiongen_1429,motiongen_sweep_00,1429,25.713741228718344,1,23.817,0,eligible
motiongen_1430,motiongen_sweep_00,1430,25.731741228718345,1,23.832999999999998,0,eligible
motiongen_1431,motiongen_sweep_00,1431,25.749741228718346,1,23.850000000000001,0,eligible
motiongen_1432,motiongen_sweep_00,1432,25.767741228718343,1,23.867000000000001,0,eligible
motiongen_1433,motiongen_sweep_00,1433,25.785741228718344,1,23.882999999999999,0,eligible
motiongen_1434,motiongen_sweep_00,1434,25.803741228718344,1,23.899999999999999,0,eligible
motiongen_1435,motiongen_sweep_00,1435,25.821741228718345,1,23.917000000000002,0,eligible
motiongen_1436,motiongen_sweep_00,1436,25.839741228718346,1,23.933,0,eligible
motiongen_1437,motiongen_sweep_00,1437,25.857741228718346,1,23.949999999999999,0,eligible
motiongen_1438,motiongen_sweep_00,1438,25.875741228718347,1,23.966999999999999,0,eligible
motiongen_1439,motiongen_sweep_00,1439,25.893741228718344,1,23.983000000000001,0,eligible
motiongen_1440,motiongen_sweep_00,1440,25.911741228718345,1,24,0,eligible
motiongen_1441,motiongen_sweep_00,1441,25.929741228718346,1,24.016999999999999,0,eligible
motiongen_1442,motiongen_sweep_00,1442,25.947741228718343,1,24.033000000000001,0,eligible
motiongen_1443,motiongen_sweep_00,1443,25.965741228718343,1,24.050000000000001,0,eligible
motiongen_1444,motiongen_sweep_00,1444,25.983741228718344,1,24.067,0,eligible
motiongen_1445,motiongen_sweep_00,1445,26.001741228718345,1,24.082999999999998,0,eligible
motiongen_1446,motiongen_sweep_00,1446,26.019741228718345,1,24.100000000000001,0,eligible
motiongen_1447,motiongen_sweep_00,1447,26.037741228718346,1,24.117000000000001,0,eligible
motiongen_1448,motiongen_sweep_00,1448,26.055741228718347,1,24.132999999999999,0,eligible
motiongen_1449,motiongen_sweep_00,1449,26.073741228718344,1,24.149999999999999,0,eligible
motiongen_1450,motiongen_sweep_00,1450,26.091741228718345,1,24.167000000000002,0,eligible
motiongen_1451,motiongen_sweep_00,1451,26.109741228718345,1,24.183,0,eligible
motiongen_1452,motiongen_sweep_00,1452,26.127741228718346,1,24.199999999999999,0,eligible
motiongen_1453,motiongen_sweep_00,1453,26.145741228718343,1,24.216999999999999,0,eligible
motiongen_1454,motiongen_sweep_00,1454,26.163741228718344,1,24.233000000000001,0,eligible
motiongen_1455,motiongen_sweep_00,1455,26.181741228718344,1,24.25,0,eligible
motiongen_1456,motiongen_sweep_00,1456,26.199741228718345,1,24.266999999999999,0,eligible
motiongen_1457,motiongen_sweep_00,1457,26.217741228718346,1,24.283000000000001,0,eligible
motiongen_1458,motiongen_sweep_00,1458,26.235741228718346,1,24.300000000000001,0,eligible
motiongen_1459,motiongen_sweep_00,1459,26.253741228718347,1,24.317,0,eligible
motiongen_1460,motiongen_sweep_00,1460,26.271741228718344,1,24.332999999999998,0,eligible
motiongen_1461,motiongen_sweep_00,1461,26.289741228718345,1,24.350000000000001,0,eligible
motiongen_1462,motiongen_sweep_00,1462,26.307741228718346,1,24.367000000000001,0,eligible
motiongen_1463,motiongen_sweep_00,1463,26.325741228718343,1,24.382999999999999,0,eligible
motiongen_1464,motiongen_sweep_00,1464,26.343741228718343,1,24.399999999999999,0,eligible
motiongen_1465,motiongen_sweep_00,1465,26.361741228718344,1,24.417000000000002,0,eligible
motiongen_1466,motiongen_sweep_00,1466,26.379741228718345,1,24.433,0,eligible
motiongen_1467,motiongen_sweep_00,1467,26.397741228718345,1,24.449999999999999,0,eligible
motiongen_1468,motiongen_sweep_00,1468,26.415741228718346,1,24.466999999999999,0,eligible
motiongen_1469,motiongen_sweep_00,1469,26.433741228718347,1,24.483000000000001,0,eligible
motiongen_1470,motiongen_sweep_00,1470,26.451741228718344,1,24.5,0,eligible
motiongen_1471,motiongen_sweep_00,1471,26.469741228718345,1,24.516999999999999,0,eligible
motiongen_1472,motiongen_sweep_00,1472,26.487741228718345,1,24.533000000000001,0,eligible
motiongen_1473,motiongen_sweep_00,1473,26.505741228718346,1,24.550000000000001,0,eligible
motiongen_1474,motiongen_sweep_00,1474,26.523741228718343,1,24.567,0,eligible
motiongen_1475,motiongen_sweep_00,1475,26.541741228718344,1,24.582999999999998,0,eligible
motiongen_1476,motiongen_sweep_00,1476,26.559741228718345,1,24.600000000000001,0,eligible
motiongen_1477,motiongen_sweep_00,1477,26.577741228718345,1,24.617000000000001,0,eligible
motiongen_1478,motiongen_sweep_00,1478,26.595741228718346,1,24.632999999999999,0,eligible
motiongen_1479,motiongen_sweep_00,1479,26.613741228718347,1,24.649999999999999,0,eligible
motiongen_1480,motiongen_sweep_00,1480,26.631741228718347,1,24.667000000000002,0,eligible
motiongen_1481,motiongen_sweep_00,1481,26.649741228718344,1,24.683,0,eligible
motiongen_1482,motiongen_sweep_00,1482,26.667741228718345,1,24.699999999999999,0,eligible
motiongen_1483,motiongen_sweep_00,1483,26.685741228718346,1,24.716999999999999,0,eligible
motiongen_1484,motiongen_sweep_00,1484,26.703741228718343,1,24.733000000000001,0,eligible
motiongen_1485,motiongen_sweep_00,1485,26.721741228718344,1,24.75,0,eligible
motiongen_1486,motiongen_sweep_00,1486,26.739741228718344,1,24.766999999999999,0,eligible
motiongen_1487,motiongen_sweep_00,1487,26.757741228718345,1,24.783000000000001,0,eligible
motiongen_1488,motiongen_sweep_00,1488,26.775741228718346,1,24.800000000000001,0,eligible
motiongen_1489,motiongen_sweep_00,1489,26.793741228718346,1,24.817,0,eligible
motiongen_1490,motiongen_sweep_00,1490,26.811741228718347,1,24.832999999999998,0,eligible
motiongen_1491,motiongen_sweep_00,1491,26.829741228718344,1,24.850000000000001,0,eligible
motiongen_1492,motiongen_sweep_00,1492,26.847741228718345,1,24.867000000000001,0,eligible
motiongen_1493,motiongen_sweep_00,1493,26.865741228718345,1,24.882999999999999,0,eligible
motiongen_1494,motiongen_sweep_00,1494,26.883741228718343,1,24.899999999999999,0,eligible
motiongen_1495,motiongen_sweep_00,1495,26.901741228718343,1,24.917000000000002,0,eligible
motiongen_1496,motiongen_sweep_00,1496,26.919741228718344,1,24.933,0,eligible
motiongen_1497,motiongen_sweep_00,1497,26.937741228718345,1,24.949999999999999,0,eligible
motiongen_1498,motiongen_sweep_00,1498,26.955741228718345,1,24.966999999999999,0,eligible
motiongen_1499,motiongen_sweep_00,1499,26.973741228718346,1,24.983000000000001,0,eligible
motiongen_1500,motiongen_sweep_00,1500,26.991741228718347,1,25,0,eligible
motiongen_1501,motiongen_sweep_00,1501,27.009741228718347,1,25.016999999999999,0,eligible
motiongen_1502,motiongen_sweep_00,1502,27.027741228718345,1,25.033000000000001,0,eligible
motiongen_1503,motiongen_sweep_00,1503,27.045741228718345,1,25.050000000000001,0,eligible
motiongen_1504,motiongen_sweep_00,1504,27.063741228718346,1,25.067,0,eligible
motiongen_1505,motiongen_sweep_00,1505,27.081741228718343,1,25.082999999999998,0,eligible
motiongen_1506,motiongen_sweep_00,1506,27.099741228718344,1,25.100000000000001,0,eligible
motiongen_1507,motiongen_sweep_00,1507,27.117741228718344,1,25.117000000000001,0,eligible
motiongen_1508,motiongen_sweep_00,1508,27.135741228718345,1,25.132999999999999,0,eligible
motiongen_1509,motiongen_sweep_00,1509,27.153741228718346,1,25.149999999999999,0,eligible
motiongen_1510,motiongen_sweep_00,1510,27.171741228718346,1,25.167000000000002,0,eligible
motiongen_1511,motiongen_sweep_00,1511,27.189741228718347,1,25.183,0,eligible
motiongen_1512,motiongen_sweep_00,1512,27.207741228718344,1,25.199999999999999,0,eligible
motiongen_1513,motiongen_sweep_00,1513,27.225741228718345,1,25.216999999999999,0,eligible
motiongen_1514,motiongen_sweep_00,1514,27.243741228718346,1,25.233000000000001,0,eligible
motiongen_1515,motiongen_sweep_00,1515,27.261741228718343,1,25.25,0,eligible
motiongen_1516,motiongen_sweep_00,1516,27.279741228718343,1,25.266999999999999,0,eligible
motiongen_1517,motiongen_sweep_00,1517,27.297741228718344,1,25.283000000000001,0,eligible
motiongen_1518,motiongen_sweep_00,1518,27.315741228718345,1,25.300000000000001,0,eligible
motiongen_1519,motiongen_sweep_00,1519,27.333741228718345,1,25.317,0,eligible
motiongen_1520,motiongen_sweep_00,1520,27.351741228718346,1,25.332999999999998,0,eligible
motiongen_1521,motiongen_sweep_00,1521,27.369741228718347,1,25.350000000000001,0,eligible
motiongen_1522,motiongen_sweep_00,1522,27.387741228718344,1,25.367000000000001,0,eligible
motiongen_1523,motiongen_sweep_00,1523,27.405741228718345,1,25.382999999999999,0,eligible
motiongen_1524,motiongen_sweep_00,1524,27.423741228718345,1,25.399999999999999,0,eligible
motiongen_1525,motiongen_sweep_00,1525,27.441741228718346,1,25.417000000000002,0,eligible
motiongen_1526,motiongen_sweep_00,1526,27.459741228718343,1,25.433,0,eligible
motiongen_1527,motiongen_sweep_00,1527,27.477741228718344,1,25.449999999999999,0,eligible
motiongen_1528,motiongen_sweep_00,1528,27.495741228718344,1,25.466999999999999,0,eligible
motiongen_1529,motiongen_sweep_00,1529,27.513741228718345,1,25.483000000000001,0,eligible
motiongen_1530,motiongen_sweep_00,1530,27.531741228718346,1,25.5,0,eligible
motiongen_1531,motiongen_sweep_00,1531,27.549741228718347,1,25.516999999999999,0,eligible
motiongen_1532,motiongen_sweep_00,1532,27.567741228718347,1,25.533000000000001,0,eligible
motiongen_1533,motiongen_sweep_00,1533,27.585741228718344,1,25.550000000000001,0,eligible
motiongen_1534,motiongen_sweep_00,1534,27.603741228718345,1,25.567,0,eligible
motiongen_1535,motiongen_sweep_00,1535,27.621741228718346,1,25.582999999999998,0,eligible
motiongen_1536,motiongen_sweep_00,1536,27.639741228718343,1,25.600000000000001,0,eligible
motiongen_1537,motiongen_sweep_00,1537,27.657741228718344,1,25.617000000000001,0,eligible
motiongen_1538,motiongen_sweep_00,1538,27.675741228718344,1,25.632999999999999,0,eligible
motiongen_1539,motiongen_sweep_00,1539,27.693741228718345,1,25.649999999999999,0,eligible
motiongen_1540,motiongen_sweep_00,1540,27.711741228718346,1,25.667000000000002,0,eligible
motiongen_1541,motiongen_sweep_00,1541,27.729741228718346,1,25.683,0,eligible
motiongen_1542,motiongen_sweep_00,1542,27.747741228718347,1,25.699999999999999,0,eligible
motiongen_1543,motiongen_sweep_00,1543,27.765741228718344,1,25.716999999999999,0,eligible
motiongen_1544,motiongen_sweep_00,1544,27.783741228718345,1,25.733000000000001,0,eligible
motiongen_1545,motiongen_sweep_00,1545,27.801741228718345,1,25.75,0,eligible
motiongen_1546,motiongen_sweep_00,1546,27.819741228718343,1,25.766999999999999,0,eligible
motiongen_1547,motiongen_sweep_00,1547,27.837741228718343,1,25.783000000000001,0,eligible
motiongen_1548,motiongen_sweep_00,1548,27.855741228718344,1,25.800000000000001,0,eligible
motiongen_1549,motiongen_sweep_00,1549,27.872741228718347,1,25.817,0,eligible
motiongen_1550,motiongen_sweep_00,1550,27.890741228718344,1,25.832999999999998,0,eligible
motiongen_1551,motiongen_sweep_00,1551,27.908741228718345,1,25.850000000000001,0,eligible
motiongen_1552,motiongen_sweep_00,1552,27.926741228718345,1,25.867000000000001,0,eligible
motiongen_1553,motiongen_sweep_00,1553,27.944741228718343,1,25.882999999999999,0,eligible
motiongen_1554,motiongen_sweep_00,1554,27.962741228718343,1,25.899999999999999,0,eligible
motiongen_1555,motiongen_sweep_00,1555,27.980741228718344,1,25.917000000000002,0,eligible
motiongen_1556,motiongen_sweep_00,1556,27.998741228718345,1,25.933,0,eligible
motiongen_1557,motiongen_sweep_00,1557,28.016741228718345,1,25.949999999999999,0,eligible
motiongen_1558,motiongen_sweep_00,1558,28.034741228718346,1,25.966999999999999,0,eligible
motiongen_1559,motiongen_sweep_00,1559,28.052741228718347,1,25.983000000000001,0,eligible
motiongen_1560,motiongen_sweep_00,1560,28.070741228718347,1,26,0,eligible
motiongen_1561,motiongen_sweep_00,1561,28.088741228718344,1,26.016999999999999,0,eligible
motiongen_1562,motiongen_sweep_00,1562,28.106741228718345,1,26.033000000000001,0,eligible
motiongen_1563,motiongen_sweep_00,1563,28.124741228718346,1,26.050000000000001,0,eligible
motiongen_1564,motiongen_sweep_00,1564,28.142741228718343,1,26.067,0,eligible
motiongen_1565,motiongen_sweep_00,1565,28.160741228718344,1,26.082999999999998,0,eligible
motiongen_1566,motiongen_sweep_00,1566,28.178741228718344,1,26.100000000000001,0,eligible
motiongen_1567,motiongen_sweep_00,1567,28.196741228718345,1,26.117000000000001,0,eligible
motiongen_1568,motiongen_sweep_00,1568,28.214741228718346,1,26.132999999999999,0,eligible
motiongen_1569,motiongen_sweep_00,1569,28.232741228718346,1,26.149999999999999,0,eligible
motiongen_1570,motiongen_sweep_00,1570,28.250741228718347,1,26.167000000000002,0,eligible
motiongen_1571,motiongen_sweep_00,1571,28.268741228718344,1,26.183,0,eligible
motiongen_1572,motiongen_sweep_00,1572,28.286741228718345,1,26.199999999999999,0,eligible
motiongen_1573,motiongen_sweep_00,1573,28.304741228718346,1,26.216999999999999,0,eligible
motiongen_1574,motiongen_sweep_00,1574,28.322741228718343,1,26.233000000000001,0,eligible
motiongen_1575,motiongen_sweep_00,1575,28.340741228718343,1,26.25,0,eligible
motiongen_1576,motiongen_sweep_00,1576,28.358741228718344,1,26.266999999999999,0,eligible
motiongen_1577,motiongen_sweep_00,1577,28.376741228718345,1,26.283000000000001,0,eligible
motiongen_1578,motiongen_sweep_00,1578,28.394741228718345,1,26.300000000000001,0,eligible
motiongen_1579,motiongen_sweep_00,1579,28.412741228718346,1,26.317,0,eligible
motiongen_1580,motiongen_sweep_00,1580,28.430741228718347,1,26.332999999999998,0,eligible
motiongen_1581,motiongen_sweep_00,1581,28.448741228718344,1,26.350000000000001,0,eligible
motiongen_1582,motiongen_sweep_00,1582,28.466741228718345,1,26.367000000000001,0,eligible
motiongen_1583,motiongen_sweep_00,1583,28.484741228718345,1,26.382999999999999,0,eligible
motiongen_1584,motiongen_sweep_00,1584,28.502741228718346,1,26.399999999999999,0,eligible
motiongen_1585,motiongen_sweep_00,1585,28.520741228718343,1,26.417000000000002,0,eligible
motiongen_1586,motiongen_sweep_00,1586,28.538741228718344,1,26.433,0,eligible
motiongen_1587,motiongen_sweep_00,1587,28.556741228718344,1,26.449999999999999,0,eligible
motiongen_1588,motiongen_sweep_00,1588,28.574741228718345,1,26.466999999999999,0,eligible
motiongen_1589,motiongen_sweep_00,1589,28.592741228718346,1,26.483000000000001,0,eligible
motiongen_1590,motiongen_sweep_00,1590,28.610741228718346,1,26.5,0,eligible
motiongen_1591,motiongen_sweep_00,1591,28.628741228718347,1,26.516999999999999,0,eligible
motiongen_1592,motiongen_sweep_00,1592,28.646741228718344,1,26.533000000000001,0,eligible
motiongen_1593,motiongen_sweep_00,1593,28.664741228718345,1,26.550000000000001,0,eligible
motiongen_1594,motiongen_sweep_00,1594,28.682741228718346,1,26.567,0,eligible
motiongen_1595,motiongen_sweep_00,1595,28.700741228718343,1,26.582999999999998,0,eligible
motiongen_1596,motiongen_sweep_00,1596,28.718741228718343,1,26.600000000000001,0,eligible
motiongen_1597,motiongen_sweep_00,1597,28.736741228718344,1,26.617000000000001,0,eligible
motiongen_1598,motiongen_sweep_00,1598,28.754741228718345,1,26.632999999999999,0,eligible
motiongen_1599,motiongen_sweep_00,1599,28.772741228718345,1,26.649999999999999,0,eligible
motiongen_1600,motiongen_sweep_00,1600,28.790741228718346,1,26.667000000000002,0,eligible
motiongen_1601,motiongen_sweep_00,1601,28.808741228718347,1,26.683,0,eligible
motiongen_1602,motiongen_sweep_00,1602,28.826741228718344,1,26.699999999999999,0,eligible
motiongen_1603,motiongen_sweep_00,1603,28.844741228718345,1,26.716999999999999,0,eligible
motiongen_1604,motiongen_sweep_00,1604,28.862741228718345,1,26.733000000000001,0,eligible
motiongen_1605,motiongen_sweep_00,1605,28.880741228718346,1,26.75,0,eligible
motiongen_1606,motiongen_sweep_00,1606,28.898741228718343,1,26.766999999999999,0,eligible
motiongen_1607,motiongen_sweep_00,1607,28.916741228718344,1,26.783000000000001,0,eligible
motiongen_1608,motiongen_sweep_00,1608,28.934741228718345,1,26.800000000000001,0,eligible
motiongen_1609,motiongen_sweep_00,1609,28.952741228718345,1,26.817,0,eligible
motiongen_1610,motiongen_sweep_00,1610,28.970741228718346,1,26.832999999999998,0,eligible
motiongen_1611,motiongen_sweep_00,1611,28.988741228718347,1,26.850000000000001,0,eligible
motiongen_1612,motiongen_sweep_00,1612,29.006741228718347,1,26.867000000000001,0,eligible
motiongen_1613,motiongen_sweep_00,1613,29.024741228718344,1,26.882999999999999,0,eligible
motiongen_1614,motiongen_sweep_00,1614,29.042741228718345,1,26.899999999999999,0,eligible
motiongen_1615,motiongen_sweep_00,1615,29.060741228718346,1,26.917000000000002,0,eligible
motiongen_1616,motiongen_sweep_00,1616,29.078741228718343,1,26.933,0,eligible
motiongen_1617,motiongen_sweep_00,1617,29.096741228718344,1,26.949999999999999,0,eligible
motiongen_1618,motiongen_sweep_00,1618,29.114741228718344,1,26.966999999999999,0,eligible
motiongen_1619,motiongen_sweep_00,1619,29.132741228718345,1,26.983000000000001,0,eligible
motiongen_1620,motiongen_sweep_00,1620,29.150741228718346,1,27,0,eligible
motiongen_1621,motiongen_sweep_00,1621,29.168741228718346,1,27.016999999999999,0,eligible
motiongen_1622,motiongen_sweep_00,1622,29.186741228718347,1,27.033000000000001,0,eligible
motiongen_1623,motiongen_sweep_00,1623,29.204741228718344,1,27.050000000000001,0,eligible
motiongen_1624,motiongen_sweep_00,1624,29.222741228718345,1,27.067,0,eligible
motiongen_1625,motiongen_sweep_00,1625,29.240741228718345,1,27.082999999999998,0,eligible
motiongen_1626,motiongen_sweep_00,1626,29.258741228718346,1,27.100000000000001,0,eligible
motiongen_1627,motiongen_sweep_00,1627,29.276741228718343,1,27.117000000000001,0,eligible
motiongen_1628,motiongen_sweep_00,1628,29.294741228718344,1,27.132999999999999,0,eligible
motiongen_1629,motiongen_sweep_00,1629,29.312741228718345,1,27.149999999999999,0,eligible
motiongen_1630,motiongen_sweep_00,1630,29.330741228718345,1,27.167000000000002,0,eligible
motiongen_1631,motiongen_sweep_00,1631,29.348741228718346,1,27.183,0,eligible
motiongen_1632,motiongen_sweep_00,1632,29.366741228718347,1,27.199999999999999,0,eligible
motiongen_1633,motiongen_sweep_00,1633,29.384741228718344,1,27.216999999999999,0,eligible
motiongen_1634,motiongen_sweep_00,1634,29.402741228718345,1,27.233000000000001,0,eligible
motiongen_1635,motiongen_sweep_00,1635,29.420741228718345,1,27.25,0,eligible
motiongen_1636,motiongen_sweep_00,1636,29.438741228718346,1,27.266999999999999,0,eligible
motiongen_1637,motiongen_sweep_00,1637,29.456741228718343,1,27.283000000000001,0,eligible
motiongen_1638,motiongen_sweep_00,1638,29.474741228718344,1,27.300000000000001,0,eligible
motiongen_1639,motiongen_sweep_00,1639,29.492741228718344,1,27.317,0,eligible
motiongen_1640,motiongen_sweep_00,1640,29.510741228718345,1,27.332999999999998,0,eligible
motiongen_1641,motiongen_sweep_00,1641,29.528741228718346,1,27.350000000000001,0,eligible
motiongen_1642,motiongen_sweep_00,1642,29.546741228718346,1,27.367000000000001,0,eligible
motiongen_1643,motiongen_sweep_00,1643,29.564741228718347,1,27.382999999999999,0,eligible
motiongen_1644,motiongen_sweep_00,1644,29.582741228718344,1,27.399999999999999,0,eligible
motiongen_1645,motiongen_sweep_00,1645,29.600741228718345,1,27.417000000000002,0,eligible
motiongen_1646,motiongen_sweep_00,1646,29.618741228718346,1,27.433,0,eligible
motiongen_1647,motiongen_sweep_00,1647,29.636741228718343,1,27.449999999999999,0,eligible
motiongen_1648,motiongen_sweep_00,1648,29.654741228718343,1,27.466999999999999,0,eligible
motiongen_1649,motiongen_sweep_00,1649,29.672741228718344,1,27.483000000000001,0,eligible
motiongen_1650,motiongen_sweep_00,1650,29.690741228718345,1,27.5,0,eligible
motiongen_1651,motiongen_sweep_00,1651,29.708741228718345,1,27.516999999999999,0,eligible
motiongen_1652,motiongen_sweep_00,1652,29.726741228718346,1,27.533000000000001,0,eligible
motiongen_1653,motiongen_sweep_00,1653,29.744741228718347,1,27.550000000000001,0,eligible
motiongen_1654,motiongen_sweep_00,1654,29.762741228718344,1,27.567,0,eligible
motiongen_1655,motiongen_sweep_00,1655,29.780741228718345,1,27.582999999999998,0,eligible
motiongen_1656,motiongen_sweep_00,1656,29.798741228718345,1,27.600000000000001,0,eligible
motiongen_1657,motiongen_sweep_00,1657,29.816741228718346,1,27.617000000000001,0,eligible
motiongen_1658,motiongen_sweep_00,1658,29.834741228718343,1,27.632999999999999,0,eligible
motiongen_1659,motiongen_sweep_00,1659,29.852741228718344,1,27.649999999999999,0,eligible
motiongen_1660,motiongen_sweep_00,1660,29.870741228718344,1,27.667000000000002,0,eligible
motiongen_1661,motiongen_sweep_00,1661,29.888741228718345,1,27.683,0,eligible
motiongen_1662,motiongen_sweep_00,1662,29.906741228718346,1,27.699999999999999,0,eligible
motiongen_1663,motiongen_sweep_00,1663,29.924741228718347,1,27.716999999999999,0,eligible
motiongen_1664,motiongen_sweep_00,1664,29.942741228718344,1,27.733000000000001,0,eligible
motiongen_1665,motiongen_sweep_00,1665,29.960741228718344,1,27.75,0,eligible
motiongen_1666,motiongen_sweep_00,1666,29.978741228718345,1,27.766999999999999,0,eligible
motiongen_1667,motiongen_sweep_00,1667,29.996741228718346,1,27.783000000000001,0,eligible
motiongen_1668,motiongen_sweep_00,1668,30.014741228718343,1,27.800000000000001,0,eligible
motiongen_1669,motiongen_sweep_00,1669,30.032741228718344,1,27.817,0,eligible
motiongen_1670,motiongen_sweep_00,1670,30.050741228718344,1,27.832999999999998,0,eligible
motiongen_1671,motiongen_sweep_00,1671,30.068741228718345,1,27.850000000000001,0,eligible
motiongen_1672,motiongen_sweep_00,1672,30.086741228718346,1,27.867000000000001,0,eligible
motiongen_1673,motiongen_sweep_00,1673,30.104741228718346,1,27.882999999999999,0,eligible
motiongen_1674,motiongen_sweep_00,1674,30.122741228718347,1,27.899999999999999,0,eligible
motiongen_1675,motiongen_sweep_00,1675,30.140741228718344,1,27.917000000000002,0,eligible
motiongen_1676,motiongen_sweep_00,1676,30.158741228718345,1,27.933,0,eligible
motiongen_1677,motiongen_sweep_00,1677,30.176741228718345,1,27.949999999999999,0,eligible
motiongen_1678,motiongen_sweep_00,1678,30.194741228718346,1,27.966999999999999,0,eligible
motiongen_1679,motiongen_sweep_00,1679,30.212741228718343,1,27.983000000000001,0,eligible
motiongen_1680,motiongen_sweep_00,1680,30.230741228718344,1,28,0,eligible
motiongen_1681,motiongen_sweep_00,1681,30.248741228718345,1,28.016999999999999,0,eligible
motiongen_1682,motiongen_sweep_00,1682,30.266741228718345,1,28.033000000000001,0,eligible
motiongen_1683,motiongen_sweep_00,1683,30.284741228718346,1,28.050000000000001,0,eligible
motiongen_1684,motiongen_sweep_00,1684,30.302741228718347,1,28.067,0,eligible
motiongen_1685,motiongen_sweep_00,1685,30.320741228718344,1,28.082999999999998,0,eligible
motiongen_1686,motiongen_sweep_00,1686,30.338741228718344,1,28.100000000000001,0,eligible
motiongen_1687,motiongen_sweep_00,1687,30.356741228718345,1,28.117000000000001,0,eligible
motiongen_1688,motiongen_sweep_00,1688,30.374741228718346,1,28.132999999999999,0,eligible
motiongen_1689,motiongen_sweep_00,1689,30.392741228718343,1,28.149999999999999,0,eligible
motiongen_1690,motiongen_sweep_00,1690,30.410741228718344,1,28.167000000000002,0,eligible
motiongen_1691,motiongen_sweep_00,1691,30.428741228718344,1,28.183,0,eligible
motiongen_1692,motiongen_sweep_00,1692,30.446741228718345,1,28.199999999999999,0,eligible
motiongen_1693,motiongen_sweep_00,1693,30.464741228718346,1,28.216999999999999,0,eligible
motiongen_1694,motiongen_sweep_00,1694,30.482741228718346,1,28.233000000000001,0,eligible
motiongen_1695,motiongen_sweep_00,1695,30.500741228718347,1,28.25,0,eligible
motiongen_1696,motiongen_sweep_00,1696,30.518741228718344,1,28.266999999999999,0,eligible
motiongen_1697,motiongen_sweep_00,1697,30.536741228718345,1,28.283000000000001,0,eligible
motiongen_1698,motiongen_sweep_00,1698,30.554741228718346,1,28.300000000000001,0,eligible
motiongen_1699,motiongen_sweep_00,1699,30.572741228718346,1,28.317,0,eligible
motiongen_1700,motiongen_sweep_00,1700,30.590741228718343,1,28.332999999999998,0,eligible
motiongen_1701,motiongen_sweep_00,1701,30.608741228718344,1,28.350000000000001,0,eligible
motiongen_1702,motiongen_sweep_00,1702,30.626741228718345,1,28.367000000000001,0,eligible
motiongen_1703,motiongen_sweep_00,1703,30.644741228718345,1,28.382999999999999,0,eligible
motiongen_1704,motiongen_sweep_00,1704,30.662741228718346,1,28.399999999999999,0,eligible
motiongen_1705,motiongen_sweep_00,1705,30.680741228718347,1,28.417000000000002,0,eligible
motiongen_1706,motiongen_sweep_00,1706,30.698741228718344,1,28.433,0,eligible
motiongen_1707,motiongen_sweep_00,1707,30.716741228718345,1,28.449999999999999,0,eligible
motiongen_1708,motiongen_sweep_00,1708,30.734741228718345,1,28.466999999999999,0,eligible
motiongen_1709,motiongen_sweep_00,1709,30.752741228718346,1,28.483000000000001,0,eligible
motiongen_1710,motiongen_sweep_00,1710,30.770741228718343,1,28.5,0,eligible
motiongen_1711,motiongen_sweep_00,1711,30.788741228718344,1,28.516999999999999,0,eligible
motiongen_1712,motiongen_sweep_00,1712,30.806741228718344,1,28.533000000000001,0,eligible
motiongen_1713,motiongen_sweep_00,1713,30.824741228718345,1,28.550000000000001,0,eligible
motiongen_1714,motiongen_sweep_00,1714,30.842741228718346,1,28.567,0,eligible
motiongen_1715,motiongen_sweep_00,1715,30.860741228718346,1,28.582999999999998,0,eligible
motiongen_1716,motiongen_sweep_00,1716,30.878741228718347,1,28.600000000000001,0,eligible
motiongen_1717,motiongen_sweep_00,1717,30.896741228718344,1,28.617000000000001,0,eligible
motiongen_1718,motiongen_sweep_00,1718,30.914741228718345,1,28.632999999999999,0,eligible
motiongen_1719,motiongen_sweep_00,1719,30.932741228718346,1,28.649999999999999,0,eligible
motiongen_1720,motiongen_sweep_00,1720,30.950741228718343,1,28.667000000000002,0,eligible
motiongen_1721,motiongen_sweep_00,1721,30.968741228718343,1,28.683,0,eligible
motiongen_1722,motiongen_sweep_00,1722,30.986741228718344,1,28.699999999999999,0,eligible
motiongen_1723,motiongen_sweep_00,1723,31.004741228718345,1,28.716999999999999,0,eligible
motiongen_1724,motiongen_sweep_00,1724,31.022741228718345,1,28.733000000000001,0,eligible
motiongen_1725,motiongen_sweep_00,1725,31.040741228718346,1,28.75,0,eligible
motiongen_1726,motiongen_sweep_00,1726,31.057741228718346,1,28.766999999999999,0,eligible
motiongen_1727,motiongen_sweep_00,1727,31.075741228718343,1,28.783000000000001,0,eligible
motiongen_1728,motiongen_sweep_00,1728,31.093741228718343,1,28.800000000000001,0,eligible
motiongen_1729,motiongen_sweep_00,1729,31.111741228718344,1,28.817,0,eligible
motiongen_1730,motiongen_sweep_00,1730,31.129741228718345,1,28.832999999999998,0,eligible
motiongen_1731,motiongen_sweep_00,1731,31.147741228718345,1,28.850000000000001,0,eligible
motiongen_1732,motiongen_sweep_00,1732,31.165741228718346,1,28.867000000000001,0,eligible
motiongen_1733,motiongen_sweep_00,1733,31.183741228718347,1,28.882999999999999,0,eligible
motiongen_1734,motiongen_sweep_00,1734,31.201741228718344,1,28.899999999999999,0,eligible
motiongen_1735,motiongen_sweep_00,1735,31.219741228718345,1,28.917000000000002,0,eligible
motiongen_1736,motiongen_sweep_00,1736,31.237741228718345,1,28.933,0,eligible
motiongen_1737,motiongen_sweep_00,1737,31.255741228718346,1,28.949999999999999,0,eligible
motiongen_1738,motiongen_sweep_00,1738,31.273741228718343,1,28.966999999999999,0,eligible
motiongen_1739,motiongen_sweep_00,1739,31.291741228718344,1,28.983000000000001,0,eligible
motiongen_1740,motiongen_sweep_00,1740,31.309741228718345,1,29,0,eligible
motiongen_1741,motiongen_sweep_00,1741,31.327741228718345,1,29.016999999999999,0,eligible
motiongen_1742,motiongen_sweep_00,1742,31.345741228718346,1,29.033000000000001,0,eligible
motiongen_1743,motiongen_sweep_00,1743,31.363741228718347,1,29.050000000000001,0,eligible
motiongen_1744,motiongen_sweep_00,1744,31.381741228718344,1,29.067,0,eligible
motiongen_1745,motiongen_sweep_00,1745,31.399741228718344,1,29.082999999999998,0,eligible
motiongen_1746,motiongen_sweep_00,1746,31.41792653589793,1,29.100000000000001,0,eligible
motiongen_1747,motiongen_sweep_00,1747,31.435926535897931,1,29.117000000000001,0,eligible
motiongen_1748,motiongen_sweep_00,1748,31.453926535897931,1,29.132999999999999,0,eligible
motiongen_1749,motiongen_sweep_00,1749,31.471926535897932,1,29.149999999999999,0,eligible
motiongen_1750,motiongen_sweep_00,1750,31.489926535897929,1,29.167000000000002,0,eligible
motiongen_1751,motiongen_sweep_00,1751,31.50792653589793,1,29.183,0,eligible
motiongen_1752,motiongen_sweep_00,1752,31.525926535897931,1,29.199999999999999,0,eligible
motiongen_1753,motiongen_sweep_00,1753,31.543926535897931,1,29.216999999999999,0,eligible
motiongen_1754,motiongen_sweep_00,1754,31.561926535897932,1,29.233000000000001,0,eligible
motiongen_1755,motiongen_sweep_00,1755,31.579926535897933,1,29.25,0,eligible
motiongen_1756,motiongen_sweep_00,1756,31.597926535897933,1,29.266999999999999,0,eligible
motiongen_1757,motiongen_sweep_00,1757,31.61592653589793,1,29.283000000000001,0,eligible
motiongen_1758,motiongen_sweep_00,1758,31.633926535897931,1,29.300000000000001,0,eligible
motiongen_1759,motiongen_sweep_00,1759,31.651926535897932,1,29.317,0,eligible
motiongen_1760,motiongen_sweep_00,1760,31.669926535897929,1,29.332999999999998,0,eligible
motiongen_1761,motiongen_sweep_00,1761,31.68792653589793,1,29.350000000000001,0,eligible
motiongen_1762,motiongen_sweep_00,1762,31.70592653589793,1,29.367000000000001,0,eligible
motiongen_1763,motiongen_sweep_00,1763,31.723926535897931,1,29.382999999999999,0,eligible
motiongen_1764,motiongen_sweep_00,1764,31.741926535897932,1,29.399999999999999,0,eligible
motiongen_1765,motiongen_sweep_00,1765,31.759926535897932,1,29.417000000000002,0,eligible
motiongen_1766,motiongen_sweep_00,1766,31.777926535897933,1,29.433,0,eligible
motiongen_1767,motiongen_sweep_00,1767,31.79592653589793,1,29.449999999999999,0,eligible
motiongen_1768,motiongen_sweep_00,1768,31.813926535897931,1,29.466999999999999,0,eligible
motiongen_1769,motiongen_sweep_00,1769,31.831926535897932,1,29.483000000000001,0,eligible
motiongen_1770,motiongen_sweep_00,1770,31.849926535897932,1,29.5,0,eligible
motiongen_1771,motiongen_sweep_00,1771,31.867926535897929,1,29.516999999999999,0,eligible
motiongen_1772,motiongen_sweep_00,1772,31.88592653589793,1,29.533000000000001,0,eligible
motiongen_1773,motiongen_sweep_00,1773,31.903926535897931,1,29.550000000000001,0,eligible
motiongen_1774,motiongen_sweep_00,1774,31.921926535897931,1,29.567,0,eligible
motiongen_1775,motiongen_sweep_00,1775,31.939926535897932,1,29.582999999999998,0,eligible
motiongen_1776,motiongen_sweep_00,1776,31.957926535897933,1,29.600000000000001,0,eligible
motiongen_1777,motiongen_sweep_00,1777,31.975926535897933,1,29.617000000000001,0,eligible
motiongen_1778,motiongen_sweep_00,1778,31.993926535897931,1,29.632999999999999,0,eligible
motiongen_1779,motiongen_sweep_00,1779,32.011926535897928,1,29.649999999999999,0,eligible
motiongen_1780,motiongen_sweep_00,1780,32.029926535897928,1,29.667000000000002,0,eligible
motiongen_1781,motiongen_sweep_00,1781,32.047926535897929,1,29.683,0,eligible
motiongen_1782,motiongen_sweep_00,1782,32.06592653589793,1,29.699999999999999,0,eligible
motiongen_1783,motiongen_sweep_00,1783,32.08392653589793,1,29.716999999999999,0,eligible
motiongen_1784,motiongen_sweep_00,1784,32.101926535897931,1,29.733000000000001,0,eligible
motiongen_1785,motiongen_sweep_00,1785,32.119926535897932,1,29.75,0,eligible
motiongen_1786,motiongen_sweep_00,1786,32.137926535897932,1,29.766999999999999,0,eligible
motiongen_1787,motiongen_sweep_00,1787,32.155926535897933,1,29.783000000000001,0,eligible
motiongen_1788,motiongen_sweep_00,1788,32.173926535897934,1,29.800000000000001,0,eligible
motiongen_1789,motiongen_sweep_00,1789,32.191926535897935,1,29.817,0,eligible
motiongen_1790,motiongen_sweep_00,1790,32.209926535897935,1,29.832999999999998,0,eligible
motiongen_1791,motiongen_sweep_00,1791,32.227926535897936,1,29.850000000000001,0,eligible
motiongen_1792,motiongen_sweep_00,1792,32.245926535897929,1,29.867000000000001,0,eligible
motiongen_1793,motiongen_sweep_00,1793,32.26392653589793,1,29.882999999999999,0,eligible
motiongen_1794,motiongen_sweep_00,1794,32.281926535897931,1,29.899999999999999,0,eligible
motiongen_1795,motiongen_sweep_00,1795,32.299926535897932,1,29.917000000000002,0,eligible
motiongen_1796,motiongen_sweep_00,1796,32.317926535897932,1,29.933,0,eligible
motiongen_1797,motiongen_sweep_00,1797,32.335926535897933,1,29.949999999999999,0,eligible
motiongen_1798,motiongen_sweep_00,1798,32.353926535897926,1,29.966999999999999,0,eligible
motiongen_1799,motiongen_sweep_00,1799,32.371926535897927,1,29.983000000000001,0,eligible
motiongen_1800,motiongen_sweep_00,1800,32.389926535897928,1,30,0,eligible
motiongen_1801,motiongen_sweep_00,1801,32.407926535897928,1,30.016999999999999,0,eligible
motiongen_1802,motiongen_sweep_00,1802,32.425926535897929,1,30.033000000000001,0,eligible
motiongen_1803,motiongen_sweep_00,1803,32.44392653589793,1,30.050000000000001,0,eligible
motiongen_1804,motiongen_sweep_00,1804,32.461926535897931,1,30.067,0,eligible
motiongen_1805,motiongen_sweep_00,1805,32.479926535897931,1,30.082999999999998,0,eligible
motiongen_1806,motiongen_sweep_00,1806,32.497926535897932,1,30.100000000000001,0,eligible
motiongen_1807,motiongen_sweep_00,1807,32.515926535897933,1,30.117000000000001,0,eligible
motiongen_1808,motiongen_sweep_00,1808,32.533926535897933,1,30.132999999999999,0,eligible
motiongen_1809,motiongen_sweep_00,1809,32.551926535897934,1,30.149999999999999,0,eligible
motiongen_1810,motiongen_sweep_00,1810,32.569926535897935,1,30.167000000000002,0,eligible
motiongen_1811,motiongen_sweep_00,1811,32.587926535897935,1,30.183,0,eligible
motiongen_1812,motiongen_sweep_00,1812,32.605926535897929,1,30.199999999999999,0,eligible
motiongen_1813,motiongen_sweep_00,1813,32.62392653589793,1,30.216999999999999,0,eligible
motiongen_1814,motiongen_sweep_00,1814,32.64192653589793,1,30.233000000000001,0,eligible
motiongen_1815,motiongen_sweep_00,1815,32.659926535897931,1,30.25,0,eligible
motiongen_1816,motiongen_sweep_00,1816,32.677926535897932,1,30.266999999999999,0,eligible
motiongen_1817,motiongen_sweep_00,1817,32.695926535897932,1,30.283000000000001,0,eligible
motiongen_1818,motiongen_sweep_00,1818,32.713926535897933,1,30.300000000000001,0,eligible
motiongen_1819,motiongen_sweep_00,1819,32.731926535897927,1,30.317,0,eligible
motiongen_1820,motiongen_sweep_00,1820,32.749926535897927,1,30.332999999999998,0,eligible
motiongen_1821,motiongen_sweep_00,1821,32.767926535897928,1,30.350000000000001,0,eligible
motiongen_1822,motiongen_sweep_00,1822,32.785926535897929,1,30.367000000000001,0,eligible
motiongen_1823,motiongen_sweep_00,1823,32.803926535897929,1,30.382999999999999,0,eligible
motiongen_1824,motiongen_sweep_00,1824,32.82192653589793,1,30.399999999999999,0,eligible
motiongen_1825,motiongen_sweep_00,1825,32.839926535897931,1,30.417000000000002,0,eligible
motiongen_1826,motiongen_sweep_00,1826,32.857926535897931,1,30.433,0,eligible
motiongen_1827,motiongen_sweep_00,1827,32.875926535897932,1,30.449999999999999,0,eligible
motiongen_1828,motiongen_sweep_00,1828,32.893926535897933,1,30.466999999999999,0,eligible
motiongen_1829,motiongen_sweep_00,1829,32.911926535897933,1,30.483000000000001,0,eligible
motiongen_1830,motiongen_sweep_00,1830,32.929926535897934,1,30.5,0,eligible
motiongen_1831,motiongen_sweep_00,1831,32.947926535897935,1,30.516999999999999,0,eligible
motiongen_1832,motiongen_sweep_00,1832,32.965926535897935,1,30.533000000000001,0,eligible
motiongen_1833,motiongen_sweep_00,1833,32.983926535897929,1,30.550000000000001,0,eligible
motiongen_1834,motiongen_sweep_00,1834,33.00192653589793,1,30.567,0,eligible
motiongen_1835,motiongen_sweep_00,1835,33.01992653589793,1,30.582999999999998,0,eligible
motiongen_1836,motiongen_sweep_00,1836,33.037926535897931,1,30.600000000000001,0,eligible
motiongen_1837,motiongen_sweep_00,1837,33.055926535897932,1,30.617000000000001,0,eligible
motiongen_1838,motiongen_sweep_00,1838,33.073926535897932,1,30.632999999999999,0,eligible
motiongen_1839,motiongen_sweep_00,1839,33.091926535897933,1,30.649999999999999,0,eligible
motiongen_1840,motiongen_sweep_00,1840,33.109926535897927,1,30.667000000000002,0,eligible
motiongen_1841,motiongen_sweep_00,1841,33.127926535897927,1,30.683,0,eligible
motiongen_1842,motiongen_sweep_00,1842,33.145926535897928,1,30.699999999999999,0,eligible
motiongen_1843,motiongen_sweep_00,1843,33.163926535897929,1,30.716999999999999,0,eligible
motiongen_1844,motiongen_sweep_00,1844,33.181926535897929,1,30.733000000000001,0,eligible
motiongen_1845,motiongen_sweep_00,1845,33.19992653589793,1,30.75,0,eligible
motiongen_1846,motiongen_sweep_00,1846,33.217926535897931,1,30.766999999999999,0,eligible
motiongen_1847,motiongen_sweep_00,1847,33.235926535897931,1,30.783000000000001,0,eligible
motiongen_1848,motiongen_sweep_00,1848,33.253926535897932,1,30.800000000000001,0,eligible
motiongen_1849,motiongen_sweep_00,1849,33.271926535897933,1,30.817,0,eligible
motiongen_1850,motiongen_sweep_00,1850,33.289926535897933,1,30.832999999999998,0,eligible
motiongen_1851,motiongen_sweep_00,1851,33.307926535897934,1,30.850000000000001,0,eligible
motiongen_1852,motiongen_sweep_00,1852,33.325926535897935,1,30.867000000000001,0,eligible
motiongen_1853,motiongen_sweep_00,1853,33.343926535897936,1,30.882999999999999,0,eligible
motiongen_1854,motiongen_sweep_00,1854,33.361926535897929,1,30.899999999999999,0,eligible
motiongen_1855,motiongen_sweep_00,1855,33.37992653589793,1,30.917000000000002,0,eligible
motiongen_1856,motiongen_sweep_00,1856,33.39792653589793,1,30.933,0,eligible
motiongen_1857,motiongen_sweep_00,1857,33.415926535897931,1,30.949999999999999,0,eligible
motiongen_1858,motiongen_sweep_00,1858,33.433926535897932,1,30.966999999999999,0,eligible
motiongen_1859,motiongen_sweep_00,1859,33.451926535897933,1,30.983000000000001,0,eligible
motiongen_1860,motiongen_sweep_00,1860,33.469926535897933,1,31,0,eligible
motiongen_1861,motiongen_sweep_00,1861,33.487926535897927,1,31.016999999999999,0,eligible
motiongen_1862,motiongen_sweep_00,1862,33.505926535897927,1,31.033000000000001,0,eligible
motiongen_1863,motiongen_sweep_00,1863,33.523926535897928,1,31.050000000000001,0,eligible
motiongen_1864,motiongen_sweep_00,1864,33.541926535897929,1,31.067,0,eligible
motiongen_1865,motiongen_sweep_00,1865,33.55992653589793,1,31.082999999999998,0,eligible
motiongen_1866,motiongen_sweep_00,1866,33.57792653589793,1,31.100000000000001,0,eligible
motiongen_1867,motiongen_sweep_00,1867,33.595926535897931,1,31.117000000000001,0,eligible
motiongen_1868,motiongen_sweep_00,1868,33.613926535897932,1,31.132999999999999,0,eligible
motiongen_1869,motiongen_sweep_00,1869,33.631926535897932,1,31.149999999999999,0,eligible
motiongen_1870,motiongen_sweep_00,1870,33.648926535897928,1,31.167000000000002,0,eligible
motiongen_1871,motiongen_sweep_00,1871,33.666926535897929,1,31.183,0,eligible
motiongen_1872,motiongen_sweep_00,1872,33.68492653589793,1,31.199999999999999,0,eligible
motiongen_1873,motiongen_sweep_00,1873,33.70292653589793,1,31.216999999999999,0,eligible
motiongen_1874,motiongen_sweep_00,1874,33.720926535897931,1,31.233000000000001,0,eligible
motiongen_1875,motiongen_sweep_00,1875,33.738926535897932,1,31.25,0,eligible
motiongen_1876,motiongen_sweep_00,1876,33.756926535897932,1,31.266999999999999,0,eligible
motiongen_1877,motiongen_sweep_00,1877,33.774926535897933,1,31.283000000000001,0,eligible
motiongen_1878,motiongen_sweep_00,1878,33.792926535897934,1,31.300000000000001,0,eligible
motiongen_1879,motiongen_sweep_00,1879,33.810926535897934,1,31.317,0,eligible
motiongen_1880,motiongen_sweep_00,1880,33.828926535897935,1,31.332999999999998,0,eligible
motiongen_1881,motiongen_sweep_00,1881,33.846926535897936,1,31.350000000000001,0,eligible
motiongen_1882,motiongen_sweep_00,1882,33.864926535897929,1,31.367000000000001,0,eligible
motiongen_1883,motiongen_sweep_00,1883,33.88292653589793,1,31.382999999999999,0,eligible
motiongen_1884,motiongen_sweep_00,1884,33.900926535897931,1,31.399999999999999,0,eligible
motiongen_1885,motiongen_sweep_00,1885,33.918926535897931,1,31.417000000000002,0,eligible
motiongen_1886,motiongen_sweep_00,1886,33.936926535897932,1,31.433,0,eligible
motiongen_1887,motiongen_sweep_00,1887,33.954926535897933,1,31.449999999999999,0,eligible
motiongen_1888,motiongen_sweep_00,1888,33.972926535897933,1,31.466999999999999,0,eligible
motiongen_1889,motiongen_sweep_00,1889,33.990926535897927,1,31.483000000000001,0,eligible
motiongen_1890,motiongen_sweep_00,1890,34.008926535897928,1,31.5,0,eligible
motiongen_1891,motiongen_sweep_00,1891,34.026926535897928,1,31.516999999999999,0,eligible
motiongen_1892,motiongen_sweep_00,1892,34.044926535897929,1,31.533000000000001,0,eligible
motiongen_1893,motiongen_sweep_00,1893,34.06292653589793,1,31.550000000000001,0,eligible
motiongen_1894,motiongen_sweep_00,1894,34.08092653589793,1,31.567,0,eligible
motiongen_1895,motiongen_sweep_00,1895,34.098926535897931,1,31.582999999999998,0,eligible
motiongen_1896,motiongen_sweep_00,1896,34.116926535897932,1,31.600000000000001,0,eligible
motiongen_1897,motiongen_sweep_00,1897,34.134926535897932,1,31.617000000000001,0,eligible
motiongen_1898,motiongen_sweep_00,1898,34.152926535897933,1,31.632999999999999,0,eligible
motiongen_1899,motiongen_sweep_00,1899,34.170926535897934,1,31.649999999999999,0,eligible
motiongen_1900,motiongen_sweep_00,1900,34.188926535897934,1,31.667000000000002,0,eligible
motiongen_1901,motiongen_sweep_00,1901,34.206926535897935,1,31.683,0,eligible
motiongen_1902,motiongen_sweep_00,1902,34.224926535897936,1,31.699999999999999,0,eligible
motiongen_1903,motiongen_sweep_00,1903,34.242926535897929,1,31.716999999999999,0,eligible
motiongen_1904,motiongen_sweep_00,1904,34.26092653589793,1,31.733000000000001,0,eligible
motiongen_1905,motiongen_sweep_00,1905,34.278926535897931,1,31.75,0,eligible
motiongen_1906,motiongen_sweep_00,1906,34.296926535897931,1,31.766999999999999,0,eligible
motiongen_1907,motiongen_sweep_00,1907,34.314926535897932,1,31.783000000000001,0,eligible
motiongen_1908,motiongen_sweep_00,1908,34.332926535897933,1,31.800000000000001,0,eligible
motiongen_1909,motiongen_sweep_00,1909,34.350926535897933,1,31.817,0,eligible
motiongen_1910,motiongen_sweep_00,1910,34.368926535897927,1,31.832999999999998,0,eligible
motiongen_1911,motiongen_sweep_00,1911,34.386926535897928,1,31.850000000000001,0,eligible
motiongen_1912,motiongen_sweep_00,1912,34.404926535897928,1,31.867000000000001,0,eligible
motiongen_1913,motiongen_sweep_00,1913,34.422926535897929,1,31.882999999999999,0,eligible
motiongen_1914,motiongen_sweep_00,1914,34.44092653589793,1,31.899999999999999,0,eligible
motiongen_1915,motiongen_sweep_00,1915,34.45892653589793,1,31.917000000000002,0,eligible
motiongen_1916,motiongen_sweep_00,1916,34.476926535897931,1,31.933,0,eligible
motiongen_1917,motiongen_sweep_00,1917,34.494926535897932,1,31.949999999999999,0,eligible
motiongen_1918,motiongen_sweep_00,1918,34.512926535897932,1,31.966999999999999,0,eligible
motiongen_1919,motiongen_sweep_00,1919,34.530926535897933,1,31.983000000000001,0,eligible
motiongen_1920,motiongen_sweep_00,1920,34.548926535897934,1,32,0,eligible
motiongen_1921,motiongen_sweep_00,1921,34.566926535897935,1,32.017000000000003,0,eligible
motiongen_1922,motiongen_sweep_00,1922,34.584926535897935,1,32.033000000000001,0,eligible
motiongen_1923,motiongen_sweep_00,1923,34.602926535897929,1,32.049999999999997,0,eligible
motiongen_1924,motiongen_sweep_00,1924,34.620926535897929,1,32.067,0,eligible
motiongen_1925,motiongen_sweep_00,1925,34.63892653589793,1,32.082999999999998,0,eligible
motiongen_1926,motiongen_sweep_00,1926,34.656926535897931,1,32.100000000000001,0,eligible
motiongen_1927,motiongen_sweep_00,1927,34.674926535897932,1,32.116999999999997,0,eligible
motiongen_1928,motiongen_sweep_00,1928,34.692926535897932,1,32.133000000000003,0,eligible
motiongen_1929,motiongen_sweep_00,1929,34.710926535897933,1,32.149999999999999,0,eligible
motiongen_1930,motiongen_sweep_00,1930,34.728926535897934,1,32.167000000000002,0,eligible
motiongen_1931,motiongen_sweep_00,1931,34.746926535897927,1,32.183,0,eligible
motiongen_1932,motiongen_sweep_00,1932,34.764926535897928,1,32.200000000000003,0,eligible
motiongen_1933,motiongen_sweep_00,1933,34.782926535897928,1,32.216999999999999,0,eligible
motiongen_1934,motiongen_sweep_00,1934,34.800926535897929,1,32.232999999999997,0,eligible
motiongen_1935,motiongen_sweep_00,1935,34.81892653589793,1,32.25,0,eligible
motiongen_1936,motiongen_sweep_00,1936,34.836926535897931,1,32.267000000000003,0,eligible
motiongen_1937,motiongen_sweep_00,1937,34.854926535897931,1,32.283000000000001,0,eligible
motiongen_1938,motiongen_sweep_00,1938,34.872926535897932,1,32.299999999999997,0,eligible
motiongen_1939,motiongen_sweep_00,1939,34.890926535897933,1,32.317,0,eligible
motiongen_1940,motiongen_sweep_00,1940,34.908926535897933,1,32.332999999999998,0,eligible
motiongen_1941,motiongen_sweep_00,1941,34.926926535897934,1,32.350000000000001,0,eligible
motiongen_1942,motiongen_sweep_00,1942,34.944926535897935,1,32.366999999999997,0,eligible
motiongen_1943,motiongen_sweep_00,1943,34.962926535897935,1,32.383000000000003,0,eligible
motiongen_1944,motiongen_sweep_00,1944,34.980926535897929,1,32.399999999999999,0,eligible
motiongen_1945,motiongen_sweep_00,1945,34.99892653589793,1,32.417000000000002,0,eligible
motiongen_1946,motiongen_sweep_00,1946,35.01692653589793,1,32.433,0,eligible
motiongen_1947,motiongen_sweep_00,1947,35.034926535897931,1,32.450000000000003,0,eligible
motiongen_1948,motiongen_sweep_00,1948,35.052926535897932,1,32.466999999999999,0,eligible
motiongen_1949,motiongen_sweep_00,1949,35.070926535897932,1,32.482999999999997,0,eligible
motiongen_1950,motiongen_sweep_00,1950,35.088926535897933,1,32.5,0,eligible
motiongen_1951,motiongen_sweep_00,1951,35.106926535897927,1,32.517000000000003,0,eligible
motiongen_1952,motiongen_sweep_00,1952,35.124926535897927,1,32.533000000000001,0,eligible
motiongen_1953,motiongen_sweep_00,1953,35.142926535897928,1,32.549999999999997,0,eligible
motiongen_1954,motiongen_sweep_00,1954,35.160926535897929,1,32.567,0,eligible
motiongen_1955,motiongen_sweep_00,1955,35.178926535897929,1,32.582999999999998,0,eligible
motiongen_1956,motiongen_sweep_00,1956,35.19692653589793,1,32.600000000000001,0,eligible
motiongen_1957,motiongen_sweep_00,1957,35.214926535897931,1,32.616999999999997,0,eligible
motiongen_1958,motiongen_sweep_00,1958,35.232926535897931,1,32.633000000000003,0,eligible
motiongen_1959,motiongen_sweep_00,1959,35.250926535897932,1,32.649999999999999,0,eligible
motiongen_1960,motiongen_sweep_00,1960,35.268926535897933,1,32.667000000000002,0,eligible
motiongen_1961,motiongen_sweep_00,1961,35.286926535897933,1,32.683,0,eligible
motiongen_1962,motiongen_sweep_00,1962,35.304926535897934,1,32.700000000000003,0,eligible
motiongen_1963,motiongen_sweep_00,1963,35.322926535897935,1,32.716999999999999,0,eligible
motiongen_1964,motiongen_sweep_00,1964,35.340926535897935,1,32.732999999999997,0,eligible
motiongen_1965,motiongen_sweep_00,1965,35.358926535897929,1,32.75,0,eligible
motiongen_1966,motiongen_sweep_00,1966,35.37692653589793,1,32.767000000000003,0,eligible
motiongen_1967,motiongen_sweep_00,1967,35.39492653589793,1,32.783000000000001,0,eligible
motiongen_1968,motiongen_sweep_00,1968,35.412926535897931,1,32.799999999999997,0,eligible
motiongen_1969,motiongen_sweep_00,1969,35.430926535897932,1,32.817,0,eligible
motiongen_1970,motiongen_sweep_00,1970,35.448926535897932,1,32.832999999999998,0,eligible
motiongen_1971,motiongen_sweep_00,1971,35.466926535897933,1,32.850000000000001,0,eligible
motiongen_1972,motiongen_sweep_00,1972,35.484926535897927,1,32.866999999999997,0,eligible
motiongen_1973,motiongen_sweep_00,1973,35.502926535897927,1,32.883000000000003,0,eligible
motiongen_1974,motiongen_sweep_00,1974,35.520926535897928,1,32.899999999999999,0,eligible
motiongen_1975,motiongen_sweep_00,1975,35.538926535897929,1,32.917000000000002,0,eligible
motiongen_1976,motiongen_sweep_00,1976,35.556926535897929,1,32.933,0,eligible
motiongen_1977,motiongen_sweep_00,1977,35.57492653589793,1,32.950000000000003,0,eligible
motiongen_1978,motiongen_sweep_00,1978,35.592926535897931,1,32.966999999999999,0,eligible
motiongen_1979,motiongen_sweep_00,1979,35.610926535897931,1,32.982999999999997,0,eligible
motiongen_1980,motiongen_sweep_00,1980,35.628926535897932,1,33,0,eligible
motiongen_1981,motiongen_sweep_00,1981,35.646926535897933,1,33.017000000000003,0,eligible
motiongen_1982,motiongen_sweep_00,1982,35.664926535897933,1,33.033000000000001,0,eligible
motiongen_1983,motiongen_sweep_00,1983,35.682926535897934,1,33.049999999999997,0,eligible
motiongen_1984,motiongen_sweep_00,1984,35.700926535897935,1,33.067,0,eligible
motiongen_1985,motiongen_sweep_00,1985,35.718926535897936,1,33.082999999999998,0,eligible
motiongen_1986,motiongen_sweep_00,1986,35.736926535897929,1,33.100000000000001,0,eligible
motiongen_1987,motiongen_sweep_00,1987,35.75492653589793,1,33.116999999999997,0,eligible
motiongen_1988,motiongen_sweep_00,1988,35.77292653589793,1,33.133000000000003,0,eligible
motiongen_1989,motiongen_sweep_00,1989,35.790926535897931,1,33.149999999999999,0,eligible
motiongen_1990,motiongen_sweep_00,1990,35.808926535897932,1,33.167000000000002,0,eligible
motiongen_1991,motiongen_sweep_00,1991,35.826926535897933,1,33.183,0,eligible
motiongen_1992,motiongen_sweep_00,1992,35.844926535897933,1,33.200000000000003,0,eligible
motiongen_1993,motiongen_sweep_00,1993,35.862926535897927,1,33.216999999999999,0,eligible
motiongen_1994,motiongen_sweep_00,1994,35.880926535897927,1,33.232999999999997,0,eligible
motiongen_1995,motiongen_sweep_00,1995,35.898926535897928,1,33.25,0,eligible
motiongen_1996,motiongen_sweep_00,1996,35.916926535897929,1,33.267000000000003,0,eligible
motiongen_1997,motiongen_sweep_00,1997,35.93492653589793,1,33.283000000000001,0,eligible
motiongen_1998,motiongen_sweep_00,1998,35.95292653589793,1,33.299999999999997,0,eligible
motiongen_1999,motiongen_sweep_00,1999,35.970926535897931,1,33.317,0,eligible
motiongen_2000,motiongen_sweep_00,2000,35.988926535897932,1,33.332999999999998,0,eligible
motiongen_2001,motiongen_sweep_00,2001,36.006926535897932,1,33.350000000000001,0,eligible
motiongen_2002,motiongen_sweep_00,2002,36.024926535897933,1,33.366999999999997,0,eligible
motiongen_2003,motiongen_sweep_00,2003,36.042926535897934,1,33.383000000000003,0,eligible
motiongen_2004,motiongen_sweep_00,2004,36.060926535897934,1,33.399999999999999,0,eligible
motiongen_2005,motiongen_sweep_00,2005,36.078926535897935,1,33.417000000000002,0,eligible
motiongen_2006,motiongen_sweep_00,2006,36.096926535897936,1,33.433,0,eligible
motiongen_2007,motiongen_sweep_00,2007,36.114926535897929,1,33.450000000000003,0,eligible
motiongen_2008,motiongen_sweep_00,2008,36.13292653589793,1,33.466999999999999,0,eligible
motiongen_2009,motiongen_sweep_00,2009,36.150926535897931,1,33.482999999999997,0,eligible
motiongen_2010,motiongen_sweep_00,2010,36.168926535897931,1,33.5,0,eligible
motiongen_2011,motiongen_sweep_00,2011,36.186926535897932,1,33.517000000000003,0,eligible
motiongen_2012,motiongen_sweep_00,2012,36.204926535897933,1,33.533000000000001,0,eligible
motiongen_2013,motiongen_sweep_00,2013,36.222926535897933,1,33.549999999999997,0,eligible
motiongen_2014,motiongen_sweep_00,2014,36.240926535897927,1,33.567,0,eligible
motiongen_2015,motiongen_sweep_00,2015,36.258926535897928,1,33.582999999999998,0,eligible
motiongen_2016,motiongen_sweep_00,2016,36.276926535897928,1,33.600000000000001,0,eligible
motiongen_2017,motiongen_sweep_00,2017,36.294926535897929,1,33.616999999999997,0,eligible
motiongen_2018,motiongen_sweep_00,2018,36.31292653589793,1,33.633000000000003,0,eligible
motiongen_2019,motiongen_sweep_00,2019,36.33092653589793,1,33.649999999999999,0,eligible
motiongen_2020,motiongen_sweep_00,2020,36.348926535897931,1,33.667000000000002,0,eligible
motiongen_2021,motiongen_sweep_00,2021,36.366926535897932,1,33.683,0,eligible
motiongen_2022,motiongen_sweep_00,2022,36.384926535897932,1,33.700000000000003,0,eligible
motiongen_2023,motiongen_sweep_00,2023,36.402926535897933,1,33.716999999999999,0,eligible
motiongen_2024,motiongen_sweep_00,2024,36.420926535897934,1,33.732999999999997,0,eligible
motiongen_2025,motiongen_sweep_00,2025,36.438926535897934,1,33.75,0,eligible
motiongen_2026,motiongen_sweep_00,2026,36.456926535897935,1,33.767000000000003,0,eligible
motiongen_2027,motiongen_sweep_00,2027,36.474926535897936,1,33.783000000000001,0,eligible
motiongen_2028,motiongen_sweep_00,2028,36.492926535897929,1,33.799999999999997,0,eligible
motiongen_2029,motiongen_sweep_00,2029,36.51092653589793,1,33.817,0,eligible
motiongen_2030,motiongen_sweep_00,2030,36.528926535897931,1,33.832999999999998,0,eligible
motiongen_2031,motiongen_sweep_00,2031,36.546926535897931,1,33.850000000000001,0,eligible
motiongen_2032,motiongen_sweep_00,2032,36.564926535897932,1,33.866999999999997,0,eligible
motiongen_2033,motiongen_sweep_00,2033,36.582926535897933,1,33.883000000000003,0,eligible
motiongen_2034,motiongen_sweep_00,2034,36.600926535897926,1,33.899999999999999,0,eligible
motiongen_2035,motiongen_sweep_00,2035,36.618926535897927,1,33.917000000000002,0,eligible
motiongen_2036,motiongen_sweep_00,2036,36.636926535897928,1,33.933,0,eligible
motiongen_2037,motiongen_sweep_00,2037,36.654926535897928,1,33.950000000000003,0,eligible
motiongen_2038,motiongen_sweep_00,2038,36.672926535897929,1,33.966999999999999,0,eligible
motiongen_2039,motiongen_sweep_00,2039,36.69092653589793,1,33.982999999999997,0,eligible
motiongen_2040,motiongen_sweep_00,2040,36.70892653589793,1,34,0,eligible
motiongen_2041,motiongen_sweep_00,2041,36.726926535897931,1,34.017000000000003,0,eligible
motiongen_2042,motiongen_sweep_00,2042,36.744926535897932,1,34.033000000000001,0,eligible
motiongen_2043,motiongen_sweep_00,2043,36.762926535897932,1,34.049999999999997,0,eligible
motiongen_2044,motiongen_sweep_00,2044,36.780926535897933,1,34.067,0,eligible
motiongen_2045,motiongen_sweep_00,2045,36.798926535897934,1,34.082999999999998,0,eligible
motiongen_2046,motiongen_sweep_00,2046,36.816926535897935,1,34.100000000000001,0,eligible
motiongen_2047,motiongen_sweep_00,2047,36.83392653589793,1,34.116999999999997,0,eligible
motiongen_2048,motiongen_sweep_00,2048,36.851926535897931,1,34.133000000000003,0,eligible
motiongen_2049,motiongen_sweep_00,2049,36.869926535897932,1,34.149999999999999,0,eligible
motiongen_2050,motiongen_sweep_00,2050,36.887926535897932,1,34.167000000000002,0,eligible
motiongen_2051,motiongen_sweep_00,2051,36.905926535897933,1,34.183,0,eligible
motiongen_2052,motiongen_sweep_00,2052,36.923926535897934,1,34.200000000000003,0,eligible
motiongen_2053,motiongen_sweep_00,2053,36.941926535897935,1,34.216999999999999,0,eligible
motiongen_2054,motiongen_sweep_00,2054,36.959926535897935,1,34.232999999999997,0,eligible
motiongen_2055,motiongen_sweep_00,2055,36.977926535897936,1,34.25,0,eligible
motiongen_2056,motiongen_sweep_00,2056,36.995926535897929,1,34.267000000000003,0,eligible
motiongen_2057,motiongen_sweep_00,2057,37.01392653589793,1,34.283000000000001,0,eligible
motiongen_2058,motiongen_sweep_00,2058,37.031926535897931,1,34.299999999999997,0,eligible
motiongen_2059,motiongen_sweep_00,2059,37.049926535897932,1,34.317,0,eligible
motiongen_2060,motiongen_sweep_00,2060,37.067926535897932,1,34.332999999999998,0,eligible
motiongen_2061,motiongen_sweep_00,2061,37.085926535897933,1,34.350000000000001,0,eligible
motiongen_2062,motiongen_sweep_00,2062,37.103926535897926,1,34.366999999999997,0,eligible
motiongen_2063,motiongen_sweep_00,2063,37.121926535897927,1,34.383000000000003,0,eligible
motiongen_2064,motiongen_sweep_00,2064,37.139926535897928,1,34.399999999999999,0,eligible
motiongen_2065,motiongen_sweep_00,2065,37.157926535897928,1,34.417000000000002,0,eligible
motiongen_2066,motiongen_sweep_00,2066,37.175926535897929,1,34.433,0,eligible
motiongen_2067,motiongen_sweep_00,2067,37.19392653589793,1,34.450000000000003,0,eligible
motiongen_2068,motiongen_sweep_00,2068,37.211926535897931,1,34.466999999999999,0,eligible
motiongen_2069,motiongen_sweep_00,2069,37.229926535897931,1,34.482999999999997,0,eligible
motiongen_2070,motiongen_sweep_00,2070,37.247926535897932,1,34.5,0,eligible
motiongen_2071,motiongen_sweep_00,2071,37.265926535897933,1,34.517000000000003,0,eligible
motiongen_2072,motiongen_sweep_00,2072,37.283926535897933,1,34.533000000000001,0,eligible
motiongen_2073,motiongen_sweep_00,2073,37.301926535897934,1,34.549999999999997,0,eligible
motiongen_2074,motiongen_sweep_00,2074,37.319926535897935,1,34.567,0,eligible
motiongen_2075,motiongen_sweep_00,2075,37.337926535897935,1,34.582999999999998,0,eligible
motiongen_2076,motiongen_sweep_00,2076,37.355926535897936,1,34.600000000000001,0,eligible
motiongen_2077,motiongen_sweep_00,2077,37.37392653589793,1,34.616999999999997,0,eligible
motiongen_2078,motiongen_sweep_00,2078,37.39192653589793,1,34.633000000000003,0,eligible
motiongen_2079,motiongen_sweep_00,2079,37.409926535897931,1,34.649999999999999,0,eligible
motiongen_2080,motiongen_sweep_00,2080,37.427926535897932,1,34.667000000000002,0,eligible
motiongen_2081,motiongen_sweep_00,2081,37.445926535897932,1,34.683,0,eligible
motiongen_2082,motiongen_sweep_00,2082,37.463926535897933,1,34.700000000000003,0,eligible
motiongen_2083,motiongen_sweep_00,2083,37.481926535897927,1,34.716999999999999,0,eligible
motiongen_2084,motiongen_sweep_00,2084,37.499926535897927,1,34.732999999999997,0,eligible
motiongen_2085,motiongen_sweep_00,2085,37.517926535897928,1,34.75,0,eligible
motiongen_2086,motiongen_sweep_00,2086,37.535926535897929,1,34.767000000000003,0,eligible
motiongen_2087,motiongen_sweep_00,2087,37.553926535897929,1,34.783000000000001,0,eligible
motiongen_2088,motiongen_sweep_00,2088,37.57192653589793,1,34.799999999999997,0,eligible
motiongen_2089,motiongen_sweep_00,2089,37.589926535897931,1,34.817,0,eligible
motiongen_2090,motiongen_sweep_00,2090,37.607926535897931,1,34.832999999999998,0,eligible
motiongen_2091,motiongen_sweep_00,2091,37.625926535897932,1,34.850000000000001,0,eligible
motiongen_2092,motiongen_sweep_00,2092,37.643926535897933,1,34.866999999999997,0,eligible
motiongen_2093,motiongen_sweep_00,2093,37.661926535897933,1,34.883000000000003,0,eligible
motiongen_2094,motiongen_sweep_00,2094,37.679926535897934,1,34.899999999999999,0,eligible
motiongen_2095,motiongen_sweep_00,2095,37.697926535897935,1,34.917000000000002,0,eligible
motiongen_2096,motiongen_sweep_00,2096,37.716111843077513,1,34.933,0,eligible
motiongen_2097,motiongen_sweep_00,2097,37.734111843077514,1,34.950000000000003,0,eligible
motiongen_2098,motiongen_sweep_00,2098,37.752111843077515,1,34.966999999999999,0,eligible
motiongen_2099,motiongen_sweep_00,2099,37.770111843077515,1,34.982999999999997,0,eligible
motiongen_2100,motiongen_sweep_00,2100,37.788111843077516,1,35,0,eligible
motiongen_2101,motiongen_sweep_00,2101,37.806111843077517,1,35.017000000000003,0,eligible
motiongen_2102,motiongen_sweep_00,2102,37.824111843077517,1,35.033000000000001,0,eligible
motiongen_2103,motiongen_sweep_00,2103,37.842111843077518,1,35.049999999999997,0,eligible
motiongen_2104,motiongen_sweep_00,2104,37.860111843077519,1,35.067,0,eligible
motiongen_2105,motiongen_sweep_00,2105,37.878111843077519,1,35.082999999999998,0,eligible
motiongen_2106,motiongen_sweep_00,2106,37.89611184307752,1,35.100000000000001,0,eligible
motiongen_2107,motiongen_sweep_00,2107,37.914111843077521,1,35.116999999999997,0,eligible
motiongen_2108,motiongen_sweep_00,2108,37.932111843077521,1,35.133000000000003,0,eligible
motiongen_2109,motiongen_sweep_00,2109,37.950111843077522,1,35.149999999999999,0,eligible
motiongen_2110,motiongen_sweep_00,2110,37.968111843077516,1,35.167000000000002,0,eligible
motiongen_2111,motiongen_sweep_00,2111,37.986111843077516,1,35.183,0,eligible
motiongen_2112,motiongen_sweep_00,2112,38.004111843077517,1,35.200000000000003,0,eligible
motiongen_2113,motiongen_sweep_00,2113,38.022111843077518,1,35.216999999999999,0,eligible
motiongen_2114,motiongen_sweep_00,2114,38.040111843077518,1,35.232999999999997,0,eligible
motiongen_2115,motiongen_sweep_00,2115,38.058111843077519,1,35.25,0,eligible
motiongen_2116,motiongen_sweep_00,2116,38.076111843077513,1,35.267000000000003,0,eligible
motiongen_2117,motiongen_sweep_00,2117,38.094111843077513,1,35.283000000000001,0,eligible
motiongen_2118,motiongen_sweep_00,2118,38.112111843077514,1,35.299999999999997,0,eligible
motiongen_2119,motiongen_sweep_00,2119,38.130111843077515,1,35.317,0,eligible
motiongen_2120,motiongen_sweep_00,2120,38.148111843077515,1,35.332999999999998,0,eligible
motiongen_2121,motiongen_sweep_00,2121,38.166111843077516,1,35.350000000000001,0,eligible
motiongen_2122,motiongen_sweep_00,2122,38.184111843077517,1,35.366999999999997,0,eligible
motiongen_2123,motiongen_sweep_00,2123,38.202111843077518,1,35.383000000000003,0,eligible
motiongen_2124,motiongen_sweep_00,2124,38.220111843077518,1,35.399999999999999,0,eligible
motiongen_2125,motiongen_sweep_00,2125,38.238111843077519,1,35.417000000000002,0,eligible
motiongen_2126,motiongen_sweep_00,2126,38.25611184307752,1,35.433,0,eligible
motiongen_2127,motiongen_sweep_00,2127,38.27411184307752,1,35.450000000000003,0,eligible
motiongen_2128,motiongen_sweep_00,2128,38.292111843077514,1,35.466999999999999,0,eligible
motiongen_2129,motiongen_sweep_00,2129,38.310111843077514,1,35.482999999999997,0,eligible
motiongen_2130,motiongen_sweep_00,2130,38.328111843077515,1,35.5,0,eligible
motiongen_2131,motiongen_sweep_00,2131,38.346111843077516,1,35.517000000000003,0,eligible
motiongen_2132,motiongen_sweep_00,2132,38.364111843077517,1,35.533000000000001,0,eligible
motiongen_2133,motiongen_sweep_00,2133,38.382111843077517,1,35.549999999999997,0,eligible
motiongen_2134,motiongen_sweep_00,2134,38.400111843077518,1,35.567,0,eligible
motiongen_2135,motiongen_sweep_00,2135,38.418111843077519,1,35.582999999999998,0,eligible
motiongen_2136,motiongen_sweep_00,2136,38.436111843077519,1,35.600000000000001,0,eligible
motiongen_2137,motiongen_sweep_00,2137,38.45411184307752,1,35.616999999999997,0,eligible
motiongen_2138,motiongen_sweep_00,2138,38.472111843077521,1,35.633000000000003,0,eligible
motiongen_2139,motiongen_sweep_00,2139,38.490111843077521,1,35.649999999999999,0,eligible
motiongen_2140,motiongen_sweep_00,2140,38.508111843077522,1,35.667000000000002,0,eligible
motiongen_2141,motiongen_sweep_00,2141,38.526111843077516,1,35.683,0,eligible
motiongen_2142,motiongen_sweep_00,2142,38.544111843077516,1,35.700000000000003,0,eligible
motiongen_2143,motiongen_sweep_00,2143,38.562111843077517,1,35.716999999999999,0,eligible
motiongen_2144,motiongen_sweep_00,2144,38.580111843077518,1,35.732999999999997,0,eligible
motiongen_2145,motiongen_sweep_00,2145,38.598111843077518,1,35.75,0,eligible
motiongen_2146,motiongen_sweep_00,2146,38.616111843077519,1,35.767000000000003,0,eligible
motiongen_2147,motiongen_sweep_00,2147,38.63411184307752,1,35.783000000000001,0,eligible
motiongen_2148,motiongen_sweep_00,2148,38.652111843077513,1,35.799999999999997,0,eligible
motiongen_2149,motiongen_sweep_00,2149,38.670111843077514,1,35.817,0,eligible
motiongen_2150,motiongen_sweep_00,2150,38.688111843077515,1,35.832999999999998,0,eligible
motiongen_2151,motiongen_sweep_00,2151,38.706111843077515,1,35.850000000000001,0,eligible
motiongen_2152,motiongen_sweep_00,2152,38.724111843077516,1,35.866999999999997,0,eligible
motiongen_2153,motiongen_sweep_00,2153,38.742111843077517,1,35.883000000000003,0,eligible
motiongen_2154,motiongen_sweep_00,2154,38.760111843077517,1,35.899999999999999,0,eligible
motiongen_2155,motiongen_sweep_00,2155,38.778111843077518,1,35.917000000000002,0,eligible
motiongen_2156,motiongen_sweep_00,2156,38.796111843077519,1,35.933,0,eligible
motiongen_2157,motiongen_sweep_00,2157,38.814111843077519,1,35.950000000000003,0,eligible
motiongen_2158,motiongen_sweep_00,2158,38.83211184307752,1,35.966999999999999,0,eligible
motiongen_2159,motiongen_sweep_00,2159,38.850111843077521,1,35.982999999999997,0,eligible
motiongen_2160,motiongen_sweep_00,2160,38.868111843077521,1,36,0,eligible
motiongen_2161,motiongen_sweep_00,2161,38.886111843077522,1,36.017000000000003,0,eligible
motiongen_2162,motiongen_sweep_00,2162,38.904111843077516,1,36.033000000000001,0,eligible
motiongen_2163,motiongen_sweep_00,2163,38.922111843077516,1,36.049999999999997,0,eligible
motiongen_2164,motiongen_sweep_00,2164,38.940111843077517,1,36.067,0,eligible
motiongen_2165,motiongen_sweep_00,2165,38.958111843077518,1,36.082999999999998,0,eligible
motiongen_2166,motiongen_sweep_00,2166,38.976111843077518,1,36.100000000000001,0,eligible
motiongen_2167,motiongen_sweep_00,2167,38.994111843077519,1,36.116999999999997,0,eligible
motiongen_2168,motiongen_sweep_00,2168,39.012111843077513,1,36.133000000000003,0,eligible
motiongen_2169,motiongen_sweep_00,2169,39.030111843077513,1,36.149999999999999,0,eligible
motiongen_2170,motiongen_sweep_00,2170,39.048111843077514,1,36.167000000000002,0,eligible
motiongen_2171,motiongen_sweep_00,2171,39.066111843077515,1,36.183,0,eligible
motiongen_2172,motiongen_sweep_00,2172,39.084111843077515,1,36.200000000000003,0,eligible
motiongen_2173,motiongen_sweep_00,2173,39.102111843077516,1,36.216999999999999,0,eligible
motiongen_2174,motiongen_sweep_00,2174,39.120111843077517,1,36.232999999999997,0,eligible
motiongen_2175,motiongen_sweep_00,2175,39.138111843077517,1,36.25,0,eligible
motiongen_2176,motiongen_sweep_00,2176,39.156111843077518,1,36.267000000000003,0,eligible
motiongen_2177,motiongen_sweep_00,2177,39.174111843077519,1,36.283000000000001,0,eligible
motiongen_2178,motiongen_sweep_00,2178,39.192111843077519,1,36.299999999999997,0,eligible
motiongen_2179,motiongen_sweep_00,2179,39.21011184307752,1,36.317,0,eligible
motiongen_2180,motiongen_sweep_00,2180,39.228111843077521,1,36.332999999999998,0,eligible
motiongen_2181,motiongen_sweep_00,2181,39.246111843077522,1,36.350000000000001,0,eligible
motiongen_2182,motiongen_sweep_00,2182,39.264111843077515,1,36.366999999999997,0,eligible
motiongen_2183,motiongen_sweep_00,2183,39.282111843077516,1,36.383000000000003,0,eligible
motiongen_2184,motiongen_sweep_00,2184,39.300111843077516,1,36.399999999999999,0,eligible
motiongen_2185,motiongen_sweep_00,2185,39.318111843077517,1,36.417000000000002,0,eligible
motiongen_2186,motiongen_sweep_00,2186,39.336111843077518,1,36.433,0,eligible
motiongen_2187,motiongen_sweep_00,2187,39.354111843077519,1,36.450000000000003,0,eligible
motiongen_2188,motiongen_sweep_00,2188,39.372111843077519,1,36.466999999999999,0,eligible
motiongen_2189,motiongen_sweep_00,2189,39.390111843077513,1,36.482999999999997,0,eligible
motiongen_2190,motiongen_sweep_00,2190,39.408111843077513,1,36.5,0,eligible
motiongen_2191,motiongen_sweep_00,2191,39.425111843077516,1,36.517000000000003,0,eligible
motiongen_2192,motiongen_sweep_00,2192,39.443111843077517,1,36.533000000000001,0,eligible
motiongen_2193,motiongen_sweep_00,2193,39.461111843077518,1,36.549999999999997,0,eligible
motiongen_2194,motiongen_sweep_00,2194,39.479111843077519,1,36.567,0,eligible
motiongen_2195,motiongen_sweep_00,2195,39.497111843077519,1,36.582999999999998,0,eligible
motiongen_2196,motiongen_sweep_00,2196,39.51511184307752,1,36.600000000000001,0,eligible
motiongen_2197,motiongen_sweep_00,2197,39.533111843077513,1,36.616999999999997,0,eligible
motiongen_2198,motiongen_sweep_00,2198,39.551111843077514,1,36.633000000000003,0,eligible
motiongen_2199,motiongen_sweep_00,2199,39.569111843077515,1,36.649999999999999,0,eligible
motiongen_2200,motiongen_sweep_00,2200,39.587111843077516,1,36.667000000000002,0,eligible
motiongen_2201,motiongen_sweep_00,2201,39.605111843077516,1,36.683,0,eligible
motiongen_2202,motiongen_sweep_00,2202,39.623111843077517,1,36.700000000000003,0,eligible
motiongen_2203,motiongen_sweep_00,2203,39.641111843077518,1,36.716999999999999,0,eligible
motiongen_2204,motiongen_sweep_00,2204,39.659111843077518,1,36.732999999999997,0,eligible
motiongen_2205,motiongen_sweep_00,2205,39.677111843077519,1,36.75,0,eligible
motiongen_2206,motiongen_sweep_00,2206,39.69511184307752,1,36.767000000000003,0,eligible
motiongen_2207,motiongen_sweep_00,2207,39.71311184307752,1,36.783000000000001,0,eligible
motiongen_2208,motiongen_sweep_00,2208,39.731111843077521,1,36.799999999999997,0,eligible
motiongen_2209,motiongen_sweep_00,2209,39.749111843077522,1,36.817,0,eligible
motiongen_2210,motiongen_sweep_00,2210,39.767111843077515,1,36.832999999999998,0,eligible
motiongen_2211,motiongen_sweep_00,2211,39.785111843077516,1,36.850000000000001,0,eligible
motiongen_2212,motiongen_sweep_00,2212,39.803111843077517,1,36.866999999999997,0,eligible
motiongen_2213,motiongen_sweep_00,2213,39.821111843077517,1,36.883000000000003,0,eligible
motiongen_2214,motiongen_sweep_00,2214,39.839111843077518,1,36.899999999999999,0,eligible
motiongen_2215,motiongen_sweep_00,2215,39.857111843077519,1,36.917000000000002,0,eligible
motiongen_2216,motiongen_sweep_00,2216,39.875111843077519,1,36.933,0,eligible
motiongen_2217,motiongen_sweep_00,2217,39.893111843077513,1,36.950000000000003,0,eligible
motiongen_2218,motiongen_sweep_00,2218,39.911111843077514,1,36.966999999999999,0,eligible
motiongen_2219,motiongen_sweep_00,2219,39.929111843077514,1,36.982999999999997,0,eligible
motiongen_2220,motiongen_sweep_00,2220,39.947111843077515,1,37,0,eligible
motiongen_2221,motiongen_sweep_00,2221,39.965111843077516,1,37.017000000000003,0,eligible
motiongen_2222,motiongen_sweep_00,2222,39.983111843077516,1,37.033000000000001,0,eligible
motiongen_2223,motiongen_sweep_00,2223,40.001111843077517,1,37.049999999999997,0,eligible
motiongen_2224,motiongen_sweep_00,2224,40.019111843077518,1,37.067,0,eligible
motiongen_2225,motiongen_sweep_00,2225,40.037111843077518,1,37.082999999999998,0,eligible
motiongen_2226,motiongen_sweep_00,2226,40.055111843077519,1,37.100000000000001,0,eligible
motiongen_2227,motiongen_sweep_00,2227,40.07311184307752,1,37.116999999999997,0,eligible
motiongen_2228,motiongen_sweep_00,2228,40.09111184307752,1,37.133000000000003,0,eligible
motiongen_2229,motiongen_sweep_00,2229,40.109111843077521,1,37.149999999999999,0,eligible
motiongen_2230,motiongen_sweep_00,2230,40.127111843077522,1,37.167000000000002,0,eligible
motiongen_2231,motiongen_sweep_00,2231,40.145111843077515,1,37.183,0,eligible
motiongen_2232,motiongen_sweep_00,2232,40.163111843077516,1,37.200000000000003,0,eligible
motiongen_2233,motiongen_sweep_00,2233,40.181111843077517,1,37.216999999999999,0,eligible
motiongen_2234,motiongen_sweep_00,2234,40.199111843077517,1,37.232999999999997,0,eligible
motiongen_2235,motiongen_sweep_00,2235,40.217111843077518,1,37.25,0,eligible
motiongen_2236,motiongen_sweep_00,2236,40.235111843077519,1,37.267000000000003,0,eligible
motiongen_2237,motiongen_sweep_00,2237,40.253111843077519,1,37.283000000000001,0,eligible
motiongen_2238,motiongen_sweep_00,2238,40.271111843077513,1,37.299999999999997,0,eligible
motiongen_2239,motiongen_sweep_00,2239,40.289111843077514,1,37.317,0,eligible
motiongen_2240,motiongen_sweep_00,2240,40.307111843077514,1,37.332999999999998,0,eligible
motiongen_2241,motiongen_sweep_00,2241,40.325111843077515,1,37.350000000000001,0,eligible
motiongen_2242,motiongen_sweep_00,2242,40.343111843077516,1,37.366999999999997,0,eligible
motiongen_2243,motiongen_sweep_00,2243,40.361111843077516,1,37.383000000000003,0,eligible
motiongen_2244,motiongen_sweep_00,2244,40.379111843077517,1,37.399999999999999,0,eligible
motiongen_2245,motiongen_sweep_00,2245,40.397111843077518,1,37.417000000000002,0,eligible
motiongen_2246,motiongen_sweep_00,2246,40.415111843077518,1,37.433,0,eligible
motiongen_2247,motiongen_sweep_00,2247,40.433111843077519,1,37.450000000000003,0,eligible
motiongen_2248,motiongen_sweep_00,2248,40.45111184307752,1,37.466999999999999,0,eligible
motiongen_2249,motiongen_sweep_00,2249,40.469111843077521,1,37.482999999999997,0,eligible
motiongen_2250,motiongen_sweep_00,2250,40.487111843077521,1,37.5,0,eligible
motiongen_2251,motiongen_sweep_00,2251,40.505111843077522,1,37.517000000000003,0,eligible
motiongen_2252,motiongen_sweep_00,2252,40.523111843077515,1,37.533000000000001,0,eligible
motiongen_2253,motiongen_sweep_00,2253,40.541111843077516,1,37.549999999999997,0,eligible
motiongen_2254,motiongen_sweep_00,2254,40.559111843077517,1,37.567,0,eligible
motiongen_2255,motiongen_sweep_00,2255,40.577111843077518,1,37.582999999999998,0,eligible
motiongen_2256,motiongen_sweep_00,2256,40.595111843077518,1,37.600000000000001,0,eligible
motiongen_2257,motiongen_sweep_00,2257,40.613111843077519,1,37.616999999999997,0,eligible
motiongen_2258,motiongen_sweep_00,2258,40.63111184307752,1,37.633000000000003,0,eligible
motiongen_2259,motiongen_sweep_00,2259,40.649111843077513,1,37.649999999999999,0,eligible
motiongen_2260,motiongen_sweep_00,2260,40.667111843077514,1,37.667000000000002,0,eligible
motiongen_2261,motiongen_sweep_00,2261,40.685111843077514,1,37.683,0,eligible
motiongen_2262,motiongen_sweep_00,2262,40.703111843077515,1,37.700000000000003,0,eligible
motiongen_2263,motiongen_sweep_00,2263,40.721111843077516,1,37.716999999999999,0,eligible
motiongen_2264,motiongen_sweep_00,2264,40.739111843077517,1,37.732999999999997,0,eligible
motiongen_2265,motiongen_sweep_00,2265,40.757111843077517,1,37.75,0,eligible
motiongen_2266,motiongen_sweep_00,2266,40.775111843077518,1,37.767000000000003,0,eligible
motiongen_2267,motiongen_sweep_00,2267,40.793111843077519,1,37.783000000000001,0,eligible
motiongen_2268,motiongen_sweep_00,2268,40.811111843077519,1,37.799999999999997,0,eligible
motiongen_2269,motiongen_sweep_00,2269,40.82911184307752,1,37.817,0,eligible
motiongen_2270,motiongen_sweep_00,2270,40.847111843077521,1,37.832999999999998,0,eligible
motiongen_2271,motiongen_sweep_00,2271,40.865111843077521,1,37.850000000000001,0,eligible
motiongen_2272,motiongen_sweep_00,2272,40.883111843077522,1,37.866999999999997,0,eligible
motiongen_2273,motiongen_sweep_00,2273,40.901111843077516,1,37.883000000000003,0,eligible
motiongen_2274,motiongen_sweep_00,2274,40.919111843077516,1,37.899999999999999,0,eligible
motiongen_2275,motiongen_sweep_00,2275,40.937111843077517,1,37.917000000000002,0,eligible
motiongen_2276,motiongen_sweep_00,2276,40.955111843077518,1,37.933,0,eligible
motiongen_2277,motiongen_sweep_00,2277,40.973111843077518,1,37.950000000000003,0,eligible
motiongen_2278,motiongen_sweep_00,2278,40.991111843077519,1,37.966999999999999,0,eligible
motiongen_2279,motiongen_sweep_00,2279,41.00911184307752,1,37.982999999999997,0,eligible
motiongen_2280,motiongen_sweep_00,2280,41.027111843077513,1,38,0,eligible
motiongen_2281,motiongen_sweep_00,2281,41.045111843077514,1,38.017000000000003,0,eligible
motiongen_2282,motiongen_sweep_00,2282,41.063111843077515,1,38.033000000000001,0,eligible
motiongen_2283,motiongen_sweep_00,2283,41.081111843077515,1,38.049999999999997,0,eligible
motiongen_2284,motiongen_sweep_00,2284,41.099111843077516,1,38.067,0,eligible
motiongen_2285,motiongen_sweep_00,2285,41.117111843077517,1,38.082999999999998,0,eligible
motiongen_2286,motiongen_sweep_00,2286,41.135111843077517,1,38.100000000000001,0,eligible
motiongen_2287,motiongen_sweep_00,2287,41.153111843077518,1,38.116999999999997,0,eligible
motiongen_2288,motiongen_sweep_00,2288,41.171111843077519,1,38.133000000000003,0,eligible
motiongen_2289,motiongen_sweep_00,2289,41.189111843077519,1,38.149999999999999,0,eligible
motiongen_2290,motiongen_sweep_00,2290,41.20711184307752,1,38.167000000000002,0,eligible
motiongen_2291,motiongen_sweep_00,2291,41.225111843077521,1,38.183,0,eligible
motiongen_2292,motiongen_sweep_00,2292,41.243111843077521,1,38.200000000000003,0,eligible
motiongen_2293,motiongen_sweep_00,2293,41.261111843077515,1,38.216999999999999,0,eligible
motiongen_2294,motiongen_sweep_00,2294,41.279111843077516,1,38.232999999999997,0,eligible
motiongen_2295,motiongen_sweep_00,2295,41.297111843077516,1,38.25,0,eligible
motiongen_2296,motiongen_sweep_00,2296,41.315111843077517,1,38.267000000000003,0,eligible
motiongen_2297,motiongen_sweep_00,2297,41.333111843077518,1,38.283000000000001,0,eligible
motiongen_2298,motiongen_sweep_00,2298,41.351111843077518,1,38.299999999999997,0,eligible
motiongen_2299,motiongen_sweep_00,2299,41.369111843077519,1,38.317,0,eligible
motiongen_2300,motiongen_sweep_00,2300,41.38711184307752,1,38.332999999999998,0,eligible
motiongen_2301,motiongen_sweep_00,2301,41.405111843077513,1,38.350000000000001,0,eligible
motiongen_2302,motiongen_sweep_00,2302,41.423111843077514,1,38.366999999999997,0,eligible
motiongen_2303,motiongen_sweep_00,2303,41.441111843077515,1,38.383000000000003,0,eligible
motiongen_2304,motiongen_sweep_00,2304,41.459111843077515,1,38.399999999999999,0,eligible
motiongen_2305,motiongen_sweep_00,2305,41.477111843077516,1,38.417000000000002,0,eligible
motiongen_2306,motiongen_sweep_00,2306,41.495111843077517,1,38.433,0,eligible
motiongen_2307,motiongen_sweep_00,2307,41.513111843077517,1,38.450000000000003,0,eligible
motiongen_2308,motiongen_sweep_00,2308,41.531111843077518,1,38.466999999999999,0,eligible
motiongen_2309,motiongen_sweep_00,2309,41.549111843077519,1,38.482999999999997,0,eligible
motiongen_2310,motiongen_sweep_00,2310,41.567111843077519,1,38.5,0,eligible
motiongen_2311,motiongen_sweep_00,2311,41.58511184307752,1,38.517000000000003,0,eligible
motiongen_2312,motiongen_sweep_00,2312,41.603111843077521,1,38.533000000000001,0,eligible
motiongen_2313,motiongen_sweep_00,2313,41.621111843077522,1,38.549999999999997,0,eligible
motiongen_2314,motiongen_sweep_00,2314,41.639111843077515,1,38.567,0,eligible
motiongen_2315,motiongen_sweep_00,2315,41.657111843077516,1,38.582999999999998,0,eligible
motiongen_2316,motiongen_sweep_00,2316,41.675111843077516,1,38.600000000000001,0,eligible
motiongen_2317,motiongen_sweep_00,2317,41.693111843077517,1,38.616999999999997,0,eligible
motiongen_2318,motiongen_sweep_00,2318,41.711111843077518,1,38.633000000000003,0,eligible
motiongen_2319,motiongen_sweep_00,2319,41.729111843077519,1,38.649999999999999,0,eligible
motiongen_2320,motiongen_sweep_00,2320,41.747111843077519,1,38.667000000000002,0,eligible
motiongen_2321,motiongen_sweep_00,2321,41.765111843077513,1,38.683,0,eligible
motiongen_2322,motiongen_sweep_00,2322,41.783111843077513,1,38.700000000000003,0,eligible
motiongen_2323,motiongen_sweep_00,2323,41.801111843077514,1,38.716999999999999,0,eligible
motiongen_2324,motiongen_sweep_00,2324,41.819111843077515,1,38.732999999999997,0,eligible
motiongen_2325,motiongen_sweep_00,2325,41.837111843077516,1,38.75,0,eligible
motiongen_2326,motiongen_sweep_00,2326,41.855111843077516,1,38.767000000000003,0,eligible
motiongen_2327,motiongen_sweep_00,2327,41.873111843077517,1,38.783000000000001,0,eligible
motiongen_2328,motiongen_sweep_00,2328,41.891111843077518,1,38.799999999999997,0,eligible
motiongen_2329,motiongen_sweep_00,2329,41.909111843077518,1,38.817,0,eligible
motiongen_2330,motiongen_sweep_00,2330,41.927111843077519,1,38.832999999999998,0,eligible
motiongen_2331,motiongen_sweep_00,2331,41.94511184307752,1,38.850000000000001,0,eligible
motiongen_2332,motiongen_sweep_00,2332,41.96311184307752,1,38.866999999999997,0,eligible
motiongen_2333,motiongen_sweep_00,2333,41.981111843077521,1,38.883000000000003,0,eligible
motiongen_2334,motiongen_sweep_00,2334,41.999111843077522,1,38.899999999999999,0,eligible
motiongen_2335,motiongen_sweep_00,2335,42.017111843077515,1,38.917000000000002,0,eligible
motiongen_2336,motiongen_sweep_00,2336,42.035111843077516,1,38.933,0,eligible
motiongen_2337,motiongen_sweep_00,2337,42.053111843077517,1,38.950000000000003,0,eligible
motiongen_2338,motiongen_sweep_00,2338,42.071111843077517,1,38.966999999999999,0,eligible
motiongen_2339,motiongen_sweep_00,2339,42.089111843077518,1,38.982999999999997,0,eligible
motiongen_2340,motiongen_sweep_00,2340,42.107111843077519,1,39,0,eligible
motiongen_2341,motiongen_sweep_00,2341,42.125111843077519,1,39.017000000000003,0,eligible
motiongen_2342,motiongen_sweep_00,2342,42.143111843077513,1,39.033000000000001,0,eligible
motiongen_2343,motiongen_sweep_00,2343,42.161111843077514,1,39.049999999999997,0,eligible
motiongen_2344,motiongen_sweep_00,2344,42.179111843077514,1,39.067,0,eligible
motiongen_2345,motiongen_sweep_00,2345,42.197111843077515,1,39.082999999999998,0,eligible
motiongen_2346,motiongen_sweep_00,2346,42.215111843077516,1,39.100000000000001,0,eligible
motiongen_2347,motiongen_sweep_00,2347,42.233111843077516,1,39.116999999999997,0,eligible
motiongen_2348,motiongen_sweep_00,2348,42.251111843077517,1,39.133000000000003,0,eligible
motiongen_2349,motiongen_sweep_00,2349,42.269111843077518,1,39.149999999999999,0,eligible
motiongen_2350,motiongen_sweep_00,2350,42.287111843077518,1,39.167000000000002,0,eligible
motiongen_2351,motiongen_sweep_00,2351,42.305111843077519,1,39.183,0,eligible
motiongen_2352,motiongen_sweep_00,2352,42.32311184307752,1,39.200000000000003,0,eligible
motiongen_2353,motiongen_sweep_00,2353,42.34111184307752,1,39.216999999999999,0,eligible
motiongen_2354,motiongen_sweep_00,2354,42.359111843077521,1,39.232999999999997,0,eligible
motiongen_2355,motiongen_sweep_00,2355,42.377111843077522,1,39.25,0,eligible
motiongen_2356,motiongen_sweep_00,2356,42.395111843077515,1,39.267000000000003,0,eligible
motiongen_2357,motiongen_sweep_00,2357,42.413111843077516,1,39.283000000000001,0,eligible
motiongen_2358,motiongen_sweep_00,2358,42.431111843077517,1,39.299999999999997,0,eligible
motiongen_2359,motiongen_sweep_00,2359,42.449111843077517,1,39.317,0,eligible
motiongen_2360,motiongen_sweep_00,2360,42.467111843077518,1,39.332999999999998,0,eligible
motiongen_2361,motiongen_sweep_00,2361,42.485111843077519,1,39.350000000000001,0,eligible
motiongen_2362,motiongen_sweep_00,2362,42.503111843077519,1,39.366999999999997,0,eligible
motiongen_2363,motiongen_sweep_00,2363,42.521111843077513,1,39.383000000000003,0,eligible
motiongen_2364,motiongen_sweep_00,2364,42.539111843077514,1,39.399999999999999,0,eligible
motiongen_2365,motiongen_sweep_00,2365,42.557111843077514,1,39.417000000000002,0,eligible
motiongen_2366,motiongen_sweep_00,2366,42.575111843077515,1,39.433,0,eligible
motiongen_2367,motiongen_sweep_00,2367,42.593111843077516,1,39.450000000000003,0,eligible
motiongen_2368,motiongen_sweep_00,2368,42.610111843077519,1,39.466999999999999,0,eligible
motiongen_2369,motiongen_sweep_00,2369,42.628111843077519,1,39.482999999999997,0,eligible
motiongen_2370,motiongen_sweep_00,2370,42.646111843077513,1,39.5,0,eligible
motiongen_2371,motiongen_sweep_00,2371,42.664111843077514,1,39.517000000000003,0,eligible
motiongen_2372,motiongen_sweep_00,2372,42.682111843077514,1,39.533000000000001,0,eligible
motiongen_2373,motiongen_sweep_00,2373,42.700111843077515,1,39.549999999999997,0,eligible
motiongen_2374,motiongen_sweep_00,2374,42.718111843077516,1,39.567,0,eligible
motiongen_2375,motiongen_sweep_00,2375,42.736111843077516,1,39.582999999999998,0,eligible
motiongen_2376,motiongen_sweep_00,2376,42.754111843077517,1,39.600000000000001,0,eligible
motiongen_2377,motiongen_sweep_00,2377,42.772111843077518,1,39.616999999999997,0,eligible
motiongen_2378,motiongen_sweep_00,2378,42.790111843077518,1,39.633000000000003,0,eligible
motiongen_2379,motiongen_sweep_00,2379,42.808111843077519,1,39.649999999999999,0,eligible
motiongen_2380,motiongen_sweep_00,2380,42.82611184307752,1,39.667000000000002,0,eligible
motiongen_2381,motiongen_sweep_00,2381,42.844111843077521,1,39.683,0,eligible
motiongen_2382,motiongen_sweep_00,2382,42.862111843077521,1,39.700000000000003,0,eligible
motiongen_2383,motiongen_sweep_00,2383,42.880111843077522,1,39.716999999999999,0,eligible
motiongen_2384,motiongen_sweep_00,2384,42.898111843077515,1,39.732999999999997,0,eligible
motiongen_2385,motiongen_sweep_00,2385,42.916111843077516,1,39.75,0,eligible
motiongen_2386,motiongen_sweep_00,2386,42.934111843077517,1,39.767000000000003,0,eligible
motiongen_2387,motiongen_sweep_00,2387,42.952111843077518,1,39.783000000000001,0,eligible
motiongen_2388,motiongen_sweep_00,2388,42.970111843077518,1,39.799999999999997,0,eligible
motiongen_2389,motiongen_sweep_00,2389,42.988111843077519,1,39.817,0,eligible
motiongen_2390,motiongen_sweep_00,2390,43.00611184307752,1,39.832999999999998,0,eligible
motiongen_2391,motiongen_sweep_00,2391,43.024111843077513,1,39.850000000000001,0,eligible
motiongen_2392,motiongen_sweep_00,2392,43.042111843077514,1,39.866999999999997,0,eligible
motiongen_2393,motiongen_sweep_00,2393,43.060111843077514,1,39.883000000000003,0,eligible
motiongen_2394,motiongen_sweep_00,2394,43.078111843077515,1,39.899999999999999,0,eligible
motiongen_2395,motiongen_sweep_00,2395,43.096111843077516,1,39.917000000000002,0,eligible
motiongen_2396,motiongen_sweep_00,2396,43.114111843077517,1,39.933,0,eligible
motiongen_2397,motiongen_sweep_00,2397,43.132111843077517,1,39.950000000000003,0,eligible
motiongen_2398,motiongen_sweep_00,2398,43.150111843077518,1,39.966999999999999,0,eligible
motiongen_2399,motiongen_sweep_00,2399,43.168111843077519,1,39.982999999999997,0,eligible
motiongen_2400,motiongen_sweep_00,2400,43.186111843077519,1,40,0,eligible
motiongen_2401,motiongen_sweep_00,2401,43.20411184307752,1,40.017000000000003,0,eligible
motiongen_2402,motiongen_sweep_00,2402,43.222111843077521,1,40.033000000000001,0,eligible
motiongen_2403,motiongen_sweep_00,2403,43.240111843077521,1,40.049999999999997,0,eligible
motiongen_2404,motiongen_sweep_00,2404,43.258111843077522,1,40.067,0,eligible
motiongen_2405,motiongen_sweep_00,2405,43.276111843077516,1,40.082999999999998,0,eligible
motiongen_2406,motiongen_sweep_00,2406,43.294111843077516,1,40.100000000000001,0,eligible
motiongen_2407,motiongen_sweep_00,2407,43.312111843077517,1,40.116999999999997,0,eligible
motiongen_2408,motiongen_sweep_00,2408,43.330111843077518,1,40.133000000000003,0,eligible
motiongen_2409,motiongen_sweep_00,2409,43.348111843077518,1,40.149999999999999,0,eligible
motiongen_2410,motiongen_sweep_00,2410,43.366111843077519,1,40.167000000000002,0,eligible
motiongen_2411,motiongen_sweep_00,2411,43.384111843077513,1,40.183,0,eligible
motiongen_2412,motiongen_sweep_00,2412,43.402111843077513,1,40.200000000000003,0,eligible
motiongen_2413,motiongen_sweep_00,2413,43.420111843077514,1,40.216999999999999,0,eligible
motiongen_2414,motiongen_sweep_00,2414,43.438111843077515,1,40.232999999999997,0,eligible
motiongen_2415,motiongen_sweep_00,2415,43.456111843077515,1,40.25,0,eligible
motiongen_2416,motiongen_sweep_00,2416,43.474111843077516,1,40.267000000000003,0,eligible
motiongen_2417,motiongen_sweep_00,2417,43.492111843077517,1,40.283000000000001,0,eligible
motiongen_2418,motiongen_sweep_00,2418,43.510111843077517,1,40.299999999999997,0,eligible
motiongen_2419,motiongen_sweep_00,2419,43.528111843077518,1,40.317,0,eligible
motiongen_2420,motiongen_sweep_00,2420,43.546111843077519,1,40.332999999999998,0,eligible
motiongen_2421,motiongen_sweep_00,2421,43.564111843077519,1,40.350000000000001,0,eligible
motiongen_2422,motiongen_sweep_00,2422,43.58211184307752,1,40.366999999999997,0,eligible
motiongen_2423,motiongen_sweep_00,2423,43.600111843077521,1,40.383000000000003,0,eligible
motiongen_2424,motiongen_sweep_00,2424,43.618111843077521,1,40.399999999999999,0,eligible
motiongen_2425,motiongen_sweep_00,2425,43.636111843077522,1,40.417000000000002,0,eligible
motiongen_2426,motiongen_sweep_00,2426,43.654111843077516,1,40.433,0,eligible
motiongen_2427,motiongen_sweep_00,2427,43.672111843077516,1,40.450000000000003,0,eligible
motiongen_2428,motiongen_sweep_00,2428,43.690111843077517,1,40.466999999999999,0,eligible
motiongen_2429,motiongen_sweep_00,2429,43.708111843077518,1,40.482999999999997,0,eligible
motiongen_2430,motiongen_sweep_00,2430,43.726111843077518,1,40.5,0,eligible
motiongen_2431,motiongen_sweep_00,2431,43.744111843077519,1,40.517000000000003,0,eligible
motiongen_2432,motiongen_sweep_00,2432,43.762111843077513,1,40.533000000000001,0,eligible
motiongen_2433,motiongen_sweep_00,2433,43.780111843077513,1,40.549999999999997,0,eligible
motiongen_2434,motiongen_sweep_00,2434,43.798111843077514,1,40.567,0,eligible
motiongen_2435,motiongen_sweep_00,2435,43.816111843077515,1,40.582999999999998,0,eligible
motiongen_2436,motiongen_sweep_00,2436,43.834111843077515,1,40.600000000000001,0,eligible
motiongen_2437,motiongen_sweep_00,2437,43.852111843077516,1,40.616999999999997,0,eligible
motiongen_2438,motiongen_sweep_00,2438,43.870111843077517,1,40.633000000000003,0,eligible
motiongen_2439,motiongen_sweep_00,2439,43.888111843077517,1,40.649999999999999,0,eligible
motiongen_2440,motiongen_sweep_00,2440,43.906111843077518,1,40.667000000000002,0,eligible
motiongen_2441,motiongen_sweep_00,2441,43.924111843077519,1,40.683,0,eligible
motiongen_2442,motiongen_sweep_00,2442,43.942111843077519,1,40.700000000000003,0,eligible
motiongen_2443,motiongen_sweep_00,2443,43.96011184307752,1,40.716999999999999,0,eligible
motiongen_2444,motiongen_sweep_00,2444,43.978111843077521,1,40.732999999999997,0,eligible
motiongen_2445,motiongen_sweep_00,2445,43.996297150257099,1,40.75,0,eligible
motiongen_2446,motiongen_sweep_00,2446,44.0142971502571,1,40.767000000000003,0,eligible
motiongen_2447,motiongen_sweep_00,2447,44.032297150257101,1,40.783000000000001,0,eligible
motiongen_2448,motiongen_sweep_00,2448,44.050297150257101,1,40.799999999999997,0,eligible
motiongen_2449,motiongen_sweep_00,2449,44.068297150257102,1,40.817,0,eligible
motiongen_2450,motiongen_sweep_00,2450,44.086297150257103,1,40.832999999999998,0,eligible
motiongen_2451,motiongen_sweep_00,2451,44.104297150257104,1,40.850000000000001,0,eligible
motiongen_2452,motiongen_sweep_00,2452,44.122297150257104,1,40.866999999999997,0,eligible
motiongen_2453,motiongen_sweep_00,2453,44.140297150257105,1,40.883000000000003,0,eligible
motiongen_2454,motiongen_sweep_00,2454,44.158297150257106,1,40.899999999999999,0,eligible
motiongen_2455,motiongen_sweep_00,2455,44.176297150257106,1,40.917000000000002,0,eligible
motiongen_2456,motiongen_sweep_00,2456,44.194297150257107,1,40.933,0,eligible
motiongen_2457,motiongen_sweep_00,2457,44.212297150257108,1,40.950000000000003,0,eligible
motiongen_2458,motiongen_sweep_00,2458,44.230297150257108,1,40.966999999999999,0,eligible
motiongen_2459,motiongen_sweep_00,2459,44.248297150257102,1,40.982999999999997,0,eligible
motiongen_2460,motiongen_sweep_00,2460,44.266297150257103,1,41,0,eligible
motiongen_2461,motiongen_sweep_00,2461,44.284297150257103,1,41.017000000000003,0,eligible
motiongen_2462,motiongen_sweep_00,2462,44.302297150257104,1,41.033000000000001,0,eligible
motiongen_2463,motiongen_sweep_00,2463,44.320297150257105,1,41.049999999999997,0,eligible
motiongen_2464,motiongen_sweep_00,2464,44.338297150257105,1,41.067,0,eligible
motiongen_2465,motiongen_sweep_00,2465,44.356297150257099,1,41.082999999999998,0,eligible
motiongen_2466,motiongen_sweep_00,2466,44.3742971502571,1,41.100000000000001,0,eligible
motiongen_2467,motiongen_sweep_00,2467,44.3922971502571,1,41.116999999999997,0,eligible
motiongen_2468,motiongen_sweep_00,2468,44.410297150257101,1,41.133000000000003,0,eligible
motiongen_2469,motiongen_sweep_00,2469,44.428297150257102,1,41.149999999999999,0,eligible
motiongen_2470,motiongen_sweep_00,2470,44.446297150257102,1,41.167000000000002,0,eligible
motiongen_2471,motiongen_sweep_00,2471,44.464297150257103,1,41.183,0,eligible
motiongen_2472,motiongen_sweep_00,2472,44.482297150257104,1,41.200000000000003,0,eligible
motiongen_2473,motiongen_sweep_00,2473,44.500297150257104,1,41.216999999999999,0,eligible
motiongen_2474,motiongen_sweep_00,2474,44.518297150257105,1,41.232999999999997,0,eligible
motiongen_2475,motiongen_sweep_00,2475,44.536297150257106,1,41.25,0,eligible
motiongen_2476,motiongen_sweep_00,2476,44.554297150257106,1,41.267000000000003,0,eligible
motiongen_2477,motiongen_sweep_00,2477,44.5722971502571,1,41.283000000000001,0,eligible
motiongen_2478,motiongen_sweep_00,2478,44.590297150257101,1,41.299999999999997,0,eligible
motiongen_2479,motiongen_sweep_00,2479,44.608297150257101,1,41.317,0,eligible
motiongen_2480,motiongen_sweep_00,2480,44.626297150257102,1,41.332999999999998,0,eligible
motiongen_2481,motiongen_sweep_00,2481,44.644297150257103,1,41.350000000000001,0,eligible
motiongen_2482,motiongen_sweep_00,2482,44.662297150257103,1,41.366999999999997,0,eligible
motiongen_2483,motiongen_sweep_00,2483,44.680297150257104,1,41.383000000000003,0,eligible
motiongen_2484,motiongen_sweep_00,2484,44.698297150257105,1,41.399999999999999,0,eligible
motiongen_2485,motiongen_sweep_00,2485,44.716297150257105,1,41.417000000000002,0,eligible
motiongen_2486,motiongen_sweep_00,2486,44.734297150257106,1,41.433,0,eligible
motiongen_2487,motiongen_sweep_00,2487,44.752297150257107,1,41.450000000000003,0,eligible
motiongen_2488,motiongen_sweep_00,2488,44.770297150257107,1,41.466999999999999,0,eligible
motiongen_2489,motiongen_sweep_00,2489,44.788297150257108,1,41.482999999999997,0,eligible
motiongen_2490,motiongen_sweep_00,2490,44.806297150257102,1,41.5,0,eligible
motiongen_2491,motiongen_sweep_00,2491,44.824297150257102,1,41.517000000000003,0,eligible
motiongen_2492,motiongen_sweep_00,2492,44.842297150257103,1,41.533000000000001,0,eligible
motiongen_2493,motiongen_sweep_00,2493,44.860297150257104,1,41.549999999999997,0,eligible
motiongen_2494,motiongen_sweep_00,2494,44.878297150257104,1,41.567,0,eligible
motiongen_2495,motiongen_sweep_00,2495,44.896297150257105,1,41.582999999999998,0,eligible
motiongen_2496,motiongen_sweep_00,2496,44.914297150257106,1,41.600000000000001,0,eligible
motiongen_2497,motiongen_sweep_00,2497,44.932297150257099,1,41.616999999999997,0,eligible
motiongen_2498,motiongen_sweep_00,2498,44.9502971502571,1,41.633000000000003,0,eligible
motiongen_2499,motiongen_sweep_00,2499,44.968297150257101,1,41.649999999999999,0,eligible
motiongen_2500,motiongen_sweep_00,2500,44.986297150257101,1,41.667000000000002,0,eligible
motiongen_2501,motiongen_sweep_00,2501,45.004297150257102,1,41.683,0,eligible
motiongen_2502,motiongen_sweep_00,2502,45.022297150257103,1,41.700000000000003,0,eligible
motiongen_2503,motiongen_sweep_00,2503,45.040297150257103,1,41.716999999999999,0,eligible
motiongen_2504,motiongen_sweep_00,2504,45.058297150257104,1,41.732999999999997,0,eligible
motiongen_2505,motiongen_sweep_00,2505,45.076297150257105,1,41.75,0,eligible
motiongen_2506,motiongen_sweep_00,2506,45.094297150257105,1,41.767000000000003,0,eligible
motiongen_2507,motiongen_sweep_00,2507,45.112297150257106,1,41.783000000000001,0,eligible
motiongen_2508,motiongen_sweep_00,2508,45.130297150257107,1,41.799999999999997,0,eligible
motiongen_2509,motiongen_sweep_00,2509,45.148297150257108,1,41.817,0,eligible
motiongen_2510,motiongen_sweep_00,2510,45.166297150257108,1,41.832999999999998,0,eligible
motiongen_2511,motiongen_sweep_00,2511,45.184297150257102,1,41.850000000000001,0,eligible
motiongen_2512,motiongen_sweep_00,2512,45.201297150257105,1,41.866999999999997,0,eligible
motiongen_2513,motiongen_sweep_00,2513,45.219297150257105,1,41.883000000000003,0,eligible
motiongen_2514,motiongen_sweep_00,2514,45.237297150257106,1,41.899999999999999,0,eligible
motiongen_2515,motiongen_sweep_00,2515,45.255297150257107,1,41.917000000000002,0,eligible
motiongen_2516,motiongen_sweep_00,2516,45.273297150257108,1,41.933,0,eligible
motiongen_2517,motiongen_sweep_00,2517,45.291297150257108,1,41.950000000000003,0,eligible
motiongen_2518,motiongen_sweep_00,2518,45.309297150257102,1,41.966999999999999,0,eligible
motiongen_2519,motiongen_sweep_00,2519,45.327297150257102,1,41.982999999999997,0,eligible
motiongen_2520,motiongen_sweep_00,2520,45.345297150257103,1,42,0,eligible
motiongen_2521,motiongen_sweep_00,2521,45.363297150257104,1,42.017000000000003,0,eligible
motiongen_2522,motiongen_sweep_00,2522,45.381297150257105,1,42.033000000000001,0,eligible
motiongen_2523,motiongen_sweep_00,2523,45.399297150257105,1,42.049999999999997,0,eligible
motiongen_2524,motiongen_sweep_00,2524,45.417297150257106,1,42.067,0,eligible
motiongen_2525,motiongen_sweep_00,2525,45.435297150257099,1,42.082999999999998,0,eligible
motiongen_2526,motiongen_sweep_00,2526,45.4532971502571,1,42.100000000000001,0,eligible
motiongen_2527,motiongen_sweep_00,2527,45.471297150257101,1,42.116999999999997,0,eligible
motiongen_2528,motiongen_sweep_00,2528,45.489297150257102,1,42.133000000000003,0,eligible
motiongen_2529,motiongen_sweep_00,2529,45.507297150257102,1,42.149999999999999,0,eligible
motiongen_2530,motiongen_sweep_00,2530,45.525297150257103,1,42.167000000000002,0,eligible
motiongen_2531,motiongen_sweep_00,2531,45.543297150257104,1,42.183,0,eligible
motiongen_2532,motiongen_sweep_00,2532,45.561297150257104,1,42.200000000000003,0,eligible
motiongen_2533,motiongen_sweep_00,2533,45.579297150257105,1,42.216999999999999,0,eligible
motiongen_2534,motiongen_sweep_00,2534,45.597297150257106,1,42.232999999999997,0,eligible
motiongen_2535,motiongen_sweep_00,2535,45.615297150257106,1,42.25,0,eligible
motiongen_2536,motiongen_sweep_00,2536,45.633297150257107,1,42.267000000000003,0,eligible
motiongen_2537,motiongen_sweep_00,2537,45.651297150257108,1,42.283000000000001,0,eligible
motiongen_2538,motiongen_sweep_00,2538,45.669297150257108,1,42.299999999999997,0,eligible
motiongen_2539,motiongen_sweep_00,2539,45.687297150257102,1,42.317,0,eligible
motiongen_2540,motiongen_sweep_00,2540,45.705297150257103,1,42.332999999999998,0,eligible
motiongen_2541,motiongen_sweep_00,2541,45.723297150257103,1,42.350000000000001,0,eligible
motiongen_2542,motiongen_sweep_00,2542,45.741297150257104,1,42.366999999999997,0,eligible
motiongen_2543,motiongen_sweep_00,2543,45.759297150257105,1,42.383000000000003,0,eligible
motiongen_2544,motiongen_sweep_00,2544,45.777297150257105,1,42.399999999999999,0,eligible
motiongen_2545,motiongen_sweep_00,2545,45.795297150257106,1,42.417000000000002,0,eligible
motiongen_2546,motiongen_sweep_00,2546,45.8132971502571,1,42.433,0,eligible
motiongen_2547,motiongen_sweep_00,2547,45.8312971502571,1,42.450000000000003,0,eligible
motiongen_2548,motiongen_sweep_00,2548,45.849297150257101,1,42.466999999999999,0,eligible
motiongen_2549,motiongen_sweep_00,2549,45.867297150257102,1,42.482999999999997,0,eligible
motiongen_2550,motiongen_sweep_00,2550,45.885297150257102,1,42.5,0,eligible
motiongen_2551,motiongen_sweep_00,2551,45.903297150257103,1,42.517000000000003,0,eligible
motiongen_2552,motiongen_sweep_00,2552,45.921297150257104,1,42.533000000000001,0,eligible
motiongen_2553,motiongen_sweep_00,2553,45.939297150257104,1,42.549999999999997,0,eligible
motiongen_2554,motiongen_sweep_00,2554,45.957297150257105,1,42.567,0,eligible
motiongen_2555,motiongen_sweep_00,2555,45.975297150257106,1,42.582999999999998,0,eligible
motiongen_2556,motiongen_sweep_00,2556,45.993297150257106,1,42.600000000000001,0,eligible
motiongen_2557,motiongen_sweep_00,2557,46.011297150257107,1,42.616999999999997,0,eligible
motiongen_2558,motiongen_sweep_00,2558,46.029297150257108,1,42.633000000000003,0,eligible
motiongen_2559,motiongen_sweep_00,2559,46.047297150257101,1,42.649999999999999,0,eligible
motiongen_2560,motiongen_sweep_00,2560,46.065297150257102,1,42.667000000000002,0,eligible
motiongen_2561,motiongen_sweep_00,2561,46.083297150257103,1,42.683,0,eligible
motiongen_2562,motiongen_sweep_00,2562,46.101297150257103,1,42.700000000000003,0,eligible
motiongen_2563,motiongen_sweep_00,2563,46.119297150257104,1,42.716999999999999,0,eligible
motiongen_2564,motiongen_sweep_00,2564,46.137297150257105,1,42.732999999999997,0,eligible
motiongen_2565,motiongen_sweep_00,2565,46.155297150257105,1,42.75,0,eligible
motiongen_2566,motiongen_sweep_00,2566,46.173297150257099,1,42.767000000000003,0,eligible
motiongen_2567,motiongen_sweep_00,2567,46.1912971502571,1,42.783000000000001,0,eligible
motiongen_2568,motiongen_sweep_00,2568,46.2092971502571,1,42.799999999999997,0,eligible
motiongen_2569,motiongen_sweep_00,2569,46.227297150257101,1,42.817,0,eligible
motiongen_2570,motiongen_sweep_00,2570,46.245297150257102,1,42.832999999999998,0,eligible
motiongen_2571,motiongen_sweep_00,2571,46.263297150257102,1,42.850000000000001,0,eligible
motiongen_2572,motiongen_sweep_00,2572,46.281297150257103,1,42.866999999999997,0,eligible
motiongen_2573,motiongen_sweep_00,2573,46.299297150257104,1,42.883000000000003,0,eligible
motiongen_2574,motiongen_sweep_00,2574,46.317297150257104,1,42.899999999999999,0,eligible
motiongen_2575,motiongen_sweep_00,2575,46.335297150257105,1,42.917000000000002,0,eligible
motiongen_2576,motiongen_sweep_00,2576,46.353297150257106,1,42.933,0,eligible
motiongen_2577,motiongen_sweep_00,2577,46.371297150257107,1,42.950000000000003,0,eligible
motiongen_2578,motiongen_sweep_00,2578,46.389297150257107,1,42.966999999999999,0,eligible
motiongen_2579,motiongen_sweep_00,2579,46.407297150257108,1,42.982999999999997,0,eligible
motiongen_2580,motiongen_sweep_00,2580,46.425297150257101,1,43,0,eligible
motiongen_2581,motiongen_sweep_00,2581,46.443297150257102,1,43.017000000000003,0,eligible
motiongen_2582,motiongen_sweep_00,2582,46.461297150257103,1,43.033000000000001,0,eligible
motiongen_2583,motiongen_sweep_00,2583,46.479297150257104,1,43.049999999999997,0,eligible
motiongen_2584,motiongen_sweep_00,2584,46.497297150257104,1,43.067,0,eligible
motiongen_2585,motiongen_sweep_00,2585,46.515297150257105,1,43.082999999999998,0,eligible
motiongen_2586,motiongen_sweep_00,2586,46.533297150257106,1,43.100000000000001,0,eligible
motiongen_2587,motiongen_sweep_00,2587,46.551297150257099,1,43.116999999999997,0,eligible
motiongen_2588,motiongen_sweep_00,2588,46.5692971502571,1,43.133000000000003,0,eligible
motiongen_2589,motiongen_sweep_00,2589,46.5872971502571,1,43.149999999999999,0,eligible
motiongen_2590,motiongen_sweep_00,2590,46.605297150257101,1,43.167000000000002,0,eligible
motiongen_2591,motiongen_sweep_00,2591,46.623297150257102,1,43.183,0,eligible
motiongen_2592,motiongen_sweep_00,2592,46.641297150257103,1,43.200000000000003,0,eligible
motiongen_2593,motiongen_sweep_00,2593,46.659297150257103,1,43.216999999999999,0,eligible
motiongen_2594,motiongen_sweep_00,2594,46.677297150257104,1,43.232999999999997,0,eligible
motiongen_2595,motiongen_sweep_00,2595,46.695297150257105,1,43.25,0,eligible
motiongen_2596,motiongen_sweep_00,2596,46.713297150257105,1,43.267000000000003,0,eligible
motiongen_2597,motiongen_sweep_00,2597,46.731297150257106,1,43.283000000000001,0,eligible
motiongen_2598,motiongen_sweep_00,2598,46.749297150257107,1,43.299999999999997,0,eligible
motiongen_2599,motiongen_sweep_00,2599,46.767297150257107,1,43.317,0,eligible
motiongen_2600,motiongen_sweep_00,2600,46.785297150257108,1,43.332999999999998,0,eligible
motiongen_2601,motiongen_sweep_00,2601,46.803297150257102,1,43.350000000000001,0,eligible
motiongen_2602,motiongen_sweep_00,2602,46.821297150257102,1,43.366999999999997,0,eligible
motiongen_2603,motiongen_sweep_00,2603,46.839297150257103,1,43.383000000000003,0,eligible
motiongen_2604,motiongen_sweep_00,2604,46.857297150257104,1,43.399999999999999,0,eligible
motiongen_2605,motiongen_sweep_00,2605,46.875297150257104,1,43.417000000000002,0,eligible
motiongen_2606,motiongen_sweep_00,2606,46.893297150257105,1,43.433,0,eligible
motiongen_2607,motiongen_sweep_00,2607,46.911297150257106,1,43.450000000000003,0,eligible
motiongen_2608,motiongen_sweep_00,2608,46.929297150257099,1,43.466999999999999,0,eligible
motiongen_2609,motiongen_sweep_00,2609,46.9472971502571,1,43.482999999999997,0,eligible
motiongen_2610,motiongen_sweep_00,2610,46.965297150257101,1,43.5,0,eligible
motiongen_2611,motiongen_sweep_00,2611,46.983297150257101,1,43.517000000000003,0,eligible
motiongen_2612,motiongen_sweep_00,2612,47.001297150257102,1,43.533000000000001,0,eligible
motiongen_2613,motiongen_sweep_00,2613,47.019297150257103,1,43.549999999999997,0,eligible
motiongen_2614,motiongen_sweep_00,2614,47.037297150257103,1,43.567,0,eligible
motiongen_2615,motiongen_sweep_00,2615,47.055297150257104,1,43.582999999999998,0,eligible
motiongen_2616,motiongen_sweep_00,2616,47.073297150257105,1,43.600000000000001,0,eligible
motiongen_2617,motiongen_sweep_00,2617,47.091297150257105,1,43.616999999999997,0,eligible
motiongen_2618,motiongen_sweep_00,2618,47.109297150257106,1,43.633000000000003,0,eligible
motiongen_2619,motiongen_sweep_00,2619,47.127297150257107,1,43.649999999999999,0,eligible
motiongen_2620,motiongen_sweep_00,2620,47.145297150257107,1,43.667000000000002,0,eligible
motiongen_2621,motiongen_sweep_00,2621,47.163297150257108,1,43.683,0,eligible
motiongen_2622,motiongen_sweep_00,2622,47.181297150257102,1,43.700000000000003,0,eligible
motiongen_2623,motiongen_sweep_00,2623,47.199297150257102,1,43.716999999999999,0,eligible
motiongen_2624,motiongen_sweep_00,2624,47.217297150257103,1,43.732999999999997,0,eligible
motiongen_2625,motiongen_sweep_00,2625,47.235297150257104,1,43.75,0,eligible
motiongen_2626,motiongen_sweep_00,2626,47.253297150257104,1,43.767000000000003,0,eligible
motiongen_2627,motiongen_sweep_00,2627,47.271297150257105,1,43.783000000000001,0,eligible
motiongen_2628,motiongen_sweep_00,2628,47.289297150257106,1,43.799999999999997,0,eligible
motiongen_2629,motiongen_sweep_00,2629,47.307297150257099,1,43.817,0,eligible
motiongen_2630,motiongen_sweep_00,2630,47.3252971502571,1,43.832999999999998,0,eligible
motiongen_2631,motiongen_sweep_00,2631,47.343297150257101,1,43.850000000000001,0,eligible
motiongen_2632,motiongen_sweep_00,2632,47.361297150257101,1,43.866999999999997,0,eligible
motiongen_2633,motiongen_sweep_00,2633,47.379297150257102,1,43.883000000000003,0,eligible
motiongen_2634,motiongen_sweep_00,2634,47.397297150257103,1,43.899999999999999,0,eligible
motiongen_2635,motiongen_sweep_00,2635,47.415297150257103,1,43.917000000000002,0,eligible
motiongen_2636,motiongen_sweep_00,2636,47.433297150257104,1,43.933,0,eligible
motiongen_2637,motiongen_sweep_00,2637,47.451297150257105,1,43.950000000000003,0,eligible
motiongen_2638,motiongen_sweep_00,2638,47.469297150257105,1,43.966999999999999,0,eligible
motiongen_2639,motiongen_sweep_00,2639,47.487297150257106,1,43.982999999999997,0,eligible
motiongen_2640,motiongen_sweep_00,2640,47.505297150257107,1,44,0,eligible
motiongen_2641,motiongen_sweep_00,2641,47.523297150257108,1,44.017000000000003,0,eligible
motiongen_2642,motiongen_sweep_00,2642,47.541297150257108,1,44.033000000000001,0,eligible
motiongen_2643,motiongen_sweep_00,2643,47.559297150257102,1,44.049999999999997,0,eligible
motiongen_2644,motiongen_sweep_00,2644,47.577297150257102,1,44.067,0,eligible
motiongen_2645,motiongen_sweep_00,2645,47.595297150257103,1,44.082999999999998,0,eligible
motiongen_2646,motiongen_sweep_00,2646,47.613297150257104,1,44.100000000000001,0,eligible
motiongen_2647,motiongen_sweep_00,2647,47.631297150257105,1,44.116999999999997,0,eligible
motiongen_2648,motiongen_sweep_00,2648,47.649297150257105,1,44.133000000000003,0,eligible
motiongen_2649,motiongen_sweep_00,2649,47.667297150257106,1,44.149999999999999,0,eligible
motiongen_2650,motiongen_sweep_00,2650,47.685297150257099,1,44.167000000000002,0,eligible
motiongen_2651,motiongen_sweep_00,2651,47.7032971502571,1,44.183,0,eligible
motiongen_2652,motiongen_sweep_00,2652,47.721297150257101,1,44.200000000000003,0,eligible
motiongen_2653,motiongen_sweep_00,2653,47.739297150257102,1,44.216999999999999,0,eligible
motiongen_2654,motiongen_sweep_00,2654,47.757297150257102,1,44.232999999999997,0,eligible
motiongen_2655,motiongen_sweep_00,2655,47.775297150257103,1,44.25,0,eligible
motiongen_2656,motiongen_sweep_00,2656,47.793297150257104,1,44.267000000000003,0,eligible
motiongen_2657,motiongen_sweep_00,2657,47.811297150257104,1,44.283000000000001,0,eligible
motiongen_2658,motiongen_sweep_00,2658,47.829297150257105,1,44.299999999999997,0,eligible
motiongen_2659,motiongen_sweep_00,2659,47.847297150257106,1,44.317,0,eligible
motiongen_2660,motiongen_sweep_00,2660,47.865297150257106,1,44.332999999999998,0,eligible
motiongen_2661,motiongen_sweep_00,2661,47.883297150257107,1,44.350000000000001,0,eligible
motiongen_2662,motiongen_sweep_00,2662,47.901297150257108,1,44.366999999999997,0,eligible
motiongen_2663,motiongen_sweep_00,2663,47.919297150257101,1,44.383000000000003,0,eligible
motiongen_2664,motiongen_sweep_00,2664,47.937297150257102,1,44.399999999999999,0,eligible
motiongen_2665,motiongen_sweep_00,2665,47.955297150257103,1,44.417000000000002,0,eligible
motiongen_2666,motiongen_sweep_00,2666,47.973297150257103,1,44.433,0,eligible
motiongen_2667,motiongen_sweep_00,2667,47.991297150257104,1,44.450000000000003,0,eligible
motiongen_2668,motiongen_sweep_00,2668,48.009297150257105,1,44.466999999999999,0,eligible
motiongen_2669,motiongen_sweep_00,2669,48.027297150257105,1,44.482999999999997,0,eligible
motiongen_2670,motiongen_sweep_00,2670,48.045297150257099,1,44.5,0,eligible
motiongen_2671,motiongen_sweep_00,2671,48.0632971502571,1,44.517000000000003,0,eligible
motiongen_2672,motiongen_sweep_00,2672,48.0812971502571,1,44.533000000000001,0,eligible
motiongen_2673,motiongen_sweep_00,2673,48.099297150257101,1,44.549999999999997,0,eligible
motiongen_2674,motiongen_sweep_00,2674,48.117297150257102,1,44.567,0,eligible
motiongen_2675,motiongen_sweep_00,2675,48.135297150257102,1,44.582999999999998,0,eligible
motiongen_2676,motiongen_sweep_00,2676,48.153297150257103,1,44.600000000000001,0,eligible
motiongen_2677,motiongen_sweep_00,2677,48.171297150257104,1,44.616999999999997,0,eligible
motiongen_2678,motiongen_sweep_00,2678,48.189297150257104,1,44.633000000000003,0,eligible
motiongen_2679,motiongen_sweep_00,2679,48.207297150257105,1,44.649999999999999,0,eligible
motiongen_2680,motiongen_sweep_00,2680,48.225297150257106,1,44.667000000000002,0,eligible
motiongen_2681,motiongen_sweep_00,2681,48.243297150257106,1,44.683,0,eligible
motiongen_2682,motiongen_sweep_00,2682,48.261297150257107,1,44.700000000000003,0,eligible
motiongen_2683,motiongen_sweep_00,2683,48.279297150257108,1,44.716999999999999,0,eligible
motiongen_2684,motiongen_sweep_00,2684,48.297297150257108,1,44.732999999999997,0,eligible
motiongen_2685,motiongen_sweep_00,2685,48.315297150257102,1,44.75,0,eligible
motiongen_2686,motiongen_sweep_00,2686,48.333297150257103,1,44.767000000000003,0,eligible
motiongen_2687,motiongen_sweep_00,2687,48.351297150257103,1,44.783000000000001,0,eligible
motiongen_2688,motiongen_sweep_00,2688,48.369297150257104,1,44.799999999999997,0,eligible
motiongen_2689,motiongen_sweep_00,2689,48.386297150257107,1,44.817,0,eligible
motiongen_2690,motiongen_sweep_00,2690,48.404297150257108,1,44.832999999999998,0,eligible
motiongen_2691,motiongen_sweep_00,2691,48.422297150257108,1,44.850000000000001,0,eligible
motiongen_2692,motiongen_sweep_00,2692,48.440297150257102,1,44.866999999999997,0,eligible
motiongen_2693,motiongen_sweep_00,2693,48.458297150257103,1,44.883000000000003,0,eligible
motiongen_2694,motiongen_sweep_00,2694,48.476297150257103,1,44.899999999999999,0,eligible
motiongen_2695,motiongen_sweep_00,2695,48.494297150257104,1,44.917000000000002,0,eligible
motiongen_2696,motiongen_sweep_00,2696,48.512297150257105,1,44.933,0,eligible
motiongen_2697,motiongen_sweep_00,2697,48.530297150257105,1,44.950000000000003,0,eligible
motiongen_2698,motiongen_sweep_00,2698,48.548297150257099,1,44.966999999999999,0,eligible
motiongen_2699,motiongen_sweep_00,2699,48.5662971502571,1,44.982999999999997,0,eligible
motiongen_2700,motiongen_sweep_00,2700,48.5842971502571,1,45,0,eligible
motiongen_2701,motiongen_sweep_00,2701,48.602297150257101,1,45.017000000000003,0,eligible
motiongen_2702,motiongen_sweep_00,2702,48.620297150257102,1,45.033000000000001,0,eligible
motiongen_2703,motiongen_sweep_00,2703,48.638297150257102,1,45.049999999999997,0,eligible
motiongen_2704,motiongen_sweep_00,2704,48.656297150257103,1,45.067,0,eligible
motiongen_2705,motiongen_sweep_00,2705,48.674297150257104,1,45.082999999999998,0,eligible
motiongen_2706,motiongen_sweep_00,2706,48.692297150257104,1,45.100000000000001,0,eligible
motiongen_2707,motiongen_sweep_00,2707,48.710297150257105,1,45.116999999999997,0,eligible
motiongen_2708,motiongen_sweep_00,2708,48.728297150257106,1,45.133000000000003,0,eligible
motiongen_2709,motiongen_sweep_00,2709,48.746297150257107,1,45.149999999999999,0,eligible
motiongen_2710,motiongen_sweep_00,2710,48.764297150257107,1,45.167000000000002,0,eligible
motiongen_2711,motiongen_sweep_00,2711,48.782297150257108,1,45.183,0,eligible
motiongen_2712,motiongen_sweep_00,2712,48.800297150257101,1,45.200000000000003,0,eligible
motiongen_2713,motiongen_sweep_00,2713,48.818297150257102,1,45.216999999999999,0,eligible
motiongen_2714,motiongen_sweep_00,2714,48.836297150257103,1,45.232999999999997,0,eligible
motiongen_2715,motiongen_sweep_00,2715,48.854297150257104,1,45.25,0,eligible
motiongen_2716,motiongen_sweep_00,2716,48.872297150257104,1,45.267000000000003,0,eligible
motiongen_2717,motiongen_sweep_00,2717,48.890297150257105,1,45.283000000000001,0,eligible
motiongen_2718,motiongen_sweep_00,2718,48.908297150257106,1,45.299999999999997,0,eligible
motiongen_2719,motiongen_sweep_00,2719,48.926297150257099,1,45.317,0,eligible
motiongen_2720,motiongen_sweep_00,2720,48.9442971502571,1,45.332999999999998,0,eligible
motiongen_2721,motiongen_sweep_00,2721,48.9622971502571,1,45.350000000000001,0,eligible
motiongen_2722,motiongen_sweep_00,2722,48.980297150257101,1,45.366999999999997,0,eligible
motiongen_2723,motiongen_sweep_00,2723,48.998297150257102,1,45.383000000000003,0,eligible
motiongen_2724,motiongen_sweep_00,2724,49.016297150257103,1,45.399999999999999,0,eligible
motiongen_2725,motiongen_sweep_00,2725,49.034297150257103,1,45.417000000000002,0,eligible
motiongen_2726,motiongen_sweep_00,2726,49.052297150257104,1,45.433,0,eligible
motiongen_2727,motiongen_sweep_00,2727,49.070297150257105,1,45.450000000000003,0,eligible
motiongen_2728,motiongen_sweep_00,2728,49.088297150257105,1,45.466999999999999,0,eligible
motiongen_2729,motiongen_sweep_00,2729,49.106297150257106,1,45.482999999999997,0,eligible
motiongen_2730,motiongen_sweep_00,2730,49.124297150257107,1,45.5,0,eligible
motiongen_2731,motiongen_sweep_00,2731,49.142297150257107,1,45.517000000000003,0,eligible
motiongen_2732,motiongen_sweep_00,2732,49.160297150257108,1,45.533000000000001,0,eligible
motiongen_2733,motiongen_sweep_00,2733,49.178297150257102,1,45.549999999999997,0,eligible
motiongen_2734,motiongen_sweep_00,2734,49.196297150257102,1,45.567,0,eligible
motiongen_2735,motiongen_sweep_00,2735,49.214297150257103,1,45.582999999999998,0,eligible
motiongen_2736,motiongen_sweep_00,2736,49.232297150257104,1,45.600000000000001,0,eligible
motiongen_2737,motiongen_sweep_00,2737,49.250297150257104,1,45.616999999999997,0,eligible
motiongen_2738,motiongen_sweep_00,2738,49.268297150257105,1,45.633000000000003,0,eligible
motiongen_2739,motiongen_sweep_00,2739,49.286297150257106,1,45.649999999999999,0,eligible
motiongen_2740,motiongen_sweep_00,2740,49.304297150257099,1,45.667000000000002,0,eligible
motiongen_2741,motiongen_sweep_00,2741,49.3222971502571,1,45.683,0,eligible
motiongen_2742,motiongen_sweep_00,2742,49.340297150257101,1,45.700000000000003,0,eligible
motiongen_2743,motiongen_sweep_00,2743,49.358297150257101,1,45.716999999999999,0,eligible
motiongen_2744,motiongen_sweep_00,2744,49.376297150257102,1,45.732999999999997,0,eligible
motiongen_2745,motiongen_sweep_00,2745,49.394297150257103,1,45.75,0,eligible
motiongen_2746,motiongen_sweep_00,2746,49.412297150257103,1,45.767000000000003,0,eligible
motiongen_2747,motiongen_sweep_00,2747,49.430297150257104,1,45.783000000000001,0,eligible
motiongen_2748,motiongen_sweep_00,2748,49.448297150257105,1,45.799999999999997,0,eligible
motiongen_2749,motiongen_sweep_00,2749,49.466297150257105,1,45.817,0,eligible
motiongen_2750,motiongen_sweep_00,2750,49.484297150257106,1,45.832999999999998,0,eligible
motiongen_2751,motiongen_sweep_00,2751,49.502297150257107,1,45.850000000000001,0,eligible
motiongen_2752,motiongen_sweep_00,2752,49.520297150257107,1,45.866999999999997,0,eligible
motiongen_2753,motiongen_sweep_00,2753,49.538297150257108,1,45.883000000000003,0,eligible
motiongen_2754,motiongen_sweep_00,2754,49.556297150257102,1,45.899999999999999,0,eligible
motiongen_2755,motiongen_sweep_00,2755,49.574297150257102,1,45.917000000000002,0,eligible
motiongen_2756,motiongen_sweep_00,2756,49.592297150257103,1,45.933,0,eligible
motiongen_2757,motiongen_sweep_00,2757,49.610297150257104,1,45.950000000000003,0,eligible
motiongen_2758,motiongen_sweep_00,2758,49.628297150257104,1,45.966999999999999,0,eligible
motiongen_2759,motiongen_sweep_00,2759,49.646297150257105,1,45.982999999999997,0,eligible
motiongen_2760,motiongen_sweep_00,2760,49.664297150257106,1,46,0,eligible
motiongen_2761,motiongen_sweep_00,2761,49.682297150257099,1,46.017000000000003,0,eligible
motiongen_2762,motiongen_sweep_00,2762,49.7002971502571,1,46.033000000000001,0,eligible
motiongen_2763,motiongen_sweep_00,2763,49.718297150257101,1,46.049999999999997,0,eligible
motiongen_2764,motiongen_sweep_00,2764,49.736297150257101,1,46.067,0,eligible
motiongen_2765,motiongen_sweep_00,2765,49.754297150257102,1,46.082999999999998,0,eligible
motiongen_2766,motiongen_sweep_00,2766,49.772297150257103,1,46.100000000000001,0,eligible
motiongen_2767,motiongen_sweep_00,2767,49.790297150257103,1,46.116999999999997,0,eligible
motiongen_2768,motiongen_sweep_00,2768,49.808297150257104,1,46.133000000000003,0,eligible
motiongen_2769,motiongen_sweep_00,2769,49.826297150257105,1,46.149999999999999,0,eligible
motiongen_2770,motiongen_sweep_00,2770,49.844297150257105,1,46.167000000000002,0,eligible
motiongen_2771,motiongen_sweep_00,2771,49.862297150257106,1,46.183,0,eligible
motiongen_2772,motiongen_sweep_00,2772,49.880297150257107,1,46.200000000000003,0,eligible
motiongen_2773,motiongen_sweep_00,2773,49.898297150257108,1,46.216999999999999,0,eligible
motiongen_2774,motiongen_sweep_00,2774,49.916297150257108,1,46.232999999999997,0,eligible
motiongen_2775,motiongen_sweep_00,2775,49.934297150257102,1,46.25,0,eligible
motiongen_2776,motiongen_sweep_00,2776,49.952297150257102,1,46.267000000000003,0,eligible
motiongen_2777,motiongen_sweep_00,2777,49.970297150257103,1,46.283000000000001,0,eligible
motiongen_2778,motiongen_sweep_00,2778,49.988297150257104,1,46.299999999999997,0,eligible
motiongen_2779,motiongen_sweep_00,2779,50.006297150257105,1,46.317,0,eligible
motiongen_2780,motiongen_sweep_00,2780,50.024297150257105,1,46.332999999999998,0,eligible
motiongen_2781,motiongen_sweep_00,2781,50.042297150257099,1,46.350000000000001,0,eligible
motiongen_2782,motiongen_sweep_00,2782,50.060297150257099,1,46.366999999999997,0,eligible
motiongen_2783,motiongen_sweep_00,2783,50.0782971502571,1,46.383000000000003,0,eligible
motiongen_2784,motiongen_sweep_00,2784,50.096297150257101,1,46.399999999999999,0,eligible
motiongen_2785,motiongen_sweep_00,2785,50.114297150257102,1,46.417000000000002,0,eligible
motiongen_2786,motiongen_sweep_00,2786,50.132297150257102,1,46.433,0,eligible
motiongen_2787,motiongen_sweep_00,2787,50.150297150257103,1,46.450000000000003,0,eligible
motiongen_2788,motiongen_sweep_00,2788,50.168297150257104,1,46.466999999999999,0,eligible
motiongen_2789,motiongen_sweep_00,2789,50.186297150257104,1,46.482999999999997,0,eligible
motiongen_2790,motiongen_sweep_00,2790,50.204297150257105,1,46.5,0,eligible
motiongen_2791,motiongen_sweep_00,2791,50.222297150257106,1,46.517000000000003,0,eligible
motiongen_2792,motiongen_sweep_00,2792,50.240297150257106,1,46.533000000000001,0,eligible
motiongen_2793,motiongen_sweep_00,2793,50.258297150257107,1,46.549999999999997,0,eligible
motiongen_2794,motiongen_sweep_00,2794,50.276482457436686,1,46.567,0,eligible
motiongen_2795,motiongen_sweep_00,2795,50.294482457436686,1,46.582999999999998,0,eligible
motiongen_2796,motiongen_sweep_00,2796,50.312482457436687,1,46.600000000000001,0,eligible
motiongen_2797,motiongen_sweep_00,2797,50.330482457436688,1,46.616999999999997,0,eligible
motiongen_2798,motiongen_sweep_00,2798,50.348482457436688,1,46.633000000000003,0,eligible
motiongen_2799,motiongen_sweep_00,2799,50.366482457436689,1,46.649999999999999,0,eligible
motiongen_2800,motiongen_sweep_00,2800,50.38448245743669,1,46.667000000000002,0,eligible
motiongen_2801,motiongen_sweep_00,2801,50.40248245743669,1,46.683,0,eligible
motiongen_2802,motiongen_sweep_00,2802,50.420482457436691,1,46.700000000000003,0,eligible
motiongen_2803,motiongen_sweep_00,2803,50.438482457436692,1,46.716999999999999,0,eligible
motiongen_2804,motiongen_sweep_00,2804,50.456482457436692,1,46.732999999999997,0,eligible
motiongen_2805,motiongen_sweep_00,2805,50.474482457436693,1,46.75,0,eligible
motiongen_2806,motiongen_sweep_00,2806,50.492482457436694,1,46.767000000000003,0,eligible
motiongen_2807,motiongen_sweep_00,2807,50.510482457436694,1,46.783000000000001,0,eligible
motiongen_2808,motiongen_sweep_00,2808,50.528482457436688,1,46.799999999999997,0,eligible
motiongen_2809,motiongen_sweep_00,2809,50.546482457436689,1,46.817,0,eligible
motiongen_2810,motiongen_sweep_00,2810,50.564482457436689,1,46.832999999999998,0,eligible
motiongen_2811,motiongen_sweep_00,2811,50.58248245743669,1,46.850000000000001,0,eligible
motiongen_2812,motiongen_sweep_00,2812,50.600482457436691,1,46.866999999999997,0,eligible
motiongen_2813,motiongen_sweep_00,2813,50.618482457436691,1,46.883000000000003,0,eligible
motiongen_2814,motiongen_sweep_00,2814,50.636482457436692,1,46.899999999999999,0,eligible
motiongen_2815,motiongen_sweep_00,2815,50.654482457436686,1,46.917000000000002,0,eligible
motiongen_2816,motiongen_sweep_00,2816,50.672482457436686,1,46.933,0,eligible
motiongen_2817,motiongen_sweep_00,2817,50.690482457436687,1,46.950000000000003,0,eligible
motiongen_2818,motiongen_sweep_00,2818,50.708482457436688,1,46.966999999999999,0,eligible
motiongen_2819,motiongen_sweep_00,2819,50.726482457436688,1,46.982999999999997,0,eligible
motiongen_2820,motiongen_sweep_00,2820,50.744482457436689,1,47,0,eligible
motiongen_2821,motiongen_sweep_00,2821,50.76248245743669,1,47.017000000000003,0,eligible
motiongen_2822,motiongen_sweep_00,2822,50.78048245743669,1,47.033000000000001,0,eligible
motiongen_2823,motiongen_sweep_00,2823,50.798482457436691,1,47.049999999999997,0,eligible
motiongen_2824,motiongen_sweep_00,2824,50.816482457436692,1,47.067,0,eligible
motiongen_2825,motiongen_sweep_00,2825,50.834482457436692,1,47.082999999999998,0,eligible
motiongen_2826,motiongen_sweep_00,2826,50.852482457436686,1,47.100000000000001,0,eligible
motiongen_2827,motiongen_sweep_00,2827,50.870482457436687,1,47.116999999999997,0,eligible
motiongen_2828,motiongen_sweep_00,2828,50.888482457436687,1,47.133000000000003,0,eligible
motiongen_2829,motiongen_sweep_00,2829,50.906482457436688,1,47.149999999999999,0,eligible
motiongen_2830,motiongen_sweep_00,2830,50.924482457436689,1,47.167000000000002,0,eligible
motiongen_2831,motiongen_sweep_00,2831,50.942482457436689,1,47.183,0,eligible
motiongen_2832,motiongen_sweep_00,2832,50.96048245743669,1,47.200000000000003,0,eligible
motiongen_2833,motiongen_sweep_00,2833,50.977482457436686,1,47.216999999999999,0,eligible
motiongen_2834,motiongen_sweep_00,2834,50.995482457436687,1,47.232999999999997,0,eligible
motiongen_2835,motiongen_sweep_00,2835,51.013482457436687,1,47.25,0,eligible
motiongen_2836,motiongen_sweep_00,2836,51.031482457436688,1,47.267000000000003,0,eligible
motiongen_2837,motiongen_sweep_00,2837,51.049482457436689,1,47.283000000000001,0,eligible
motiongen_2838,motiongen_sweep_00,2838,51.067482457436689,1,47.299999999999997,0,eligible
motiongen_2839,motiongen_sweep_00,2839,51.08548245743669,1,47.317,0,eligible
motiongen_2840,motiongen_sweep_00,2840,51.103482457436691,1,47.332999999999998,0,eligible
motiongen_2841,motiongen_sweep_00,2841,51.121482457436692,1,47.350000000000001,0,eligible
motiongen_2842,motiongen_sweep_00,2842,51.139482457436692,1,47.366999999999997,0,eligible
motiongen_2843,motiongen_sweep_00,2843,51.157482457436693,1,47.383000000000003,0,eligible
motiongen_2844,motiongen_sweep_00,2844,51.175482457436694,1,47.399999999999999,0,eligible
motiongen_2845,motiongen_sweep_00,2845,51.193482457436694,1,47.417000000000002,0,eligible
motiongen_2846,motiongen_sweep_00,2846,51.211482457436688,1,47.433,0,eligible
motiongen_2847,motiongen_sweep_00,2847,51.229482457436688,1,47.450000000000003,0,eligible
motiongen_2848,motiongen_sweep_00,2848,51.247482457436689,1,47.466999999999999,0,eligible
motiongen_2849,motiongen_sweep_00,2849,51.26548245743669,1,47.482999999999997,0,eligible
motiongen_2850,motiongen_sweep_00,2850,51.283482457436691,1,47.5,0,eligible
motiongen_2851,motiongen_sweep_00,2851,51.301482457436691,1,47.517000000000003,0,eligible
motiongen_2852,motiongen_sweep_00,2852,51.319482457436692,1,47.533000000000001,0,eligible
motiongen_2853,motiongen_sweep_00,2853,51.337482457436685,1,47.549999999999997,0,eligible
motiongen_2854,motiongen_sweep_00,2854,51.355482457436686,1,47.567,0,eligible
motiongen_2855,motiongen_sweep_00,2855,51.373482457436687,1,47.582999999999998,0,eligible
motiongen_2856,motiongen_sweep_00,2856,51.391482457436688,1,47.600000000000001,0,eligible
motiongen_2857,motiongen_sweep_00,2857,51.409482457436688,1,47.616999999999997,0,eligible
motiongen_2858,motiongen_sweep_00,2858,51.427482457436689,1,47.633000000000003,0,eligible
motiongen_2859,motiongen_sweep_00,2859,51.44548245743669,1,47.649999999999999,0,eligible
motiongen_2860,motiongen_sweep_00,2860,51.46348245743669,1,47.667000000000002,0,eligible
motiongen_2861,motiongen_sweep_00,2861,51.481482457436691,1,47.683,0,eligible
motiongen_2862,motiongen_sweep_00,2862,51.499482457436692,1,47.700000000000003,0,eligible
motiongen_2863,motiongen_sweep_00,2863,51.517482457436692,1,47.716999999999999,0,eligible
motiongen_2864,motiongen_sweep_00,2864,51.535482457436693,1,47.732999999999997,0,eligible
motiongen_2865,motiongen_sweep_00,2865,51.553482457436694,1,47.75,0,eligible
motiongen_2866,motiongen_sweep_00,2866,51.571482457436694,1,47.767000000000003,0,eligible
motiongen_2867,motiongen_sweep_00,2867,51.589482457436688,1,47.783000000000001,0,eligible
motiongen_2868,motiongen_sweep_00,2868,51.607482457436689,1,47.799999999999997,0,eligible
motiongen_2869,motiongen_sweep_00,2869,51.625482457436689,1,47.817,0,eligible
motiongen_2870,motiongen_sweep_00,2870,51.64348245743669,1,47.832999999999998,0,eligible
motiongen_2871,motiongen_sweep_00,2871,51.661482457436691,1,47.850000000000001,0,eligible
motiongen_2872,motiongen_sweep_00,2872,51.679482457436691,1,47.866999999999997,0,eligible
motiongen_2873,motiongen_sweep_00,2873,51.697482457436692,1,47.883000000000003,0,eligible
motiongen_2874,motiongen_sweep_00,2874,51.715482457436686,1,47.899999999999999,0,eligible
motiongen_2875,motiongen_sweep_00,2875,51.733482457436686,1,47.917000000000002,0,eligible
motiongen_2876,motiongen_sweep_00,2876,51.751482457436687,1,47.933,0,eligible
motiongen_2877,motiongen_sweep_00,2877,51.769482457436688,1,47.950000000000003,0,eligible
motiongen_2878,motiongen_sweep_00,2878,51.787482457436688,1,47.966999999999999,0,eligible
motiongen_2879,motiongen_sweep_00,2879,51.805482457436689,1,47.982999999999997,0,eligible
motiongen_2880,motiongen_sweep_00,2880,51.82348245743669,1,48,0,eligible
motiongen_2881,motiongen_sweep_00,2881,51.84148245743669,1,48.017000000000003,0,eligible
motiongen_2882,motiongen_sweep_00,2882,51.859482457436691,1,48.033000000000001,0,eligible
motiongen_2883,motiongen_sweep_00,2883,51.877482457436692,1,48.049999999999997,0,eligible
motiongen_2884,motiongen_sweep_00,2884,51.895482457436692,1,48.067,0,eligible
motiongen_2885,motiongen_sweep_00,2885,51.913482457436693,1,48.082999999999998,0,eligible
motiongen_2886,motiongen_sweep_00,2886,51.931482457436694,1,48.100000000000001,0,eligible
motiongen_2887,motiongen_sweep_00,2887,51.949482457436694,1,48.116999999999997,0,eligible
motiongen_2888,motiongen_sweep_00,2888,51.967482457436688,1,48.133000000000003,0,eligible
motiongen_2889,motiongen_sweep_00,2889,51.985482457436689,1,48.149999999999999,0,eligible
motiongen_2890,motiongen_sweep_00,2890,52.003482457436689,1,48.167000000000002,0,eligible
motiongen_2891,motiongen_sweep_00,2891,52.02148245743669,1,48.183,0,eligible
motiongen_2892,motiongen_sweep_00,2892,52.039482457436691,1,48.200000000000003,0,eligible
motiongen_2893,motiongen_sweep_00,2893,52.057482457436691,1,48.216999999999999,0,eligible
motiongen_2894,motiongen_sweep_00,2894,52.075482457436692,1,48.232999999999997,0,eligible
motiongen_2895,motiongen_sweep_00,2895,52.093482457436686,1,48.25,0,eligible
motiongen_2896,motiongen_sweep_00,2896,52.111482457436686,1,48.267000000000003,0,eligible
motiongen_2897,motiongen_sweep_00,2897,52.129482457436687,1,48.283000000000001,0,eligible
motiongen_2898,motiongen_sweep_00,2898,52.147482457436688,1,48.299999999999997,0,eligible
motiongen_2899,motiongen_sweep_00,2899,52.165482457436688,1,48.317,0,eligible
motiongen_2900,motiongen_sweep_00,2900,52.183482457436689,1,48.332999999999998,0,eligible
motiongen_2901,motiongen_sweep_00,2901,52.20148245743669,1,48.350000000000001,0,eligible
motiongen_2902,motiongen_sweep_00,2902,52.21948245743669,1,48.366999999999997,0,eligible
motiongen_2903,motiongen_sweep_00,2903,52.237482457436691,1,48.383000000000003,0,eligible
motiongen_2904,motiongen_sweep_00,2904,52.255482457436692,1,48.399999999999999,0,eligible
motiongen_2905,motiongen_sweep_00,2905,52.273482457436693,1,48.417000000000002,0,eligible
motiongen_2906,motiongen_sweep_00,2906,52.291482457436693,1,48.433,0,eligible
motiongen_2907,motiongen_sweep_00,2907,52.309482457436694,1,48.450000000000003,0,eligible
motiongen_2908,motiongen_sweep_00,2908,52.327482457436687,1,48.466999999999999,0,eligible
motiongen_2909,motiongen_sweep_00,2909,52.345482457436688,1,48.482999999999997,0,eligible
motiongen_2910,motiongen_sweep_00,2910,52.363482457436689,1,48.5,0,eligible
motiongen_2911,motiongen_sweep_00,2911,52.38148245743669,1,48.517000000000003,0,eligible
motiongen_2912,motiongen_sweep_00,2912,52.39948245743669,1,48.533000000000001,0,eligible
motiongen_2913,motiongen_sweep_00,2913,52.417482457436691,1,48.549999999999997,0,eligible
motiongen_2914,motiongen_sweep_00,2914,52.435482457436692,1,48.567,0,eligible
motiongen_2915,motiongen_sweep_00,2915,52.453482457436692,1,48.582999999999998,0,eligible
motiongen_2916,motiongen_sweep_00,2916,52.471482457436686,1,48.600000000000001,0,eligible
motiongen_2917,motiongen_sweep_00,2917,52.489482457436687,1,48.616999999999997,0,eligible
motiongen_2918,motiongen_sweep_00,2918,52.507482457436687,1,48.633000000000003,0,eligible
motiongen_2919,motiongen_sweep_00,2919,52.525482457436688,1,48.649999999999999,0,eligible
motiongen_2920,motiongen_sweep_00,2920,52.543482457436689,1,48.667000000000002,0,eligible
motiongen_2921,motiongen_sweep_00,2921,52.561482457436689,1,48.683,0,eligible
motiongen_2922,motiongen_sweep_00,2922,52.57948245743669,1,48.700000000000003,0,eligible
motiongen_2923,motiongen_sweep_00,2923,52.597482457436691,1,48.716999999999999,0,eligible
motiongen_2924,motiongen_sweep_00,2924,52.615482457436691,1,48.732999999999997,0,eligible
motiongen_2925,motiongen_sweep_00,2925,52.633482457436692,1,48.75,0,eligible
motiongen_2926,motiongen_sweep_00,2926,52.651482457436693,1,48.767000000000003,0,eligible
motiongen_2927,motiongen_sweep_00,2927,52.669482457436693,1,48.783000000000001,0,eligible
motiongen_2928,motiongen_sweep_00,2928,52.687482457436694,1,48.799999999999997,0,eligible
motiongen_2929,motiongen_sweep_00,2929,52.705482457436688,1,48.817,0,eligible
motiongen_2930,motiongen_sweep_00,2930,52.723482457436688,1,48.832999999999998,0,eligible
motiongen_2931,motiongen_sweep_00,2931,52.741482457436689,1,48.850000000000001,0,eligible
motiongen_2932,motiongen_sweep_00,2932,52.75948245743669,1,48.866999999999997,0,eligible
motiongen_2933,motiongen_sweep_00,2933,52.77748245743669,1,48.883000000000003,0,eligible
motiongen_2934,motiongen_sweep_00,2934,52.795482457436691,1,48.899999999999999,0,eligible
motiongen_2935,motiongen_sweep_00,2935,52.813482457436692,1,48.917000000000002,0,eligible
motiongen_2936,motiongen_sweep_00,2936,52.831482457436685,1,48.933,0,eligible
motiongen_2937,motiongen_sweep_00,2937,52.849482457436686,1,48.950000000000003,0,eligible
motiongen_2938,motiongen_sweep_00,2938,52.867482457436687,1,48.966999999999999,0,eligible
motiongen_2939,motiongen_sweep_00,2939,52.885482457436687,1,48.982999999999997,0,eligible
motiongen_2940,motiongen_sweep_00,2940,52.903482457436688,1,49,0,eligible
motiongen_2941,motiongen_sweep_00,2941,52.921482457436689,1,49.017000000000003,0,eligible
motiongen_2942,motiongen_sweep_00,2942,52.939482457436689,1,49.033000000000001,0,eligible
motiongen_2943,motiongen_sweep_00,2943,52.95748245743669,1,49.049999999999997,0,eligible
motiongen_2944,motiongen_sweep_00,2944,52.975482457436691,1,49.067,0,eligible
motiongen_2945,motiongen_sweep_00,2945,52.993482457436691,1,49.082999999999998,0,eligible
motiongen_2946,motiongen_sweep_00,2946,53.011482457436692,1,49.100000000000001,0,eligible
motiongen_2947,motiongen_sweep_00,2947,53.029482457436693,1,49.116999999999997,0,eligible
motiongen_2948,motiongen_sweep_00,2948,53.047482457436693,1,49.133000000000003,0,eligible
motiongen_2949,motiongen_sweep_00,2949,53.065482457436694,1,49.149999999999999,0,eligible
motiongen_2950,motiongen_sweep_00,2950,53.083482457436688,1,49.167000000000002,0,eligible
motiongen_2951,motiongen_sweep_00,2951,53.101482457436688,1,49.183,0,eligible
motiongen_2952,motiongen_sweep_00,2952,53.119482457436689,1,49.200000000000003,0,eligible
motiongen_2953,motiongen_sweep_00,2953,53.13748245743669,1,49.216999999999999,0,eligible
motiongen_2954,motiongen_sweep_00,2954,53.15548245743669,1,49.232999999999997,0,eligible
motiongen_2955,motiongen_sweep_00,2955,53.173482457436691,1,49.25,0,eligible
motiongen_2956,motiongen_sweep_00,2956,53.191482457436692,1,49.267000000000003,0,eligible
motiongen_2957,motiongen_sweep_00,2957,53.209482457436685,1,49.283000000000001,0,eligible
motiongen_2958,motiongen_sweep_00,2958,53.227482457436686,1,49.299999999999997,0,eligible
motiongen_2959,motiongen_sweep_00,2959,53.245482457436687,1,49.317,0,eligible
motiongen_2960,motiongen_sweep_00,2960,53.263482457436687,1,49.332999999999998,0,eligible
motiongen_2961,motiongen_sweep_00,2961,53.281482457436688,1,49.350000000000001,0,eligible
motiongen_2962,motiongen_sweep_00,2962,53.299482457436689,1,49.366999999999997,0,eligible
motiongen_2963,motiongen_sweep_00,2963,53.317482457436689,1,49.383000000000003,0,eligible
motiongen_2964,motiongen_sweep_00,2964,53.33548245743669,1,49.399999999999999,0,eligible
motiongen_2965,motiongen_sweep_00,2965,53.353482457436691,1,49.417000000000002,0,eligible
motiongen_2966,motiongen_sweep_00,2966,53.371482457436692,1,49.433,0,eligible
motiongen_2967,motiongen_sweep_00,2967,53.389482457436692,1,49.450000000000003,0,eligible
motiongen_2968,motiongen_sweep_00,2968,53.407482457436693,1,49.466999999999999,0,eligible
motiongen_2969,motiongen_sweep_00,2969,53.425482457436694,1,49.482999999999997,0,eligible
motiongen_2970,motiongen_sweep_00,2970,53.443482457436694,1,49.5,0,eligible
motiongen_2971,motiongen_sweep_00,2971,53.461482457436688,1,49.517000000000003,0,eligible
motiongen_2972,motiongen_sweep_00,2972,53.479482457436688,1,49.533000000000001,0,eligible
motiongen_2973,motiongen_sweep_00,2973,53.497482457436689,1,49.549999999999997,0,eligible
motiongen_2974,motiongen_sweep_00,2974,53.51548245743669,1,49.567,0,eligible
motiongen_2975,motiongen_sweep_00,2975,53.533482457436691,1,49.582999999999998,0,eligible
motiongen_2976,motiongen_sweep_00,2976,53.551482457436691,1,49.600000000000001,0,eligible
motiongen_2977,motiongen_sweep_00,2977,53.569482457436692,1,49.616999999999997,0,eligible
motiongen_2978,motiongen_sweep_00,2978,53.587482457436685,1,49.633000000000003,0,eligible
motiongen_2979,motiongen_sweep_00,2979,53.605482457436686,1,49.649999999999999,0,eligible
motiongen_2980,motiongen_sweep_00,2980,53.623482457436687,1,49.667000000000002,0,eligible
motiongen_2981,motiongen_sweep_00,2981,53.641482457436688,1,49.683,0,eligible
motiongen_2982,motiongen_sweep_00,2982,53.659482457436688,1,49.700000000000003,0,eligible
motiongen_2983,motiongen_sweep_00,2983,53.677482457436689,1,49.716999999999999,0,eligible
motiongen_2984,motiongen_sweep_00,2984,53.69548245743669,1,49.732999999999997,0,eligible
motiongen_2985,motiongen_sweep_00,2985,53.71348245743669,1,49.75,0,eligible
motiongen_2986,motiongen_sweep_00,2986,53.731482457436691,1,49.767000000000003,0,eligible
motiongen_2987,motiongen_sweep_00,2987,53.749482457436692,1,49.783000000000001,0,eligible
motiongen_2988,motiongen_sweep_00,2988,53.767482457436692,1,49.799999999999997,0,eligible
motiongen_2989,motiongen_sweep_00,2989,53.785482457436693,1,49.817,0,eligible
motiongen_2990,motiongen_sweep_00,2990,53.803482457436694,1,49.832999999999998,0,eligible
motiongen_2991,motiongen_sweep_00,2991,53.821482457436694,1,49.850000000000001,0,eligible
motiongen_2992,motiongen_sweep_00,2992,53.839482457436688,1,49.866999999999997,0,eligible
motiongen_2993,motiongen_sweep_00,2993,53.857482457436689,1,49.883000000000003,0,eligible
motiongen_2994,motiongen_sweep_00,2994,53.875482457436689,1,49.899999999999999,0,eligible
motiongen_2995,motiongen_sweep_00,2995,53.89348245743669,1,49.917000000000002,0,eligible
motiongen_2996,motiongen_sweep_00,2996,53.911482457436691,1,49.933,0,eligible
motiongen_2997,motiongen_sweep_00,2997,53.929482457436691,1,49.950000000000003,0,eligible
motiongen_2998,motiongen_sweep_00,2998,53.947482457436692,1,49.966999999999999,0,eligible
motiongen_2999,motiongen_sweep_00,2999,53.965482457436686,1,49.982999999999997,0,eligible
motiongen_3000,motiongen_sweep_00,3000,53.983482457436686,1,50,0,eligible
motiongen_3001,motiongen_sweep_00,3001,54.001482457436687,1,50.017000000000003,0,eligible
motiongen_3002,motiongen_sweep_00,3002,54.019482457436688,1,50.033000000000001,0,eligible
motiongen_3003,motiongen_sweep_00,3003,54.037482457436688,1,50.049999999999997,0,eligible
motiongen_3004,motiongen_sweep_00,3004,54.055482457436689,1,50.067,0,eligible
motiongen_3005,motiongen_sweep_00,3005,54.07348245743669,1,50.082999999999998,0,eligible
motiongen_3006,motiongen_sweep_00,3006,54.09148245743669,1,50.100000000000001,0,eligible
motiongen_3007,motiongen_sweep_00,3007,54.109482457436691,1,50.116999999999997,0,eligible
motiongen_3008,motiongen_sweep_00,3008,54.127482457436692,1,50.133000000000003,0,eligible
motiongen_3009,motiongen_sweep_00,3009,54.144482457436688,1,50.149999999999999,0,eligible
motiongen_3010,motiongen_sweep_00,3010,54.162482457436688,1,50.167000000000002,0,eligible
motiongen_3011,motiongen_sweep_00,3011,54.180482457436689,1,50.183,0,eligible
motiongen_3012,motiongen_sweep_00,3012,54.19848245743669,1,50.200000000000003,0,eligible
motiongen_3013,motiongen_sweep_00,3013,54.21648245743669,1,50.216999999999999,0,eligible
motiongen_3014,motiongen_sweep_00,3014,54.234482457436691,1,50.232999999999997,0,eligible
motiongen_3015,motiongen_sweep_00,3015,54.252482457436692,1,50.25,0,eligible
motiongen_3016,motiongen_sweep_00,3016,54.270482457436692,1,50.267000000000003,0,eligible
motiongen_3017,motiongen_sweep_00,3017,54.288482457436693,1,50.283000000000001,0,eligible
motiongen_3018,motiongen_sweep_00,3018,54.306482457436694,1,50.299999999999997,0,eligible
motiongen_3019,motiongen_sweep_00,3019,54.324482457436694,1,50.317,0,eligible
motiongen_3020,motiongen_sweep_00,3020,54.342482457436688,1,50.332999999999998,0,eligible
motiongen_3021,motiongen_sweep_00,3021,54.360482457436689,1,50.350000000000001,0,eligible
motiongen_3022,motiongen_sweep_00,3022,54.378482457436689,1,50.366999999999997,0,eligible
motiongen_3023,motiongen_sweep_00,3023,54.39648245743669,1,50.383000000000003,0,eligible
motiongen_3024,motiongen_sweep_00,3024,54.414482457436691,1,50.399999999999999,0,eligible
motiongen_3025,motiongen_sweep_00,3025,54.432482457436691,1,50.417000000000002,0,eligible
motiongen_3026,motiongen_sweep_00,3026,54.450482457436685,1,50.433,0,eligible
motiongen_3027,motiongen_sweep_00,3027,54.468482457436686,1,50.450000000000003,0,eligible
motiongen_3028,motiongen_sweep_00,3028,54.486482457436686,1,50.466999999999999,0,eligible
motiongen_3029,motiongen_sweep_00,3029,54.504482457436687,1,50.482999999999997,0,eligible
motiongen_3030,motiongen_sweep_00,3030,54.522482457436688,1,50.5,0,eligible
motiongen_3031,motiongen_sweep_00,3031,54.540482457436688,1,50.517000000000003,0,eligible
motiongen_3032,motiongen_sweep_00,3032,54.558482457436689,1,50.533000000000001,0,eligible
motiongen_3033,motiongen_sweep_00,3033,54.57648245743669,1,50.549999999999997,0,eligible
motiongen_3034,motiongen_sweep_00,3034,54.59448245743669,1,50.567,0,eligible
motiongen_3035,motiongen_sweep_00,3035,54.612482457436691,1,50.582999999999998,0,eligible
motiongen_3036,motiongen_sweep_00,3036,54.630482457436692,1,50.600000000000001,0,eligible
motiongen_3037,motiongen_sweep_00,3037,54.648482457436693,1,50.616999999999997,0,eligible
motiongen_3038,motiongen_sweep_00,3038,54.666482457436693,1,50.633000000000003,0,eligible
motiongen_3039,motiongen_sweep_00,3039,54.684482457436694,1,50.649999999999999,0,eligible
motiongen_3040,motiongen_sweep_00,3040,54.702482457436695,1,50.667000000000002,0,eligible
motiongen_3041,motiongen_sweep_00,3041,54.720482457436688,1,50.683,0,eligible
motiongen_3042,motiongen_sweep_00,3042,54.738482457436689,1,50.700000000000003,0,eligible
motiongen_3043,motiongen_sweep_00,3043,54.75648245743669,1,50.716999999999999,0,eligible
motiongen_3044,motiongen_sweep_00,3044,54.77448245743669,1,50.732999999999997,0,eligible
motiongen_3045,motiongen_sweep_00,3045,54.792482457436691,1,50.75,0,eligible
motiongen_3046,motiongen_sweep_00,3046,54.810482457436692,1,50.767000000000003,0,eligible
motiongen_3047,motiongen_sweep_00,3047,54.828482457436685,1,50.783000000000001,0,eligible
motiongen_3048,motiongen_sweep_00,3048,54.846482457436686,1,50.799999999999997,0,eligible
motiongen_3049,motiongen_sweep_00,3049,54.864482457436687,1,50.817,0,eligible
motiongen_3050,motiongen_sweep_00,3050,54.882482457436687,1,50.832999999999998,0,eligible
motiongen_3051,motiongen_sweep_00,3051,54.900482457436688,1,50.850000000000001,0,eligible
motiongen_3052,motiongen_sweep_00,3052,54.918482457436689,1,50.866999999999997,0,eligible
motiongen_3053,motiongen_sweep_00,3053,54.936482457436689,1,50.883000000000003,0,eligible
motiongen_3054,motiongen_sweep_00,3054,54.95448245743669,1,50.899999999999999,0,eligible
motiongen_3055,motiongen_sweep_00,3055,54.972482457436691,1,50.917000000000002,0,eligible
motiongen_3056,motiongen_sweep_00,3056,54.990482457436691,1,50.933,0,eligible
motiongen_3057,motiongen_sweep_00,3057,55.008482457436692,1,50.950000000000003,0,eligible
motiongen_3058,motiongen_sweep_00,3058,55.026482457436693,1,50.966999999999999,0,eligible
motiongen_3059,motiongen_sweep_00,3059,55.044482457436693,1,50.982999999999997,0,eligible
motiongen_3060,motiongen_sweep_00,3060,55.062482457436694,1,51,0,eligible
motiongen_3061,motiongen_sweep_00,3061,55.080482457436695,1,51.017000000000003,0,eligible
motiongen_3062,motiongen_sweep_00,3062,55.098482457436688,1,51.033000000000001,0,eligible
motiongen_3063,motiongen_sweep_00,3063,55.116482457436689,1,51.049999999999997,0,eligible
motiongen_3064,motiongen_sweep_00,3064,55.13448245743669,1,51.067,0,eligible
motiongen_3065,motiongen_sweep_00,3065,55.15248245743669,1,51.082999999999998,0,eligible
motiongen_3066,motiongen_sweep_00,3066,55.170482457436691,1,51.100000000000001,0,eligible
motiongen_3067,motiongen_sweep_00,3067,55.188482457436692,1,51.116999999999997,0,eligible
motiongen_3068,motiongen_sweep_00,3068,55.206482457436685,1,51.133000000000003,0,eligible
motiongen_3069,motiongen_sweep_00,3069,55.224482457436686,1,51.149999999999999,0,eligible
motiongen_3070,motiongen_sweep_00,3070,55.242482457436687,1,51.167000000000002,0,eligible
motiongen_3071,motiongen_sweep_00,3071,55.260482457436687,1,51.183,0,eligible
motiongen_3072,motiongen_sweep_00,3072,55.278482457436688,1,51.200000000000003,0,eligible
motiongen_3073,motiongen_sweep_00,3073,55.296482457436689,1,51.216999999999999,0,eligible
motiongen_3074,motiongen_sweep_00,3074,55.314482457436689,1,51.232999999999997,0,eligible
motiongen_3075,motiongen_sweep_00,3075,55.33248245743669,1,51.25,0,eligible
motiongen_3076,motiongen_sweep_00,3076,55.350482457436691,1,51.267000000000003,0,eligible
motiongen_3077,motiongen_sweep_00,3077,55.368482457436691,1,51.283000000000001,0,eligible
motiongen_3078,motiongen_sweep_00,3078,55.386482457436692,1,51.299999999999997,0,eligible
motiongen_3079,motiongen_sweep_00,3079,55.404482457436693,1,51.317,0,eligible
motiongen_3080,motiongen_sweep_00,3080,55.422482457436693,1,51.332999999999998,0,eligible
motiongen_3081,motiongen_sweep_00,3081,55.440482457436694,1,51.350000000000001,0,eligible
motiongen_3082,motiongen_sweep_00,3082,55.458482457436688,1,51.366999999999997,0,eligible
motiongen_3083,motiongen_sweep_00,3083,55.476482457436688,1,51.383000000000003,0,eligible
motiongen_3084,motiongen_sweep_00,3084,55.494482457436689,1,51.399999999999999,0,eligible
motiongen_3085,motiongen_sweep_00,3085,55.51248245743669,1,51.417000000000002,0,eligible
motiongen_3086,motiongen_sweep_00,3086,55.53048245743669,1,51.433,0,eligible
motiongen_3087,motiongen_sweep_00,3087,55.548482457436691,1,51.450000000000003,0,eligible
motiongen_3088,motiongen_sweep_00,3088,55.566482457436692,1,51.466999999999999,0,eligible
motiongen_3089,motiongen_sweep_00,3089,55.584482457436685,1,51.482999999999997,0,eligible
motiongen_3090,motiongen_sweep_00,3090,55.602482457436686,1,51.5,0,eligible
motiongen_3091,motiongen_sweep_00,3091,55.620482457436687,1,51.517000000000003,0,eligible
motiongen_3092,motiongen_sweep_00,3092,55.638482457436687,1,51.533000000000001,0,eligible
motiongen_3093,motiongen_sweep_00,3093,55.656482457436688,1,51.549999999999997,0,eligible
motiongen_3094,motiongen_sweep_00,3094,55.674482457436689,1,51.567,0,eligible
motiongen_3095,motiongen_sweep_00,3095,55.692482457436689,1,51.582999999999998,0,eligible
motiongen_3096,motiongen_sweep_00,3096,55.71048245743669,1,51.600000000000001,0,eligible
motiongen_3097,motiongen_sweep_00,3097,55.728482457436691,1,51.616999999999997,0,eligible
motiongen_3098,motiongen_sweep_00,3098,55.746482457436692,1,51.633000000000003,0,eligible
motiongen_3099,motiongen_sweep_00,3099,55.764482457436692,1,51.649999999999999,0,eligible
motiongen_3100,motiongen_sweep_00,3100,55.782482457436693,1,51.667000000000002,0,eligible
motiongen_3101,motiongen_sweep_00,3101,55.800482457436694,1,51.683,0,eligible
motiongen_3102,motiongen_sweep_00,3102,55.818482457436694,1,51.700000000000003,0,eligible
motiongen_3103,motiongen_sweep_00,3103,55.836482457436688,1,51.716999999999999,0,eligible
motiongen_3104,motiongen_sweep_00,3104,55.854482457436688,1,51.732999999999997,0,eligible
motiongen_3105,motiongen_sweep_00,3105,55.872482457436689,1,51.75,0,eligible
motiongen_3106,motiongen_sweep_00,3106,55.89048245743669,1,51.767000000000003,0,eligible
motiongen_3107,motiongen_sweep_00,3107,55.908482457436691,1,51.783000000000001,0,eligible
motiongen_3108,motiongen_sweep_00,3108,55.926482457436691,1,51.799999999999997,0,eligible
motiongen_3109,motiongen_sweep_00,3109,55.944482457436692,1,51.817,0,eligible
motiongen_3110,motiongen_sweep_00,3110,55.962482457436685,1,51.832999999999998,0,eligible
motiongen_3111,motiongen_sweep_00,3111,55.980482457436686,1,51.850000000000001,0,eligible
motiongen_3112,motiongen_sweep_00,3112,55.998482457436687,1,51.866999999999997,0,eligible
motiongen_3113,motiongen_sweep_00,3113,56.016482457436688,1,51.883000000000003,0,eligible
motiongen_3114,motiongen_sweep_00,3114,56.034482457436688,1,51.899999999999999,0,eligible
motiongen_3115,motiongen_sweep_00,3115,56.052482457436689,1,51.917000000000002,0,eligible
motiongen_3116,motiongen_sweep_00,3116,56.07048245743669,1,51.933,0,eligible
motiongen_3117,motiongen_sweep_00,3117,56.08848245743669,1,51.950000000000003,0,eligible
motiongen_3118,motiongen_sweep_00,3118,56.106482457436691,1,51.966999999999999,0,eligible
motiongen_3119,motiongen_sweep_00,3119,56.124482457436692,1,51.982999999999997,0,eligible
motiongen_3120,motiongen_sweep_00,3120,56.142482457436692,1,52,0,eligible
motiongen_3121,motiongen_sweep_00,3121,56.160482457436693,1,52.017000000000003,0,eligible
motiongen_3122,motiongen_sweep_00,3122,56.178482457436694,1,52.033000000000001,0,eligible
motiongen_3123,motiongen_sweep_00,3123,56.196482457436694,1,52.049999999999997,0,eligible
motiongen_3124,motiongen_sweep_00,3124,56.214482457436688,1,52.067,0,eligible
motiongen_3125,motiongen_sweep_00,3125,56.232482457436689,1,52.082999999999998,0,eligible
motiongen_3126,motiongen_sweep_00,3126,56.250482457436689,1,52.100000000000001,0,eligible
motiongen_3127,motiongen_sweep_00,3127,56.26848245743669,1,52.116999999999997,0,eligible
motiongen_3128,motiongen_sweep_00,3128,56.286482457436691,1,52.133000000000003,0,eligible
motiongen_3129,motiongen_sweep_00,3129,56.304482457436691,1,52.149999999999999,0,eligible
motiongen_3130,motiongen_sweep_00,3130,56.322482457436692,1,52.167000000000002,0,eligible
motiongen_3131,motiongen_sweep_00,3131,56.340482457436686,1,52.183,0,eligible
motiongen_3132,motiongen_sweep_00,3132,56.358482457436686,1,52.200000000000003,0,eligible
motiongen_3133,motiongen_sweep_00,3133,56.376482457436687,1,52.216999999999999,0,eligible
motiongen_3134,motiongen_sweep_00,3134,56.394482457436688,1,52.232999999999997,0,eligible
motiongen_3135,motiongen_sweep_00,3135,56.412482457436688,1,52.25,0,eligible
motiongen_3136,motiongen_sweep_00,3136,56.430482457436689,1,52.267000000000003,0,eligible
motiongen_3137,motiongen_sweep_00,3137,56.44848245743669,1,52.283000000000001,0,eligible
motiongen_3138,motiongen_sweep_00,3138,56.46648245743669,1,52.299999999999997,0,eligible
motiongen_3139,motiongen_sweep_00,3139,56.484482457436691,1,52.317,0,eligible
motiongen_3140,motiongen_sweep_00,3140,56.502482457436692,1,52.332999999999998,0,eligible
motiongen_3141,motiongen_sweep_00,3141,56.520482457436692,1,52.350000000000001,0,eligible
motiongen_3142,motiongen_sweep_00,3142,56.538482457436693,1,52.366999999999997,0,eligible
motiongen_3143,motiongen_sweep_00,3143,56.556667764616272,1,52.383000000000003,0,eligible
motiongen_3144,motiongen_sweep_00,3144,56.574667764616272,1,52.399999999999999,0,eligible
motiongen_3145,motiongen_sweep_00,3145,56.592667764616273,1,52.417000000000002,0,eligible
motiongen_3146,motiongen_sweep_00,3146,56.610667764616274,1,52.433,0,eligible
motiongen_3147,motiongen_sweep_00,3147,56.628667764616274,1,52.450000000000003,0,eligible
motiongen_3148,motiongen_sweep_00,3148,56.646667764616275,1,52.466999999999999,0,eligible
motiongen_3149,motiongen_sweep_00,3149,56.664667764616276,1,52.482999999999997,0,eligible
motiongen_3150,motiongen_sweep_00,3150,56.682667764616276,1,52.5,0,eligible
motiongen_3151,motiongen_sweep_00,3151,56.700667764616277,1,52.517000000000003,0,eligible
motiongen_3152,motiongen_sweep_00,3152,56.718667764616278,1,52.533000000000001,0,eligible
motiongen_3153,motiongen_sweep_00,3153,56.735667764616274,1,52.549999999999997,0,eligible
motiongen_3154,motiongen_sweep_00,3154,56.753667764616274,1,52.567,0,eligible
motiongen_3155,motiongen_sweep_00,3155,56.771667764616275,1,52.582999999999998,0,eligible
motiongen_3156,motiongen_sweep_00,3156,56.789667764616276,1,52.600000000000001,0,eligible
motiongen_3157,motiongen_sweep_00,3157,56.807667764616276,1,52.616999999999997,0,eligible
motiongen_3158,motiongen_sweep_00,3158,56.825667764616277,1,52.633000000000003,0,eligible
motiongen_3159,motiongen_sweep_00,3159,56.843667764616278,1,52.649999999999999,0,eligible
motiongen_3160,motiongen_sweep_00,3160,56.861667764616278,1,52.667000000000002,0,eligible
motiongen_3161,motiongen_sweep_00,3161,56.879667764616279,1,52.683,0,eligible
motiongen_3162,motiongen_sweep_00,3162,56.89766776461628,1,52.700000000000003,0,eligible
motiongen_3163,motiongen_sweep_00,3163,56.915667764616281,1,52.716999999999999,0,eligible
motiongen_3164,motiongen_sweep_00,3164,56.933667764616274,1,52.732999999999997,0,eligible
motiongen_3165,motiongen_sweep_00,3165,56.951667764616275,1,52.75,0,eligible
motiongen_3166,motiongen_sweep_00,3166,56.969667764616275,1,52.767000000000003,0,eligible
motiongen_3167,motiongen_sweep_00,3167,56.987667764616276,1,52.783000000000001,0,eligible
motiongen_3168,motiongen_sweep_00,3168,57.005667764616277,1,52.799999999999997,0,eligible
motiongen_3169,motiongen_sweep_00,3169,57.023667764616278,1,52.817,0,eligible
motiongen_3170,motiongen_sweep_00,3170,57.041667764616278,1,52.832999999999998,0,eligible
motiongen_3171,motiongen_sweep_00,3171,57.059667764616272,1,52.850000000000001,0,eligible
motiongen_3172,motiongen_sweep_00,3172,57.077667764616272,1,52.866999999999997,0,eligible
motiongen_3173,motiongen_sweep_00,3173,57.095667764616273,1,52.883000000000003,0,eligible
motiongen_3174,motiongen_sweep_00,3174,57.113667764616274,1,52.899999999999999,0,eligible
motiongen_3175,motiongen_sweep_00,3175,57.131667764616274,1,52.917000000000002,0,eligible
motiongen_3176,motiongen_sweep_00,3176,57.149667764616275,1,52.933,0,eligible
motiongen_3177,motiongen_sweep_00,3177,57.167667764616276,1,52.950000000000003,0,eligible
motiongen_3178,motiongen_sweep_00,3178,57.185667764616277,1,52.966999999999999,0,eligible
motiongen_3179,motiongen_sweep_00,3179,57.203667764616277,1,52.982999999999997,0,eligible
motiongen_3180,motiongen_sweep_00,3180,57.221667764616278,1,53,0,eligible
motiongen_3181,motiongen_sweep_00,3181,57.239667764616271,1,53.017000000000003,0,eligible
motiongen_3182,motiongen_sweep_00,3182,57.257667764616272,1,53.033000000000001,0,eligible
motiongen_3183,motiongen_sweep_00,3183,57.275667764616273,1,53.049999999999997,0,eligible
motiongen_3184,motiongen_sweep_00,3184,57.293667764616274,1,53.067,0,eligible
motiongen_3185,motiongen_sweep_00,3185,57.311667764616274,1,53.082999999999998,0,eligible
motiongen_3186,motiongen_sweep_00,3186,57.329667764616275,1,53.100000000000001,0,eligible
motiongen_3187,motiongen_sweep_00,3187,57.347667764616276,1,53.116999999999997,0,eligible
motiongen_3188,motiongen_sweep_00,3188,57.365667764616276,1,53.133000000000003,0,eligible
motiongen_3189,motiongen_sweep_00,3189,57.383667764616277,1,53.149999999999999,0,eligible
motiongen_3190,motiongen_sweep_00,3190,57.401667764616278,1,53.167000000000002,0,eligible
motiongen_3191,motiongen_sweep_00,3191,57.419667764616278,1,53.183,0,eligible
motiongen_3192,motiongen_sweep_00,3192,57.437667764616279,1,53.200000000000003,0,eligible
motiongen_3193,motiongen_sweep_00,3193,57.45566776461628,1,53.216999999999999,0,eligible
motiongen_3194,motiongen_sweep_00,3194,57.47366776461628,1,53.232999999999997,0,eligible
motiongen_3195,motiongen_sweep_00,3195,57.491667764616274,1,53.25,0,eligible
motiongen_3196,motiongen_sweep_00,3196,57.509667764616275,1,53.267000000000003,0,eligible
motiongen_3197,motiongen_sweep_00,3197,57.527667764616275,1,53.283000000000001,0,eligible
motiongen_3198,motiongen_sweep_00,3198,57.545667764616276,1,53.299999999999997,0,eligible
motiongen_3199,motiongen_sweep_00,3199,57.563667764616277,1,53.317,0,eligible
motiongen_3200,motiongen_sweep_00,3200,57.581667764616277,1,53.332999999999998,0,eligible
motiongen_3201,motiongen_sweep_00,3201,57.599667764616278,1,53.350000000000001,0,eligible
motiongen_3202,motiongen_sweep_00,3202,57.617667764616272,1,53.366999999999997,0,eligible
motiongen_3203,motiongen_sweep_00,3203,57.635667764616272,1,53.383000000000003,0,eligible
motiongen_3204,motiongen_sweep_00,3204,57.653667764616273,1,53.399999999999999,0,eligible
motiongen_3205,motiongen_sweep_00,3205,57.671667764616274,1,53.417000000000002,0,eligible
motiongen_3206,motiongen_sweep_00,3206,57.689667764616274,1,53.433,0,eligible
motiongen_3207,motiongen_sweep_00,3207,57.707667764616275,1,53.450000000000003,0,eligible
motiongen_3208,motiongen_sweep_00,3208,57.725667764616276,1,53.466999999999999,0,eligible
motiongen_3209,motiongen_sweep_00,3209,57.743667764616276,1,53.482999999999997,0,eligible
motiongen_3210,motiongen_sweep_00,3210,57.761667764616277,1,53.5,0,eligible
motiongen_3211,motiongen_sweep_00,3211,57.779667764616278,1,53.517000000000003,0,eligible
motiongen_3212,motiongen_sweep_00,3212,57.797667764616278,1,53.533000000000001,0,eligible
motiongen_3213,motiongen_sweep_00,3213,57.815667764616279,1,53.549999999999997,0,eligible
motiongen_3214,motiongen_sweep_00,3214,57.83366776461628,1,53.567,0,eligible
motiongen_3215,motiongen_sweep_00,3215,57.85166776461628,1,53.582999999999998,0,eligible
motiongen_3216,motiongen_sweep_00,3216,57.869667764616274,1,53.600000000000001,0,eligible
motiongen_3217,motiongen_sweep_00,3217,57.887667764616275,1,53.616999999999997,0,eligible
motiongen_3218,motiongen_sweep_00,3218,57.905667764616275,1,53.633000000000003,0,eligible
motiongen_3219,motiongen_sweep_00,3219,57.923667764616276,1,53.649999999999999,0,eligible
motiongen_3220,motiongen_sweep_00,3220,57.941667764616277,1,53.667000000000002,0,eligible
motiongen_3221,motiongen_sweep_00,3221,57.959667764616277,1,53.683,0,eligible
motiongen_3222,motiongen_sweep_00,3222,57.977667764616278,1,53.700000000000003,0,eligible
motiongen_3223,motiongen_sweep_00,3223,57.995667764616272,1,53.716999999999999,0,eligible
motiongen_3224,motiongen_sweep_00,3224,58.013667764616272,1,53.732999999999997,0,eligible
motiongen_3225,motiongen_sweep_00,3225,58.031667764616273,1,53.75,0,eligible
motiongen_3226,motiongen_sweep_00,3226,58.049667764616274,1,53.767000000000003,0,eligible
motiongen_3227,motiongen_sweep_00,3227,58.067667764616274,1,53.783000000000001,0,eligible
motiongen_3228,motiongen_sweep_00,3228,58.085667764616275,1,53.799999999999997,0,eligible
motiongen_3229,motiongen_sweep_00,3229,58.103667764616276,1,53.817,0,eligible
motiongen_3230,motiongen_sweep_00,3230,58.121667764616276,1,53.832999999999998,0,eligible
motiongen_3231,motiongen_sweep_00,3231,58.139667764616277,1,53.850000000000001,0,eligible
motiongen_3232,motiongen_sweep_00,3232,58.157667764616278,1,53.866999999999997,0,eligible
motiongen_3233,motiongen_sweep_00,3233,58.175667764616279,1,53.883000000000003,0,eligible
motiongen_3234,motiongen_sweep_00,3234,58.193667764616279,1,53.899999999999999,0,eligible
motiongen_3235,motiongen_sweep_00,3235,58.21166776461628,1,53.917000000000002,0,eligible
motiongen_3236,motiongen_sweep_00,3236,58.229667764616281,1,53.933,0,eligible
motiongen_3237,motiongen_sweep_00,3237,58.247667764616274,1,53.950000000000003,0,eligible
motiongen_3238,motiongen_sweep_00,3238,58.265667764616275,1,53.966999999999999,0,eligible
motiongen_3239,motiongen_sweep_00,3239,58.283667764616276,1,53.982999999999997,0,eligible
motiongen_3240,motiongen_sweep_00,3240,58.301667764616276,1,54,0,eligible
motiongen_3241,motiongen_sweep_00,3241,58.319667764616277,1,54.017000000000003,0,eligible
motiongen_3242,motiongen_sweep_00,3242,58.337667764616278,1,54.033000000000001,0,eligible
motiongen_3243,motiongen_sweep_00,3243,58.355667764616278,1,54.049999999999997,0,eligible
motiongen_3244,motiongen_sweep_00,3244,58.373667764616272,1,54.067,0,eligible
motiongen_3245,motiongen_sweep_00,3245,58.391667764616273,1,54.082999999999998,0,eligible
motiongen_3246,motiongen_sweep_00,3246,58.409667764616273,1,54.100000000000001,0,eligible
motiongen_3247,motiongen_sweep_00,3247,58.427667764616274,1,54.116999999999997,0,eligible
motiongen_3248,motiongen_sweep_00,3248,58.445667764616275,1,54.133000000000003,0,eligible
motiongen_3249,motiongen_sweep_00,3249,58.463667764616275,1,54.149999999999999,0,eligible
motiongen_3250,motiongen_sweep_00,3250,58.481667764616276,1,54.167000000000002,0,eligible
motiongen_3251,motiongen_sweep_00,3251,58.499667764616277,1,54.183,0,eligible
motiongen_3252,motiongen_sweep_00,3252,58.517667764616277,1,54.200000000000003,0,eligible
motiongen_3253,motiongen_sweep_00,3253,58.535667764616278,1,54.216999999999999,0,eligible
motiongen_3254,motiongen_sweep_00,3254,58.553667764616279,1,54.232999999999997,0,eligible
motiongen_3255,motiongen_sweep_00,3255,58.571667764616279,1,54.25,0,eligible
motiongen_3256,motiongen_sweep_00,3256,58.58966776461628,1,54.267000000000003,0,eligible
motiongen_3257,motiongen_sweep_00,3257,58.607667764616281,1,54.283000000000001,0,eligible
motiongen_3258,motiongen_sweep_00,3258,58.625667764616274,1,54.299999999999997,0,eligible
motiongen_3259,motiongen_sweep_00,3259,58.643667764616275,1,54.317,0,eligible
motiongen_3260,motiongen_sweep_00,3260,58.661667764616276,1,54.332999999999998,0,eligible
motiongen_3261,motiongen_sweep_00,3261,58.679667764616276,1,54.350000000000001,0,eligible
motiongen_3262,motiongen_sweep_00,3262,58.697667764616277,1,54.366999999999997,0,eligible
motiongen_3263,motiongen_sweep_00,3263,58.715667764616278,1,54.383000000000003,0,eligible
motiongen_3264,motiongen_sweep_00,3264,58.733667764616278,1,54.399999999999999,0,eligible
motiongen_3265,motiongen_sweep_00,3265,58.751667764616272,1,54.417000000000002,0,eligible
motiongen_3266,motiongen_sweep_00,3266,58.769667764616273,1,54.433,0,eligible
motiongen_3267,motiongen_sweep_00,3267,58.787667764616273,1,54.450000000000003,0,eligible
motiongen_3268,motiongen_sweep_00,3268,58.805667764616274,1,54.466999999999999,0,eligible
motiongen_3269,motiongen_sweep_00,3269,58.823667764616275,1,54.482999999999997,0,eligible
motiongen_3270,motiongen_sweep_00,3270,58.841667764616275,1,54.5,0,eligible
motiongen_3271,motiongen_sweep_00,3271,58.859667764616276,1,54.517000000000003,0,eligible
motiongen_3272,motiongen_sweep_00,3272,58.877667764616277,1,54.533000000000001,0,eligible
motiongen_3273,motiongen_sweep_00,3273,58.895667764616277,1,54.549999999999997,0,eligible
motiongen_3274,motiongen_sweep_00,3274,58.913667764616278,1,54.567,0,eligible
motiongen_3275,motiongen_sweep_00,3275,58.931667764616279,1,54.582999999999998,0,eligible
motiongen_3276,motiongen_sweep_00,3276,58.949667764616279,1,54.600000000000001,0,eligible
motiongen_3277,motiongen_sweep_00,3277,58.96766776461628,1,54.616999999999997,0,eligible
motiongen_3278,motiongen_sweep_00,3278,58.985667764616274,1,54.633000000000003,0,eligible
motiongen_3279,motiongen_sweep_00,3279,59.003667764616274,1,54.649999999999999,0,eligible
motiongen_3280,motiongen_sweep_00,3280,59.021667764616275,1,54.667000000000002,0,eligible
motiongen_3281,motiongen_sweep_00,3281,59.039667764616276,1,54.683,0,eligible
motiongen_3282,motiongen_sweep_00,3282,59.057667764616276,1,54.700000000000003,0,eligible
motiongen_3283,motiongen_sweep_00,3283,59.075667764616277,1,54.716999999999999,0,eligible
motiongen_3284,motiongen_sweep_00,3284,59.093667764616278,1,54.732999999999997,0,eligible
motiongen_3285,motiongen_sweep_00,3285,59.111667764616278,1,54.75,0,eligible
motiongen_3286,motiongen_sweep_00,3286,59.129667764616272,1,54.767000000000003,0,eligible
motiongen_3287,motiongen_sweep_00,3287,59.147667764616273,1,54.783000000000001,0,eligible
motiongen_3288,motiongen_sweep_00,3288,59.165667764616273,1,54.799999999999997,0,eligible
motiongen_3289,motiongen_sweep_00,3289,59.183667764616274,1,54.817,0,eligible
motiongen_3290,motiongen_sweep_00,3290,59.201667764616275,1,54.832999999999998,0,eligible
motiongen_3291,motiongen_sweep_00,3291,59.219667764616275,1,54.850000000000001,0,eligible
motiongen_3292,motiongen_sweep_00,3292,59.237667764616276,1,54.866999999999997,0,eligible
motiongen_3293,motiongen_sweep_00,3293,59.255667764616277,1,54.883000000000003,0,eligible
motiongen_3294,motiongen_sweep_00,3294,59.273667764616278,1,54.899999999999999,0,eligible
motiongen_3295,motiongen_sweep_00,3295,59.291667764616278,1,54.917000000000002,0,eligible
motiongen_3296,motiongen_sweep_00,3296,59.309667764616279,1,54.933,0,eligible
motiongen_3297,motiongen_sweep_00,3297,59.32766776461628,1,54.950000000000003,0,eligible
motiongen_3298,motiongen_sweep_00,3298,59.34566776461628,1,54.966999999999999,0,eligible
motiongen_3299,motiongen_sweep_00,3299,59.363667764616274,1,54.982999999999997,0,eligible
motiongen_3300,motiongen_sweep_00,3300,59.381667764616274,1,55,0,eligible
motiongen_3301,motiongen_sweep_00,3301,59.399667764616275,1,55.017000000000003,0,eligible
motiongen_3302,motiongen_sweep_00,3302,59.417667764616276,1,55.033000000000001,0,eligible
motiongen_3303,motiongen_sweep_00,3303,59.435667764616277,1,55.049999999999997,0,eligible
motiongen_3304,motiongen_sweep_00,3304,59.453667764616277,1,55.067,0,eligible
motiongen_3305,motiongen_sweep_00,3305,59.471667764616278,1,55.082999999999998,0,eligible
motiongen_3306,motiongen_sweep_00,3306,59.489667764616271,1,55.100000000000001,0,eligible
motiongen_3307,motiongen_sweep_00,3307,59.507667764616272,1,55.116999999999997,0,eligible
motiongen_3308,motiongen_sweep_00,3308,59.525667764616273,1,55.133000000000003,0,eligible
motiongen_3309,motiongen_sweep_00,3309,59.543667764616274,1,55.149999999999999,0,eligible
motiongen_3310,motiongen_sweep_00,3310,59.561667764616274,1,55.167000000000002,0,eligible
motiongen_3311,motiongen_sweep_00,3311,59.579667764616275,1,55.183,0,eligible
motiongen_3312,motiongen_sweep_00,3312,59.597667764616276,1,55.200000000000003,0,eligible
motiongen_3313,motiongen_sweep_00,3313,59.615667764616276,1,55.216999999999999,0,eligible
motiongen_3314,motiongen_sweep_00,3314,59.633667764616277,1,55.232999999999997,0,eligible
motiongen_3315,motiongen_sweep_00,3315,59.651667764616278,1,55.25,0,eligible
motiongen_3316,motiongen_sweep_00,3316,59.669667764616278,1,55.267000000000003,0,eligible
motiongen_3317,motiongen_sweep_00,3317,59.687667764616279,1,55.283000000000001,0,eligible
motiongen_3318,motiongen_sweep_00,3318,59.70566776461628,1,55.299999999999997,0,eligible
motiongen_3319,motiongen_sweep_00,3319,59.72366776461628,1,55.317,0,eligible
motiongen_3320,motiongen_sweep_00,3320,59.741667764616274,1,55.332999999999998,0,eligible
motiongen_3321,motiongen_sweep_00,3321,59.759667764616275,1,55.350000000000001,0,eligible
motiongen_3322,motiongen_sweep_00,3322,59.777667764616275,1,55.366999999999997,0,eligible
motiongen_3323,motiongen_sweep_00,3323,59.795667764616276,1,55.383000000000003,0,eligible
motiongen_3324,motiongen_sweep_00,3324,59.813667764616277,1,55.399999999999999,0,eligible
motiongen_3325,motiongen_sweep_00,3325,59.831667764616277,1,55.417000000000002,0,eligible
motiongen_3326,motiongen_sweep_00,3326,59.849667764616278,1,55.433,0,eligible
motiongen_3327,motiongen_sweep_00,3327,59.867667764616272,1,55.450000000000003,0,eligible
motiongen_3328,motiongen_sweep_00,3328,59.885667764616272,1,55.466999999999999,0,eligible
motiongen_3329,motiongen_sweep_00,3329,59.903667764616273,1,55.482999999999997,0,eligible
motiongen_3330,motiongen_sweep_00,3330,59.920667764616276,1,55.5,0,eligible
motiongen_3331,motiongen_sweep_00,3331,59.938667764616277,1,55.517000000000003,0,eligible
motiongen_3332,motiongen_sweep_00,3332,59.956667764616277,1,55.533000000000001,0,eligible
motiongen_3333,motiongen_sweep_00,3333,59.974667764616278,1,55.549999999999997,0,eligible
motiongen_3334,motiongen_sweep_00,3334,59.992667764616272,1,55.567,0,eligible
motiongen_3335,motiongen_sweep_00,3335,60.010667764616272,1,55.582999999999998,0,eligible
motiongen_3336,motiongen_sweep_00,3336,60.028667764616273,1,55.600000000000001,0,eligible
motiongen_3337,motiongen_sweep_00,3337,60.046667764616274,1,55.616999999999997,0,eligible
motiongen_3338,motiongen_sweep_00,3338,60.064667764616274,1,55.633000000000003,0,eligible
motiongen_3339,motiongen_sweep_00,3339,60.082667764616275,1,55.649999999999999,0,eligible
motiongen_3340,motiongen_sweep_00,3340,60.100667764616276,1,55.667000000000002,0,eligible
motiongen_3341,motiongen_sweep_00,3341,60.118667764616276,1,55.683,0,eligible
motiongen_3342,motiongen_sweep_00,3342,60.136667764616277,1,55.700000000000003,0,eligible
motiongen_3343,motiongen_sweep_00,3343,60.154667764616278,1,55.716999999999999,0,eligible
motiongen_3344,motiongen_sweep_00,3344,60.172667764616278,1,55.732999999999997,0,eligible
motiongen_3345,motiongen_sweep_00,3345,60.190667764616279,1,55.75,0,eligible
motiongen_3346,motiongen_sweep_00,3346,60.20866776461628,1,55.767000000000003,0,eligible
motiongen_3347,motiongen_sweep_00,3347,60.22666776461628,1,55.783000000000001,0,eligible
motiongen_3348,motiongen_sweep_00,3348,60.244667764616274,1,55.799999999999997,0,eligible
motiongen_3349,motiongen_sweep_00,3349,60.262667764616275,1,55.817,0,eligible
motiongen_3350,motiongen_sweep_00,3350,60.280667764616275,1,55.832999999999998,0,eligible
motiongen_3351,motiongen_sweep_00,3351,60.298667764616276,1,55.850000000000001,0,eligible
motiongen_3352,motiongen_sweep_00,3352,60.316667764616277,1,55.866999999999997,0,eligible
motiongen_3353,motiongen_sweep_00,3353,60.334667764616277,1,55.883000000000003,0,eligible
motiongen_3354,motiongen_sweep_00,3354,60.352667764616278,1,55.899999999999999,0,eligible
motiongen_3355,motiongen_sweep_00,3355,60.370667764616272,1,55.917000000000002,0,eligible
motiongen_3356,motiongen_sweep_00,3356,60.388667764616272,1,55.933,0,eligible
motiongen_3357,motiongen_sweep_00,3357,60.406667764616273,1,55.950000000000003,0,eligible
motiongen_3358,motiongen_sweep_00,3358,60.424667764616274,1,55.966999999999999,0,eligible
motiongen_3359,motiongen_sweep_00,3359,60.442667764616274,1,55.982999999999997,0,eligible
motiongen_3360,motiongen_sweep_00,3360,60.460667764616275,1,56,0,eligible
motiongen_3361,motiongen_sweep_00,3361,60.478667764616276,1,56.017000000000003,0,eligible
motiongen_3362,motiongen_sweep_00,3362,60.496667764616276,1,56.033000000000001,0,eligible
motiongen_3363,motiongen_sweep_00,3363,60.514667764616277,1,56.049999999999997,0,eligible
motiongen_3364,motiongen_sweep_00,3364,60.532667764616278,1,56.067,0,eligible
motiongen_3365,motiongen_sweep_00,3365,60.550667764616279,1,56.082999999999998,0,eligible
motiongen_3366,motiongen_sweep_00,3366,60.568667764616279,1,56.100000000000001,0,eligible
motiongen_3367,motiongen_sweep_00,3367,60.58666776461628,1,56.116999999999997,0,eligible
motiongen_3368,motiongen_sweep_00,3368,60.604667764616281,1,56.133000000000003,0,eligible
motiongen_3369,motiongen_sweep_00,3369,60.622667764616274,1,56.149999999999999,0,eligible
motiongen_3370,motiongen_sweep_00,3370,60.640667764616275,1,56.167000000000002,0,eligible
motiongen_3371,motiongen_sweep_00,3371,60.658667764616276,1,56.183,0,eligible
motiongen_3372,motiongen_sweep_00,3372,60.676667764616276,1,56.200000000000003,0,eligible
motiongen_3373,motiongen_sweep_00,3373,60.694667764616277,1,56.216999999999999,0,eligible
motiongen_3374,motiongen_sweep_00,3374,60.712667764616278,1,56.232999999999997,0,eligible
motiongen_3375,motiongen_sweep_00,3375,60.730667764616278,1,56.25,0,eligible
motiongen_3376,motiongen_sweep_00,3376,60.748667764616272,1,56.267000000000003,0,eligible
motiongen_3377,motiongen_sweep_00,3377,60.766667764616273,1,56.283000000000001,0,eligible
motiongen_3378,motiongen_sweep_00,3378,60.784667764616273,1,56.299999999999997,0,eligible
motiongen_3379,motiongen_sweep_00,3379,60.802667764616274,1,56.317,0,eligible
motiongen_3380,motiongen_sweep_00,3380,60.820667764616275,1,56.332999999999998,0,eligible
motiongen_3381,motiongen_sweep_00,3381,60.838667764616275,1,56.350000000000001,0,eligible
motiongen_3382,motiongen_sweep_00,3382,60.856667764616276,1,56.366999999999997,0,eligible
motiongen_3383,motiongen_sweep_00,3383,60.874667764616277,1,56.383000000000003,0,eligible
motiongen_3384,motiongen_sweep_00,3384,60.892667764616277,1,56.399999999999999,0,eligible
motiongen_3385,motiongen_sweep_00,3385,60.910667764616278,1,56.417000000000002,0,eligible
motiongen_3386,motiongen_sweep_00,3386,60.928667764616279,1,56.433,0,eligible
motiongen_3387,motiongen_sweep_00,3387,60.946667764616279,1,56.450000000000003,0,eligible
motiongen_3388,motiongen_sweep_00,3388,60.96466776461628,1,56.466999999999999,0,eligible
motiongen_3389,motiongen_sweep_00,3389,60.982667764616281,1,56.482999999999997,0,eligible
motiongen_3390,motiongen_sweep_00,3390,61.000667764616274,1,56.5,0,eligible
motiongen_3391,motiongen_sweep_00,3391,61.018667764616275,1,56.517000000000003,0,eligible
motiongen_3392,motiongen_sweep_00,3392,61.036667764616276,1,56.533000000000001,0,eligible
motiongen_3393,motiongen_sweep_00,3393,61.054667764616276,1,56.549999999999997,0,eligible
motiongen_3394,motiongen_sweep_00,3394,61.072667764616277,1,56.567,0,eligible
motiongen_3395,motiongen_sweep_00,3395,61.090667764616278,1,56.582999999999998,0,eligible
motiongen_3396,motiongen_sweep_00,3396,61.108667764616271,1,56.600000000000001,0,eligible
motiongen_3397,motiongen_sweep_00,3397,61.126667764616272,1,56.616999999999997,0,eligible
motiongen_3398,motiongen_sweep_00,3398,61.144667764616273,1,56.633000000000003,0,eligible
motiongen_3399,motiongen_sweep_00,3399,61.162667764616273,1,56.649999999999999,0,eligible
motiongen_3400,motiongen_sweep_00,3400,61.180667764616274,1,56.667000000000002,0,eligible
motiongen_3401,motiongen_sweep_00,3401,61.198667764616275,1,56.683,0,eligible
motiongen_3402,motiongen_sweep_00,3402,61.216667764616275,1,56.700000000000003,0,eligible
motiongen_3403,motiongen_sweep_00,3403,61.234667764616276,1,56.716999999999999,0,eligible
motiongen_3404,motiongen_sweep_00,3404,61.252667764616277,1,56.732999999999997,0,eligible
motiongen_3405,motiongen_sweep_00,3405,61.270667764616277,1,56.75,0,eligible
motiongen_3406,motiongen_sweep_00,3406,61.288667764616278,1,56.767000000000003,0,eligible
motiongen_3407,motiongen_sweep_00,3407,61.306667764616279,1,56.783000000000001,0,eligible
motiongen_3408,motiongen_sweep_00,3408,61.324667764616279,1,56.799999999999997,0,eligible
motiongen_3409,motiongen_sweep_00,3409,61.34266776461628,1,56.817,0,eligible
motiongen_3410,motiongen_sweep_00,3410,61.360667764616281,1,56.832999999999998,0,eligible
motiongen_3411,motiongen_sweep_00,3411,61.378667764616274,1,56.850000000000001,0,eligible
motiongen_3412,motiongen_sweep_00,3412,61.396667764616275,1,56.866999999999997,0,eligible
motiongen_3413,motiongen_sweep_00,3413,61.414667764616276,1,56.883000000000003,0,eligible
motiongen_3414,motiongen_sweep_00,3414,61.432667764616276,1,56.899999999999999,0,eligible
motiongen_3415,motiongen_sweep_00,3415,61.450667764616277,1,56.917000000000002,0,eligible
motiongen_3416,motiongen_sweep_00,3416,61.468667764616278,1,56.933,0,eligible
motiongen_3417,motiongen_sweep_00,3417,61.486667764616271,1,56.950000000000003,0,eligible
motiongen_3418,motiongen_sweep_00,3418,61.504667764616272,1,56.966999999999999,0,eligible
motiongen_3419,motiongen_sweep_00,3419,61.522667764616273,1,56.982999999999997,0,eligible
motiongen_3420,motiongen_sweep_00,3420,61.540667764616273,1,57,0,eligible
motiongen_3421,motiongen_sweep_00,3421,61.558667764616274,1,57.017000000000003,0,eligible
motiongen_3422,motiongen_sweep_00,3422,61.576667764616275,1,57.033000000000001,0,eligible
motiongen_3423,motiongen_sweep_00,3423,61.594667764616275,1,57.049999999999997,0,eligible
motiongen_3424,motiongen_sweep_00,3424,61.612667764616276,1,57.067,0,eligible
motiongen_3425,motiongen_sweep_00,3425,61.630667764616277,1,57.082999999999998,0,eligible
motiongen_3426,motiongen_sweep_00,3426,61.648667764616278,1,57.100000000000001,0,eligible
motiongen_3427,motiongen_sweep_00,3427,61.666667764616278,1,57.116999999999997,0,eligible
motiongen_3428,motiongen_sweep_00,3428,61.684667764616279,1,57.133000000000003,0,eligible
motiongen_3429,motiongen_sweep_00,3429,61.70266776461628,1,57.149999999999999,0,eligible
motiongen_3430,motiongen_sweep_00,3430,61.72066776461628,1,57.167000000000002,0,eligible
motiongen_3431,motiongen_sweep_00,3431,61.738667764616281,1,57.183,0,eligible
motiongen_3432,motiongen_sweep_00,3432,61.756667764616274,1,57.200000000000003,0,eligible
motiongen_3433,motiongen_sweep_00,3433,61.774667764616275,1,57.216999999999999,0,eligible
motiongen_3434,motiongen_sweep_00,3434,61.792667764616276,1,57.232999999999997,0,eligible
motiongen_3435,motiongen_sweep_00,3435,61.810667764616277,1,57.25,0,eligible
motiongen_3436,motiongen_sweep_00,3436,61.828667764616277,1,57.267000000000003,0,eligible
motiongen_3437,motiongen_sweep_00,3437,61.846667764616278,1,57.283000000000001,0,eligible
motiongen_3438,motiongen_sweep_00,3438,61.864667764616271,1,57.299999999999997,0,eligible
motiongen_3439,motiongen_sweep_00,3439,61.882667764616272,1,57.317,0,eligible
motiongen_3440,motiongen_sweep_00,3440,61.900667764616273,1,57.332999999999998,0,eligible
motiongen_3441,motiongen_sweep_00,3441,61.918667764616274,1,57.350000000000001,0,eligible
motiongen_3442,motiongen_sweep_00,3442,61.936667764616274,1,57.366999999999997,0,eligible
motiongen_3443,motiongen_sweep_00,3443,61.954667764616275,1,57.383000000000003,0,eligible
motiongen_3444,motiongen_sweep_00,3444,61.972667764616276,1,57.399999999999999,0,eligible
motiongen_3445,motiongen_sweep_00,3445,61.990667764616276,1,57.417000000000002,0,eligible
motiongen_3446,motiongen_sweep_00,3446,62.008667764616277,1,57.433,0,eligible
motiongen_3447,motiongen_sweep_00,3447,62.026667764616278,1,57.450000000000003,0,eligible
motiongen_3448,motiongen_sweep_00,3448,62.044667764616278,1,57.466999999999999,0,eligible
motiongen_3449,motiongen_sweep_00,3449,62.062667764616279,1,57.482999999999997,0,eligible
motiongen_3450,motiongen_sweep_00,3450,62.08066776461628,1,57.5,0,eligible
motiongen_3451,motiongen_sweep_00,3451,62.09866776461628,1,57.517000000000003,0,eligible
motiongen_3452,motiongen_sweep_00,3452,62.116667764616274,1,57.533000000000001,0,eligible
motiongen_3453,motiongen_sweep_00,3453,62.134667764616275,1,57.549999999999997,0,eligible
motiongen_3454,motiongen_sweep_00,3454,62.152667764616275,1,57.567,0,eligible
motiongen_3455,motiongen_sweep_00,3455,62.170667764616276,1,57.582999999999998,0,eligible
motiongen_3456,motiongen_sweep_00,3456,62.188667764616277,1,57.600000000000001,0,eligible
motiongen_3457,motiongen_sweep_00,3457,62.206667764616277,1,57.616999999999997,0,eligible
motiongen_3458,motiongen_sweep_00,3458,62.224667764616278,1,57.633000000000003,0,eligible
motiongen_3459,motiongen_sweep_00,3459,62.242667764616272,1,57.649999999999999,0,eligible
motiongen_3460,motiongen_sweep_00,3460,62.260667764616272,1,57.667000000000002,0,eligible
motiongen_3461,motiongen_sweep_00,3461,62.278667764616273,1,57.683,0,eligible
motiongen_3462,motiongen_sweep_00,3462,62.296667764616274,1,57.700000000000003,0,eligible
motiongen_3463,motiongen_sweep_00,3463,62.314667764616274,1,57.716999999999999,0,eligible
motiongen_3464,motiongen_sweep_00,3464,62.332667764616275,1,57.732999999999997,0,eligible
motiongen_3465,motiongen_sweep_00,3465,62.350667764616276,1,57.75,0,eligible
motiongen_3466,motiongen_sweep_00,3466,62.368667764616276,1,57.767000000000003,0,eligible
motiongen_3467,motiongen_sweep_00,3467,62.386667764616277,1,57.783000000000001,0,eligible
motiongen_3468,motiongen_sweep_00,3468,62.404667764616278,1,57.799999999999997,0,eligible
motiongen_3469,motiongen_sweep_00,3469,62.422667764616278,1,57.817,0,eligible
motiongen_3470,motiongen_sweep_00,3470,62.440667764616279,1,57.832999999999998,0,eligible
motiongen_3471,motiongen_sweep_00,3471,62.45866776461628,1,57.850000000000001,0,eligible
motiongen_3472,motiongen_sweep_00,3472,62.47666776461628,1,57.866999999999997,0,eligible
motiongen_3473,motiongen_sweep_00,3473,62.494667764616274,1,57.883000000000003,0,eligible
motiongen_3474,motiongen_sweep_00,3474,62.512667764616275,1,57.899999999999999,0,eligible
motiongen_3475,motiongen_sweep_00,3475,62.530667764616275,1,57.917000000000002,0,eligible
motiongen_3476,motiongen_sweep_00,3476,62.548667764616276,1,57.933,0,eligible
motiongen_3477,motiongen_sweep_00,3477,62.566667764616277,1,57.950000000000003,0,eligible
motiongen_3478,motiongen_sweep_00,3478,62.584667764616277,1,57.966999999999999,0,eligible
motiongen_3479,motiongen_sweep_00,3479,62.602667764616278,1,57.982999999999997,0,eligible
motiongen_3480,motiongen_sweep_00,3480,62.620667764616272,1,58,0,eligible
motiongen_3481,motiongen_sweep_00,3481,62.638667764616272,1,58.017000000000003,0,eligible
motiongen_3482,motiongen_sweep_00,3482,62.656667764616273,1,58.033000000000001,0,eligible
motiongen_3483,motiongen_sweep_00,3483,62.674667764616274,1,58.049999999999997,0,eligible
motiongen_3484,motiongen_sweep_00,3484,62.692667764616274,1,58.067,0,eligible
motiongen_3485,motiongen_sweep_00,3485,62.710667764616275,1,58.082999999999998,0,eligible
motiongen_3486,motiongen_sweep_00,3486,62.728667764616276,1,58.100000000000001,0,eligible
motiongen_3487,motiongen_sweep_00,3487,62.746667764616276,1,58.116999999999997,0,eligible
motiongen_3488,motiongen_sweep_00,3488,62.764667764616277,1,58.133000000000003,0,eligible
motiongen_3489,motiongen_sweep_00,3489,62.782667764616278,1,58.149999999999999,0,eligible
motiongen_3490,motiongen_sweep_00,3490,62.800667764616279,1,58.167000000000002,0,eligible
motiongen_3491,motiongen_sweep_00,3491,62.818667764616279,1,58.183,0,eligible
motiongen_3492,motiongen_sweep_00,3492,62.83585307179586,1,58.200000000000003,0,eligible
motiongen_3493,motiongen_sweep_00,3493,62.853853071795861,1,58.216999999999999,0,eligible
motiongen_3494,motiongen_sweep_00,3494,62.871853071795861,1,58.232999999999997,0,eligible
motiongen_3495,motiongen_sweep_00,3495,62.889853071795862,1,58.25,0,eligible
motiongen_3496,motiongen_sweep_00,3496,62.907853071795863,1,58.267000000000003,0,eligible
motiongen_3497,motiongen_sweep_00,3497,62.925853071795864,1,58.283000000000001,0,eligible
motiongen_3498,motiongen_sweep_00,3498,62.943853071795864,1,58.299999999999997,0,eligible
motiongen_3499,motiongen_sweep_00,3499,62.961853071795858,1,58.317,0,eligible
motiongen_3500,motiongen_sweep_00,3500,62.979853071795858,1,58.332999999999998,0,eligible
motiongen_3501,motiongen_sweep_00,3501,62.997853071795859,1,58.350000000000001,0,eligible
motiongen_3502,motiongen_sweep_00,3502,63.01585307179586,1,58.366999999999997,0,eligible
motiongen_3503,motiongen_sweep_00,3503,63.033853071795861,1,58.383000000000003,0,eligible
motiongen_3504,motiongen_sweep_00,3504,63.051853071795861,1,58.399999999999999,0,eligible
motiongen_3505,motiongen_sweep_00,3505,63.069853071795862,1,58.417000000000002,0,eligible
motiongen_3506,motiongen_sweep_00,3506,63.087853071795863,1,58.433,0,eligible
motiongen_3507,motiongen_sweep_00,3507,63.105853071795863,1,58.450000000000003,0,eligible
motiongen_3508,motiongen_sweep_00,3508,63.123853071795864,1,58.466999999999999,0,eligible
motiongen_3509,motiongen_sweep_00,3509,63.141853071795865,1,58.482999999999997,0,eligible
motiongen_3510,motiongen_sweep_00,3510,63.159853071795865,1,58.5,0,eligible
motiongen_3511,motiongen_sweep_00,3511,63.177853071795866,1,58.517000000000003,0,eligible
motiongen_3512,motiongen_sweep_00,3512,63.195853071795867,1,58.533000000000001,0,eligible
motiongen_3513,motiongen_sweep_00,3513,63.21385307179586,1,58.549999999999997,0,eligible
motiongen_3514,motiongen_sweep_00,3514,63.231853071795861,1,58.567,0,eligible
motiongen_3515,motiongen_sweep_00,3515,63.249853071795862,1,58.582999999999998,0,eligible
motiongen_3516,motiongen_sweep_00,3516,63.267853071795862,1,58.600000000000001,0,eligible
motiongen_3517,motiongen_sweep_00,3517,63.285853071795863,1,58.616999999999997,0,eligible
motiongen_3518,motiongen_sweep_00,3518,63.303853071795864,1,58.633000000000003,0,eligible
motiongen_3519,motiongen_sweep_00,3519,63.321853071795864,1,58.649999999999999,0,eligible
motiongen_3520,motiongen_sweep_00,3520,63.339853071795858,1,58.667000000000002,0,eligible
motiongen_3521,motiongen_sweep_00,3521,63.357853071795859,1,58.683,0,eligible
motiongen_3522,motiongen_sweep_00,3522,63.375853071795859,1,58.700000000000003,0,eligible
motiongen_3523,motiongen_sweep_00,3523,63.39385307179586,1,58.716999999999999,0,eligible
motiongen_3524,motiongen_sweep_00,3524,63.411853071795861,1,58.732999999999997,0,eligible
motiongen_3525,motiongen_sweep_00,3525,63.429853071795861,1,58.75,0,eligible
motiongen_3526,motiongen_sweep_00,3526,63.447853071795862,1,58.767000000000003,0,eligible
motiongen_3527,motiongen_sweep_00,3527,63.465853071795863,1,58.783000000000001,0,eligible
motiongen_3528,motiongen_sweep_00,3528,63.483853071795863,1,58.799999999999997,0,eligible
motiongen_3529,motiongen_sweep_00,3529,63.501853071795864,1,58.817,0,eligible
motiongen_3530,motiongen_sweep_00,3530,63.519853071795858,1,58.832999999999998,0,eligible
motiongen_3531,motiongen_sweep_00,3531,63.537853071795858,1,58.850000000000001,0,eligible
motiongen_3532,motiongen_sweep_00,3532,63.555853071795859,1,58.866999999999997,0,eligible
motiongen_3533,motiongen_sweep_00,3533,63.57385307179586,1,58.883000000000003,0,eligible
motiongen_3534,motiongen_sweep_00,3534,63.59185307179586,1,58.899999999999999,0,eligible
motiongen_3535,motiongen_sweep_00,3535,63.609853071795861,1,58.917000000000002,0,eligible
motiongen_3536,motiongen_sweep_00,3536,63.627853071795862,1,58.933,0,eligible
motiongen_3537,motiongen_sweep_00,3537,63.645853071795862,1,58.950000000000003,0,eligible
motiongen_3538,motiongen_sweep_00,3538,63.663853071795863,1,58.966999999999999,0,eligible
motiongen_3539,motiongen_sweep_00,3539,63.681853071795864,1,58.982999999999997,0,eligible
motiongen_3540,motiongen_sweep_00,3540,63.699853071795864,1,59,0,eligible
motiongen_3541,motiongen_sweep_00,3541,63.717853071795865,1,59.017000000000003,0,eligible
motiongen_3542,motiongen_sweep_00,3542,63.735853071795866,1,59.033000000000001,0,eligible
motiongen_3543,motiongen_sweep_00,3543,63.753853071795866,1,59.049999999999997,0,eligible
motiongen_3544,motiongen_sweep_00,3544,63.77185307179586,1,59.067,0,eligible
motiongen_3545,motiongen_sweep_00,3545,63.789853071795861,1,59.082999999999998,0,eligible
motiongen_3546,motiongen_sweep_00,3546,63.807853071795861,1,59.100000000000001,0,eligible
motiongen_3547,motiongen_sweep_00,3547,63.825853071795862,1,59.116999999999997,0,eligible
motiongen_3548,motiongen_sweep_00,3548,63.843853071795863,1,59.133000000000003,0,eligible
motiongen_3549,motiongen_sweep_00,3549,63.861853071795863,1,59.149999999999999,0,eligible
motiongen_3550,motiongen_sweep_00,3550,63.879853071795864,1,59.167000000000002,0,eligible
motiongen_3551,motiongen_sweep_00,3551,63.897853071795858,1,59.183,0,eligible
motiongen_3552,motiongen_sweep_00,3552,63.915853071795858,1,59.200000000000003,0,eligible
motiongen_3553,motiongen_sweep_00,3553,63.933853071795859,1,59.216999999999999,0,eligible
motiongen_3554,motiongen_sweep_00,3554,63.95185307179586,1,59.232999999999997,0,eligible
motiongen_3555,motiongen_sweep_00,3555,63.96985307179586,1,59.25,0,eligible
motiongen_3556,motiongen_sweep_00,3556,63.987853071795861,1,59.267000000000003,0,eligible
motiongen_3557,motiongen_sweep_00,3557,64.005853071795855,1,59.283000000000001,0,eligible
motiongen_3558,motiongen_sweep_00,3558,64.023853071795855,1,59.299999999999997,0,eligible
motiongen_3559,motiongen_sweep_00,3559,64.041853071795856,1,59.317,0,eligible
motiongen_3560,motiongen_sweep_00,3560,64.059853071795857,1,59.332999999999998,0,eligible
motiongen_3561,motiongen_sweep_00,3561,64.077853071795857,1,59.350000000000001,0,eligible
motiongen_3562,motiongen_sweep_00,3562,64.095853071795858,1,59.366999999999997,0,eligible
motiongen_3563,motiongen_sweep_00,3563,64.113853071795859,1,59.383000000000003,0,eligible
motiongen_3564,motiongen_sweep_00,3564,64.131853071795859,1,59.399999999999999,0,eligible
motiongen_3565,motiongen_sweep_00,3565,64.14985307179586,1,59.417000000000002,0,eligible
motiongen_3566,motiongen_sweep_00,3566,64.167853071795861,1,59.433,0,eligible
motiongen_3567,motiongen_sweep_00,3567,64.185853071795862,1,59.450000000000003,0,eligible
motiongen_3568,motiongen_sweep_00,3568,64.203853071795862,1,59.466999999999999,0,eligible
motiongen_3569,motiongen_sweep_00,3569,64.221853071795863,1,59.482999999999997,0,eligible
motiongen_3570,motiongen_sweep_00,3570,64.239853071795864,1,59.5,0,eligible
motiongen_3571,motiongen_sweep_00,3571,64.257853071795864,1,59.517000000000003,0,eligible
motiongen_3572,motiongen_sweep_00,3572,64.275853071795865,1,59.533000000000001,0,eligible
motiongen_3573,motiongen_sweep_00,3573,64.293853071795866,1,59.549999999999997,0,eligible
motiongen_3574,motiongen_sweep_00,3574,64.311853071795866,1,59.567,0,eligible
motiongen_3575,motiongen_sweep_00,3575,64.329853071795867,1,59.582999999999998,0,eligible
motiongen_3576,motiongen_sweep_00,3576,64.347853071795868,1,59.600000000000001,0,eligible
motiongen_3577,motiongen_sweep_00,3577,64.365853071795868,1,59.616999999999997,0,eligible
motiongen_3578,motiongen_sweep_00,3578,64.383853071795869,1,59.633000000000003,0,eligible
motiongen_3579,motiongen_sweep_00,3579,64.40185307179587,1,59.649999999999999,0,eligible
motiongen_3580,motiongen_sweep_00,3580,64.41985307179587,1,59.667000000000002,0,eligible
motiongen_3581,motiongen_sweep_00,3581,64.437853071795871,1,59.683,0,eligible
motiongen_3582,motiongen_sweep_00,3582,64.455853071795872,1,59.700000000000003,0,eligible
motiongen_3583,motiongen_sweep_00,3583,64.473853071795872,1,59.716999999999999,0,eligible
motiongen_3584,motiongen_sweep_00,3584,64.491853071795873,1,59.732999999999997,0,eligible
motiongen_3585,motiongen_sweep_00,3585,64.509853071795874,1,59.75,0,eligible
motiongen_3586,motiongen_sweep_00,3586,64.52785307179586,1,59.767000000000003,0,eligible
motiongen_3587,motiongen_sweep_00,3587,64.545853071795861,1,59.783000000000001,0,eligible
motiongen_3588,motiongen_sweep_00,3588,64.563853071795862,1,59.799999999999997,0,eligible
motiongen_3589,motiongen_sweep_00,3589,64.581853071795862,1,59.817,0,eligible
motiongen_3590,motiongen_sweep_00,3590,64.599853071795863,1,59.832999999999998,0,eligible
motiongen_3591,motiongen_sweep_00,3591,64.617853071795864,1,59.850000000000001,0,eligible
motiongen_3592,motiongen_sweep_00,3592,64.635853071795864,1,59.866999999999997,0,eligible
motiongen_3593,motiongen_sweep_00,3593,64.653853071795851,1,59.883000000000003,0,eligible
motiongen_3594,motiongen_sweep_00,3594,64.671853071795852,1,59.899999999999999,0,eligible
motiongen_3595,motiongen_sweep_00,3595,64.689853071795852,1,59.917000000000002,0,eligible
motiongen_3596,motiongen_sweep_00,3596,64.707853071795853,1,59.933,0,eligible
motiongen_3597,motiongen_sweep_00,3597,64.725853071795854,1,59.950000000000003,0,eligible
motiongen_3598,motiongen_sweep_00,3598,64.743853071795854,1,59.966999999999999,0,eligible
motiongen_3599,motiongen_sweep_00,3599,64.761853071795855,1,59.982999999999997,0,eligible
motiongen_3600,motiongen_sweep_00,3600,64.779853071795856,1,60,0,eligible
