sample_id,sweep_id,sweep_index,input_angle_rad,input_direction,time_s,jacobian_condition,eligibility
motiongen_0000,motiongen_sweep_00,0,1.571,1,0,0,eligible
motiongen_0001,motiongen_sweep_00,1,1.597,1,0.017000000000000001,0,eligible
motiongen_0002,motiongen_sweep_00,2,1.6240000000000001,1,0.033000000000000002,0,eligible
motiongen_0003,motiongen_sweep_00,3,1.6499999999999999,1,0.050000000000000003,0,eligible
motiongen_0004,motiongen_sweep_00,4,1.6759999999999999,1,0.067000000000000004,0,eligible
motiongen_0005,motiongen_sweep_00,5,1.7030000000000001,1,0.083000000000000004,0,eligible
motiongen_0006,motiongen_sweep_00,6,1.7290000000000001,1,0.10000000000000001,0,eligible
motiongen_0007,motiongen_sweep_00,7,1.7549999999999999,1,0.11700000000000001,0,eligible
motiongen_0008,motiongen_sweep_00,8,1.782,1,0.13300000000000001,0,eligible
motiongen_0009,motiongen_sweep_00,9,1.8080000000000001,1,0.14999999999999999,0,eligible
motiongen_0010,motiongen_sweep_00,10,1.8340000000000001,1,0.16700000000000001,0,eligible
motiongen_0011,motiongen_sweep_00,11,1.861,1,0.183,0,eligible
motiongen_0012,motiongen_sweep_00,12,1.887,1,0.20000000000000001,0,eligible
motiongen_0013,motiongen_sweep_00,13,1.913,1,0.217,0,eligible
motiongen_0014,motiongen_sweep_00,14,1.9399999999999999,1,0.23300000000000001,0,eligible
motiongen_0015,motiongen_sweep_00,15,1.966,1,0.25,0,eligible
motiongen_0016,motiongen_sweep_00,16,1.992,1,0.26700000000000002,0,eligible
motiongen_0017,motiongen_sweep_00,17,2.0190000000000001,1,0.28299999999999997,0,eligible
motiongen_0018,motiongen_sweep_00,18,2.0449999999999999,1,0.29999999999999999,0,eligible
motiongen_0019,motiongen_sweep_00,19,2.0720000000000001,1,0.317,0,eligible
motiongen_0020,motiongen_sweep_00,20,2.0979999999999999,1,0.33300000000000002,0,eligible
motiongen_0021,motiongen_sweep_00,21,2.1240000000000001,1,0.34999999999999998,0,eligible
motiongen_0022,motiongen_sweep_00,22,2.1509999999999998,1,0.36699999999999999,0,eligible
motiongen_0023,motiongen_sweep_00,23,2.177,1,0.38300000000000001,0,eligible
motiongen_0024,motiongen_sweep_00,24,2.2029999999999998,1,0.40000000000000002,0,eligible
motiongen_0025,motiongen_sweep_00,25,2.23,1,0.41699999999999998,0,eligible
motiongen_0026,motiongen_sweep_00,26,2.2559999999999998,1,0.433,0,eligible
motiongen_0027,motiongen_sweep_00,27,2.282,1,0.45000000000000001,0,eligible
motiongen_0028,motiongen_sweep_00,28,2.3090000000000002,1,0.46700000000000003,0,eligible
motiongen_0029,motiongen_sweep_00,29,2.335,1,0.48299999999999998,0,eligible
motiongen_0030,motiongen_sweep_00,30,2.3610000000000002,1,0.5,0,eligible
motiongen_0031,motiongen_sweep_00,31,2.3879999999999999,1,0.51700000000000002,0,eligible
motiongen_0032,motiongen_sweep_00,32,2.4140000000000001,1,0.53300000000000003,0,eligible
motiongen_0033,motiongen_sweep_00,33,2.4399999999999999,1,0.55000000000000004,0,eligible
motiongen_0034,motiongen_sweep_00,34,2.4670000000000001,1,0.56699999999999995,0,eligible
motiongen_0035,motiongen_sweep_00,35,2.4929999999999999,1,0.58299999999999996,0,eligible
motiongen_0036,motiongen_sweep_00,36,2.52,1,0.59999999999999998,0,eligible
motiongen_0037,motiongen_sweep_00,37,2.5459999999999998,1,0.61699999999999999,0,eligible
motiongen_0038,motiongen_sweep_00,38,2.5720000000000001,1,0.63300000000000001,0,eligible
motiongen_0039,motiongen_sweep_00,39,2.5990000000000002,1,0.65000000000000002,0,eligible
motiongen_0040,motiongen_sweep_00,40,2.625,1,0.66700000000000004,0,eligible
motiongen_0041,motiongen_sweep_00,41,2.6509999999999998,1,0.68300000000000005,0,eligible
motiongen_0042,motiongen_sweep_00,42,2.6779999999999999,1,0.69999999999999996,0,eligible
motiongen_0043,motiongen_sweep_00,43,2.7040000000000002,1,0.71699999999999997,0,eligible
motiongen_0044,motiongen_sweep_00,44,2.73,1,0.73299999999999998,0,eligible
motiongen_0045,motiongen_sweep_00,45,2.7570000000000001,1,0.75,0,eligible
motiongen_0046,motiongen_sweep_00,46,2.7829999999999999,1,0.76700000000000002,0,eligible
motiongen_0047,motiongen_sweep_00,47,2.8090000000000002,1,0.78300000000000003,0,eligible
motiongen_0048,motiongen_sweep_00,48,2.8359999999999999,1,0.80000000000000004,0,eligible
motiongen_0049,motiongen_sweep_00,49,2.8620000000000001,1,0.81699999999999995,0,eligible
motiongen_0050,motiongen_sweep_00,50,2.8889999999999998,1,0.83299999999999996,0,eligible
motiongen_0051,motiongen_sweep_00,51,2.915,1,0.84999999999999998,0,eligible
motiongen_0052,motiongen_sweep_00,52,2.9409999999999998,1,0.86699999999999999,0,eligible
motiongen_0053,motiongen_sweep_00,53,2.968,1,0.88300000000000001,0,eligible
motiongen_0054,motiongen_sweep_00,54,2.9940000000000002,1,0.90000000000000002,0,eligible
motiongen_0055,motiongen_sweep_00,55,3.02,1,0.91700000000000004,0,eligible
motiongen_0056,motiongen_sweep_00,56,3.0470000000000002,1,0.93300000000000005,0,eligible
motiongen_0057,motiongen_sweep_00,57,3.073,1,0.94999999999999996,0,eligible
motiongen_0058,motiongen_sweep_00,58,3.0990000000000002,1,0.96699999999999997,0,eligible
motiongen_0059,motiongen_sweep_00,59,3.1259999999999999,1,0.98299999999999998,0,eligible
motiongen_0060,motiongen_sweep_00,60,3.1520000000000001,1,1,0,eligible
motiongen_0061,motiongen_sweep_00,61,3.1779999999999999,1,1.0169999999999999,0,eligible
motiongen_0062,motiongen_sweep_00,62,3.2050000000000001,1,1.0329999999999999,0,eligible
motiongen_0063,motiongen_sweep_00,63,3.2309999999999999,1,1.05,0,eligible
motiongen_0064,motiongen_sweep_00,64,3.2570000000000001,1,1.0669999999999999,0,eligible
motiongen_0065,motiongen_sweep_00,65,3.2839999999999998,1,1.083,0,eligible
motiongen_0066,motiongen_sweep_00,66,3.3100000000000001,1,1.1000000000000001,0,eligible
motiongen_0067,motiongen_sweep_00,67,3.3370000000000002,1,1.117,0,eligible
motiongen_0068,motiongen_sweep_00,68,3.363,1,1.133,0,eligible
motiongen_0069,motiongen_sweep_00,69,3.3889999999999998,1,1.1499999999999999,0,eligible
motiongen_0070,motiongen_sweep_00,70,3.4159999999999999,1,1.167,0,eligible
motiongen_0071,motiongen_sweep_00,71,3.4420000000000002,1,1.1830000000000001,0,eligible
motiongen_0072,motiongen_sweep_00,72,3.468,1,1.2,0,eligible
motiongen_0073,motiongen_sweep_00,73,3.4950000000000001,1,1.2170000000000001,0,eligible
motiongen_0074,motiongen_sweep_00,74,3.5209999999999999,1,1.2330000000000001,0,eligible
motiongen_0075,motiongen_sweep_00,75,3.5470000000000002,1,1.25,0,eligible
motiongen_0076,motiongen_sweep_00,76,3.5739999999999998,1,1.2669999999999999,0,eligible
motiongen_0077,motiongen_sweep_00,77,3.6000000000000001,1,1.2829999999999999,0,eligible
motiongen_0078,motiongen_sweep_00,78,3.6259999999999999,1,1.3,0,eligible
motiongen_0079,motiongen_sweep_00,79,3.653,1,1.3169999999999999,0,eligible
motiongen_0080,motiongen_sweep_00,80,3.6789999999999998,1,1.333,0,eligible
motiongen_0081,motiongen_sweep_00,81,3.706,1,1.3500000000000001,0,eligible
motiongen_0082,motiongen_sweep_00,82,3.7320000000000002,1,1.367,0,eligible
motiongen_0083,motiongen_sweep_00,83,3.758,1,1.383,0,eligible
motiongen_0084,motiongen_sweep_00,84,3.7850000000000001,1,1.3999999999999999,0,eligible
motiongen_0085,motiongen_sweep_00,85,3.8109999999999999,1,1.417,0,eligible
motiongen_0086,motiongen_sweep_00,86,3.8370000000000002,1,1.4330000000000001,0,eligible
motiongen_0087,motiongen_sweep_00,87,3.8639999999999999,1,1.45,0,eligible
motiongen_0088,motiongen_sweep_00,88,3.8900000000000001,1,1.4670000000000001,0,eligible
motiongen_0089,motiongen_sweep_00,89,3.9159999999999999,1,1.4830000000000001,0,eligible
motiongen_0090,motiongen_sweep_00,90,3.9430000000000001,1,1.5,0,eligible
motiongen_0091,motiongen_sweep_00,91,3.9689999999999999,1,1.5169999999999999,0,eligible
motiongen_0092,motiongen_sweep_00,92,3.9950000000000001,1,1.5329999999999999,0,eligible
motiongen_0093,motiongen_sweep_00,93,4.0220000000000002,1,1.55,0,eligible
motiongen_0094,motiongen_sweep_00,94,4.048,1,1.5669999999999999,0,eligible
motiongen_0095,motiongen_sweep_00,95,4.0739999999999998,1,1.583,0,eligible
motiongen_0096,motiongen_sweep_00,96,4.101,1,1.6000000000000001,0,eligible
motiongen_0097,motiongen_sweep_00,97,4.1269999999999998,1,1.617,0,eligible
motiongen_0098,motiongen_sweep_00,98,4.1539999999999999,1,1.633,0,eligible
motiongen_0099,motiongen_sweep_00,99,4.1799999999999997,1,1.6499999999999999,0,eligible
motiongen_0100,motiongen_sweep_00,100,4.2060000000000004,1,1.667,0,eligible
motiongen_0101,motiongen_sweep_00,101,4.2329999999999997,1,1.6830000000000001,0,eligible
motiongen_0102,motiongen_sweep_00,102,4.2590000000000003,1,1.7,0,eligible
motiongen_0103,motiongen_sweep_00,103,4.2850000000000001,1,1.7170000000000001,0,eligible
motiongen_0104,motiongen_sweep_00,104,4.3120000000000003,1,1.7330000000000001,0,eligible
motiongen_0105,motiongen_sweep_00,105,4.3380000000000001,1,1.75,0,eligible
motiongen_0106,motiongen_sweep_00,106,4.3639999999999999,1,1.7669999999999999,0,eligible
motiongen_0107,motiongen_sweep_00,107,4.391,1,1.7829999999999999,0,eligible
motiongen_0108,motiongen_sweep_00,108,4.4169999999999998,1,1.8,0,eligible
motiongen_0109,motiongen_sweep_00,109,4.4429999999999996,1,1.8169999999999999,0,eligible
motiongen_0110,motiongen_sweep_00,110,4.4699999999999998,1,1.833,0,eligible
motiongen_0111,motiongen_sweep_00,111,4.4960000000000004,1,1.8500000000000001,0,eligible
motiongen_0112,motiongen_sweep_00,112,4.5220000000000002,1,1.867,0,eligible
motiongen_0113,motiongen_sweep_00,113,4.5490000000000004,1,1.883,0,eligible
motiongen_0114,motiongen_sweep_00,114,4.5750000000000002,1,1.8999999999999999,0,eligible
motiongen_0115,motiongen_sweep_00,115,4.6020000000000003,1,1.917,0,eligible
motiongen_0116,motiongen_sweep_00,116,4.6280000000000001,1,1.9330000000000001,0,eligible
motiongen_0117,motiongen_sweep_00,117,4.6539999999999999,1,1.95,0,eligible
motiongen_0118,motiongen_sweep_00,118,4.681,1,1.9670000000000001,0,eligible
motiongen_0119,motiongen_sweep_00,119,4.7069999999999999,1,1.9830000000000001,0,eligible
motiongen_0120,motiongen_sweep_00,120,4.7329999999999997,1,2,0,eligible
motiongen_0121,motiongen_sweep_00,121,4.7599999999999998,1,2.0169999999999999,0,eligible
motiongen_0122,motiongen_sweep_00,122,4.7859999999999996,1,2.0329999999999999,0,eligible
motiongen_0123,motiongen_sweep_00,123,4.8120000000000003,1,2.0499999999999998,0,eligible
motiongen_0124,motiongen_sweep_00,124,4.8390000000000004,1,2.0670000000000002,0,eligible
motiongen_0125,motiongen_sweep_00,125,4.8650000000000002,1,2.0830000000000002,0,eligible
motiongen_0126,motiongen_sweep_00,126,4.891,1,2.1000000000000001,0,eligible
motiongen_0127,motiongen_sweep_00,127,4.9180000000000001,1,2.117,0,eligible
motiongen_0128,motiongen_sweep_00,128,4.944,1,2.133,0,eligible
motiongen_0129,motiongen_sweep_00,129,4.9710000000000001,1,2.1499999999999999,0,eligible
motiongen_0130,motiongen_sweep_00,130,4.9969999999999999,1,2.1669999999999998,0,eligible
motiongen_0131,motiongen_sweep_00,131,5.0229999999999997,1,2.1829999999999998,0,eligible
motiongen_0132,motiongen_sweep_00,132,5.0499999999999998,1,2.2000000000000002,0,eligible
motiongen_0133,motiongen_sweep_00,133,5.0759999999999996,1,2.2170000000000001,0,eligible
motiongen_0134,motiongen_sweep_00,134,5.1020000000000003,1,2.2330000000000001,0,eligible
motiongen_0135,motiongen_sweep_00,135,5.1289999999999996,1,2.25,0,eligible
motiongen_0136,motiongen_sweep_00,136,5.1550000000000002,1,2.2669999999999999,0,eligible
motiongen_0137,motiongen_sweep_00,137,5.181,1,2.2829999999999999,0,eligible
motiongen_0138,motiongen_sweep_00,138,5.2080000000000002,1,2.2999999999999998,0,eligible
motiongen_0139,motiongen_sweep_00,139,5.234,1,2.3170000000000002,0,eligible
motiongen_0140,motiongen_sweep_00,140,5.2599999999999998,1,2.3330000000000002,0,eligible
motiongen_0141,motiongen_sweep_00,141,5.2869999999999999,1,2.3500000000000001,0,eligible
motiongen_0142,motiongen_sweep_00,142,5.3129999999999997,1,2.367,0,eligible
motiongen_0143,motiongen_sweep_00,143,5.3390000000000004,1,2.383,0,eligible
motiongen_0144,motiongen_sweep_00,144,5.3659999999999997,1,2.3999999999999999,0,eligible
motiongen_0145,motiongen_sweep_00,145,5.3920000000000003,1,2.4169999999999998,0,eligible
motiongen_0146,motiongen_sweep_00,146,5.4189999999999996,1,2.4329999999999998,0,eligible
motiongen_0147,motiongen_sweep_00,147,5.4450000000000003,1,2.4500000000000002,0,eligible
motiongen_0148,motiongen_sweep_00,148,5.4710000000000001,1,2.4670000000000001,0,eligible
motiongen_0149,motiongen_sweep_00,149,5.4980000000000002,1,2.4830000000000001,0,eligible
motiongen_0150,motiongen_sweep_00,150,5.524,1,2.5,0,eligible
motiongen_0151,motiongen_sweep_00,151,5.5499999999999998,1,2.5169999999999999,0,eligible
motiongen_0152,motiongen_sweep_00,152,5.577,1,2.5329999999999999,0,eligible
motiongen_0153,motiongen_sweep_00,153,5.6029999999999998,1,2.5499999999999998,0,eligible
motiongen_0154,motiongen_sweep_00,154,5.6289999999999996,1,2.5670000000000002,0,eligible
motiongen_0155,motiongen_sweep_00,155,5.6559999999999997,1,2.5830000000000002,0,eligible
motiongen_0156,motiongen_sweep_00,156,5.6820000000000004,1,2.6000000000000001,0,eligible
motiongen_0157,motiongen_sweep_00,157,5.7080000000000002,1,2.617,0,eligible
motiongen_0158,motiongen_sweep_00,158,5.7350000000000003,1,2.633,0,eligible
motiongen_0159,motiongen_sweep_00,159,5.7610000000000001,1,2.6499999999999999,0,eligible
motiongen_0160,motiongen_sweep_00,160,5.7880000000000003,1,2.6669999999999998,0,eligible
motiongen_0161,motiongen_sweep_00,161,5.8140000000000001,1,2.6829999999999998,0,eligible
motiongen_0162,motiongen_sweep_00,162,5.8399999999999999,1,2.7000000000000002,0,eligible
motiongen_0163,motiongen_sweep_00,163,5.867,1,2.7170000000000001,0,eligible
motiongen_0164,motiongen_sweep_00,164,5.8929999999999998,1,2.7330000000000001,0,eligible
motiongen_0165,motiongen_sweep_00,165,5.9189999999999996,1,2.75,0,eligible
motiongen_0166,motiongen_sweep_00,166,5.9459999999999997,1,2.7669999999999999,0,eligible
motiongen_0167,motiongen_sweep_00,167,5.9720000000000004,1,2.7829999999999999,0,eligible
motiongen_0168,motiongen_sweep_00,168,5.9980000000000002,1,2.7999999999999998,0,eligible
motiongen_0169,motiongen_sweep_00,169,6.0250000000000004,1,2.8170000000000002,0,eligible
motiongen_0170,motiongen_sweep_00,170,6.0510000000000002,1,2.8330000000000002,0,eligible
motiongen_0171,motiongen_sweep_00,171,6.077,1,2.8500000000000001,0,eligible
motiongen_0172,motiongen_sweep_00,172,6.1040000000000001,1,2.867,0,eligible
motiongen_0173,motiongen_sweep_00,173,6.1299999999999999,1,2.883,0,eligible
motiongen_0174,motiongen_sweep_00,174,6.1559999999999997,1,2.8999999999999999,0,eligible
motiongen_0175,motiongen_sweep_00,175,6.1829999999999998,1,2.9169999999999998,0,eligible
motiongen_0176,motiongen_sweep_00,176,6.2089999999999996,1,2.9329999999999998,0,eligible
motiongen_0177,motiongen_sweep_00,177,6.2359999999999998,1,2.9500000000000002,0,eligible
motiongen_0178,motiongen_sweep_00,178,6.2619999999999996,1,2.9670000000000001,0,eligible
motiongen_0179,motiongen_sweep_00,179,6.2881853071795861,1,2.9830000000000001,0,eligible
motiongen_0180,motiongen_sweep_00,180,6.3141853071795859,1,3,0,eligible
motiongen_0181,motiongen_sweep_00,181,6.3411853071795861,1,3.0169999999999999,0,eligible
motiongen_0182,motiongen_sweep_00,182,6.3671853071795859,1,3.0329999999999999,0,eligible
motiongen_0183,motiongen_sweep_00,183,6.3931853071795866,1,3.0499999999999998,0,eligible
motiongen_0184,motiongen_sweep_00,184,6.4201853071795867,1,3.0670000000000002,0,eligible
motiongen_0185,motiongen_sweep_00,185,6.4461853071795865,1,3.0830000000000002,0,eligible
motiongen_0186,motiongen_sweep_00,186,6.4731853071795866,1,3.1000000000000001,0,eligible
motiongen_0187,motiongen_sweep_00,187,6.4991853071795864,1,3.117,0,eligible
motiongen_0188,motiongen_sweep_00,188,6.5251853071795862,1,3.133,0,eligible
motiongen_0189,motiongen_sweep_00,189,6.5521853071795864,1,3.1499999999999999,0,eligible
motiongen_0190,motiongen_sweep_00,190,6.5781853071795862,1,3.1669999999999998,0,eligible
motiongen_0191,motiongen_sweep_00,191,6.604185307179586,1,3.1829999999999998,0,eligible
motiongen_0192,motiongen_sweep_00,192,6.6311853071795861,1,3.2000000000000002,0,eligible
motiongen_0193,motiongen_sweep_00,193,6.6571853071795859,1,3.2170000000000001,0,eligible
motiongen_0194,motiongen_sweep_00,194,6.6831853071795866,1,3.2330000000000001,0,eligible
motiongen_0195,motiongen_sweep_00,195,6.7101853071795858,1,3.25,0,eligible
motiongen_0196,motiongen_sweep_00,196,6.7361853071795865,1,3.2669999999999999,0,eligible
motiongen_0197,motiongen_sweep_00,197,6.7621853071795863,1,3.2829999999999999,0,eligible
motiongen_0198,motiongen_sweep_00,198,6.7891853071795865,1,3.2999999999999998,0,eligible
motiongen_0199,motiongen_sweep_00,199,6.8151853071795863,1,3.3170000000000002,0,eligible
motiongen_0200,motiongen_sweep_00,200,6.8421853071795864,1,3.3330000000000002,0,eligible
motiongen_0201,motiongen_sweep_00,201,6.8681853071795862,1,3.3500000000000001,0,eligible
motiongen_0202,motiongen_sweep_00,202,6.894185307179586,1,3.367,0,eligible
motiongen_0203,motiongen_sweep_00,203,6.9211853071795861,1,3.383,0,eligible
motiongen_0204,motiongen_sweep_00,204,6.9471853071795859,1,3.3999999999999999,0,eligible
motiongen_0205,motiongen_sweep_00,205,6.9731853071795857,1,3.4169999999999998,0,eligible
motiongen_0206,motiongen_sweep_00,206,7.0001853071795859,1,3.4329999999999998,0,eligible
motiongen_0207,motiongen_sweep_00,207,7.0261853071795866,1,3.4500000000000002,0,eligible
motiongen_0208,motiongen_sweep_00,208,7.0521853071795864,1,3.4670000000000001,0,eligible
motiongen_0209,motiongen_sweep_00,209,7.0791853071795865,1,3.4830000000000001,0,eligible
motiongen_0210,motiongen_sweep_00,210,7.1051853071795863,1,3.5,0,eligible
motiongen_0211,motiongen_sweep_00,211,7.1311853071795861,1,3.5169999999999999,0,eligible
motiongen_0212,motiongen_sweep_00,212,7.1581853071795862,1,3.5329999999999999,0,eligible
motiongen_0213,motiongen_sweep_00,213,7.184185307179586,1,3.5499999999999998,0,eligible
motiongen_0214,motiongen_sweep_00,214,7.2101853071795858,1,3.5670000000000002,0,eligible
motiongen_0215,motiongen_sweep_00,215,7.237185307179586,1,3.5830000000000002,0,eligible
motiongen_0216,motiongen_sweep_00,216,7.2631853071795867,1,3.6000000000000001,0,eligible
motiongen_0217,motiongen_sweep_00,217,7.2901853071795859,1,3.617,0,eligible
motiongen_0218,motiongen_sweep_00,218,7.3161853071795857,1,3.633,0,eligible
motiongen_0219,motiongen_sweep_00,219,7.3421853071795864,1,3.6499999999999999,0,eligible
motiongen_0220,motiongen_sweep_00,220,7.3691853071795865,1,3.6669999999999998,0,eligible
motiongen_0221,motiongen_sweep_00,221,7.3951853071795863,1,3.6829999999999998,0,eligible
motiongen_0222,motiongen_sweep_00,222,7.4211853071795861,1,3.7000000000000002,0,eligible
motiongen_0223,motiongen_sweep_00,223,7.4481853071795863,1,3.7170000000000001,0,eligible
motiongen_0224,motiongen_sweep_00,224,7.4741853071795861,1,3.7330000000000001,0,eligible
motiongen_0225,motiongen_sweep_00,225,7.5001853071795868,1,3.75,0,eligible
motiongen_0226,motiongen_sweep_00,226,7.527185307179586,1,3.7669999999999999,0,eligible
motiongen_0227,motiongen_sweep_00,227,7.5531853071795858,1,3.7829999999999999,0,eligible
motiongen_0228,motiongen_sweep_00,228,7.5791853071795865,1,3.7999999999999998,0,eligible
motiongen_0229,motiongen_sweep_00,229,7.6061853071795866,1,3.8170000000000002,0,eligible
motiongen_0230,motiongen_sweep_00,230,7.6321853071795864,1,3.8330000000000002,0,eligible
motiongen_0231,motiongen_sweep_00,231,7.6581853071795862,1,3.8500000000000001,0,eligible
motiongen_0232,motiongen_sweep_00,232,7.6851853071795864,1,3.867,0,eligible
motiongen_0233,motiongen_sweep_00,233,7.7111853071795862,1,3.883,0,eligible
motiongen_0234,motiongen_sweep_00,234,7.7381853071795863,1,3.8999999999999999,0,eligible
motiongen_0235,motiongen_sweep_00,235,7.7641853071795861,1,3.9169999999999998,0,eligible
motiongen_0236,motiongen_sweep_00,236,7.7901853071795859,1,3.9329999999999998,0,eligible
motiongen_0237,motiongen_sweep_00,237,7.817185307179586,1,3.9500000000000002,0,eligible
motiongen_0238,motiongen_sweep_00,238,7.8431853071795867,1,3.9670000000000001,0,eligible
motiongen_0239,motiongen_sweep_00,239,7.8691853071795865,1,3.9830000000000001,0,eligible
motiongen_0240,motiongen_sweep_00,240,7.8961853071795858,1,4,0,eligible
motiongen_0241,motiongen_sweep_00,241,7.9221853071795865,1,4.0170000000000003,0,eligible
motiongen_0242,motiongen_sweep_00,242,7.9481853071795863,1,4.0330000000000004,0,eligible
motiongen_0243,motiongen_sweep_00,243,7.9751853071795864,1,4.0499999999999998,0,eligible
motiongen_0244,motiongen_sweep_00,244,8.0011853071795862,1,4.0670000000000002,0,eligible
motiongen_0245,motiongen_sweep_00,245,8.027185307179586,1,4.0830000000000002,0,eligible
motiongen_0246,motiongen_sweep_00,246,8.054185307179587,1,4.0999999999999996,0,eligible
motiongen_0247,motiongen_sweep_00,247,8.0801853071795868,1,4.117,0,eligible
motiongen_0248,motiongen_sweep_00,248,8.1071853071795861,1,4.133,0,eligible
motiongen_0249,motiongen_sweep_00,249,8.1331853071795859,1,4.1500000000000004,0,eligible
motiongen_0250,motiongen_sweep_00,250,8.1591853071795857,1,4.1669999999999998,0,eligible
motiongen_0251,motiongen_sweep_00,251,8.1861853071795867,1,4.1829999999999998,0,eligible
motiongen_0252,motiongen_sweep_00,252,8.2121853071795865,1,4.2000000000000002,0,eligible
motiongen_0253,motiongen_sweep_00,253,8.2381853071795863,1,4.2169999999999996,0,eligible
motiongen_0254,motiongen_sweep_00,254,8.2651853071795855,1,4.2329999999999997,0,eligible
motiongen_0255,motiongen_sweep_00,255,8.2911853071795854,1,4.25,0,eligible
motiongen_0256,motiongen_sweep_00,256,8.3171853071795852,1,4.2670000000000003,0,eligible
motiongen_0257,motiongen_sweep_00,257,8.3441853071795862,1,4.2830000000000004,0,eligible
motiongen_0258,motiongen_sweep_00,258,8.370185307179586,1,4.2999999999999998,0,eligible
motiongen_0259,motiongen_sweep_00,259,8.3961853071795858,1,4.3170000000000002,0,eligible
motiongen_0260,motiongen_sweep_00,260,8.4231853071795868,1,4.3330000000000002,0,eligible
motiongen_0261,motiongen_sweep_00,261,8.4491853071795866,1,4.3499999999999996,0,eligible
motiongen_0262,motiongen_sweep_00,262,8.4751853071795864,1,4.367,0,eligible
motiongen_0263,motiongen_sweep_00,263,8.5021853071795856,1,4.383,0,eligible
motiongen_0264,motiongen_sweep_00,264,8.5281853071795872,1,4.4000000000000004,0,eligible
motiongen_0265,motiongen_sweep_00,265,8.5551853071795865,1,4.4169999999999998,0,eligible
motiongen_0266,motiongen_sweep_00,266,8.5811853071795863,1,4.4329999999999998,0,eligible
motiongen_0267,motiongen_sweep_00,267,8.6071853071795861,1,4.4500000000000002,0,eligible
motiongen_0268,motiongen_sweep_00,268,8.6341853071795853,1,4.4669999999999996,0,eligible
motiongen_0269,motiongen_sweep_00,269,8.6601853071795851,1,4.4829999999999997,0,eligible
motiongen_0270,motiongen_sweep_00,270,8.6861853071795867,1,4.5,0,eligible
motiongen_0271,motiongen_sweep_00,271,8.7131853071795859,1,4.5170000000000003,0,eligible
motiongen_0272,motiongen_sweep_00,272,8.7391853071795857,1,4.5330000000000004,0,eligible
motiongen_0273,motiongen_sweep_00,273,8.7651853071795855,1,4.5499999999999998,0,eligible
motiongen_0274,motiongen_sweep_00,274,8.7921853071795866,1,4.5670000000000002,0,eligible
motiongen_0275,motiongen_sweep_00,275,8.8181853071795864,1,4.5830000000000002,0,eligible
motiongen_0276,motiongen_sweep_00,276,8.8441853071795862,1,4.5999999999999996,0,eligible
motiongen_0277,motiongen_sweep_00,277,8.8711853071795872,1,4.617,0,eligible
motiongen_0278,motiongen_sweep_00,278,8.897185307179587,1,4.633,0,eligible
motiongen_0279,motiongen_sweep_00,279,8.9241853071795862,1,4.6500000000000004,0,eligible
motiongen_0280,motiongen_sweep_00,280,8.950185307179586,1,4.6669999999999998,0,eligible
motiongen_0281,motiongen_sweep_00,281,8.9761853071795858,1,4.6829999999999998,0,eligible
motiongen_0282,motiongen_sweep_00,282,9.0031853071795869,1,4.7000000000000002,0,eligible
motiongen_0283,motiongen_sweep_00,283,9.0291853071795867,1,4.7169999999999996,0,eligible
motiongen_0284,motiongen_sweep_00,284,9.0551853071795865,1,4.7329999999999997,0,eligible
motiongen_0285,motiongen_sweep_00,285,9.0821853071795857,1,4.75,0,eligible
motiongen_0286,motiongen_sweep_00,286,9.1081853071795855,1,4.7670000000000003,0,eligible
motiongen_0287,motiongen_sweep_00,287,9.1341853071795853,1,4.7830000000000004,0,eligible
motiongen_0288,motiongen_sweep_00,288,9.1611853071795863,1,4.7999999999999998,0,eligible
motiongen_0289,motiongen_sweep_00,289,9.1871853071795861,1,4.8170000000000002,0,eligible
motiongen_0290,motiongen_sweep_00,290,9.2131853071795859,1,4.8330000000000002,0,eligible
motiongen_0291,motiongen_sweep_00,291,9.240185307179587,1,4.8499999999999996,0,eligible
motiongen_0292,motiongen_sweep_00,292,9.2661853071795868,1,4.867,0,eligible
motiongen_0293,motiongen_sweep_00,293,9.2921853071795866,1,4.883,0,eligible
motiongen_0294,motiongen_sweep_00,294,9.3191853071795858,1,4.9000000000000004,0,eligible
motiongen_0295,motiongen_sweep_00,295,9.3451853071795856,1,4.9169999999999998,0,eligible
motiongen_0296,motiongen_sweep_00,296,9.3721853071795866,1,4.9329999999999998,0,eligible
motiongen_0297,motiongen_sweep_00,297,9.3981853071795864,1,4.9500000000000002,0,eligible
motiongen_0298,motiongen_sweep_00,298,9.4241853071795862,1,4.9669999999999996,0,eligible
motiongen_0299,motiongen_sweep_00,299,9.4511853071795855,1,4.9829999999999997,0,eligible
motiongen_0300,motiongen_sweep_00,300,9.4771853071795853,1,5,0,eligible
motiongen_0301,motiongen_sweep_00,301,9.5031853071795869,1,5.0170000000000003,0,eligible
motiongen_0302,motiongen_sweep_00,302,9.5301853071795861,1,5.0330000000000004,0,eligible
motiongen_0303,motiongen_sweep_00,303,9.5561853071795859,1,5.0499999999999998,0,eligible
motiongen_0304,motiongen_sweep_00,304,9.5821853071795857,1,5.0670000000000002,0,eligible
motiongen_0305,motiongen_sweep_00,305,9.6091853071795867,1,5.0830000000000002,0,eligible
motiongen_0306,motiongen_sweep_00,306,9.6351853071795865,1,5.0999999999999996,0,eligible
motiongen_0307,motiongen_sweep_00,307,9.6611853071795863,1,5.117,0,eligible
motiongen_0308,motiongen_sweep_00,308,9.6881853071795856,1,5.133,0,eligible
motiongen_0309,motiongen_sweep_00,309,9.7141853071795872,1,5.1500000000000004,0,eligible
motiongen_0310,motiongen_sweep_00,310,9.740185307179587,1,5.1669999999999998,0,eligible
motiongen_0311,motiongen_sweep_00,311,9.7671853071795862,1,5.1829999999999998,0,eligible
motiongen_0312,motiongen_sweep_00,312,9.793185307179586,1,5.2000000000000002,0,eligible
motiongen_0313,motiongen_sweep_00,313,9.8201853071795853,1,5.2169999999999996,0,eligible
motiongen_0314,motiongen_sweep_00,314,9.8461853071795868,1,5.2329999999999997,0,eligible
motiongen_0315,motiongen_sweep_00,315,9.8721853071795866,1,5.25,0,eligible
motiongen_0316,motiongen_sweep_00,316,9.8991853071795859,1,5.2670000000000003,0,eligible
motiongen_0317,motiongen_sweep_00,317,9.9251853071795857,1,5.2830000000000004,0,eligible
motiongen_0318,motiongen_sweep_00,318,9.9511853071795855,1,5.2999999999999998,0,eligible
motiongen_0319,motiongen_sweep_00,319,9.9781853071795865,1,5.3170000000000002,0,eligible
motiongen_0320,motiongen_sweep_00,320,10.004185307179586,1,5.3330000000000002,0,eligible
motiongen_0321,motiongen_sweep_00,321,10.030185307179586,1,5.3499999999999996,0,eligible
motiongen_0322,motiongen_sweep_00,322,10.057185307179587,1,5.367,0,eligible
motiongen_0323,motiongen_sweep_00,323,10.083185307179587,1,5.383,0,eligible
motiongen_0324,motiongen_sweep_00,324,10.109185307179587,1,5.4000000000000004,0,eligible
motiongen_0325,motiongen_sweep_00,325,10.136185307179586,1,5.4169999999999998,0,eligible
motiongen_0326,motiongen_sweep_00,326,10.162185307179586,1,5.4329999999999998,0,eligible
motiongen_0327,motiongen_sweep_00,327,10.189185307179587,1,5.4500000000000002,0,eligible
motiongen_0328,motiongen_sweep_00,328,10.215185307179587,1,5.4669999999999996,0,eligible
motiongen_0329,motiongen_sweep_00,329,10.241185307179586,1,5.4829999999999997,0,eligible
motiongen_0330,motiongen_sweep_00,330,10.268185307179586,1,5.5,0,eligible
motiongen_0331,motiongen_sweep_00,331,10.294185307179585,1,5.5170000000000003,0,eligible
motiongen_0332,motiongen_sweep_00,332,10.320185307179585,1,5.5330000000000004,0,eligible
motiongen_0333,motiongen_sweep_00,333,10.347185307179586,1,5.5499999999999998,0,eligible
motiongen_0334,motiongen_sweep_00,334,10.373185307179586,1,5.5670000000000002,0,eligible
motiongen_0335,motiongen_sweep_00,335,10.399185307179586,1,5.5830000000000002,0,eligible
motiongen_0336,motiongen_sweep_00,336,10.426185307179587,1,5.5999999999999996,0,eligible
motiongen_0337,motiongen_sweep_00,337,10.452185307179587,1,5.617,0,eligible
motiongen_0338,motiongen_sweep_00,338,10.478185307179587,1,5.633,0,eligible
motiongen_0339,motiongen_sweep_00,339,10.505185307179588,1,5.6500000000000004,0,eligible
motiongen_0340,motiongen_sweep_00,340,10.531185307179587,1,5.6669999999999998,0,eligible
motiongen_0341,motiongen_sweep_00,341,10.557185307179587,1,5.6829999999999998,0,eligible
motiongen_0342,motiongen_sweep_00,342,10.584185307179586,1,5.7000000000000002,0,eligible
motiongen_0343,motiongen_sweep_00,343,10.610185307179586,1,5.7169999999999996,0,eligible
motiongen_0344,motiongen_sweep_00,344,10.637185307179585,1,5.7329999999999997,0,eligible
motiongen_0345,motiongen_sweep_00,345,10.663185307179585,1,5.75,0,eligible
motiongen_0346,motiongen_sweep_00,346,10.689185307179585,1,5.7670000000000003,0,eligible
motiongen_0347,motiongen_sweep_00,347,10.716185307179586,1,5.7830000000000004,0,eligible
motiongen_0348,motiongen_sweep_00,348,10.742185307179586,1,5.7999999999999998,0,eligible
motiongen_0349,motiongen_sweep_00,349,10.768185307179586,1,5.8170000000000002,0,eligible
motiongen_0350,motiongen_sweep_00,350,10.795185307179587,1,5.8330000000000002,0,eligible
motiongen_0351,motiongen_sweep_00,351,10.821185307179586,1,5.8499999999999996,0,eligible
motiongen_0352,motiongen_sweep_00,352,10.847185307179586,1,5.867,0,eligible
motiongen_0353,motiongen_sweep_00,353,10.874185307179587,1,5.883,0,eligible
motiongen_0354,motiongen_sweep_00,354,10.900185307179587,1,5.9000000000000004,0,eligible
motiongen_0355,motiongen_sweep_00,355,10.926185307179587,1,5.9169999999999998,0,eligible
motiongen_0356,motiongen_sweep_00,356,10.953185307179586,1,5.9329999999999998,0,eligible
motiongen_0357,motiongen_sweep_00,357,10.979185307179586,1,5.9500000000000002,0,eligible
motiongen_0358,motiongen_sweep_00,358,11.006185307179585,1,5.9669999999999996,0,eligible
motiongen_0359,motiongen_sweep_00,359,11.032185307179585,1,5.9829999999999997,0,eligible
motiongen_0360,motiongen_sweep_00,360,11.058185307179587,1,6,0,eligible
motiongen_0361,motiongen_sweep_00,361,11.085185307179586,1,6.0170000000000003,0,eligible
motiongen_0362,motiongen_sweep_00,362,11.111185307179586,1,6.0330000000000004,0,eligible
motiongen_0363,motiongen_sweep_00,363,11.137185307179585,1,6.0499999999999998,0,eligible
motiongen_0364,motiongen_sweep_00,364,11.164185307179586,1,6.0670000000000002,0,eligible
motiongen_0365,motiongen_sweep_00,365,11.190185307179586,1,6.0830000000000002,0,eligible
motiongen_0366,motiongen_sweep_00,366,11.216185307179586,1,6.0999999999999996,0,eligible
motiongen_0367,motiongen_sweep_00,367,11.243185307179587,1,6.117,0,eligible
motiongen_0368,motiongen_sweep_00,368,11.269185307179587,1,6.133,0,eligible
motiongen_0369,motiongen_sweep_00,369,11.295185307179587,1,6.1500000000000004,0,eligible
motiongen_0370,motiongen_sweep_00,370,11.322185307179586,1,6.1669999999999998,0,eligible
motiongen_0371,motiongen_sweep_00,371,11.348185307179588,1,6.1829999999999998,0,eligible
motiongen_0372,motiongen_sweep_00,372,11.374185307179587,1,6.2000000000000002,0,eligible
motiongen_0373,motiongen_sweep_00,373,11.401185307179587,1,6.2169999999999996,0,eligible
motiongen_0374,motiongen_sweep_00,374,11.427185307179586,1,6.2329999999999997,0,eligible
motiongen_0375,motiongen_sweep_00,375,11.454185307179586,1,6.25,0,eligible
motiongen_0376,motiongen_sweep_00,376,11.480185307179585,1,6.2670000000000003,0,eligible
motiongen_0377,motiongen_sweep_00,377,11.506185307179585,1,6.2830000000000004,0,eligible
motiongen_0378,motiongen_sweep_00,378,11.533185307179586,1,6.2999999999999998,0,eligible
motiongen_0379,motiongen_sweep_00,379,11.559185307179586,1,6.3170000000000002,0,eligible
motiongen_0380,motiongen_sweep_00,380,11.585185307179586,1,6.3330000000000002,0,eligible
motiongen_0381,motiongen_sweep_00,381,11.612185307179587,1,6.3499999999999996,0,eligible
motiongen_0382,motiongen_sweep_00,382,11.638185307179587,1,6.367,0,eligible
motiongen_0383,motiongen_sweep_00,383,11.664185307179586,1,6.383,0,eligible
motiongen_0384,motiongen_sweep_00,384,11.691185307179587,1,6.4000000000000004,0,eligible
motiongen_0385,motiongen_sweep_00,385,11.717185307179587,1,6.4169999999999998,0,eligible
motiongen_0386,motiongen_sweep_00,386,11.743185307179587,1,6.4329999999999998,0,eligible
motiongen_0387,motiongen_sweep_00,387,11.770185307179586,1,6.4500000000000002,0,eligible
motiongen_0388,motiongen_sweep_00,388,11.796185307179586,1,6.4669999999999996,0,eligible
motiongen_0389,motiongen_sweep_00,389,11.823185307179585,1,6.4829999999999997,0,eligible
motiongen_0390,motiongen_sweep_00,390,11.849185307179585,1,6.5,0,eligible
motiongen_0391,motiongen_sweep_00,391,11.875185307179585,1,6.5170000000000003,0,eligible
motiongen_0392,motiongen_sweep_00,392,11.902185307179586,1,6.5330000000000004,0,eligible
motiongen_0393,motiongen_sweep_00,393,11.928185307179586,1,6.5499999999999998,0,eligible
motiongen_0394,motiongen_sweep_00,394,11.954185307179586,1,6.5670000000000002,0,eligible
motiongen_0395,motiongen_sweep_00,395,11.981185307179587,1,6.5830000000000002,0,eligible
motiongen_0396,motiongen_sweep_00,396,12.007185307179586,1,6.5999999999999996,0,eligible
motiongen_0397,motiongen_sweep_00,397,12.033185307179586,1,6.617,0,eligible
motiongen_0398,motiongen_sweep_00,398,12.060185307179587,1,6.633,0,eligible
motiongen_0399,motiongen_sweep_00,399,12.086185307179587,1,6.6500000000000004,0,eligible
motiongen_0400,motiongen_sweep_00,400,12.112185307179587,1,6.6669999999999998,0,eligible
motiongen_0401,motiongen_sweep_00,401,12.139185307179586,1,6.6829999999999998,0,eligible
motiongen_0402,motiongen_sweep_00,402,12.165185307179586,1,6.7000000000000002,0,eligible
motiongen_0403,motiongen_sweep_00,403,12.191185307179587,1,6.7169999999999996,0,eligible
motiongen_0404,motiongen_sweep_00,404,12.218185307179585,1,6.7329999999999997,0,eligible
motiongen_0405,motiongen_sweep_00,405,12.244185307179587,1,6.75,0,eligible
motiongen_0406,motiongen_sweep_00,406,12.271185307179586,1,6.7670000000000003,0,eligible
motiongen_0407,motiongen_sweep_00,407,12.297185307179586,1,6.7830000000000004,0,eligible
motiongen_0408,motiongen_sweep_00,408,12.323185307179585,1,6.7999999999999998,0,eligible
motiongen_0409,motiongen_sweep_00,409,12.350185307179586,1,6.8170000000000002,0,eligible
motiongen_0410,motiongen_sweep_00,410,12.376185307179586,1,6.8330000000000002,0,eligible
motiongen_0411,motiongen_sweep_00,411,12.402185307179586,1,6.8499999999999996,0,eligible
motiongen_0412,motiongen_sweep_00,412,12.429185307179587,1,6.867,0,eligible
motiongen_0413,motiongen_sweep_00,413,12.455185307179587,1,6.883,0,eligible
motiongen_0414,motiongen_sweep_00,414,12.481185307179587,1,6.9000000000000004,0,eligible
motiongen_0415,motiongen_sweep_00,415,12.508185307179586,1,6.9169999999999998,0,eligible
motiongen_0416,motiongen_sweep_00,416,12.534185307179587,1,6.9329999999999998,0,eligible
motiongen_0417,motiongen_sweep_00,417,12.560185307179587,1,6.9500000000000002,0,eligible
motiongen_0418,motiongen_sweep_00,418,12.587370614359173,1,6.9669999999999996,0,eligible
motiongen_0419,motiongen_sweep_00,419,12.613370614359173,1,6.9829999999999997,0,eligible
motiongen_0420,motiongen_sweep_00,420,12.639370614359173,1,7,0,eligible
motiongen_0421,motiongen_sweep_00,421,12.666370614359172,1,7.0170000000000003,0,eligible
motiongen_0422,motiongen_sweep_00,422,12.692370614359174,1,7.0330000000000004,0,eligible
motiongen_0423,motiongen_sweep_00,423,12.718370614359173,1,7.0499999999999998,0,eligible
motiongen_0424,motiongen_sweep_00,424,12.745370614359173,1,7.0670000000000002,0,eligible
motiongen_0425,motiongen_sweep_00,425,12.771370614359173,1,7.0830000000000002,0,eligible
motiongen_0426,motiongen_sweep_00,426,12.797370614359172,1,7.0999999999999996,0,eligible
motiongen_0427,motiongen_sweep_00,427,12.824370614359172,1,7.117,0,eligible
motiongen_0428,motiongen_sweep_00,428,12.850370614359171,1,7.133,0,eligible
motiongen_0429,motiongen_sweep_00,429,12.876370614359171,1,7.1500000000000004,0,eligible
motiongen_0430,motiongen_sweep_00,430,12.903370614359172,1,7.1669999999999998,0,eligible
motiongen_0431,motiongen_sweep_00,431,12.929370614359172,1,7.1829999999999998,0,eligible
motiongen_0432,motiongen_sweep_00,432,12.956370614359173,1,7.2000000000000002,0,eligible
motiongen_0433,motiongen_sweep_00,433,12.982370614359173,1,7.2169999999999996,0,eligible
motiongen_0434,motiongen_sweep_00,434,13.008370614359173,1,7.2329999999999997,0,eligible
motiongen_0435,motiongen_sweep_00,435,13.035370614359174,1,7.25,0,eligible
motiongen_0436,motiongen_sweep_00,436,13.061370614359173,1,7.2670000000000003,0,eligible
motiongen_0437,motiongen_sweep_00,437,13.087370614359173,1,7.2830000000000004,0,eligible
motiongen_0438,motiongen_sweep_00,438,13.114370614359173,1,7.2999999999999998,0,eligible
motiongen_0439,motiongen_sweep_00,439,13.140370614359172,1,7.3170000000000002,0,eligible
motiongen_0440,motiongen_sweep_00,440,13.166370614359172,1,7.3330000000000002,0,eligible
motiongen_0441,motiongen_sweep_00,441,13.193370614359171,1,7.3499999999999996,0,eligible
motiongen_0442,motiongen_sweep_00,442,13.219370614359173,1,7.367,0,eligible
motiongen_0443,motiongen_sweep_00,443,13.245370614359173,1,7.383,0,eligible
motiongen_0444,motiongen_sweep_00,444,13.272370614359172,1,7.4000000000000004,0,eligible
motiongen_0445,motiongen_sweep_00,445,13.298370614359172,1,7.4169999999999998,0,eligible
motiongen_0446,motiongen_sweep_00,446,13.325370614359173,1,7.4329999999999998,0,eligible
motiongen_0447,motiongen_sweep_00,447,13.351370614359173,1,7.4500000000000002,0,eligible
motiongen_0448,motiongen_sweep_00,448,13.377370614359172,1,7.4669999999999996,0,eligible
motiongen_0449,motiongen_sweep_00,449,13.404370614359173,1,7.4829999999999997,0,eligible
motiongen_0450,motiongen_sweep_00,450,13.430370614359173,1,7.5,0,eligible
motiongen_0451,motiongen_sweep_00,451,13.456370614359173,1,7.5170000000000003,0,eligible
motiongen_0452,motiongen_sweep_00,452,13.483370614359172,1,7.5330000000000004,0,eligible
motiongen_0453,motiongen_sweep_00,453,13.509370614359172,1,7.5499999999999998,0,eligible
motiongen_0454,motiongen_sweep_00,454,13.535370614359174,1,7.5670000000000002,0,eligible
motiongen_0455,motiongen_sweep_00,455,13.562370614359173,1,7.5830000000000002,0,eligible
motiongen_0456,motiongen_sweep_00,456,13.588370614359173,1,7.5999999999999996,0,eligible
motiongen_0457,motiongen_sweep_00,457,13.614370614359173,1,7.617,0,eligible
motiongen_0458,motiongen_sweep_00,458,13.641370614359172,1,7.633,0,eligible
motiongen_0459,motiongen_sweep_00,459,13.667370614359172,1,7.6500000000000004,0,eligible
motiongen_0460,motiongen_sweep_00,460,13.693370614359171,1,7.6669999999999998,0,eligible
motiongen_0461,motiongen_sweep_00,461,13.720370614359172,1,7.6829999999999998,0,eligible
motiongen_0462,motiongen_sweep_00,462,13.746370614359172,1,7.7000000000000002,0,eligible
motiongen_0463,motiongen_sweep_00,463,13.773370614359173,1,7.7169999999999996,0,eligible
motiongen_0464,motiongen_sweep_00,464,13.799370614359173,1,7.7329999999999997,0,eligible
motiongen_0465,motiongen_sweep_00,465,13.825370614359173,1,7.75,0,eligible
motiongen_0466,motiongen_sweep_00,466,13.852370614359172,1,7.7670000000000003,0,eligible
motiongen_0467,motiongen_sweep_00,467,13.878370614359174,1,7.7830000000000004,0,eligible
motiongen_0468,motiongen_sweep_00,468,13.904370614359173,1,7.7999999999999998,0,eligible
motiongen_0469,motiongen_sweep_00,469,13.931370614359173,1,7.8170000000000002,0,eligible
motiongen_0470,motiongen_sweep_00,470,13.957370614359172,1,7.8330000000000002,0,eligible
motiongen_0471,motiongen_sweep_00,471,13.983370614359172,1,7.8499999999999996,0,eligible
motiongen_0472,motiongen_sweep_00,472,14.010370614359172,1,7.867,0,eligible
motiongen_0473,motiongen_sweep_00,473,14.036370614359171,1,7.883,0,eligible
motiongen_0474,motiongen_sweep_00,474,14.062370614359173,1,7.9000000000000004,0,eligible
motiongen_0475,motiongen_sweep_00,475,14.089370614359172,1,7.9169999999999998,0,eligible
motiongen_0476,motiongen_sweep_00,476,14.115370614359172,1,7.9329999999999998,0,eligible
motiongen_0477,motiongen_sweep_00,477,14.142370614359173,1,7.9500000000000002,0,eligible
motiongen_0478,motiongen_sweep_00,478,14.168370614359173,1,7.9669999999999996,0,eligible
motiongen_0479,motiongen_sweep_00,479,14.194370614359173,1,7.9829999999999997,0,eligible
motiongen_0480,motiongen_sweep_00,480,14.221370614359174,1,8,0,eligible
motiongen_0481,motiongen_sweep_00,481,14.247370614359173,1,8.0169999999999995,0,eligible
motiongen_0482,motiongen_sweep_00,482,14.273370614359173,1,8.0329999999999995,0,eligible
motiongen_0483,motiongen_sweep_00,483,14.300370614359172,1,8.0500000000000007,0,eligible
motiongen_0484,motiongen_sweep_00,484,14.326370614359172,1,8.0670000000000002,0,eligible
motiongen_0485,motiongen_sweep_00,485,14.352370614359172,1,8.0830000000000002,0,eligible
motiongen_0486,motiongen_sweep_00,486,14.379370614359173,1,8.0999999999999996,0,eligible
motiongen_0487,motiongen_sweep_00,487,14.405370614359173,1,8.1170000000000009,0,eligible
motiongen_0488,motiongen_sweep_00,488,14.431370614359173,1,8.1329999999999991,0,eligible
motiongen_0489,motiongen_sweep_00,489,14.458370614359172,1,8.1500000000000004,0,eligible
motiongen_0490,motiongen_sweep_00,490,14.484370614359172,1,8.1669999999999998,0,eligible
motiongen_0491,motiongen_sweep_00,491,14.510370614359172,1,8.1829999999999998,0,eligible
motiongen_0492,motiongen_sweep_00,492,14.537370614359173,1,8.1999999999999993,0,eligible
motiongen_0493,motiongen_sweep_00,493,14.563370614359172,1,8.2170000000000005,0,eligible
motiongen_0494,motiongen_sweep_00,494,14.590370614359173,1,8.2330000000000005,0,eligible
motiongen_0495,motiongen_sweep_00,495,14.616370614359173,1,8.25,0,eligible
motiongen_0496,motiongen_sweep_00,496,14.642370614359173,1,8.2669999999999995,0,eligible
motiongen_0497,motiongen_sweep_00,497,14.669370614359172,1,8.2829999999999995,0,eligible
motiongen_0498,motiongen_sweep_00,498,14.695370614359172,1,8.3000000000000007,0,eligible
motiongen_0499,motiongen_sweep_00,499,14.721370614359172,1,8.3170000000000002,0,eligible
motiongen_0500,motiongen_sweep_00,500,14.748370614359173,1,8.3330000000000002,0,eligible
motiongen_0501,motiongen_sweep_00,501,14.774370614359173,1,8.3499999999999996,0,eligible
motiongen_0502,motiongen_sweep_00,502,14.800370614359172,1,8.3670000000000009,0,eligible
motiongen_0503,motiongen_sweep_00,503,14.827370614359172,1,8.3829999999999991,0,eligible
motiongen_0504,motiongen_sweep_00,504,14.853370614359171,1,8.4000000000000004,0,eligible
motiongen_0505,motiongen_sweep_00,505,14.879370614359173,1,8.4169999999999998,0,eligible
motiongen_0506,motiongen_sweep_00,506,14.906370614359172,1,8.4329999999999998,0,eligible
motiongen_0507,motiongen_sweep_00,507,14.932370614359172,1,8.4499999999999993,0,eligible
motiongen_0508,motiongen_sweep_00,508,14.958370614359172,1,8.4670000000000005,0,eligible
motiongen_0509,motiongen_sweep_00,509,14.985370614359173,1,8.4830000000000005,0,eligible
motiongen_0510,motiongen_sweep_00,510,15.011370614359173,1,8.5,0,eligible
motiongen_0511,motiongen_sweep_00,511,15.038370614359172,1,8.5169999999999995,0,eligible
motiongen_0512,motiongen_sweep_00,512,15.064370614359174,1,8.5329999999999995,0,eligible
motiongen_0513,motiongen_sweep_00,513,15.090370614359173,1,8.5500000000000007,0,eligible
motiongen_0514,motiongen_sweep_00,514,15.117370614359173,1,8.5670000000000002,0,eligible
motiongen_0515,motiongen_sweep_00,515,15.143370614359172,1,8.5830000000000002,0,eligible
motiongen_0516,motiongen_sweep_00,516,15.169370614359172,1,8.5999999999999996,0,eligible
motiongen_0517,motiongen_sweep_00,517,15.196370614359171,1,8.6170000000000009,0,eligible
motiongen_0518,motiongen_sweep_00,518,15.222370614359173,1,8.6329999999999991,0,eligible
motiongen_0519,motiongen_sweep_00,519,15.248370614359173,1,8.6500000000000004,0,eligible
motiongen_0520,motiongen_sweep_00,520,15.275370614359172,1,8.6669999999999998,0,eligible
motiongen_0521,motiongen_sweep_00,521,15.301370614359172,1,8.6829999999999998,0,eligible
motiongen_0522,motiongen_sweep_00,522,15.327370614359172,1,8.6999999999999993,0,eligible
motiongen_0523,motiongen_sweep_00,523,15.354370614359173,1,8.7170000000000005,0,eligible
motiongen_0524,motiongen_sweep_00,524,15.380370614359173,1,8.7330000000000005,0,eligible
motiongen_0525,motiongen_sweep_00,525,15.407370614359174,1,8.75,0,eligible
motiongen_0526,motiongen_sweep_00,526,15.433370614359173,1,8.7669999999999995,0,eligible
motiongen_0527,motiongen_sweep_00,527,15.459370614359173,1,8.7829999999999995,0,eligible
motiongen_0528,motiongen_sweep_00,528,15.486370614359172,1,8.8000000000000007,0,eligible
motiongen_0529,motiongen_sweep_00,529,15.512370614359172,1,8.8170000000000002,0,eligible
motiongen_0530,motiongen_sweep_00,530,15.538370614359172,1,8.8330000000000002,0,eligible
motiongen_0531,motiongen_sweep_00,531,15.565370614359173,1,8.8499999999999996,0,eligible
motiongen_0532,motiongen_sweep_00,532,15.591370614359173,1,8.8670000000000009,0,eligible
motiongen_0533,motiongen_sweep_00,533,15.617370614359173,1,8.8829999999999991,0,eligible
motiongen_0534,motiongen_sweep_00,534,15.644370614359172,1,8.9000000000000004,0,eligible
motiongen_0535,motiongen_sweep_00,535,15.670370614359172,1,8.9169999999999998,0,eligible
motiongen_0536,motiongen_sweep_00,536,15.696370614359171,1,8.9329999999999998,0,eligible
motiongen_0537,motiongen_sweep_00,537,15.723370614359172,1,8.9499999999999993,0,eligible
motiongen_0538,motiongen_sweep_00,538,15.749370614359172,1,8.9670000000000005,0,eligible
motiongen_0539,motiongen_sweep_00,539,15.775370614359172,1,8.9830000000000005,0,eligible
motiongen_0540,motiongen_sweep_00,540,15.802370614359173,1,9,0,eligible
motiongen_0541,motiongen_sweep_00,541,15.828370614359173,1,9.0169999999999995,0,eligible
motiongen_0542,motiongen_sweep_00,542,15.855370614359172,1,9.0329999999999995,0,eligible
motiongen_0543,motiongen_sweep_00,543,15.881370614359172,1,9.0500000000000007,0,eligible
motiongen_0544,motiongen_sweep_00,544,15.907370614359174,1,9.0670000000000002,0,eligible
motiongen_0545,motiongen_sweep_00,545,15.934370614359173,1,9.0830000000000002,0,eligible
motiongen_0546,motiongen_sweep_00,546,15.960370614359173,1,9.0999999999999996,0,eligible
motiongen_0547,motiongen_sweep_00,547,15.986370614359172,1,9.1170000000000009,0,eligible
motiongen_0548,motiongen_sweep_00,548,16.013370614359172,1,9.1329999999999991,0,eligible
motiongen_0549,motiongen_sweep_00,549,16.039370614359171,1,9.1500000000000004,0,eligible
motiongen_0550,motiongen_sweep_00,550,16.065370614359175,1,9.1669999999999998,0,eligible
motiongen_0551,motiongen_sweep_00,551,16.092370614359172,1,9.1829999999999998,0,eligible
motiongen_0552,motiongen_sweep_00,552,16.118370614359172,1,9.1999999999999993,0,eligible
motiongen_0553,motiongen_sweep_00,553,16.144370614359172,1,9.2170000000000005,0,eligible
motiongen_0554,motiongen_sweep_00,554,16.171370614359173,1,9.2330000000000005,0,eligible
motiongen_0555,motiongen_sweep_00,555,16.197370614359173,1,9.25,0,eligible
motiongen_0556,motiongen_sweep_00,556,16.224370614359174,1,9.2669999999999995,0,eligible
motiongen_0557,motiongen_sweep_00,557,16.250370614359174,1,9.2829999999999995,0,eligible
motiongen_0558,motiongen_sweep_00,558,16.276370614359173,1,9.3000000000000007,0,eligible
motiongen_0559,motiongen_sweep_00,559,16.303370614359174,1,9.3170000000000002,0,eligible
motiongen_0560,motiongen_sweep_00,560,16.329370614359171,1,9.3330000000000002,0,eligible
motiongen_0561,motiongen_sweep_00,561,16.355370614359174,1,9.3499999999999996,0,eligible
motiongen_0562,motiongen_sweep_00,562,16.382370614359171,1,9.3670000000000009,0,eligible
motiongen_0563,motiongen_sweep_00,563,16.408370614359171,1,9.3829999999999991,0,eligible
motiongen_0564,motiongen_sweep_00,564,16.434370614359175,1,9.4000000000000004,0,eligible
motiongen_0565,motiongen_sweep_00,565,16.461370614359172,1,9.4169999999999998,0,eligible
motiongen_0566,motiongen_sweep_00,566,16.487370614359172,1,9.4329999999999998,0,eligible
motiongen_0567,motiongen_sweep_00,567,16.513370614359172,1,9.4499999999999993,0,eligible
motiongen_0568,motiongen_sweep_00,568,16.540370614359173,1,9.4670000000000005,0,eligible
motiongen_0569,motiongen_sweep_00,569,16.566370614359172,1,9.4830000000000005,0,eligible
motiongen_0570,motiongen_sweep_00,570,16.592370614359172,1,9.5,0,eligible
motiongen_0571,motiongen_sweep_00,571,16.619370614359173,1,9.5169999999999995,0,eligible
motiongen_0572,motiongen_sweep_00,572,16.645370614359173,1,9.5329999999999995,0,eligible
motiongen_0573,motiongen_sweep_00,573,16.672370614359174,1,9.5500000000000007,0,eligible
motiongen_0574,motiongen_sweep_00,574,16.69837061435917,1,9.5670000000000002,0,eligible
motiongen_0575,motiongen_sweep_00,575,16.724370614359174,1,9.5830000000000002,0,eligible
motiongen_0576,motiongen_sweep_00,576,16.751370614359171,1,9.5999999999999996,0,eligible
motiongen_0577,motiongen_sweep_00,577,16.777370614359171,1,9.6170000000000009,0,eligible
motiongen_0578,motiongen_sweep_00,578,16.803370614359174,1,9.6329999999999991,0,eligible
motiongen_0579,motiongen_sweep_00,579,16.830370614359172,1,9.6500000000000004,0,eligible
motiongen_0580,motiongen_sweep_00,580,16.856370614359172,1,9.6669999999999998,0,eligible
motiongen_0581,motiongen_sweep_00,581,16.882370614359171,1,9.6829999999999998,0,eligible
motiongen_0582,motiongen_sweep_00,582,16.909370614359172,1,9.6999999999999993,0,eligible
motiongen_0583,motiongen_sweep_00,583,16.935370614359172,1,9.7170000000000005,0,eligible
motiongen_0584,motiongen_sweep_00,584,16.961370614359172,1,9.7330000000000005,0,eligible
motiongen_0585,motiongen_sweep_00,585,16.988370614359173,1,9.75,0,eligible
motiongen_0586,motiongen_sweep_00,586,17.014370614359173,1,9.7669999999999995,0,eligible
motiongen_0587,motiongen_sweep_00,587,17.041370614359174,1,9.7829999999999995,0,eligible
motiongen_0588,motiongen_sweep_00,588,17.067370614359174,1,9.8000000000000007,0,eligible
motiongen_0589,motiongen_sweep_00,589,17.093370614359173,1,9.8170000000000002,0,eligible
motiongen_0590,motiongen_sweep_00,590,17.120370614359175,1,9.8330000000000002,0,eligible
motiongen_0591,motiongen_sweep_00,591,17.146370614359171,1,9.8499999999999996,0,eligible
motiongen_0592,motiongen_sweep_00,592,17.172370614359174,1,9.8670000000000009,0,eligible
motiongen_0593,motiongen_sweep_00,593,17.199370614359172,1,9.8829999999999991,0,eligible
motiongen_0594,motiongen_sweep_00,594,17.225370614359171,1,9.9000000000000004,0,eligible
motiongen_0595,motiongen_sweep_00,595,17.251370614359171,1,9.9169999999999998,0,eligible
motiongen_0596,motiongen_sweep_00,596,17.278370614359172,1,9.9329999999999998,0,eligible
motiongen_0597,motiongen_sweep_00,597,17.304370614359172,1,9.9499999999999993,0,eligible
motiongen_0598,motiongen_sweep_00,598,17.330370614359172,1,9.9670000000000005,0,eligible
motiongen_0599,motiongen_sweep_00,599,17.357370614359173,1,9.9830000000000005,0,eligible
motiongen_0600,motiongen_sweep_00,600,17.383370614359173,1,10,0,eligible
motiongen_0601,motiongen_sweep_00,601,17.409370614359172,1,10.016999999999999,0,eligible
motiongen_0602,motiongen_sweep_00,602,17.436370614359173,1,10.032999999999999,0,eligible
motiongen_0603,motiongen_sweep_00,603,17.462370614359173,1,10.050000000000001,0,eligible
motiongen_0604,motiongen_sweep_00,604,17.489370614359174,1,10.067,0,eligible
motiongen_0605,motiongen_sweep_00,605,17.515370614359171,1,10.083,0,eligible
motiongen_0606,motiongen_sweep_00,606,17.541370614359174,1,10.1,0,eligible
motiongen_0607,motiongen_sweep_00,607,17.568370614359171,1,10.117000000000001,0,eligible
motiongen_0608,motiongen_sweep_00,608,17.594370614359171,1,10.132999999999999,0,eligible
motiongen_0609,motiongen_sweep_00,609,17.620370614359175,1,10.15,0,eligible
motiongen_0610,motiongen_sweep_00,610,17.647370614359172,1,10.167,0,eligible
motiongen_0611,motiongen_sweep_00,611,17.673370614359172,1,10.183,0,eligible
motiongen_0612,motiongen_sweep_00,612,17.699370614359172,1,10.199999999999999,0,eligible
motiongen_0613,motiongen_sweep_00,613,17.726370614359173,1,10.217000000000001,0,eligible
motiongen_0614,motiongen_sweep_00,614,17.752370614359172,1,10.233000000000001,0,eligible
motiongen_0615,motiongen_sweep_00,615,17.778370614359172,1,10.25,0,eligible
motiongen_0616,motiongen_sweep_00,616,17.805370614359173,1,10.266999999999999,0,eligible
motiongen_0617,motiongen_sweep_00,617,17.831370614359173,1,10.282999999999999,0,eligible
motiongen_0618,motiongen_sweep_00,618,17.857370614359173,1,10.300000000000001,0,eligible
motiongen_0619,motiongen_sweep_00,619,17.88437061435917,1,10.317,0,eligible
motiongen_0620,motiongen_sweep_00,620,17.910370614359174,1,10.333,0,eligible
motiongen_0621,motiongen_sweep_00,621,17.937370614359175,1,10.35,0,eligible
motiongen_0622,motiongen_sweep_00,622,17.963370614359171,1,10.367000000000001,0,eligible
motiongen_0623,motiongen_sweep_00,623,17.989370614359174,1,10.382999999999999,0,eligible
motiongen_0624,motiongen_sweep_00,624,18.016370614359172,1,10.4,0,eligible
motiongen_0625,motiongen_sweep_00,625,18.042370614359172,1,10.417,0,eligible
motiongen_0626,motiongen_sweep_00,626,18.068370614359171,1,10.433,0,eligible
motiongen_0627,motiongen_sweep_00,627,18.095370614359172,1,10.449999999999999,0,eligible
motiongen_0628,motiongen_sweep_00,628,18.121370614359172,1,10.467000000000001,0,eligible
motiongen_0629,motiongen_sweep_00,629,18.147370614359172,1,10.483000000000001,0,eligible
motiongen_0630,motiongen_sweep_00,630,18.174370614359173,1,10.5,0,eligible
motiongen_0631,motiongen_sweep_00,631,18.200370614359173,1,10.516999999999999,0,eligible
motiongen_0632,motiongen_sweep_00,632,18.226370614359173,1,10.532999999999999,0,eligible
motiongen_0633,motiongen_sweep_00,633,18.253370614359174,1,10.550000000000001,0,eligible
motiongen_0634,motiongen_sweep_00,634,18.279370614359173,1,10.567,0,eligible
motiongen_0635,motiongen_sweep_00,635,18.306370614359174,1,10.583,0,eligible
motiongen_0636,motiongen_sweep_00,636,18.332370614359171,1,10.6,0,eligible
motiongen_0637,motiongen_sweep_00,637,18.358370614359174,1,10.617000000000001,0,eligible
motiongen_0638,motiongen_sweep_00,638,18.385370614359172,1,10.632999999999999,0,eligible
motiongen_0639,motiongen_sweep_00,639,18.411370614359171,1,10.65,0,eligible
motiongen_0640,motiongen_sweep_00,640,18.437370614359175,1,10.667,0,eligible
motiongen_0641,motiongen_sweep_00,641,18.464370614359172,1,10.683,0,eligible
motiongen_0642,motiongen_sweep_00,642,18.490370614359172,1,10.699999999999999,0,eligible
motiongen_0643,motiongen_sweep_00,643,18.516370614359172,1,10.717000000000001,0,eligible
motiongen_0644,motiongen_sweep_00,644,18.543370614359173,1,10.733000000000001,0,eligible
motiongen_0645,motiongen_sweep_00,645,18.569370614359173,1,10.75,0,eligible
motiongen_0646,motiongen_sweep_00,646,18.595370614359172,1,10.766999999999999,0,eligible
motiongen_0647,motiongen_sweep_00,647,18.622370614359173,1,10.782999999999999,0,eligible
motiongen_0648,motiongen_sweep_00,648,18.648370614359173,1,10.800000000000001,0,eligible
motiongen_0649,motiongen_sweep_00,649,18.674370614359173,1,10.817,0,eligible
motiongen_0650,motiongen_sweep_00,650,18.70137061435917,1,10.833,0,eligible
motiongen_0651,motiongen_sweep_00,651,18.727370614359174,1,10.85,0,eligible
motiongen_0652,motiongen_sweep_00,652,18.754370614359171,1,10.867000000000001,0,eligible
motiongen_0653,motiongen_sweep_00,653,18.780370614359171,1,10.882999999999999,0,eligible
motiongen_0654,motiongen_sweep_00,654,18.806370614359174,1,10.9,0,eligible
motiongen_0655,motiongen_sweep_00,655,18.833370614359172,1,10.917,0,eligible
motiongen_0656,motiongen_sweep_00,656,18.859555921538757,1,10.933,0,eligible
motiongen_0657,motiongen_sweep_00,657,18.88555592153876,1,10.949999999999999,0,eligible
motiongen_0658,motiongen_sweep_00,658,18.91155592153876,1,10.967000000000001,0,eligible
motiongen_0659,motiongen_sweep_00,659,18.938555921538757,1,10.983000000000001,0,eligible
motiongen_0660,motiongen_sweep_00,660,18.964555921538761,1,11,0,eligible
motiongen_0661,motiongen_sweep_00,661,18.991555921538758,1,11.016999999999999,0,eligible
motiongen_0662,motiongen_sweep_00,662,19.017555921538758,1,11.032999999999999,0,eligible
motiongen_0663,motiongen_sweep_00,663,19.043555921538758,1,11.050000000000001,0,eligible
motiongen_0664,motiongen_sweep_00,664,19.070555921538759,1,11.067,0,eligible
motiongen_0665,motiongen_sweep_00,665,19.096555921538759,1,11.083,0,eligible
motiongen_0666,motiongen_sweep_00,666,19.122555921538758,1,11.1,0,eligible
motiongen_0667,motiongen_sweep_00,667,19.149555921538759,1,11.117000000000001,0,eligible
motiongen_0668,motiongen_sweep_00,668,19.175555921538759,1,11.132999999999999,0,eligible
motiongen_0669,motiongen_sweep_00,669,19.201555921538759,1,11.15,0,eligible
motiongen_0670,motiongen_sweep_00,670,19.228555921538756,1,11.167,0,eligible
motiongen_0671,motiongen_sweep_00,671,19.25455592153876,1,11.183,0,eligible
motiongen_0672,motiongen_sweep_00,672,19.28055592153876,1,11.199999999999999,0,eligible
motiongen_0673,motiongen_sweep_00,673,19.307555921538757,1,11.217000000000001,0,eligible
motiongen_0674,motiongen_sweep_00,674,19.33355592153876,1,11.233000000000001,0,eligible
motiongen_0675,motiongen_sweep_00,675,19.360555921538758,1,11.25,0,eligible
motiongen_0676,motiongen_sweep_00,676,19.386555921538758,1,11.266999999999999,0,eligible
motiongen_0677,motiongen_sweep_00,677,19.412555921538758,1,11.282999999999999,0,eligible
motiongen_0678,motiongen_sweep_00,678,19.439555921538759,1,11.300000000000001,0,eligible
motiongen_0679,motiongen_sweep_00,679,19.465555921538758,1,11.317,0,eligible
motiongen_0680,motiongen_sweep_00,680,19.491555921538758,1,11.333,0,eligible
motiongen_0681,motiongen_sweep_00,681,19.518555921538759,1,11.35,0,eligible
motiongen_0682,motiongen_sweep_00,682,19.544555921538759,1,11.367000000000001,0,eligible
motiongen_0683,motiongen_sweep_00,683,19.570555921538759,1,11.382999999999999,0,eligible
motiongen_0684,motiongen_sweep_00,684,19.59755592153876,1,11.4,0,eligible
motiongen_0685,motiongen_sweep_00,685,19.62355592153876,1,11.417,0,eligible
motiongen_0686,motiongen_sweep_00,686,19.649555921538759,1,11.433,0,eligible
motiongen_0687,motiongen_sweep_00,687,19.676555921538757,1,11.449999999999999,0,eligible
motiongen_0688,motiongen_sweep_00,688,19.70255592153876,1,11.467000000000001,0,eligible
motiongen_0689,motiongen_sweep_00,689,19.728555921538756,1,11.483000000000001,0,eligible
motiongen_0690,motiongen_sweep_00,690,19.755555921538758,1,11.5,0,eligible
motiongen_0691,motiongen_sweep_00,691,19.781555921538761,1,11.516999999999999,0,eligible
motiongen_0692,motiongen_sweep_00,692,19.808555921538758,1,11.532999999999999,0,eligible
motiongen_0693,motiongen_sweep_00,693,19.834555921538758,1,11.550000000000001,0,eligible
motiongen_0694,motiongen_sweep_00,694,19.860555921538758,1,11.567,0,eligible
motiongen_0695,motiongen_sweep_00,695,19.887555921538759,1,11.583,0,eligible
motiongen_0696,motiongen_sweep_00,696,19.913555921538759,1,11.6,0,eligible
motiongen_0697,motiongen_sweep_00,697,19.939555921538759,1,11.617000000000001,0,eligible
motiongen_0698,motiongen_sweep_00,698,19.96655592153876,1,11.632999999999999,0,eligible
motiongen_0699,motiongen_sweep_00,699,19.992555921538759,1,11.65,0,eligible
motiongen_0700,motiongen_sweep_00,700,20.018555921538759,1,11.667,0,eligible
motiongen_0701,motiongen_sweep_00,701,20.045555921538757,1,11.683,0,eligible
motiongen_0702,motiongen_sweep_00,702,20.07155592153876,1,11.699999999999999,0,eligible
motiongen_0703,motiongen_sweep_00,703,20.09755592153876,1,11.717000000000001,0,eligible
motiongen_0704,motiongen_sweep_00,704,20.124555921538757,1,11.733000000000001,0,eligible
motiongen_0705,motiongen_sweep_00,705,20.150555921538761,1,11.75,0,eligible
motiongen_0706,motiongen_sweep_00,706,20.176555921538757,1,11.766999999999999,0,eligible
motiongen_0707,motiongen_sweep_00,707,20.203555921538758,1,11.782999999999999,0,eligible
motiongen_0708,motiongen_sweep_00,708,20.229555921538758,1,11.800000000000001,0,eligible
motiongen_0709,motiongen_sweep_00,709,20.256555921538759,1,11.817,0,eligible
motiongen_0710,motiongen_sweep_00,710,20.282555921538759,1,11.833,0,eligible
motiongen_0711,motiongen_sweep_00,711,20.308555921538758,1,11.85,0,eligible
motiongen_0712,motiongen_sweep_00,712,20.335555921538759,1,11.867000000000001,0,eligible
motiongen_0713,motiongen_sweep_00,713,20.361555921538759,1,11.882999999999999,0,eligible
motiongen_0714,motiongen_sweep_00,714,20.387555921538759,1,11.9,0,eligible
motiongen_0715,motiongen_sweep_00,715,20.414555921538756,1,11.917,0,eligible
motiongen_0716,motiongen_sweep_00,716,20.44055592153876,1,11.933,0,eligible
motiongen_0717,motiongen_sweep_00,717,20.46655592153876,1,11.949999999999999,0,eligible
motiongen_0718,motiongen_sweep_00,718,20.493555921538757,1,11.967000000000001,0,eligible
motiongen_0719,motiongen_sweep_00,719,20.51955592153876,1,11.983000000000001,0,eligible
motiongen_0720,motiongen_sweep_00,720,20.545555921538757,1,12,0,eligible
motiongen_0721,motiongen_sweep_00,721,20.572555921538758,1,12.016999999999999,0,eligible
motiongen_0722,motiongen_sweep_00,722,20.598555921538761,1,12.032999999999999,0,eligible
motiongen_0723,motiongen_sweep_00,723,20.625555921538758,1,12.050000000000001,0,eligible
motiongen_0724,motiongen_sweep_00,724,20.651555921538758,1,12.067,0,eligible
motiongen_0725,motiongen_sweep_00,725,20.677555921538758,1,12.083,0,eligible
motiongen_0726,motiongen_sweep_00,726,20.704555921538759,1,12.1,0,eligible
motiongen_0727,motiongen_sweep_00,727,20.730555921538759,1,12.117000000000001,0,eligible
motiongen_0728,motiongen_sweep_00,728,20.756555921538759,1,12.132999999999999,0,eligible
motiongen_0729,motiongen_sweep_00,729,20.783555921538756,1,12.15,0,eligible
motiongen_0730,motiongen_sweep_00,730,20.80955592153876,1,12.167,0,eligible
motiongen_0731,motiongen_sweep_00,731,20.835555921538759,1,12.183,0,eligible
motiongen_0732,motiongen_sweep_00,732,20.862555921538757,1,12.199999999999999,0,eligible
motiongen_0733,motiongen_sweep_00,733,20.88855592153876,1,12.217000000000001,0,eligible
motiongen_0734,motiongen_sweep_00,734,20.914555921538756,1,12.233000000000001,0,eligible
motiongen_0735,motiongen_sweep_00,735,20.941555921538757,1,12.25,0,eligible
motiongen_0736,motiongen_sweep_00,736,20.967555921538761,1,12.266999999999999,0,eligible
motiongen_0737,motiongen_sweep_00,737,20.993555921538757,1,12.282999999999999,0,eligible
motiongen_0738,motiongen_sweep_00,738,21.020555921538758,1,12.300000000000001,0,eligible
motiongen_0739,motiongen_sweep_00,739,21.046555921538758,1,12.317,0,eligible
motiongen_0740,motiongen_sweep_00,740,21.073555921538759,1,12.333,0,eligible
motiongen_0741,motiongen_sweep_00,741,21.099555921538759,1,12.35,0,eligible
motiongen_0742,motiongen_sweep_00,742,21.125555921538758,1,12.367000000000001,0,eligible
motiongen_0743,motiongen_sweep_00,743,21.15255592153876,1,12.382999999999999,0,eligible
motiongen_0744,motiongen_sweep_00,744,21.178555921538759,1,12.4,0,eligible
motiongen_0745,motiongen_sweep_00,745,21.204555921538759,1,12.417,0,eligible
motiongen_0746,motiongen_sweep_00,746,21.231555921538757,1,12.433,0,eligible
motiongen_0747,motiongen_sweep_00,747,21.25755592153876,1,12.449999999999999,0,eligible
motiongen_0748,motiongen_sweep_00,748,21.28355592153876,1,12.467000000000001,0,eligible
motiongen_0749,motiongen_sweep_00,749,21.310555921538757,1,12.483000000000001,0,eligible
motiongen_0750,motiongen_sweep_00,750,21.336555921538761,1,12.5,0,eligible
motiongen_0751,motiongen_sweep_00,751,21.362555921538757,1,12.516999999999999,0,eligible
motiongen_0752,motiongen_sweep_00,752,21.389555921538758,1,12.532999999999999,0,eligible
motiongen_0753,motiongen_sweep_00,753,21.415555921538758,1,12.550000000000001,0,eligible
motiongen_0754,motiongen_sweep_00,754,21.442555921538759,1,12.567,0,eligible
motiongen_0755,motiongen_sweep_00,755,21.468555921538758,1,12.583,0,eligible
motiongen_0756,motiongen_sweep_00,756,21.494555921538758,1,12.6,0,eligible
motiongen_0757,motiongen_sweep_00,757,21.521555921538759,1,12.617000000000001,0,eligible
motiongen_0758,motiongen_sweep_00,758,21.547555921538759,1,12.632999999999999,0,eligible
motiongen_0759,motiongen_sweep_00,759,21.573555921538759,1,12.65,0,eligible
motiongen_0760,motiongen_sweep_00,760,21.600555921538756,1,12.667,0,eligible
motiongen_0761,motiongen_sweep_00,761,21.62655592153876,1,12.683,0,eligible
motiongen_0762,motiongen_sweep_00,762,21.65255592153876,1,12.699999999999999,0,eligible
motiongen_0763,motiongen_sweep_00,763,21.679555921538757,1,12.717000000000001,0,eligible
motiongen_0764,motiongen_sweep_00,764,21.70555592153876,1,12.733000000000001,0,eligible
motiongen_0765,motiongen_sweep_00,765,21.731555921538757,1,12.75,0,eligible
motiongen_0766,motiongen_sweep_00,766,21.758555921538758,1,12.766999999999999,0,eligible
motiongen_0767,motiongen_sweep_00,767,21.784555921538761,1,12.782999999999999,0,eligible
motiongen_0768,motiongen_sweep_00,768,21.810555921538757,1,12.800000000000001,0,eligible
motiongen_0769,motiongen_sweep_00,769,21.837555921538758,1,12.817,0,eligible
motiongen_0770,motiongen_sweep_00,770,21.863555921538758,1,12.833,0,eligible
motiongen_0771,motiongen_sweep_00,771,21.890555921538759,1,12.85,0,eligible
motiongen_0772,motiongen_sweep_00,772,21.916555921538759,1,12.867000000000001,0,eligible
motiongen_0773,motiongen_sweep_00,773,21.942555921538759,1,12.882999999999999,0,eligible
motiongen_0774,motiongen_sweep_00,774,21.96955592153876,1,12.9,0,eligible
motiongen_0775,motiongen_sweep_00,775,21.995555921538759,1,12.917,0,eligible
motiongen_0776,motiongen_sweep_00,776,22.021555921538759,1,12.933,0,eligible
motiongen_0777,motiongen_sweep_00,777,22.048555921538757,1,12.949999999999999,0,eligible
motiongen_0778,motiongen_sweep_00,778,22.07455592153876,1,12.967000000000001,0,eligible
motiongen_0779,motiongen_sweep_00,779,22.100555921538756,1,12.983000000000001,0,eligible
motiongen_0780,motiongen_sweep_00,780,22.127555921538757,1,13,0,eligible
motiongen_0781,motiongen_sweep_00,781,22.153555921538761,1,13.016999999999999,0,eligible
motiongen_0782,motiongen_sweep_00,782,22.179555921538757,1,13.032999999999999,0,eligible
motiongen_0783,motiongen_sweep_00,783,22.206555921538758,1,13.050000000000001,0,eligible
motiongen_0784,motiongen_sweep_00,784,22.232555921538758,1,13.067,0,eligible
motiongen_0785,motiongen_sweep_00,785,22.259555921538759,1,13.083,0,eligible
motiongen_0786,motiongen_sweep_00,786,22.285555921538759,1,13.1,0,eligible
motiongen_0787,motiongen_sweep_00,787,22.311555921538758,1,13.117000000000001,0,eligible
motiongen_0788,motiongen_sweep_00,788,22.338555921538759,1,13.132999999999999,0,eligible
motiongen_0789,motiongen_sweep_00,789,22.364555921538759,1,13.15,0,eligible
motiongen_0790,motiongen_sweep_00,790,22.390555921538759,1,13.167,0,eligible
motiongen_0791,motiongen_sweep_00,791,22.417555921538757,1,13.183,0,eligible
motiongen_0792,motiongen_sweep_00,792,22.44355592153876,1,13.199999999999999,0,eligible
motiongen_0793,motiongen_sweep_00,793,22.46955592153876,1,13.217000000000001,0,eligible
motiongen_0794,motiongen_sweep_00,794,22.496555921538757,1,13.233000000000001,0,eligible
motiongen_0795,motiongen_sweep_00,795,22.522555921538761,1,13.25,0,eligible
motiongen_0796,motiongen_sweep_00,796,22.548555921538757,1,13.266999999999999,0,eligible
motiongen_0797,motiongen_sweep_00,797,22.575555921538758,1,13.282999999999999,0,eligible
motiongen_0798,motiongen_sweep_00,798,22.601555921538758,1,13.300000000000001,0,eligible
motiongen_0799,motiongen_sweep_00,799,22.627555921538757,1,13.317,0,eligible
motiongen_0800,motiongen_sweep_00,800,22.654555921538758,1,13.333,0,eligible
motiongen_0801,motiongen_sweep_00,801,22.680555921538758,1,13.35,0,eligible
motiongen_0802,motiongen_sweep_00,802,22.707555921538759,1,13.367000000000001,0,eligible
motiongen_0803,motiongen_sweep_00,803,22.733555921538759,1,13.382999999999999,0,eligible
motiongen_0804,motiongen_sweep_00,804,22.759555921538759,1,13.4,0,eligible
motiongen_0805,motiongen_sweep_00,805,22.786555921538756,1,13.417,0,eligible
motiongen_0806,motiongen_sweep_00,806,22.81255592153876,1,13.433,0,eligible
motiongen_0807,motiongen_sweep_00,807,22.838555921538759,1,13.449999999999999,0,eligible
motiongen_0808,motiongen_sweep_00,808,22.865555921538757,1,13.467000000000001,0,eligible
motiongen_0809,motiongen_sweep_00,809,22.89155592153876,1,13.483000000000001,0,eligible
motiongen_0810,motiongen_sweep_00,810,22.917555921538757,1,13.5,0,eligible
motiongen_0811,motiongen_sweep_00,811,22.944555921538758,1,13.516999999999999,0,eligible
motiongen_0812,motiongen_sweep_00,812,22.970555921538761,1,13.532999999999999,0,eligible
motiongen_0813,motiongen_sweep_00,813,22.996555921538757,1,13.550000000000001,0,eligible
motiongen_0814,motiongen_sweep_00,814,23.023555921538758,1,13.567,0,eligible
motiongen_0815,motiongen_sweep_00,815,23.049555921538758,1,13.583,0,eligible
motiongen_0816,motiongen_sweep_00,816,23.075555921538758,1,13.6,0,eligible
motiongen_0817,motiongen_sweep_00,817,23.102555921538759,1,13.617000000000001,0,eligible
motiongen_0818,motiongen_sweep_00,818,23.128555921538759,1,13.632999999999999,0,eligible
motiongen_0819,motiongen_sweep_00,819,23.15555592153876,1,13.65,0,eligible
motiongen_0820,motiongen_sweep_00,820,23.181555921538759,1,13.667,0,eligible
motiongen_0821,motiongen_sweep_00,821,23.207555921538759,1,13.683,0,eligible
motiongen_0822,motiongen_sweep_00,822,23.234555921538757,1,13.699999999999999,0,eligible
motiongen_0823,motiongen_sweep_00,823,23.26055592153876,1,13.717000000000001,0,eligible
motiongen_0824,motiongen_sweep_00,824,23.28655592153876,1,13.733000000000001,0,eligible
motiongen_0825,motiongen_sweep_00,825,23.313555921538757,1,13.75,0,eligible
motiongen_0826,motiongen_sweep_00,826,23.339555921538761,1,13.766999999999999,0,eligible
motiongen_0827,motiongen_sweep_00,827,23.365555921538757,1,13.782999999999999,0,eligible
motiongen_0828,motiongen_sweep_00,828,23.392555921538758,1,13.800000000000001,0,eligible
motiongen_0829,motiongen_sweep_00,829,23.418555921538758,1,13.817,0,eligible
motiongen_0830,motiongen_sweep_00,830,23.444555921538758,1,13.833,0,eligible
motiongen_0831,motiongen_sweep_00,831,23.471555921538759,1,13.85,0,eligible
motiongen_0832,motiongen_sweep_00,832,23.497555921538758,1,13.867000000000001,0,eligible
motiongen_0833,motiongen_sweep_00,833,23.524555921538759,1,13.882999999999999,0,eligible
motiongen_0834,motiongen_sweep_00,834,23.550555921538759,1,13.9,0,eligible
motiongen_0835,motiongen_sweep_00,835,23.576555921538759,1,13.917,0,eligible
motiongen_0836,motiongen_sweep_00,836,23.603555921538756,1,13.933,0,eligible
motiongen_0837,motiongen_sweep_00,837,23.62955592153876,1,13.949999999999999,0,eligible
motiongen_0838,motiongen_sweep_00,838,23.65555592153876,1,13.967000000000001,0,eligible
motiongen_0839,motiongen_sweep_00,839,23.682555921538757,1,13.983000000000001,0,eligible
motiongen_0840,motiongen_sweep_00,840,23.70855592153876,1,14,0,eligible
motiongen_0841,motiongen_sweep_00,841,23.734555921538757,1,14.016999999999999,0,eligible
motiongen_0842,motiongen_sweep_00,842,23.761555921538758,1,14.032999999999999,0,eligible
motiongen_0843,motiongen_sweep_00,843,23.787555921538758,1,14.050000000000001,0,eligible
motiongen_0844,motiongen_sweep_00,844,23.813555921538757,1,14.067,0,eligible
motiongen_0845,motiongen_sweep_00,845,23.840555921538758,1,14.083,0,eligible
motiongen_0846,motiongen_sweep_00,846,23.866555921538758,1,14.1,0,eligible
motiongen_0847,motiongen_sweep_00,847,23.892555921538758,1,14.117000000000001,0,eligible
motiongen_0848,motiongen_sweep_00,848,23.919555921538759,1,14.132999999999999,0,eligible
motiongen_0849,motiongen_sweep_00,849,23.945555921538759,1,14.15,0,eligible
motiongen_0850,motiongen_sweep_00,850,23.97255592153876,1,14.167,0,eligible
motiongen_0851,motiongen_sweep_00,851,23.99855592153876,1,14.183,0,eligible
motiongen_0852,motiongen_sweep_00,852,24.024555921538759,1,14.199999999999999,0,eligible
motiongen_0853,motiongen_sweep_00,853,24.051555921538757,1,14.217000000000001,0,eligible
motiongen_0854,motiongen_sweep_00,854,24.07755592153876,1,14.233000000000001,0,eligible
motiongen_0855,motiongen_sweep_00,855,24.103555921538756,1,14.25,0,eligible
motiongen_0856,motiongen_sweep_00,856,24.130555921538758,1,14.266999999999999,0,eligible
motiongen_0857,motiongen_sweep_00,857,24.156555921538761,1,14.282999999999999,0,eligible
motiongen_0858,motiongen_sweep_00,858,24.182555921538757,1,14.300000000000001,0,eligible
motiongen_0859,motiongen_sweep_00,859,24.209555921538758,1,14.317,0,eligible
motiongen_0860,motiongen_sweep_00,860,24.235555921538758,1,14.333,0,eligible
motiongen_0861,motiongen_sweep_00,861,24.261555921538758,1,14.35,0,eligible
motiongen_0862,motiongen_sweep_00,862,24.288555921538759,1,14.367000000000001,0,eligible
motiongen_0863,motiongen_sweep_00,863,24.314555921538759,1,14.382999999999999,0,eligible
motiongen_0864,motiongen_sweep_00,864,24.34155592153876,1,14.4,0,eligible
motiongen_0865,motiongen_sweep_00,865,24.367555921538759,1,14.417,0,eligible
motiongen_0866,motiongen_sweep_00,866,24.393555921538759,1,14.433,0,eligible
motiongen_0867,motiongen_sweep_00,867,24.420555921538757,1,14.449999999999999,0,eligible
motiongen_0868,motiongen_sweep_00,868,24.44655592153876,1,14.467000000000001,0,eligible
motiongen_0869,motiongen_sweep_00,869,24.47255592153876,1,14.483000000000001,0,eligible
motiongen_0870,motiongen_sweep_00,870,24.499555921538757,1,14.5,0,eligible
motiongen_0871,motiongen_sweep_00,871,24.525555921538761,1,14.516999999999999,0,eligible
motiongen_0872,motiongen_sweep_00,872,24.551555921538757,1,14.532999999999999,0,eligible
motiongen_0873,motiongen_sweep_00,873,24.578555921538758,1,14.550000000000001,0,eligible
motiongen_0874,motiongen_sweep_00,874,24.604555921538758,1,14.567,0,eligible
motiongen_0875,motiongen_sweep_00,875,24.630555921538758,1,14.583,0,eligible
motiongen_0876,motiongen_sweep_00,876,24.657555921538759,1,14.6,0,eligible
motiongen_0877,motiongen_sweep_00,877,24.683555921538758,1,14.617000000000001,0,eligible
motiongen_0878,motiongen_sweep_00,878,24.709555921538758,1,14.632999999999999,0,eligible
motiongen_0879,motiongen_sweep_00,879,24.736555921538759,1,14.65,0,eligible
motiongen_0880,motiongen_sweep_00,880,24.762555921538759,1,14.667,0,eligible
motiongen_0881,motiongen_sweep_00,881,24.78955592153876,1,14.683,0,eligible
motiongen_0882,motiongen_sweep_00,882,24.81555592153876,1,14.699999999999999,0,eligible
motiongen_0883,motiongen_sweep_00,883,24.84155592153876,1,14.717000000000001,0,eligible
motiongen_0884,motiongen_sweep_00,884,24.868555921538757,1,14.733000000000001,0,eligible
motiongen_0885,motiongen_sweep_00,885,24.89455592153876,1,14.75,0,eligible
motiongen_0886,motiongen_sweep_00,886,24.920555921538757,1,14.766999999999999,0,eligible
motiongen_0887,motiongen_sweep_00,887,24.947555921538758,1,14.782999999999999,0,eligible
motiongen_0888,motiongen_sweep_00,888,24.973555921538757,1,14.800000000000001,0,eligible
motiongen_0889,motiongen_sweep_00,889,24.999555921538757,1,14.817,0,eligible
motiongen_0890,motiongen_sweep_00,890,25.026555921538758,1,14.833,0,eligible
motiongen_0891,motiongen_sweep_00,891,25.052555921538758,1,14.85,0,eligible
motiongen_0892,motiongen_sweep_00,892,25.078555921538758,1,14.867000000000001,0,eligible
motiongen_0893,motiongen_sweep_00,893,25.105555921538759,1,14.882999999999999,0,eligible
motiongen_0894,motiongen_sweep_00,894,25.131555921538759,1,14.9,0,eligible
motiongen_0895,motiongen_sweep_00,895,25.157741228718344,1,14.917,0,eligible
motiongen_0896,motiongen_sweep_00,896,25.184741228718345,1,14.933,0,eligible
motiongen_0897,motiongen_sweep_00,897,25.210741228718344,1,14.949999999999999,0,eligible
motiongen_0898,motiongen_sweep_00,898,25.236741228718344,1,14.967000000000001,0,eligible
motiongen_0899,motiongen_sweep_00,899,25.263741228718345,1,14.983000000000001,0,eligible
motiongen_0900,motiongen_sweep_00,900,25.289741228718345,1,15,0,eligible
motiongen_0901,motiongen_sweep_00,901,25.315741228718345,1,15.016999999999999,0,eligible
motiongen_0902,motiongen_sweep_00,902,25.342741228718346,1,15.032999999999999,0,eligible
motiongen_0903,motiongen_sweep_00,903,25.368741228718346,1,15.050000000000001,0,eligible
motiongen_0904,motiongen_sweep_00,904,25.394741228718345,1,15.067,0,eligible
motiongen_0905,motiongen_sweep_00,905,25.421741228718346,1,15.083,0,eligible
motiongen_0906,motiongen_sweep_00,906,25.447741228718346,1,15.1,0,eligible
motiongen_0907,motiongen_sweep_00,907,25.474741228718344,1,15.117000000000001,0,eligible
motiongen_0908,motiongen_sweep_00,908,25.500741228718347,1,15.132999999999999,0,eligible
motiongen_0909,motiongen_sweep_00,909,25.526741228718343,1,15.15,0,eligible
motiongen_0910,motiongen_sweep_00,910,25.553741228718344,1,15.167,0,eligible
motiongen_0911,motiongen_sweep_00,911,25.579741228718344,1,15.183,0,eligible
motiongen_0912,motiongen_sweep_00,912,25.605741228718344,1,15.199999999999999,0,eligible
motiongen_0913,motiongen_sweep_00,913,25.632741228718345,1,15.217000000000001,0,eligible
motiongen_0914,motiongen_sweep_00,914,25.658741228718345,1,15.233000000000001,0,eligible
motiongen_0915,motiongen_sweep_00,915,25.684741228718345,1,15.25,0,eligible
motiongen_0916,motiongen_sweep_00,916,25.711741228718346,1,15.266999999999999,0,eligible
motiongen_0917,motiongen_sweep_00,917,25.737741228718345,1,15.282999999999999,0,eligible
motiongen_0918,motiongen_sweep_00,918,25.763741228718345,1,15.300000000000001,0,eligible
motiongen_0919,motiongen_sweep_00,919,25.790741228718346,1,15.317,0,eligible
motiongen_0920,motiongen_sweep_00,920,25.816741228718346,1,15.333,0,eligible
motiongen_0921,motiongen_sweep_00,921,25.843741228718343,1,15.35,0,eligible
motiongen_0922,motiongen_sweep_00,922,25.869741228718347,1,15.367000000000001,0,eligible
motiongen_0923,motiongen_sweep_00,923,25.895741228718343,1,15.382999999999999,0,eligible
motiongen_0924,motiongen_sweep_00,924,25.922741228718344,1,15.4,0,eligible
motiongen_0925,motiongen_sweep_00,925,25.948741228718344,1,15.417,0,eligible
motiongen_0926,motiongen_sweep_00,926,25.974741228718344,1,15.433,0,eligible
motiongen_0927,motiongen_sweep_00,927,26.001741228718345,1,15.449999999999999,0,eligible
motiongen_0928,motiongen_sweep_00,928,26.027741228718345,1,15.467000000000001,0,eligible
motiongen_0929,motiongen_sweep_00,929,26.053741228718344,1,15.483000000000001,0,eligible
motiongen_0930,motiongen_sweep_00,930,26.080741228718345,1,15.5,0,eligible
motiongen_0931,motiongen_sweep_00,931,26.106741228718345,1,15.516999999999999,0,eligible
motiongen_0932,motiongen_sweep_00,932,26.132741228718345,1,15.532999999999999,0,eligible
motiongen_0933,motiongen_sweep_00,933,26.159741228718346,1,15.550000000000001,0,eligible
motiongen_0934,motiongen_sweep_00,934,26.185741228718346,1,15.567,0,eligible
motiongen_0935,motiongen_sweep_00,935,26.211741228718346,1,15.583,0,eligible
motiongen_0936,motiongen_sweep_00,936,26.238741228718347,1,15.6,0,eligible
motiongen_0937,motiongen_sweep_00,937,26.264741228718343,1,15.617000000000001,0,eligible
motiongen_0938,motiongen_sweep_00,938,26.291741228718344,1,15.632999999999999,0,eligible
motiongen_0939,motiongen_sweep_00,939,26.317741228718347,1,15.65,0,eligible
motiongen_0940,motiongen_sweep_00,940,26.343741228718343,1,15.667,0,eligible
motiongen_0941,motiongen_sweep_00,941,26.370741228718344,1,15.683,0,eligible
motiongen_0942,motiongen_sweep_00,942,26.396741228718344,1,15.699999999999999,0,eligible
motiongen_0943,motiongen_sweep_00,943,26.422741228718344,1,15.717000000000001,0,eligible
motiongen_0944,motiongen_sweep_00,944,26.449741228718345,1,15.733000000000001,0,eligible
motiongen_0945,motiongen_sweep_00,945,26.475741228718345,1,15.75,0,eligible
motiongen_0946,motiongen_sweep_00,946,26.501741228718345,1,15.766999999999999,0,eligible
motiongen_0947,motiongen_sweep_00,947,26.528741228718346,1,15.782999999999999,0,eligible
motiongen_0948,motiongen_sweep_00,948,26.554741228718346,1,15.800000000000001,0,eligible
motiongen_0949,motiongen_sweep_00,949,26.580741228718345,1,15.817,0,eligible
motiongen_0950,motiongen_sweep_00,950,26.607741228718346,1,15.833,0,eligible
motiongen_0951,motiongen_sweep_00,951,26.633741228718343,1,15.85,0,eligible
motiongen_0952,motiongen_sweep_00,952,26.660741228718344,1,15.867000000000001,0,eligible
motiongen_0953,motiongen_sweep_00,953,26.686741228718347,1,15.882999999999999,0,eligible
motiongen_0954,motiongen_sweep_00,954,26.712741228718343,1,15.9,0,eligible
motiongen_0955,motiongen_sweep_00,955,26.739741228718344,1,15.917,0,eligible
motiongen_0956,motiongen_sweep_00,956,26.765741228718344,1,15.933,0,eligible
motiongen_0957,motiongen_sweep_00,957,26.791741228718344,1,15.949999999999999,0,eligible
motiongen_0958,motiongen_sweep_00,958,26.818741228718345,1,15.967000000000001,0,eligible
motiongen_0959,motiongen_sweep_00,959,26.844741228718345,1,15.983000000000001,0,eligible
motiongen_0960,motiongen_sweep_00,960,26.870741228718344,1,16,0,eligible
motiongen_0961,motiongen_sweep_00,961,26.897741228718345,1,16.016999999999999,0,eligible
motiongen_0962,motiongen_sweep_00,962,26.923741228718345,1,16.033000000000001,0,eligible
motiongen_0963,motiongen_sweep_00,963,26.949741228718345,1,16.050000000000001,0,eligible
motiongen_0964,motiongen_sweep_00,964,26.976741228718346,1,16.067,0,eligible
motiongen_0965,motiongen_sweep_00,965,27.002741228718346,1,16.082999999999998,0,eligible
motiongen_0966,motiongen_sweep_00,966,27.028741228718346,1,16.100000000000001,0,eligible
motiongen_0967,motiongen_sweep_00,967,27.055741228718347,1,16.117000000000001,0,eligible
motiongen_0968,motiongen_sweep_00,968,27.081741228718343,1,16.132999999999999,0,eligible
motiongen_0969,motiongen_sweep_00,969,27.108741228718344,1,16.149999999999999,0,eligible
motiongen_0970,motiongen_sweep_00,970,27.134741228718344,1,16.167000000000002,0,eligible
motiongen_0971,motiongen_sweep_00,971,27.160741228718344,1,16.183,0,eligible
motiongen_0972,motiongen_sweep_00,972,27.187741228718345,1,16.199999999999999,0,eligible
motiongen_0973,motiongen_sweep_00,973,27.213741228718344,1,16.216999999999999,0,eligible
motiongen_0974,motiongen_sweep_00,974,27.239741228718344,1,16.233000000000001,0,eligible
motiongen_0975,motiongen_sweep_00,975,27.266741228718345,1,16.25,0,eligible
motiongen_0976,motiongen_sweep_00,976,27.292741228718345,1,16.266999999999999,0,eligible
motiongen_0977,motiongen_sweep_00,977,27.318741228718345,1,16.283000000000001,0,eligible
motiongen_0978,motiongen_sweep_00,978,27.345741228718346,1,16.300000000000001,0,eligible
motiongen_0979,motiongen_sweep_00,979,27.371741228718346,1,16.317,0,eligible
motiongen_0980,motiongen_sweep_00,980,27.397741228718345,1,16.332999999999998,0,eligible
motiongen_0981,motiongen_sweep_00,981,27.424741228718347,1,16.350000000000001,0,eligible
motiongen_0982,motiongen_sweep_00,982,27.450741228718343,1,16.367000000000001,0,eligible
motiongen_0983,motiongen_sweep_00,983,27.477741228718344,1,16.382999999999999,0,eligible
motiongen_0984,motiongen_sweep_00,984,27.503741228718347,1,16.399999999999999,0,eligible
motiongen_0985,motiongen_sweep_00,985,27.529741228718343,1,16.417000000000002,0,eligible
motiongen_0986,motiongen_sweep_00,986,27.556741228718344,1,16.433,0,eligible
motiongen_0987,motiongen_sweep_00,987,27.582741228718344,1,16.449999999999999,0,eligible
motiongen_0988,motiongen_sweep_00,988,27.608741228718344,1,16.466999999999999,0,eligible
motiongen_0989,motiongen_sweep_00,989,27.635741228718345,1,16.483000000000001,0,eligible
motiongen_0990,motiongen_sweep_00,990,27.661741228718345,1,16.5,0,eligible
motiongen_0991,motiongen_sweep_00,991,27.687741228718345,1,16.516999999999999,0,eligible
motiongen_0992,motiongen_sweep_00,992,27.714741228718346,1,16.533000000000001,0,eligible
motiongen_0993,motiongen_sweep_00,993,27.740741228718345,1,16.550000000000001,0,eligible
motiongen_0994,motiongen_sweep_00,994,27.766741228718345,1,16.567,0,eligible
motiongen_0995,motiongen_sweep_00,995,27.793741228718346,1,16.582999999999998,0,eligible
motiongen_0996,motiongen_sweep_00,996,27.819741228718343,1,16.600000000000001,0,eligible
motiongen_0997,motiongen_sweep_00,997,27.845741228718346,1,16.617000000000001,0,eligible
motiongen_0998,motiongen_sweep_00,998,27.872741228718347,1,16.632999999999999,0,eligible
motiongen_0999,motiongen_sweep_00,999,27.898741228718343,1,16.649999999999999,0,eligible
motiongen_1000,motiongen_sweep_00,1000,27.925741228718344,1,16.667000000000002,0,eligible
motiongen_1001,motiongen_sweep_00,1001,27.951741228718344,1,16.683,0,eligible
motiongen_1002,motiongen_sweep_00,1002,27.977741228718344,1,16.699999999999999,0,eligible
motiongen_1003,motiongen_sweep_00,1003,28.004741228718345,1,16.716999999999999,0,eligible
motiongen_1004,motiongen_sweep_00,1004,28.030741228718345,1,16.733000000000001,0,eligible
motiongen_1005,motiongen_sweep_00,1005,28.056741228718344,1,16.75,0,eligible
motiongen_1006,motiongen_sweep_00,1006,28.083741228718345,1,16.766999999999999,0,eligible
motiongen_1007,motiongen_sweep_00,1007,28.109741228718345,1,16.783000000000001,0,eligible
motiongen_1008,motiongen_sweep_00,1008,28.135741228718345,1,16.800000000000001,0,eligible
motiongen_1009,motiongen_sweep_00,1009,28.162741228718346,1,16.817,0,eligible
motiongen_1010,motiongen_sweep_00,1010,28.188741228718346,1,16.832999999999998,0,eligible
motiongen_1011,motiongen_sweep_00,1011,28.214741228718346,1,16.850000000000001,0,eligible
motiongen_1012,motiongen_sweep_00,1012,28.241741228718347,1,16.867000000000001,0,eligible
motiongen_1013,motiongen_sweep_00,1013,28.267741228718343,1,16.882999999999999,0,eligible
motiongen_1014,motiongen_sweep_00,1014,28.293741228718346,1,16.899999999999999,0,eligible
motiongen_1015,motiongen_sweep_00,1015,28.320741228718347,1,16.917000000000002,0,eligible
motiongen_1016,motiongen_sweep_00,1016,28.346741228718344,1,16.933,0,eligible
motiongen_1017,motiongen_sweep_00,1017,28.373741228718345,1,16.949999999999999,0,eligible
motiongen_1018,motiongen_sweep_00,1018,28.399741228718344,1,16.966999999999999,0,eligible
motiongen_1019,motiongen_sweep_00,1019,28.425741228718344,1,16.983000000000001,0,eligible
motiongen_1020,motiongen_sweep_00,1020,28.452741228718345,1,17,0,eligible
motiongen_1021,motiongen_sweep_00,1021,28.478741228718345,1,17.016999999999999,0,eligible
motiongen_1022,motiongen_sweep_00,1022,28.504741228718345,1,17.033000000000001,0,eligible
motiongen_1023,motiongen_sweep_00,1023,28.531741228718346,1,17.050000000000001,0,eligible
motiongen_1024,motiongen_sweep_00,1024,28.557741228718346,1,17.067,0,eligible
motiongen_1025,motiongen_sweep_00,1025,28.583741228718345,1,17.082999999999998,0,eligible
motiongen_1026,motiongen_sweep_00,1026,28.610741228718346,1,17.100000000000001,0,eligible
motiongen_1027,motiongen_sweep_00,1027,28.636741228718343,1,17.117000000000001,0,eligible
motiongen_1028,motiongen_sweep_00,1028,28.662741228718346,1,17.132999999999999,0,eligible
motiongen_1029,motiongen_sweep_00,1029,28.689741228718347,1,17.149999999999999,0,eligible
motiongen_1030,motiongen_sweep_00,1030,28.715741228718343,1,17.167000000000002,0,eligible
motiongen_1031,motiongen_sweep_00,1031,28.742741228718344,1,17.183,0,eligible
motiongen_1032,motiongen_sweep_00,1032,28.768741228718344,1,17.199999999999999,0,eligible
motiongen_1033,motiongen_sweep_00,1033,28.794741228718344,1,17.216999999999999,0,eligible
motiongen_1034,motiongen_sweep_00,1034,28.821741228718345,1,17.233000000000001,0,eligible
motiongen_1035,motiongen_sweep_00,1035,28.847741228718345,1,17.25,0,eligible
motiongen_1036,motiongen_sweep_00,1036,28.873741228718345,1,17.266999999999999,0,eligible
motiongen_1037,motiongen_sweep_00,1037,28.900741228718346,1,17.283000000000001,0,eligible
motiongen_1038,motiongen_sweep_00,1038,28.926741228718345,1,17.300000000000001,0,eligible
motiongen_1039,motiongen_sweep_00,1039,28.952741228718345,1,17.317,0,eligible
motiongen_1040,motiongen_sweep_00,1040,28.979741228718346,1,17.332999999999998,0,eligible
motiongen_1041,motiongen_sweep_00,1041,29.005741228718346,1,17.350000000000001,0,eligible
motiongen_1042,motiongen_sweep_00,1042,29.031741228718346,1,17.367000000000001,0,eligible
motiongen_1043,motiongen_sweep_00,1043,29.058741228718347,1,17.382999999999999,0,eligible
motiongen_1044,motiongen_sweep_00,1044,29.084741228718343,1,17.399999999999999,0,eligible
motiongen_1045,motiongen_sweep_00,1045,29.110741228718346,1,17.417000000000002,0,eligible
motiongen_1046,motiongen_sweep_00,1046,29.137741228718344,1,17.433,0,eligible
motiongen_1047,motiongen_sweep_00,1047,29.163741228718344,1,17.449999999999999,0,eligible
motiongen_1048,motiongen_sweep_00,1048,29.190741228718345,1,17.466999999999999,0,eligible
motiongen_1049,motiongen_sweep_00,1049,29.216741228718345,1,17.483000000000001,0,eligible
motiongen_1050,motiongen_sweep_00,1050,29.242741228718344,1,17.5,0,eligible
motiongen_1051,motiongen_sweep_00,1051,29.269741228718345,1,17.516999999999999,0,eligible
motiongen_1052,motiongen_sweep_00,1052,29.295741228718345,1,17.533000000000001,0,eligible
motiongen_1053,motiongen_sweep_00,1053,29.321741228718345,1,17.550000000000001,0,eligible
motiongen_1054,motiongen_sweep_00,1054,29.348741228718346,1,17.567,0,eligible
motiongen_1055,motiongen_sweep_00,1055,29.374741228718346,1,17.582999999999998,0,eligible
motiongen_1056,motiongen_sweep_00,1056,29.400741228718346,1,17.600000000000001,0,eligible
motiongen_1057,motiongen_sweep_00,1057,29.427741228718347,1,17.617000000000001,0,eligible
motiongen_1058,motiongen_sweep_00,1058,29.453741228718343,1,17.632999999999999,0,eligible
motiongen_1059,motiongen_sweep_00,1059,29.479741228718346,1,17.649999999999999,0,eligible
motiongen_1060,motiongen_sweep_00,1060,29.506741228718344,1,17.667000000000002,0,eligible
motiongen_1061,motiongen_sweep_00,1061,29.532741228718344,1,17.683,0,eligible
motiongen_1062,motiongen_sweep_00,1062,29.559741228718345,1,17.699999999999999,0,eligible
motiongen_1063,motiongen_sweep_00,1063,29.585741228718344,1,17.716999999999999,0,eligible
motiongen_1064,motiongen_sweep_00,1064,29.611741228718344,1,17.733000000000001,0,eligible
motiongen_1065,motiongen_sweep_00,1065,29.638741228718345,1,17.75,0,eligible
motiongen_1066,motiongen_sweep_00,1066,29.664741228718345,1,17.766999999999999,0,eligible
motiongen_1067,motiongen_sweep_00,1067,29.690741228718345,1,17.783000000000001,0,eligible
motiongen_1068,motiongen_sweep_00,1068,29.717741228718346,1,17.800000000000001,0,eligible
motiongen_1069,motiongen_sweep_00,1069,29.743741228718346,1,17.817,0,eligible
motiongen_1070,motiongen_sweep_00,1070,29.769741228718345,1,17.832999999999998,0,eligible
motiongen_1071,motiongen_sweep_00,1071,29.796741228718346,1,17.850000000000001,0,eligible
motiongen_1072,motiongen_sweep_00,1072,29.822741228718346,1,17.867000000000001,0,eligible
motiongen_1073,motiongen_sweep_00,1073,29.848741228718346,1,17.882999999999999,0,eligible
motiongen_1074,motiongen_sweep_00,1074,29.875741228718347,1,17.899999999999999,0,eligible
motiongen_1075,motiongen_sweep_00,1075,29.901741228718343,1,17.917000000000002,0,eligible
motiongen_1076,motiongen_sweep_00,1076,29.927741228718347,1,17.933,0,eligible
motiongen_1077,motiongen_sweep_00,1077,29.954741228718344,1,17.949999999999999,0,eligible
motiongen_1078,motiongen_sweep_00,1078,29.980741228718344,1,17.966999999999999,0,eligible
motiongen_1079,motiongen_sweep_00,1079,30.007741228718345,1,17.983000000000001,0,eligible
motiongen_1080,motiongen_sweep_00,1080,30.033741228718345,1,18,0,eligible
motiongen_1081,motiongen_sweep_00,1081,30.059741228718345,1,18.016999999999999,0,eligible
motiongen_1082,motiongen_sweep_00,1082,30.086741228718346,1,18.033000000000001,0,eligible
motiongen_1083,motiongen_sweep_00,1083,30.112741228718345,1,18.050000000000001,0,eligible
motiongen_1084,motiongen_sweep_00,1084,30.138741228718345,1,18.067,0,eligible
motiongen_1085,motiongen_sweep_00,1085,30.165741228718346,1,18.082999999999998,0,eligible
motiongen_1086,motiongen_sweep_00,1086,30.191741228718346,1,18.100000000000001,0,eligible
motiongen_1087,motiongen_sweep_00,1087,30.217741228718346,1,18.117000000000001,0,eligible
motiongen_1088,motiongen_sweep_00,1088,30.244741228718347,1,18.132999999999999,0,eligible
motiongen_1089,motiongen_sweep_00,1089,30.270741228718343,1,18.149999999999999,0,eligible
motiongen_1090,motiongen_sweep_00,1090,30.296741228718346,1,18.167000000000002,0,eligible
motiongen_1091,motiongen_sweep_00,1091,30.323741228718344,1,18.183,0,eligible
motiongen_1092,motiongen_sweep_00,1092,30.349741228718344,1,18.199999999999999,0,eligible
motiongen_1093,motiongen_sweep_00,1093,30.375741228718347,1,18.216999999999999,0,eligible
motiongen_1094,motiongen_sweep_00,1094,30.402741228718345,1,18.233000000000001,0,eligible
motiongen_1095,motiongen_sweep_00,1095,30.428741228718344,1,18.25,0,eligible
motiongen_1096,motiongen_sweep_00,1096,30.455741228718345,1,18.266999999999999,0,eligible
motiongen_1097,motiongen_sweep_00,1097,30.481741228718345,1,18.283000000000001,0,eligible
motiongen_1098,motiongen_sweep_00,1098,30.507741228718345,1,18.300000000000001,0,eligible
motiongen_1099,motiongen_sweep_00,1099,30.534741228718346,1,18.317,0,eligible
motiongen_1100,motiongen_sweep_00,1100,30.560741228718346,1,18.332999999999998,0,eligible
motiongen_1101,motiongen_sweep_00,1101,30.586741228718346,1,18.350000000000001,0,eligible
motiongen_1102,motiongen_sweep_00,1102,30.613741228718347,1,18.367000000000001,0,eligible
motiongen_1103,motiongen_sweep_00,1103,30.639741228718343,1,18.382999999999999,0,eligible
motiongen_1104,motiongen_sweep_00,1104,30.665741228718346,1,18.399999999999999,0,eligible
motiongen_1105,motiongen_sweep_00,1105,30.692741228718344,1,18.417000000000002,0,eligible
motiongen_1106,motiongen_sweep_00,1106,30.718741228718343,1,18.433,0,eligible
motiongen_1107,motiongen_sweep_00,1107,30.744741228718347,1,18.449999999999999,0,eligible
motiongen_1108,motiongen_sweep_00,1108,30.771741228718344,1,18.466999999999999,0,eligible
motiongen_1109,motiongen_sweep_00,1109,30.797741228718344,1,18.483000000000001,0,eligible
motiongen_1110,motiongen_sweep_00,1110,30.824741228718345,1,18.5,0,eligible
motiongen_1111,motiongen_sweep_00,1111,30.850741228718345,1,18.516999999999999,0,eligible
motiongen_1112,motiongen_sweep_00,1112,30.876741228718345,1,18.533000000000001,0,eligible
motiongen_1113,motiongen_sweep_00,1113,30.903741228718346,1,18.550000000000001,0,eligible
motiongen_1114,motiongen_sweep_00,1114,30.929741228718346,1,18.567,0,eligible
motiongen_1115,motiongen_sweep_00,1115,30.955741228718345,1,18.582999999999998,0,eligible
motiongen_1116,motiongen_sweep_00,1116,30.982741228718346,1,18.600000000000001,0,eligible
motiongen_1117,motiongen_sweep_00,1117,31.008741228718346,1,18.617000000000001,0,eligible
motiongen_1118,motiongen_sweep_00,1118,31.034741228718346,1,18.632999999999999,0,eligible
motiongen_1119,motiongen_sweep_00,1119,31.061741228718347,1,18.649999999999999,0,eligible
motiongen_1120,motiongen_sweep_00,1120,31.087741228718343,1,18.667000000000002,0,eligible
motiongen_1121,motiongen_sweep_00,1121,31.113741228718347,1,18.683,0,eligible
motiongen_1122,motiongen_sweep_00,1122,31.140741228718344,1,18.699999999999999,0,eligible
motiongen_1123,motiongen_sweep_00,1123,31.166741228718344,1,18.716999999999999,0,eligible
motiongen_1124,motiongen_sweep_00,1124,31.192741228718344,1,18.733000000000001,0,eligible
motiongen_1125,motiongen_sweep_00,1125,31.219741228718345,1,18.75,0,eligible
motiongen_1126,motiongen_sweep_00,1126,31.245741228718344,1,18.766999999999999,0,eligible
motiongen_1127,motiongen_sweep_00,1127,31.272741228718345,1,18.783000000000001,0,eligible
motiongen_1128,motiongen_sweep_00,1128,31.298741228718345,1,18.800000000000001,0,eligible
motiongen_1129,motiongen_sweep_00,1129,31.324741228718345,1,18.817,0,eligible
motiongen_1130,motiongen_sweep_00,1130,31.351741228718346,1,18.832999999999998,0,eligible
motiongen_1131,motiongen_sweep_00,1131,31.377741228718346,1,18.850000000000001,0,eligible
motiongen_1132,motiongen_sweep_00,1132,31.403741228718346,1,18.867000000000001,0,eligible
motiongen_1133,motiongen_sweep_00,1133,31.429926535897931,1,18.882999999999999,0,eligible
motiongen_1134,motiongen_sweep_00,1134,31.456926535897932,1,18.899999999999999,0,eligible
motiongen_1135,motiongen_sweep_00,1135,31.482926535897931,1,18.917000000000002,0,eligible
motiongen_1136,motiongen_sweep_00,1136,31.509926535897932,1,18.933,0,eligible
motiongen_1137,motiongen_sweep_00,1137,31.535926535897932,1,18.949999999999999,0,eligible
motiongen_1138,motiongen_sweep_00,1138,31.561926535897932,1,18.966999999999999,0,eligible
motiongen_1139,motiongen_sweep_00,1139,31.588926535897933,1,18.983000000000001,0,eligible
motiongen_1140,motiongen_sweep_00,1140,31.614926535897929,1,19,0,eligible
motiongen_1141,motiongen_sweep_00,1141,31.640926535897933,1,19.016999999999999,0,eligible
motiongen_1142,motiongen_sweep_00,1142,31.66792653589793,1,19.033000000000001,0,eligible
motiongen_1143,motiongen_sweep_00,1143,31.69392653589793,1,19.050000000000001,0,eligible
motiongen_1144,motiongen_sweep_00,1144,31.719926535897933,1,19.067,0,eligible
motiongen_1145,motiongen_sweep_00,1145,31.746926535897931,1,19.082999999999998,0,eligible
motiongen_1146,motiongen_sweep_00,1146,31.77292653589793,1,19.100000000000001,0,eligible
motiongen_1147,motiongen_sweep_00,1147,31.79892653589793,1,19.117000000000001,0,eligible
motiongen_1148,motiongen_sweep_00,1148,31.825926535897931,1,19.132999999999999,0,eligible
motiongen_1149,motiongen_sweep_00,1149,31.851926535897931,1,19.149999999999999,0,eligible
motiongen_1150,motiongen_sweep_00,1150,31.878926535897932,1,19.167000000000002,0,eligible
motiongen_1151,motiongen_sweep_00,1151,31.904926535897932,1,19.183,0,eligible
motiongen_1152,motiongen_sweep_00,1152,31.930926535897932,1,19.199999999999999,0,eligible
motiongen_1153,motiongen_sweep_00,1153,31.957926535897933,1,19.216999999999999,0,eligible
motiongen_1154,motiongen_sweep_00,1154,31.983926535897929,1,19.233000000000001,0,eligible
motiongen_1155,motiongen_sweep_00,1155,32.009926535897932,1,19.25,0,eligible
motiongen_1156,motiongen_sweep_00,1156,32.036926535897933,1,19.266999999999999,0,eligible
motiongen_1157,motiongen_sweep_00,1157,32.06292653589793,1,19.283000000000001,0,eligible
motiongen_1158,motiongen_sweep_00,1158,32.088926535897933,1,19.300000000000001,0,eligible
motiongen_1159,motiongen_sweep_00,1159,32.115926535897927,1,19.317,0,eligible
motiongen_1160,motiongen_sweep_00,1160,32.14192653589793,1,19.332999999999998,0,eligible
motiongen_1161,motiongen_sweep_00,1161,32.167926535897934,1,19.350000000000001,0,eligible
motiongen_1162,motiongen_sweep_00,1162,32.194926535897935,1,19.367000000000001,0,eligible
motiongen_1163,motiongen_sweep_00,1163,32.220926535897931,1,19.382999999999999,0,eligible
motiongen_1164,motiongen_sweep_00,1164,32.246926535897927,1,19.399999999999999,0,eligible
motiongen_1165,motiongen_sweep_00,1165,32.273926535897928,1,19.417000000000002,0,eligible
motiongen_1166,motiongen_sweep_00,1166,32.299926535897932,1,19.433,0,eligible
motiongen_1167,motiongen_sweep_00,1167,32.326926535897933,1,19.449999999999999,0,eligible
motiongen_1168,motiongen_sweep_00,1168,32.352926535897936,1,19.466999999999999,0,eligible
motiongen_1169,motiongen_sweep_00,1169,32.378926535897932,1,19.483000000000001,0,eligible
motiongen_1170,motiongen_sweep_00,1170,32.405926535897933,1,19.5,0,eligible
motiongen_1171,motiongen_sweep_00,1171,32.431926535897929,1,19.516999999999999,0,eligible
motiongen_1172,motiongen_sweep_00,1172,32.457926535897933,1,19.533000000000001,0,eligible
motiongen_1173,motiongen_sweep_00,1173,32.484926535897927,1,19.550000000000001,0,eligible
motiongen_1174,motiongen_sweep_00,1174,32.51092653589793,1,19.567,0,eligible
motiongen_1175,motiongen_sweep_00,1175,32.536926535897933,1,19.582999999999998,0,eligible
motiongen_1176,motiongen_sweep_00,1176,32.563926535897934,1,19.600000000000001,0,eligible
motiongen_1177,motiongen_sweep_00,1177,32.589926535897931,1,19.617000000000001,0,eligible
motiongen_1178,motiongen_sweep_00,1178,32.615926535897927,1,19.632999999999999,0,eligible
motiongen_1179,motiongen_sweep_00,1179,32.642926535897928,1,19.649999999999999,0,eligible
motiongen_1180,motiongen_sweep_00,1180,32.668926535897931,1,19.667000000000002,0,eligible
motiongen_1181,motiongen_sweep_00,1181,32.695926535897932,1,19.683,0,eligible
motiongen_1182,motiongen_sweep_00,1182,32.721926535897936,1,19.699999999999999,0,eligible
motiongen_1183,motiongen_sweep_00,1183,32.747926535897932,1,19.716999999999999,0,eligible
motiongen_1184,motiongen_sweep_00,1184,32.774926535897933,1,19.733000000000001,0,eligible
motiongen_1185,motiongen_sweep_00,1185,32.800926535897929,1,19.75,0,eligible
motiongen_1186,motiongen_sweep_00,1186,32.826926535897933,1,19.766999999999999,0,eligible
motiongen_1187,motiongen_sweep_00,1187,32.853926535897926,1,19.783000000000001,0,eligible
motiongen_1188,motiongen_sweep_00,1188,32.87992653589793,1,19.800000000000001,0,eligible
motiongen_1189,motiongen_sweep_00,1189,32.905926535897933,1,19.817,0,eligible
motiongen_1190,motiongen_sweep_00,1190,32.932926535897934,1,19.832999999999998,0,eligible
motiongen_1191,motiongen_sweep_00,1191,32.95892653589793,1,19.850000000000001,0,eligible
motiongen_1192,motiongen_sweep_00,1192,32.984926535897927,1,19.867000000000001,0,eligible
motiongen_1193,motiongen_sweep_00,1193,33.011926535897928,1,19.882999999999999,0,eligible
motiongen_1194,motiongen_sweep_00,1194,33.037926535897931,1,19.899999999999999,0,eligible
motiongen_1195,motiongen_sweep_00,1195,33.063926535897934,1,19.917000000000002,0,eligible
motiongen_1196,motiongen_sweep_00,1196,33.090926535897935,1,19.933,0,eligible
motiongen_1197,motiongen_sweep_00,1197,33.116926535897932,1,19.949999999999999,0,eligible
motiongen_1198,motiongen_sweep_00,1198,33.143926535897933,1,19.966999999999999,0,eligible
motiongen_1199,motiongen_sweep_00,1199,33.169926535897929,1,19.983000000000001,0,eligible
motiongen_1200,motiongen_sweep_00,1200,33.195926535897932,1,20,0,eligible
motiongen_1201,motiongen_sweep_00,1201,33.222926535897933,1,20.016999999999999,0,eligible
motiongen_1202,motiongen_sweep_00,1202,33.24892653589793,1,20.033000000000001,0,eligible
motiongen_1203,motiongen_sweep_00,1203,33.274926535897933,1,20.050000000000001,0,eligible
motiongen_1204,motiongen_sweep_00,1204,33.301926535897934,1,20.067,0,eligible
motiongen_1205,motiongen_sweep_00,1205,33.32792653589793,1,20.082999999999998,0,eligible
motiongen_1206,motiongen_sweep_00,1206,33.353926535897934,1,20.100000000000001,0,eligible
motiongen_1207,motiongen_sweep_00,1207,33.380926535897927,1,20.117000000000001,0,eligible
motiongen_1208,motiongen_sweep_00,1208,33.406926535897931,1,20.132999999999999,0,eligible
motiongen_1209,motiongen_sweep_00,1209,33.432926535897934,1,20.149999999999999,0,eligible
motiongen_1210,motiongen_sweep_00,1210,33.459926535897935,1,20.167000000000002,0,eligible
motiongen_1211,motiongen_sweep_00,1211,33.485926535897931,1,20.183,0,eligible
motiongen_1212,motiongen_sweep_00,1212,33.511926535897928,1,20.199999999999999,0,eligible
motiongen_1213,motiongen_sweep_00,1213,33.538926535897929,1,20.216999999999999,0,eligible
motiongen_1214,motiongen_sweep_00,1214,33.564926535897932,1,20.233000000000001,0,eligible
motiongen_1215,motiongen_sweep_00,1215,33.591926535897933,1,20.25,0,eligible
motiongen_1216,motiongen_sweep_00,1216,33.617926535897929,1,20.266999999999999,0,eligible
motiongen_1217,motiongen_sweep_00,1217,33.643926535897933,1,20.283000000000001,0,eligible
motiongen_1218,motiongen_sweep_00,1218,33.670926535897934,1,20.300000000000001,0,eligible
motiongen_1219,motiongen_sweep_00,1219,33.69692653589793,1,20.317,0,eligible
motiongen_1220,motiongen_sweep_00,1220,33.722926535897933,1,20.332999999999998,0,eligible
motiongen_1221,motiongen_sweep_00,1221,33.749926535897927,1,20.350000000000001,0,eligible
motiongen_1222,motiongen_sweep_00,1222,33.775926535897931,1,20.367000000000001,0,eligible
motiongen_1223,motiongen_sweep_00,1223,33.801926535897934,1,20.382999999999999,0,eligible
motiongen_1224,motiongen_sweep_00,1224,33.828926535897935,1,20.399999999999999,0,eligible
motiongen_1225,motiongen_sweep_00,1225,33.854926535897931,1,20.417000000000002,0,eligible
motiongen_1226,motiongen_sweep_00,1226,33.880926535897927,1,20.433,0,eligible
motiongen_1227,motiongen_sweep_00,1227,33.907926535897928,1,20.449999999999999,0,eligible
motiongen_1228,motiongen_sweep_00,1228,33.933926535897932,1,20.466999999999999,0,eligible
motiongen_1229,motiongen_sweep_00,1229,33.960926535897933,1,20.483000000000001,0,eligible
motiongen_1230,motiongen_sweep_00,1230,33.986926535897929,1,20.5,0,eligible
motiongen_1231,motiongen_sweep_00,1231,34.012926535897932,1,20.516999999999999,0,eligible
motiongen_1232,motiongen_sweep_00,1232,34.039926535897933,1,20.533000000000001,0,eligible
motiongen_1233,motiongen_sweep_00,1233,34.06592653589793,1,20.550000000000001,0,eligible
motiongen_1234,motiongen_sweep_00,1234,34.091926535897933,1,20.567,0,eligible
motiongen_1235,motiongen_sweep_00,1235,34.118926535897927,1,20.582999999999998,0,eligible
motiongen_1236,motiongen_sweep_00,1236,34.14492653589793,1,20.600000000000001,0,eligible
motiongen_1237,motiongen_sweep_00,1237,34.170926535897934,1,20.617000000000001,0,eligible
motiongen_1238,motiongen_sweep_00,1238,34.197926535897935,1,20.632999999999999,0,eligible
motiongen_1239,motiongen_sweep_00,1239,34.223926535897931,1,20.649999999999999,0,eligible
motiongen_1240,motiongen_sweep_00,1240,34.249926535897927,1,20.667000000000002,0,eligible
motiongen_1241,motiongen_sweep_00,1241,34.276926535897928,1,20.683,0,eligible
motiongen_1242,motiongen_sweep_00,1242,34.302926535897932,1,20.699999999999999,0,eligible
motiongen_1243,motiongen_sweep_00,1243,34.328926535897935,1,20.716999999999999,0,eligible
motiongen_1244,motiongen_sweep_00,1244,34.355926535897929,1,20.733000000000001,0,eligible
motiongen_1245,motiongen_sweep_00,1245,34.381926535897932,1,20.75,0,eligible
motiongen_1246,motiongen_sweep_00,1246,34.408926535897933,1,20.766999999999999,0,eligible
motiongen_1247,motiongen_sweep_00,1247,34.43492653589793,1,20.783000000000001,0,eligible
motiongen_1248,motiongen_sweep_00,1248,34.460926535897933,1,20.800000000000001,0,eligible
motiongen_1249,motiongen_sweep_00,1249,34.487926535897927,1,20.817,0,eligible
motiongen_1250,motiongen_sweep_00,1250,34.51392653589793,1,20.832999999999998,0,eligible
motiongen_1251,motiongen_sweep_00,1251,34.539926535897933,1,20.850000000000001,0,eligible
motiongen_1252,motiongen_sweep_00,1252,34.566926535897935,1,20.867000000000001,0,eligible
motiongen_1253,motiongen_sweep_00,1253,34.592926535897931,1,20.882999999999999,0,eligible
motiongen_1254,motiongen_sweep_00,1254,34.618926535897927,1,20.899999999999999,0,eligible
motiongen_1255,motiongen_sweep_00,1255,34.645926535897928,1,20.917000000000002,0,eligible
motiongen_1256,motiongen_sweep_00,1256,34.671926535897931,1,20.933,0,eligible
motiongen_1257,motiongen_sweep_00,1257,34.697926535897935,1,20.949999999999999,0,eligible
motiongen_1258,motiongen_sweep_00,1258,34.724926535897936,1,20.966999999999999,0,eligible
motiongen_1259,motiongen_sweep_00,1259,34.750926535897932,1,20.983000000000001,0,eligible
motiongen_1260,motiongen_sweep_00,1260,34.777926535897933,1,21,0,eligible
motiongen_1261,motiongen_sweep_00,1261,34.803926535897929,1,21.016999999999999,0,eligible
motiongen_1262,motiongen_sweep_00,1262,34.829926535897933,1,21.033000000000001,0,eligible
motiongen_1263,motiongen_sweep_00,1263,34.856926535897927,1,21.050000000000001,0,eligible
motiongen_1264,motiongen_sweep_00,1264,34.88292653589793,1,21.067,0,eligible
motiongen_1265,motiongen_sweep_00,1265,34.908926535897933,1,21.082999999999998,0,eligible
motiongen_1266,motiongen_sweep_00,1266,34.935926535897934,1,21.100000000000001,0,eligible
motiongen_1267,motiongen_sweep_00,1267,34.961926535897931,1,21.117000000000001,0,eligible
motiongen_1268,motiongen_sweep_00,1268,34.987926535897927,1,21.132999999999999,0,eligible
motiongen_1269,motiongen_sweep_00,1269,35.014926535897928,1,21.149999999999999,0,eligible
motiongen_1270,motiongen_sweep_00,1270,35.040926535897931,1,21.167000000000002,0,eligible
motiongen_1271,motiongen_sweep_00,1271,35.066926535897935,1,21.183,0,eligible
motiongen_1272,motiongen_sweep_00,1272,35.093926535897936,1,21.199999999999999,0,eligible
motiongen_1273,motiongen_sweep_00,1273,35.119926535897932,1,21.216999999999999,0,eligible
motiongen_1274,motiongen_sweep_00,1274,35.145926535897928,1,21.233000000000001,0,eligible
motiongen_1275,motiongen_sweep_00,1275,35.172926535897929,1,21.25,0,eligible
motiongen_1276,motiongen_sweep_00,1276,35.198926535897932,1,21.266999999999999,0,eligible
motiongen_1277,motiongen_sweep_00,1277,35.225926535897933,1,21.283000000000001,0,eligible
motiongen_1278,motiongen_sweep_00,1278,35.25192653589793,1,21.300000000000001,0,eligible
motiongen_1279,motiongen_sweep_00,1279,35.277926535897933,1,21.317,0,eligible
motiongen_1280,motiongen_sweep_00,1280,35.304926535897934,1,21.332999999999998,0,eligible
motiongen_1281,motiongen_sweep_00,1281,35.33092653589793,1,21.350000000000001,0,eligible
motiongen_1282,motiongen_sweep_00,1282,35.356926535897927,1,21.367000000000001,0,eligible
motiongen_1283,motiongen_sweep_00,1283,35.383926535897928,1,21.382999999999999,0,eligible
motiongen_1284,motiongen_sweep_00,1284,35.409926535897931,1,21.399999999999999,0,eligible
motiongen_1285,motiongen_sweep_00,1285,35.435926535897934,1,21.417000000000002,0,eligible
motiongen_1286,motiongen_sweep_00,1286,35.462926535897935,1,21.433,0,eligible
motiongen_1287,motiongen_sweep_00,1287,35.488926535897932,1,21.449999999999999,0,eligible
motiongen_1288,motiongen_sweep_00,1288,35.514926535897928,1,21.466999999999999,0,eligible
motiongen_1289,motiongen_sweep_00,1289,35.541926535897929,1,21.483000000000001,0,eligible
motiongen_1290,motiongen_sweep_00,1290,35.567926535897932,1,21.5,0,eligible
motiongen_1291,motiongen_sweep_00,1291,35.593926535897936,1,21.516999999999999,0,eligible
motiongen_1292,motiongen_sweep_00,1292,35.620926535897929,1,21.533000000000001,0,eligible
motiongen_1293,motiongen_sweep_00,1293,35.646926535897933,1,21.550000000000001,0,eligible
motiongen_1294,motiongen_sweep_00,1294,35.673926535897934,1,21.567,0,eligible
motiongen_1295,motiongen_sweep_00,1295,35.69992653589793,1,21.582999999999998,0,eligible
motiongen_1296,motiongen_sweep_00,1296,35.725926535897926,1,21.600000000000001,0,eligible
motiongen_1297,motiongen_sweep_00,1297,35.752926535897927,1,21.617000000000001,0,eligible
motiongen_1298,motiongen_sweep_00,1298,35.778926535897931,1,21.632999999999999,0,eligible
motiongen_1299,motiongen_sweep_00,1299,35.804926535897934,1,21.649999999999999,0,eligible
motiongen_1300,motiongen_sweep_00,1300,35.831926535897935,1,21.667000000000002,0,eligible
motiongen_1301,motiongen_sweep_00,1301,35.857926535897931,1,21.683,0,eligible
motiongen_1302,motiongen_sweep_00,1302,35.883926535897928,1,21.699999999999999,0,eligible
motiongen_1303,motiongen_sweep_00,1303,35.910926535897929,1,21.716999999999999,0,eligible
motiongen_1304,motiongen_sweep_00,1304,35.936926535897932,1,21.733000000000001,0,eligible
motiongen_1305,motiongen_sweep_00,1305,35.962926535897935,1,21.75,0,eligible
motiongen_1306,motiongen_sweep_00,1306,35.989926535897929,1,21.766999999999999,0,eligible
motiongen_1307,motiongen_sweep_00,1307,36.015926535897933,1,21.783000000000001,0,eligible
motiongen_1308,motiongen_sweep_00,1308,36.042926535897934,1,21.800000000000001,0,eligible
motiongen_1309,motiongen_sweep_00,1309,36.06892653589793,1,21.817,0,eligible
motiongen_1310,motiongen_sweep_00,1310,36.094926535897933,1,21.832999999999998,0,eligible
motiongen_1311,motiongen_sweep_00,1311,36.121926535897927,1,21.850000000000001,0,eligible
motiongen_1312,motiongen_sweep_00,1312,36.14792653589793,1,21.867000000000001,0,eligible
motiongen_1313,motiongen_sweep_00,1313,36.173926535897934,1,21.882999999999999,0,eligible
motiongen_1314,motiongen_sweep_00,1314,36.200926535897935,1,21.899999999999999,0,eligible
motiongen_1315,motiongen_sweep_00,1315,36.226926535897931,1,21.917000000000002,0,eligible
motiongen_1316,motiongen_sweep_00,1316,36.252926535897927,1,21.933,0,eligible
motiongen_1317,motiongen_sweep_00,1317,36.279926535897928,1,21.949999999999999,0,eligible
motiongen_1318,motiongen_sweep_00,1318,36.305926535897932,1,21.966999999999999,0,eligible
motiongen_1319,motiongen_sweep_00,1319,36.331926535897935,1,21.983000000000001,0,eligible
motiongen_1320,motiongen_sweep_00,1320,36.358926535897929,1,22,0,eligible
motiongen_1321,motiongen_sweep_00,1321,36.384926535897932,1,22.016999999999999,0,eligible
motiongen_1322,motiongen_sweep_00,1322,36.410926535897929,1,22.033000000000001,0,eligible
motiongen_1323,motiongen_sweep_00,1323,36.43792653589793,1,22.050000000000001,0,eligible
motiongen_1324,motiongen_sweep_00,1324,36.463926535897933,1,22.067,0,eligible
motiongen_1325,motiongen_sweep_00,1325,36.490926535897927,1,22.082999999999998,0,eligible
motiongen_1326,motiongen_sweep_00,1326,36.51692653589793,1,22.100000000000001,0,eligible
motiongen_1327,motiongen_sweep_00,1327,36.542926535897934,1,22.117000000000001,0,eligible
motiongen_1328,motiongen_sweep_00,1328,36.569926535897935,1,22.132999999999999,0,eligible
motiongen_1329,motiongen_sweep_00,1329,36.595926535897931,1,22.149999999999999,0,eligible
motiongen_1330,motiongen_sweep_00,1330,36.621926535897927,1,22.167000000000002,0,eligible
motiongen_1331,motiongen_sweep_00,1331,36.648926535897928,1,22.183,0,eligible
motiongen_1332,motiongen_sweep_00,1332,36.674926535897932,1,22.199999999999999,0,eligible
motiongen_1333,motiongen_sweep_00,1333,36.700926535897935,1,22.216999999999999,0,eligible
motiongen_1334,motiongen_sweep_00,1334,36.727926535897936,1,22.233000000000001,0,eligible
motiongen_1335,motiongen_sweep_00,1335,36.753926535897932,1,22.25,0,eligible
motiongen_1336,motiongen_sweep_00,1336,36.779926535897928,1,22.266999999999999,0,eligible
motiongen_1337,motiongen_sweep_00,1337,36.806926535897929,1,22.283000000000001,0,eligible
motiongen_1338,motiongen_sweep_00,1338,36.832926535897933,1,22.300000000000001,0,eligible
motiongen_1339,motiongen_sweep_00,1339,36.859926535897927,1,22.317,0,eligible
motiongen_1340,motiongen_sweep_00,1340,36.88592653589793,1,22.332999999999998,0,eligible
motiongen_1341,motiongen_sweep_00,1341,36.911926535897933,1,22.350000000000001,0,eligible
motiongen_1342,motiongen_sweep_00,1342,36.938926535897934,1,22.367000000000001,0,eligible
motiongen_1343,motiongen_sweep_00,1343,36.964926535897931,1,22.382999999999999,0,eligible
motiongen_1344,motiongen_sweep_00,1344,36.990926535897927,1,22.399999999999999,0,eligible
motiongen_1345,motiongen_sweep_00,1345,37.017926535897928,1,22.417000000000002,0,eligible
motiongen_1346,motiongen_sweep_00,1346,37.043926535897931,1,22.433,0,eligible
motiongen_1347,motiongen_sweep_00,1347,37.069926535897935,1,22.449999999999999,0,eligible
motiongen_1348,motiongen_sweep_00,1348,37.096926535897936,1,22.466999999999999,0,eligible
motiongen_1349,motiongen_sweep_00,1349,37.122926535897932,1,22.483000000000001,0,eligible
motiongen_1350,motiongen_sweep_00,1350,37.148926535897928,1,22.5,0,eligible
motiongen_1351,motiongen_sweep_00,1351,37.175926535897929,1,22.516999999999999,0,eligible
motiongen_1352,motiongen_sweep_00,1352,37.201926535897933,1,22.533000000000001,0,eligible
motiongen_1353,motiongen_sweep_00,1353,37.227926535897936,1,22.550000000000001,0,eligible
motiongen_1354,motiongen_sweep_00,1354,37.25492653589793,1,22.567,0,eligible
motiongen_1355,motiongen_sweep_00,1355,37.280926535897933,1,22.582999999999998,0,eligible
motiongen_1356,motiongen_sweep_00,1356,37.307926535897934,1,22.600000000000001,0,eligible
motiongen_1357,motiongen_sweep_00,1357,37.33392653589793,1,22.617000000000001,0,eligible
motiongen_1358,motiongen_sweep_00,1358,37.359926535897927,1,22.632999999999999,0,eligible
motiongen_1359,motiongen_sweep_00,1359,37.386926535897928,1,22.649999999999999,0,eligible
motiongen_1360,motiongen_sweep_00,1360,37.412926535897931,1,22.667000000000002,0,eligible
motiongen_1361,motiongen_sweep_00,1361,37.438926535897934,1,22.683,0,eligible
motiongen_1362,motiongen_sweep_00,1362,37.465926535897935,1,22.699999999999999,0,eligible
motiongen_1363,motiongen_sweep_00,1363,37.491926535897932,1,22.716999999999999,0,eligible
motiongen_1364,motiongen_sweep_00,1364,37.517926535897928,1,22.733000000000001,0,eligible
motiongen_1365,motiongen_sweep_00,1365,37.544926535897929,1,22.75,0,eligible
motiongen_1366,motiongen_sweep_00,1366,37.570926535897932,1,22.766999999999999,0,eligible
motiongen_1367,motiongen_sweep_00,1367,37.596926535897936,1,22.783000000000001,0,eligible
motiongen_1368,motiongen_sweep_00,1368,37.62392653589793,1,22.800000000000001,0,eligible
motiongen_1369,motiongen_sweep_00,1369,37.649926535897933,1,22.817,0,eligible
motiongen_1370,motiongen_sweep_00,1370,37.675926535897929,1,22.832999999999998,0,eligible
motiongen_1371,motiongen_sweep_00,1371,37.703111843077515,1,22.850000000000001,0,eligible
motiongen_1372,motiongen_sweep_00,1372,37.729111843077519,1,22.867000000000001,0,eligible
motiongen_1373,motiongen_sweep_00,1373,37.755111843077515,1,22.882999999999999,0,eligible
motiongen_1374,motiongen_sweep_00,1374,37.782111843077516,1,22.899999999999999,0,eligible
motiongen_1375,motiongen_sweep_00,1375,37.808111843077519,1,22.917000000000002,0,eligible
motiongen_1376,motiongen_sweep_00,1376,37.834111843077515,1,22.933,0,eligible
motiongen_1377,motiongen_sweep_00,1377,37.861111843077516,1,22.949999999999999,0,eligible
motiongen_1378,motiongen_sweep_00,1378,37.88711184307752,1,22.966999999999999,0,eligible
motiongen_1379,motiongen_sweep_00,1379,37.914111843077521,1,22.983000000000001,0,eligible
motiongen_1380,motiongen_sweep_00,1380,37.940111843077517,1,23,0,eligible
motiongen_1381,motiongen_sweep_00,1381,37.966111843077513,1,23.016999999999999,0,eligible
motiongen_1382,motiongen_sweep_00,1382,37.993111843077514,1,23.033000000000001,0,eligible
motiongen_1383,motiongen_sweep_00,1383,38.019111843077518,1,23.050000000000001,0,eligible
motiongen_1384,motiongen_sweep_00,1384,38.045111843077521,1,23.067,0,eligible
motiongen_1385,motiongen_sweep_00,1385,38.072111843077522,1,23.082999999999998,0,eligible
motiongen_1386,motiongen_sweep_00,1386,38.098111843077518,1,23.100000000000001,0,eligible
motiongen_1387,motiongen_sweep_00,1387,38.124111843077515,1,23.117000000000001,0,eligible
motiongen_1388,motiongen_sweep_00,1388,38.151111843077516,1,23.132999999999999,0,eligible
motiongen_1389,motiongen_sweep_00,1389,38.177111843077519,1,23.149999999999999,0,eligible
motiongen_1390,motiongen_sweep_00,1390,38.203111843077515,1,23.167000000000002,0,eligible
motiongen_1391,motiongen_sweep_00,1391,38.230111843077516,1,23.183,0,eligible
motiongen_1392,motiongen_sweep_00,1392,38.25611184307752,1,23.199999999999999,0,eligible
motiongen_1393,motiongen_sweep_00,1393,38.282111843077516,1,23.216999999999999,0,eligible
motiongen_1394,motiongen_sweep_00,1394,38.309111843077517,1,23.233000000000001,0,eligible
motiongen_1395,motiongen_sweep_00,1395,38.33511184307752,1,23.25,0,eligible
motiongen_1396,motiongen_sweep_00,1396,38.362111843077521,1,23.266999999999999,0,eligible
motiongen_1397,motiongen_sweep_00,1397,38.388111843077517,1,23.283000000000001,0,eligible
motiongen_1398,motiongen_sweep_00,1398,38.414111843077514,1,23.300000000000001,0,eligible
motiongen_1399,motiongen_sweep_00,1399,38.441111843077515,1,23.317,0,eligible
motiongen_1400,motiongen_sweep_00,1400,38.467111843077518,1,23.332999999999998,0,eligible
motiongen_1401,motiongen_sweep_00,1401,38.493111843077521,1,23.350000000000001,0,eligible
motiongen_1402,motiongen_sweep_00,1402,38.520111843077515,1,23.367000000000001,0,eligible
motiongen_1403,motiongen_sweep_00,1403,38.546111843077519,1,23.382999999999999,0,eligible
motiongen_1404,motiongen_sweep_00,1404,38.572111843077515,1,23.399999999999999,0,eligible
motiongen_1405,motiongen_sweep_00,1405,38.599111843077516,1,23.417000000000002,0,eligible
motiongen_1406,motiongen_sweep_00,1406,38.625111843077519,1,23.433,0,eligible
motiongen_1407,motiongen_sweep_00,1407,38.651111843077516,1,23.449999999999999,0,eligible
motiongen_1408,motiongen_sweep_00,1408,38.678111843077517,1,23.466999999999999,0,eligible
motiongen_1409,motiongen_sweep_00,1409,38.70411184307752,1,23.483000000000001,0,eligible
motiongen_1410,motiongen_sweep_00,1410,38.730111843077516,1,23.5,0,eligible
motiongen_1411,motiongen_sweep_00,1411,38.757111843077517,1,23.516999999999999,0,eligible
motiongen_1412,motiongen_sweep_00,1412,38.783111843077513,1,23.533000000000001,0,eligible
motiongen_1413,motiongen_sweep_00,1413,38.810111843077514,1,23.550000000000001,0,eligible
motiongen_1414,motiongen_sweep_00,1414,38.836111843077518,1,23.567,0,eligible
motiongen_1415,motiongen_sweep_00,1415,38.862111843077521,1,23.582999999999998,0,eligible
motiongen_1416,motiongen_sweep_00,1416,38.889111843077515,1,23.600000000000001,0,eligible
motiongen_1417,motiongen_sweep_00,1417,38.915111843077518,1,23.617000000000001,0,eligible
motiongen_1418,motiongen_sweep_00,1418,38.941111843077515,1,23.632999999999999,0,eligible
motiongen_1419,motiongen_sweep_00,1419,38.968111843077516,1,23.649999999999999,0,eligible
motiongen_1420,motiongen_sweep_00,1420,38.994111843077519,1,23.667000000000002,0,eligible
motiongen_1421,motiongen_sweep_00,1421,39.020111843077515,1,23.683,0,eligible
motiongen_1422,motiongen_sweep_00,1422,39.047111843077516,1,23.699999999999999,0,eligible
motiongen_1423,motiongen_sweep_00,1423,39.07311184307752,1,23.716999999999999,0,eligible
motiongen_1424,motiongen_sweep_00,1424,39.099111843077516,1,23.733000000000001,0,eligible
motiongen_1425,motiongen_sweep_00,1425,39.126111843077517,1,23.75,0,eligible
motiongen_1426,motiongen_sweep_00,1426,39.152111843077513,1,23.766999999999999,0,eligible
motiongen_1427,motiongen_sweep_00,1427,39.179111843077514,1,23.783000000000001,0,eligible
motiongen_1428,motiongen_sweep_00,1428,39.205111843077518,1,23.800000000000001,0,eligible
motiongen_1429,motiongen_sweep_00,1429,39.231111843077521,1,23.817,0,eligible
motiongen_1430,motiongen_sweep_00,1430,39.258111843077522,1,23.832999999999998,0,eligible
motiongen_1431,motiongen_sweep_00,1431,39.284111843077518,1,23.850000000000001,0,eligible
motiongen_1432,motiongen_sweep_00,1432,39.310111843077514,1,23.867000000000001,0,eligible
motiongen_1433,motiongen_sweep_00,1433,39.337111843077516,1,23.882999999999999,0,eligible
motiongen_1434,motiongen_sweep_00,1434,39.363111843077519,1,23.899999999999999,0,eligible
motiongen_1435,motiongen_sweep_00,1435,39.389111843077515,1,23.917000000000002,0,eligible
motiongen_1436,motiongen_sweep_00,1436,39.416111843077516,1,23.933,0,eligible
motiongen_1437,motiongen_sweep_00,1437,39.442111843077519,1,23.949999999999999,0,eligible
motiongen_1438,motiongen_sweep_00,1438,39.468111843077516,1,23.966999999999999,0,eligible
motiongen_1439,motiongen_sweep_00,1439,39.495111843077517,1,23.983000000000001,0,eligible
motiongen_1440,motiongen_sweep_00,1440,39.521111843077513,1,24,0,eligible
motiongen_1441,motiongen_sweep_00,1441,39.547111843077516,1,24.016999999999999,0,eligible
motiongen_1442,motiongen_sweep_00,1442,39.574111843077517,1,24.033000000000001,0,eligible
motiongen_1443,motiongen_sweep_00,1443,39.600111843077521,1,24.050000000000001,0,eligible
motiongen_1444,motiongen_sweep_00,1444,39.627111843077522,1,24.067,0,eligible
motiongen_1445,motiongen_sweep_00,1445,39.653111843077518,1,24.082999999999998,0,eligible
motiongen_1446,motiongen_sweep_00,1446,39.679111843077514,1,24.100000000000001,0,eligible
motiongen_1447,motiongen_sweep_00,1447,39.706111843077515,1,24.117000000000001,0,eligible
motiongen_1448,motiongen_sweep_00,1448,39.732111843077519,1,24.132999999999999,0,eligible
motiongen_1449,motiongen_sweep_00,1449,39.758111843077522,1,24.149999999999999,0,eligible
motiongen_1450,motiongen_sweep_00,1450,39.785111843077516,1,24.167000000000002,0,eligible
motiongen_1451,motiongen_sweep_00,1451,39.811111843077519,1,24.183,0,eligible
motiongen_1452,motiongen_sweep_00,1452,39.837111843077516,1,24.199999999999999,0,eligible
motiongen_1453,motiongen_sweep_00,1453,39.864111843077517,1,24.216999999999999,0,eligible
motiongen_1454,motiongen_sweep_00,1454,39.890111843077513,1,24.233000000000001,0,eligible
motiongen_1455,motiongen_sweep_00,1455,39.916111843077516,1,24.25,0,eligible
motiongen_1456,motiongen_sweep_00,1456,39.943111843077517,1,24.266999999999999,0,eligible
motiongen_1457,motiongen_sweep_00,1457,39.969111843077521,1,24.283000000000001,0,eligible
motiongen_1458,motiongen_sweep_00,1458,39.996111843077522,1,24.300000000000001,0,eligible
motiongen_1459,motiongen_sweep_00,1459,40.022111843077518,1,24.317,0,eligible
motiongen_1460,motiongen_sweep_00,1460,40.048111843077514,1,24.332999999999998,0,eligible
motiongen_1461,motiongen_sweep_00,1461,40.075111843077515,1,24.350000000000001,0,eligible
motiongen_1462,motiongen_sweep_00,1462,40.101111843077518,1,24.367000000000001,0,eligible
motiongen_1463,motiongen_sweep_00,1463,40.127111843077522,1,24.382999999999999,0,eligible
motiongen_1464,motiongen_sweep_00,1464,40.154111843077516,1,24.399999999999999,0,eligible
motiongen_1465,motiongen_sweep_00,1465,40.180111843077519,1,24.417000000000002,0,eligible
motiongen_1466,motiongen_sweep_00,1466,40.206111843077515,1,24.433,0,eligible
motiongen_1467,motiongen_sweep_00,1467,40.233111843077516,1,24.449999999999999,0,eligible
motiongen_1468,motiongen_sweep_00,1468,40.25911184307752,1,24.466999999999999,0,eligible
motiongen_1469,motiongen_sweep_00,1469,40.285111843077516,1,24.483000000000001,0,eligible
motiongen_1470,motiongen_sweep_00,1470,40.312111843077517,1,24.5,0,eligible
motiongen_1471,motiongen_sweep_00,1471,40.33811184307752,1,24.516999999999999,0,eligible
motiongen_1472,motiongen_sweep_00,1472,40.364111843077517,1,24.533000000000001,0,eligible
motiongen_1473,motiongen_sweep_00,1473,40.391111843077518,1,24.550000000000001,0,eligible
motiongen_1474,motiongen_sweep_00,1474,40.417111843077514,1,24.567,0,eligible
motiongen_1475,motiongen_sweep_00,1475,40.444111843077515,1,24.582999999999998,0,eligible
motiongen_1476,motiongen_sweep_00,1476,40.470111843077518,1,24.600000000000001,0,eligible
motiongen_1477,motiongen_sweep_00,1477,40.496111843077522,1,24.617000000000001,0,eligible
motiongen_1478,motiongen_sweep_00,1478,40.523111843077515,1,24.632999999999999,0,eligible
motiongen_1479,motiongen_sweep_00,1479,40.549111843077519,1,24.649999999999999,0,eligible
motiongen_1480,motiongen_sweep_00,1480,40.575111843077515,1,24.667000000000002,0,eligible
motiongen_1481,motiongen_sweep_00,1481,40.602111843077516,1,24.683,0,eligible
motiongen_1482,motiongen_sweep_00,1482,40.628111843077519,1,24.699999999999999,0,eligible
motiongen_1483,motiongen_sweep_00,1483,40.654111843077516,1,24.716999999999999,0,eligible
motiongen_1484,motiongen_sweep_00,1484,40.681111843077517,1,24.733000000000001,0,eligible
motiongen_1485,motiongen_sweep_00,1485,40.70711184307752,1,24.75,0,eligible
motiongen_1486,motiongen_sweep_00,1486,40.733111843077516,1,24.766999999999999,0,eligible
motiongen_1487,motiongen_sweep_00,1487,40.760111843077517,1,24.783000000000001,0,eligible
motiongen_1488,motiongen_sweep_00,1488,40.786111843077514,1,24.800000000000001,0,eligible
motiongen_1489,motiongen_sweep_00,1489,40.812111843077517,1,24.817,0,eligible
motiongen_1490,motiongen_sweep_00,1490,40.839111843077518,1,24.832999999999998,0,eligible
motiongen_1491,motiongen_sweep_00,1491,40.865111843077521,1,24.850000000000001,0,eligible
motiongen_1492,motiongen_sweep_00,1492,40.892111843077515,1,24.867000000000001,0,eligible
motiongen_1493,motiongen_sweep_00,1493,40.918111843077519,1,24.882999999999999,0,eligible
motiongen_1494,motiongen_sweep_00,1494,40.944111843077515,1,24.899999999999999,0,eligible
motiongen_1495,motiongen_sweep_00,1495,40.971111843077516,1,24.917000000000002,0,eligible
motiongen_1496,motiongen_sweep_00,1496,40.997111843077519,1,24.933,0,eligible
motiongen_1497,motiongen_sweep_00,1497,41.023111843077515,1,24.949999999999999,0,eligible
motiongen_1498,motiongen_sweep_00,1498,41.050111843077516,1,24.966999999999999,0,eligible
motiongen_1499,motiongen_sweep_00,1499,41.07611184307752,1,24.983000000000001,0,eligible
motiongen_1500,motiongen_sweep_00,1500,41.102111843077516,1,25,0,eligible
motiongen_1501,motiongen_sweep_00,1501,41.129111843077517,1,25.016999999999999,0,eligible
motiongen_1502,motiongen_sweep_00,1502,41.155111843077513,1,25.033000000000001,0,eligible
motiongen_1503,motiongen_sweep_00,1503,41.181111843077517,1,25.050000000000001,0,eligible
motiongen_1504,motiongen_sweep_00,1504,41.208111843077518,1,25.067,0,eligible
motiongen_1505,motiongen_sweep_00,1505,41.234111843077521,1,25.082999999999998,0,eligible
motiongen_1506,motiongen_sweep_00,1506,41.261111843077515,1,25.100000000000001,0,eligible
motiongen_1507,motiongen_sweep_00,1507,41.287111843077518,1,25.117000000000001,0,eligible
motiongen_1508,motiongen_sweep_00,1508,41.313111843077515,1,25.132999999999999,0,eligible
motiongen_1509,motiongen_sweep_00,1509,41.340111843077516,1,25.149999999999999,0,eligible
motiongen_1510,motiongen_sweep_00,1510,41.366111843077519,1,25.167000000000002,0,eligible
motiongen_1511,motiongen_sweep_00,1511,41.392111843077515,1,25.183,0,eligible
motiongen_1512,motiongen_sweep_00,1512,41.419111843077516,1,25.199999999999999,0,eligible
motiongen_1513,motiongen_sweep_00,1513,41.44511184307752,1,25.216999999999999,0,eligible
motiongen_1514,motiongen_sweep_00,1514,41.471111843077516,1,25.233000000000001,0,eligible
motiongen_1515,motiongen_sweep_00,1515,41.498111843077517,1,25.25,0,eligible
motiongen_1516,motiongen_sweep_00,1516,41.524111843077513,1,25.266999999999999,0,eligible
motiongen_1517,motiongen_sweep_00,1517,41.550111843077516,1,25.283000000000001,0,eligible
motiongen_1518,motiongen_sweep_00,1518,41.577111843077518,1,25.300000000000001,0,eligible
motiongen_1519,motiongen_sweep_00,1519,41.603111843077521,1,25.317,0,eligible
motiongen_1520,motiongen_sweep_00,1520,41.629111843077517,1,25.332999999999998,0,eligible
motiongen_1521,motiongen_sweep_00,1521,41.656111843077518,1,25.350000000000001,0,eligible
motiongen_1522,motiongen_sweep_00,1522,41.682111843077514,1,25.367000000000001,0,eligible
motiongen_1523,motiongen_sweep_00,1523,41.709111843077515,1,25.382999999999999,0,eligible
motiongen_1524,motiongen_sweep_00,1524,41.735111843077519,1,25.399999999999999,0,eligible
motiongen_1525,motiongen_sweep_00,1525,41.761111843077522,1,25.417000000000002,0,eligible
motiongen_1526,motiongen_sweep_00,1526,41.788111843077516,1,25.433,0,eligible
motiongen_1527,motiongen_sweep_00,1527,41.814111843077519,1,25.449999999999999,0,eligible
motiongen_1528,motiongen_sweep_00,1528,41.840111843077516,1,25.466999999999999,0,eligible
motiongen_1529,motiongen_sweep_00,1529,41.867111843077517,1,25.483000000000001,0,eligible
motiongen_1530,motiongen_sweep_00,1530,41.893111843077513,1,25.5,0,eligible
motiongen_1531,motiongen_sweep_00,1531,41.919111843077516,1,25.516999999999999,0,eligible
motiongen_1532,motiongen_sweep_00,1532,41.946111843077517,1,25.533000000000001,0,eligible
motiongen_1533,motiongen_sweep_00,1533,41.972111843077521,1,25.550000000000001,0,eligible
motiongen_1534,motiongen_sweep_00,1534,41.998111843077517,1,25.567,0,eligible
motiongen_1535,motiongen_sweep_00,1535,42.025111843077518,1,25.582999999999998,0,eligible
motiongen_1536,motiongen_sweep_00,1536,42.051111843077514,1,25.600000000000001,0,eligible
motiongen_1537,motiongen_sweep_00,1537,42.078111843077515,1,25.617000000000001,0,eligible
motiongen_1538,motiongen_sweep_00,1538,42.104111843077519,1,25.632999999999999,0,eligible
motiongen_1539,motiongen_sweep_00,1539,42.130111843077522,1,25.649999999999999,0,eligible
motiongen_1540,motiongen_sweep_00,1540,42.157111843077516,1,25.667000000000002,0,eligible
motiongen_1541,motiongen_sweep_00,1541,42.183111843077519,1,25.683,0,eligible
motiongen_1542,motiongen_sweep_00,1542,42.209111843077515,1,25.699999999999999,0,eligible
motiongen_1543,motiongen_sweep_00,1543,42.236111843077516,1,25.716999999999999,0,eligible
motiongen_1544,motiongen_sweep_00,1544,42.262111843077513,1,25.733000000000001,0,eligible
motiongen_1545,motiongen_sweep_00,1545,42.288111843077516,1,25.75,0,eligible
motiongen_1546,motiongen_sweep_00,1546,42.315111843077517,1,25.766999999999999,0,eligible
motiongen_1547,motiongen_sweep_00,1547,42.34111184307752,1,25.783000000000001,0,eligible
motiongen_1548,motiongen_sweep_00,1548,42.367111843077517,1,25.800000000000001,0,eligible
motiongen_1549,motiongen_sweep_00,1549,42.394111843077518,1,25.817,0,eligible
motiongen_1550,motiongen_sweep_00,1550,42.420111843077514,1,25.832999999999998,0,eligible
motiongen_1551,motiongen_sweep_00,1551,42.446111843077517,1,25.850000000000001,0,eligible
motiongen_1552,motiongen_sweep_00,1552,42.473111843077518,1,25.867000000000001,0,eligible
motiongen_1553,motiongen_sweep_00,1553,42.499111843077522,1,25.882999999999999,0,eligible
motiongen_1554,motiongen_sweep_00,1554,42.526111843077516,1,25.899999999999999,0,eligible
motiongen_1555,motiongen_sweep_00,1555,42.552111843077519,1,25.917000000000002,0,eligible
motiongen_1556,motiongen_sweep_00,1556,42.578111843077515,1,25.933,0,eligible
motiongen_1557,motiongen_sweep_00,1557,42.605111843077516,1,25.949999999999999,0,eligible
motiongen_1558,motiongen_sweep_00,1558,42.63111184307752,1,25.966999999999999,0,eligible
motiongen_1559,motiongen_sweep_00,1559,42.657111843077516,1,25.983000000000001,0,eligible
motiongen_1560,motiongen_sweep_00,1560,42.684111843077517,1,26,0,eligible
motiongen_1561,motiongen_sweep_00,1561,42.71011184307752,1,26.016999999999999,0,eligible
motiongen_1562,motiongen_sweep_00,1562,42.736111843077516,1,26.033000000000001,0,eligible
motiongen_1563,motiongen_sweep_00,1563,42.763111843077517,1,26.050000000000001,0,eligible
motiongen_1564,motiongen_sweep_00,1564,42.789111843077514,1,26.067,0,eligible
motiongen_1565,motiongen_sweep_00,1565,42.815111843077517,1,26.082999999999998,0,eligible
motiongen_1566,motiongen_sweep_00,1566,42.842111843077518,1,26.100000000000001,0,eligible
motiongen_1567,motiongen_sweep_00,1567,42.868111843077521,1,26.117000000000001,0,eligible
motiongen_1568,motiongen_sweep_00,1568,42.894111843077518,1,26.132999999999999,0,eligible
motiongen_1569,motiongen_sweep_00,1569,42.921111843077519,1,26.149999999999999,0,eligible
motiongen_1570,motiongen_sweep_00,1570,42.947111843077515,1,26.167000000000002,0,eligible
motiongen_1571,motiongen_sweep_00,1571,42.974111843077516,1,26.183,0,eligible
motiongen_1572,motiongen_sweep_00,1572,43.000111843077519,1,26.199999999999999,0,eligible
motiongen_1573,motiongen_sweep_00,1573,43.026111843077516,1,26.216999999999999,0,eligible
motiongen_1574,motiongen_sweep_00,1574,43.053111843077517,1,26.233000000000001,0,eligible
motiongen_1575,motiongen_sweep_00,1575,43.07911184307752,1,26.25,0,eligible
motiongen_1576,motiongen_sweep_00,1576,43.105111843077516,1,26.266999999999999,0,eligible
motiongen_1577,motiongen_sweep_00,1577,43.132111843077517,1,26.283000000000001,0,eligible
motiongen_1578,motiongen_sweep_00,1578,43.158111843077513,1,26.300000000000001,0,eligible
motiongen_1579,motiongen_sweep_00,1579,43.184111843077517,1,26.317,0,eligible
motiongen_1580,motiongen_sweep_00,1580,43.211111843077518,1,26.332999999999998,0,eligible
motiongen_1581,motiongen_sweep_00,1581,43.237111843077521,1,26.350000000000001,0,eligible
motiongen_1582,motiongen_sweep_00,1582,43.263111843077517,1,26.367000000000001,0,eligible
motiongen_1583,motiongen_sweep_00,1583,43.290111843077518,1,26.382999999999999,0,eligible
motiongen_1584,motiongen_sweep_00,1584,43.316111843077515,1,26.399999999999999,0,eligible
motiongen_1585,motiongen_sweep_00,1585,43.343111843077516,1,26.417000000000002,0,eligible
motiongen_1586,motiongen_sweep_00,1586,43.369111843077519,1,26.433,0,eligible
motiongen_1587,motiongen_sweep_00,1587,43.395111843077515,1,26.449999999999999,0,eligible
motiongen_1588,motiongen_sweep_00,1588,43.422111843077516,1,26.466999999999999,0,eligible
motiongen_1589,motiongen_sweep_00,1589,43.44811184307752,1,26.483000000000001,0,eligible
motiongen_1590,motiongen_sweep_00,1590,43.474111843077516,1,26.5,0,eligible
motiongen_1591,motiongen_sweep_00,1591,43.501111843077517,1,26.516999999999999,0,eligible
motiongen_1592,motiongen_sweep_00,1592,43.527111843077513,1,26.533000000000001,0,eligible
motiongen_1593,motiongen_sweep_00,1593,43.553111843077517,1,26.550000000000001,0,eligible
motiongen_1594,motiongen_sweep_00,1594,43.580111843077518,1,26.567,0,eligible
motiongen_1595,motiongen_sweep_00,1595,43.606111843077521,1,26.582999999999998,0,eligible
motiongen_1596,motiongen_sweep_00,1596,43.632111843077517,1,26.600000000000001,0,eligible
motiongen_1597,motiongen_sweep_00,1597,43.659111843077518,1,26.617000000000001,0,eligible
motiongen_1598,motiongen_sweep_00,1598,43.685111843077514,1,26.632999999999999,0,eligible
motiongen_1599,motiongen_sweep_00,1599,43.711111843077518,1,26.649999999999999,0,eligible
motiongen_1600,motiongen_sweep_00,1600,43.738111843077519,1,26.667000000000002,0,eligible
motiongen_1601,motiongen_sweep_00,1601,43.764111843077522,1,26.683,0,eligible
motiongen_1602,motiongen_sweep_00,1602,43.791111843077516,1,26.699999999999999,0,eligible
motiongen_1603,motiongen_sweep_00,1603,43.817111843077519,1,26.716999999999999,0,eligible
motiongen_1604,motiongen_sweep_00,1604,43.843111843077516,1,26.733000000000001,0,eligible
motiongen_1605,motiongen_sweep_00,1605,43.870111843077517,1,26.75,0,eligible
motiongen_1606,motiongen_sweep_00,1606,43.896111843077513,1,26.766999999999999,0,eligible
motiongen_1607,motiongen_sweep_00,1607,43.922111843077516,1,26.783000000000001,0,eligible
motiongen_1608,motiongen_sweep_00,1608,43.949111843077517,1,26.800000000000001,0,eligible
motiongen_1609,motiongen_sweep_00,1609,43.975111843077521,1,26.817,0,eligible
motiongen_1610,motiongen_sweep_00,1610,44.001297150257102,1,26.832999999999998,0,eligible
motiongen_1611,motiongen_sweep_00,1611,44.028297150257103,1,26.850000000000001,0,eligible
motiongen_1612,motiongen_sweep_00,1612,44.054297150257106,1,26.867000000000001,0,eligible
motiongen_1613,motiongen_sweep_00,1613,44.080297150257103,1,26.882999999999999,0,eligible
motiongen_1614,motiongen_sweep_00,1614,44.107297150257104,1,26.899999999999999,0,eligible
motiongen_1615,motiongen_sweep_00,1615,44.1332971502571,1,26.917000000000002,0,eligible
motiongen_1616,motiongen_sweep_00,1616,44.159297150257103,1,26.933,0,eligible
motiongen_1617,motiongen_sweep_00,1617,44.186297150257104,1,26.949999999999999,0,eligible
motiongen_1618,motiongen_sweep_00,1618,44.212297150257108,1,26.966999999999999,0,eligible
motiongen_1619,motiongen_sweep_00,1619,44.238297150257104,1,26.983000000000001,0,eligible
motiongen_1620,motiongen_sweep_00,1620,44.265297150257105,1,27,0,eligible
motiongen_1621,motiongen_sweep_00,1621,44.291297150257101,1,27.016999999999999,0,eligible
motiongen_1622,motiongen_sweep_00,1622,44.317297150257104,1,27.033000000000001,0,eligible
motiongen_1623,motiongen_sweep_00,1623,44.344297150257105,1,27.050000000000001,0,eligible
motiongen_1624,motiongen_sweep_00,1624,44.370297150257102,1,27.067,0,eligible
motiongen_1625,motiongen_sweep_00,1625,44.397297150257103,1,27.082999999999998,0,eligible
motiongen_1626,motiongen_sweep_00,1626,44.423297150257106,1,27.100000000000001,0,eligible
motiongen_1627,motiongen_sweep_00,1627,44.449297150257102,1,27.117000000000001,0,eligible
motiongen_1628,motiongen_sweep_00,1628,44.476297150257103,1,27.132999999999999,0,eligible
motiongen_1629,motiongen_sweep_00,1629,44.5022971502571,1,27.149999999999999,0,eligible
motiongen_1630,motiongen_sweep_00,1630,44.528297150257103,1,27.167000000000002,0,eligible
motiongen_1631,motiongen_sweep_00,1631,44.555297150257104,1,27.183,0,eligible
motiongen_1632,motiongen_sweep_00,1632,44.5812971502571,1,27.199999999999999,0,eligible
motiongen_1633,motiongen_sweep_00,1633,44.607297150257104,1,27.216999999999999,0,eligible
motiongen_1634,motiongen_sweep_00,1634,44.634297150257105,1,27.233000000000001,0,eligible
motiongen_1635,motiongen_sweep_00,1635,44.660297150257108,1,27.25,0,eligible
motiongen_1636,motiongen_sweep_00,1636,44.686297150257104,1,27.266999999999999,0,eligible
motiongen_1637,motiongen_sweep_00,1637,44.713297150257105,1,27.283000000000001,0,eligible
motiongen_1638,motiongen_sweep_00,1638,44.739297150257102,1,27.300000000000001,0,eligible
motiongen_1639,motiongen_sweep_00,1639,44.765297150257105,1,27.317,0,eligible
motiongen_1640,motiongen_sweep_00,1640,44.792297150257106,1,27.332999999999998,0,eligible
motiongen_1641,motiongen_sweep_00,1641,44.818297150257102,1,27.350000000000001,0,eligible
motiongen_1642,motiongen_sweep_00,1642,44.845297150257103,1,27.367000000000001,0,eligible
motiongen_1643,motiongen_sweep_00,1643,44.871297150257107,1,27.382999999999999,0,eligible
motiongen_1644,motiongen_sweep_00,1644,44.897297150257103,1,27.399999999999999,0,eligible
motiongen_1645,motiongen_sweep_00,1645,44.924297150257104,1,27.417000000000002,0,eligible
motiongen_1646,motiongen_sweep_00,1646,44.9502971502571,1,27.433,0,eligible
motiongen_1647,motiongen_sweep_00,1647,44.976297150257103,1,27.449999999999999,0,eligible
motiongen_1648,motiongen_sweep_00,1648,45.003297150257104,1,27.466999999999999,0,eligible
motiongen_1649,motiongen_sweep_00,1649,45.029297150257108,1,27.483000000000001,0,eligible
motiongen_1650,motiongen_sweep_00,1650,45.055297150257104,1,27.5,0,eligible
motiongen_1651,motiongen_sweep_00,1651,45.082297150257105,1,27.516999999999999,0,eligible
motiongen_1652,motiongen_sweep_00,1652,45.108297150257101,1,27.533000000000001,0,eligible
motiongen_1653,motiongen_sweep_00,1653,45.134297150257105,1,27.550000000000001,0,eligible
motiongen_1654,motiongen_sweep_00,1654,45.161297150257106,1,27.567,0,eligible
motiongen_1655,motiongen_sweep_00,1655,45.187297150257102,1,27.582999999999998,0,eligible
motiongen_1656,motiongen_sweep_00,1656,45.214297150257103,1,27.600000000000001,0,eligible
motiongen_1657,motiongen_sweep_00,1657,45.240297150257106,1,27.617000000000001,0,eligible
motiongen_1658,motiongen_sweep_00,1658,45.266297150257103,1,27.632999999999999,0,eligible
motiongen_1659,motiongen_sweep_00,1659,45.293297150257104,1,27.649999999999999,0,eligible
motiongen_1660,motiongen_sweep_00,1660,45.3192971502571,1,27.667000000000002,0,eligible
motiongen_1661,motiongen_sweep_00,1661,45.345297150257103,1,27.683,0,eligible
motiongen_1662,motiongen_sweep_00,1662,45.372297150257104,1,27.699999999999999,0,eligible
motiongen_1663,motiongen_sweep_00,1663,45.398297150257108,1,27.716999999999999,0,eligible
motiongen_1664,motiongen_sweep_00,1664,45.424297150257104,1,27.733000000000001,0,eligible
motiongen_1665,motiongen_sweep_00,1665,45.451297150257105,1,27.75,0,eligible
motiongen_1666,motiongen_sweep_00,1666,45.477297150257101,1,27.766999999999999,0,eligible
motiongen_1667,motiongen_sweep_00,1667,45.503297150257104,1,27.783000000000001,0,eligible
motiongen_1668,motiongen_sweep_00,1668,45.530297150257105,1,27.800000000000001,0,eligible
motiongen_1669,motiongen_sweep_00,1669,45.556297150257102,1,27.817,0,eligible
motiongen_1670,motiongen_sweep_00,1670,45.582297150257105,1,27.832999999999998,0,eligible
motiongen_1671,motiongen_sweep_00,1671,45.609297150257106,1,27.850000000000001,0,eligible
motiongen_1672,motiongen_sweep_00,1672,45.635297150257102,1,27.867000000000001,0,eligible
motiongen_1673,motiongen_sweep_00,1673,45.662297150257103,1,27.882999999999999,0,eligible
motiongen_1674,motiongen_sweep_00,1674,45.6882971502571,1,27.899999999999999,0,eligible
motiongen_1675,motiongen_sweep_00,1675,45.714297150257103,1,27.917000000000002,0,eligible
motiongen_1676,motiongen_sweep_00,1676,45.741297150257104,1,27.933,0,eligible
motiongen_1677,motiongen_sweep_00,1677,45.767297150257107,1,27.949999999999999,0,eligible
motiongen_1678,motiongen_sweep_00,1678,45.793297150257104,1,27.966999999999999,0,eligible
motiongen_1679,motiongen_sweep_00,1679,45.820297150257105,1,27.983000000000001,0,eligible
motiongen_1680,motiongen_sweep_00,1680,45.846297150257101,1,28,0,eligible
motiongen_1681,motiongen_sweep_00,1681,45.872297150257104,1,28.016999999999999,0,eligible
motiongen_1682,motiongen_sweep_00,1682,45.899297150257105,1,28.033000000000001,0,eligible
motiongen_1683,motiongen_sweep_00,1683,45.925297150257101,1,28.050000000000001,0,eligible
motiongen_1684,motiongen_sweep_00,1684,45.951297150257105,1,28.067,0,eligible
motiongen_1685,motiongen_sweep_00,1685,45.978297150257106,1,28.082999999999998,0,eligible
motiongen_1686,motiongen_sweep_00,1686,46.004297150257102,1,28.100000000000001,0,eligible
motiongen_1687,motiongen_sweep_00,1687,46.030297150257105,1,28.117000000000001,0,eligible
motiongen_1688,motiongen_sweep_00,1688,46.057297150257099,1,28.132999999999999,0,eligible
motiongen_1689,motiongen_sweep_00,1689,46.083297150257103,1,28.149999999999999,0,eligible
motiongen_1690,motiongen_sweep_00,1690,46.110297150257104,1,28.167000000000002,0,eligible
motiongen_1691,motiongen_sweep_00,1691,46.136297150257107,1,28.183,0,eligible
motiongen_1692,motiongen_sweep_00,1692,46.162297150257103,1,28.199999999999999,0,eligible
motiongen_1693,motiongen_sweep_00,1693,46.189297150257104,1,28.216999999999999,0,eligible
motiongen_1694,motiongen_sweep_00,1694,46.215297150257101,1,28.233000000000001,0,eligible
motiongen_1695,motiongen_sweep_00,1695,46.241297150257104,1,28.25,0,eligible
motiongen_1696,motiongen_sweep_00,1696,46.268297150257105,1,28.266999999999999,0,eligible
motiongen_1697,motiongen_sweep_00,1697,46.294297150257101,1,28.283000000000001,0,eligible
motiongen_1698,motiongen_sweep_00,1698,46.320297150257105,1,28.300000000000001,0,eligible
motiongen_1699,motiongen_sweep_00,1699,46.347297150257106,1,28.317,0,eligible
motiongen_1700,motiongen_sweep_00,1700,46.373297150257102,1,28.332999999999998,0,eligible
motiongen_1701,motiongen_sweep_00,1701,46.399297150257105,1,28.350000000000001,0,eligible
motiongen_1702,motiongen_sweep_00,1702,46.426297150257099,1,28.367000000000001,0,eligible
motiongen_1703,motiongen_sweep_00,1703,46.452297150257102,1,28.382999999999999,0,eligible
motiongen_1704,motiongen_sweep_00,1704,46.479297150257104,1,28.399999999999999,0,eligible
motiongen_1705,motiongen_sweep_00,1705,46.505297150257107,1,28.417000000000002,0,eligible
motiongen_1706,motiongen_sweep_00,1706,46.531297150257103,1,28.433,0,eligible
motiongen_1707,motiongen_sweep_00,1707,46.558297150257104,1,28.449999999999999,0,eligible
motiongen_1708,motiongen_sweep_00,1708,46.5842971502571,1,28.466999999999999,0,eligible
motiongen_1709,motiongen_sweep_00,1709,46.610297150257104,1,28.483000000000001,0,eligible
motiongen_1710,motiongen_sweep_00,1710,46.637297150257105,1,28.5,0,eligible
motiongen_1711,motiongen_sweep_00,1711,46.663297150257108,1,28.516999999999999,0,eligible
motiongen_1712,motiongen_sweep_00,1712,46.689297150257104,1,28.533000000000001,0,eligible
motiongen_1713,motiongen_sweep_00,1713,46.716297150257105,1,28.550000000000001,0,eligible
motiongen_1714,motiongen_sweep_00,1714,46.742297150257102,1,28.567,0,eligible
motiongen_1715,motiongen_sweep_00,1715,46.768297150257105,1,28.582999999999998,0,eligible
motiongen_1716,motiongen_sweep_00,1716,46.795297150257106,1,28.600000000000001,0,eligible
motiongen_1717,motiongen_sweep_00,1717,46.821297150257102,1,28.617000000000001,0,eligible
motiongen_1718,motiongen_sweep_00,1718,46.847297150257106,1,28.632999999999999,0,eligible
motiongen_1719,motiongen_sweep_00,1719,46.874297150257107,1,28.649999999999999,0,eligible
motiongen_1720,motiongen_sweep_00,1720,46.900297150257103,1,28.667000000000002,0,eligible
motiongen_1721,motiongen_sweep_00,1721,46.927297150257104,1,28.683,0,eligible
motiongen_1722,motiongen_sweep_00,1722,46.9532971502571,1,28.699999999999999,0,eligible
motiongen_1723,motiongen_sweep_00,1723,46.979297150257104,1,28.716999999999999,0,eligible
motiongen_1724,motiongen_sweep_00,1724,47.006297150257105,1,28.733000000000001,0,eligible
motiongen_1725,motiongen_sweep_00,1725,47.032297150257108,1,28.75,0,eligible
motiongen_1726,motiongen_sweep_00,1726,47.058297150257104,1,28.766999999999999,0,eligible
motiongen_1727,motiongen_sweep_00,1727,47.085297150257105,1,28.783000000000001,0,eligible
motiongen_1728,motiongen_sweep_00,1728,47.111297150257101,1,28.800000000000001,0,eligible
motiongen_1729,motiongen_sweep_00,1729,47.137297150257105,1,28.817,0,eligible
motiongen_1730,motiongen_sweep_00,1730,47.164297150257106,1,28.832999999999998,0,eligible
motiongen_1731,motiongen_sweep_00,1731,47.190297150257102,1,28.850000000000001,0,eligible
motiongen_1732,motiongen_sweep_00,1732,47.216297150257105,1,28.867000000000001,0,eligible
motiongen_1733,motiongen_sweep_00,1733,47.243297150257106,1,28.882999999999999,0,eligible
motiongen_1734,motiongen_sweep_00,1734,47.269297150257103,1,28.899999999999999,0,eligible
motiongen_1735,motiongen_sweep_00,1735,47.296297150257104,1,28.917000000000002,0,eligible
motiongen_1736,motiongen_sweep_00,1736,47.3222971502571,1,28.933,0,eligible
motiongen_1737,motiongen_sweep_00,1737,47.348297150257103,1,28.949999999999999,0,eligible
motiongen_1738,motiongen_sweep_00,1738,47.375297150257104,1,28.966999999999999,0,eligible
motiongen_1739,motiongen_sweep_00,1739,47.401297150257108,1,28.983000000000001,0,eligible
motiongen_1740,motiongen_sweep_00,1740,47.427297150257104,1,29,0,eligible
motiongen_1741,motiongen_sweep_00,1741,47.454297150257105,1,29.016999999999999,0,eligible
motiongen_1742,motiongen_sweep_00,1742,47.480297150257101,1,29.033000000000001,0,eligible
motiongen_1743,motiongen_sweep_00,1743,47.506297150257105,1,29.050000000000001,0,eligible
motiongen_1744,motiongen_sweep_00,1744,47.533297150257106,1,29.067,0,eligible
motiongen_1745,motiongen_sweep_00,1745,47.559297150257102,1,29.082999999999998,0,eligible
motiongen_1746,motiongen_sweep_00,1746,47.585297150257105,1,29.100000000000001,0,eligible
motiongen_1747,motiongen_sweep_00,1747,47.612297150257106,1,29.117000000000001,0,eligible
motiongen_1748,motiongen_sweep_00,1748,47.638297150257102,1,29.132999999999999,0,eligible
motiongen_1749,motiongen_sweep_00,1749,47.664297150257106,1,29.149999999999999,0,eligible
motiongen_1750,motiongen_sweep_00,1750,47.6912971502571,1,29.167000000000002,0,eligible
motiongen_1751,motiongen_sweep_00,1751,47.717297150257103,1,29.183,0,eligible
motiongen_1752,motiongen_sweep_00,1752,47.744297150257104,1,29.199999999999999,0,eligible
motiongen_1753,motiongen_sweep_00,1753,47.770297150257107,1,29.216999999999999,0,eligible
motiongen_1754,motiongen_sweep_00,1754,47.796297150257104,1,29.233000000000001,0,eligible
motiongen_1755,motiongen_sweep_00,1755,47.823297150257105,1,29.25,0,eligible
motiongen_1756,motiongen_sweep_00,1756,47.849297150257101,1,29.266999999999999,0,eligible
motiongen_1757,motiongen_sweep_00,1757,47.875297150257104,1,29.283000000000001,0,eligible
motiongen_1758,motiongen_sweep_00,1758,47.902297150257105,1,29.300000000000001,0,eligible
motiongen_1759,motiongen_sweep_00,1759,47.928297150257102,1,29.317,0,eligible
motiongen_1760,motiongen_sweep_00,1760,47.954297150257105,1,29.332999999999998,0,eligible
motiongen_1761,motiongen_sweep_00,1761,47.981297150257106,1,29.350000000000001,0,eligible
motiongen_1762,motiongen_sweep_00,1762,48.007297150257102,1,29.367000000000001,0,eligible
motiongen_1763,motiongen_sweep_00,1763,48.033297150257106,1,29.382999999999999,0,eligible
motiongen_1764,motiongen_sweep_00,1764,48.060297150257099,1,29.399999999999999,0,eligible
motiongen_1765,motiongen_sweep_00,1765,48.086297150257103,1,29.417000000000002,0,eligible
motiongen_1766,motiongen_sweep_00,1766,48.112297150257106,1,29.433,0,eligible
motiongen_1767,motiongen_sweep_00,1767,48.139297150257107,1,29.449999999999999,0,eligible
motiongen_1768,motiongen_sweep_00,1768,48.165297150257103,1,29.466999999999999,0,eligible
motiongen_1769,motiongen_sweep_00,1769,48.192297150257104,1,29.483000000000001,0,eligible
motiongen_1770,motiongen_sweep_00,1770,48.218297150257101,1,29.5,0,eligible
motiongen_1771,motiongen_sweep_00,1771,48.244297150257104,1,29.516999999999999,0,eligible
motiongen_1772,motiongen_sweep_00,1772,48.271297150257105,1,29.533000000000001,0,eligible
motiongen_1773,motiongen_sweep_00,1773,48.297297150257108,1,29.550000000000001,0,eligible
motiongen_1774,motiongen_sweep_00,1774,48.323297150257105,1,29.567,0,eligible
motiongen_1775,motiongen_sweep_00,1775,48.350297150257106,1,29.582999999999998,0,eligible
motiongen_1776,motiongen_sweep_00,1776,48.376297150257102,1,29.600000000000001,0,eligible
motiongen_1777,motiongen_sweep_00,1777,48.402297150257105,1,29.617000000000001,0,eligible
motiongen_1778,motiongen_sweep_00,1778,48.429297150257099,1,29.632999999999999,0,eligible
motiongen_1779,motiongen_sweep_00,1779,48.455297150257103,1,29.649999999999999,0,eligible
motiongen_1780,motiongen_sweep_00,1780,48.481297150257106,1,29.667000000000002,0,eligible
motiongen_1781,motiongen_sweep_00,1781,48.508297150257107,1,29.683,0,eligible
motiongen_1782,motiongen_sweep_00,1782,48.534297150257103,1,29.699999999999999,0,eligible
motiongen_1783,motiongen_sweep_00,1783,48.561297150257104,1,29.716999999999999,0,eligible
motiongen_1784,motiongen_sweep_00,1784,48.5872971502571,1,29.733000000000001,0,eligible
motiongen_1785,motiongen_sweep_00,1785,48.613297150257104,1,29.75,0,eligible
motiongen_1786,motiongen_sweep_00,1786,48.640297150257105,1,29.766999999999999,0,eligible
motiongen_1787,motiongen_sweep_00,1787,48.666297150257108,1,29.783000000000001,0,eligible
motiongen_1788,motiongen_sweep_00,1788,48.692297150257104,1,29.800000000000001,0,eligible
motiongen_1789,motiongen_sweep_00,1789,48.719297150257105,1,29.817,0,eligible
motiongen_1790,motiongen_sweep_00,1790,48.745297150257102,1,29.832999999999998,0,eligible
motiongen_1791,motiongen_sweep_00,1791,48.771297150257105,1,29.850000000000001,0,eligible
motiongen_1792,motiongen_sweep_00,1792,48.798297150257099,1,29.867000000000001,0,eligible
motiongen_1793,motiongen_sweep_00,1793,48.824297150257102,1,29.882999999999999,0,eligible
motiongen_1794,motiongen_sweep_00,1794,48.850297150257106,1,29.899999999999999,0,eligible
motiongen_1795,motiongen_sweep_00,1795,48.877297150257107,1,29.917000000000002,0,eligible
motiongen_1796,motiongen_sweep_00,1796,48.903297150257103,1,29.933,0,eligible
motiongen_1797,motiongen_sweep_00,1797,48.929297150257099,1,29.949999999999999,0,eligible
motiongen_1798,motiongen_sweep_00,1798,48.9562971502571,1,29.966999999999999,0,eligible
motiongen_1799,motiongen_sweep_00,1799,48.982297150257104,1,29.983000000000001,0,eligible
motiongen_1800,motiongen_sweep_00,1800,49.009297150257105,1,30,0,eligible
motiongen_1801,motiongen_sweep_00,1801,49.035297150257108,1,30.016999999999999,0,eligible
motiongen_1802,motiongen_sweep_00,1802,49.061297150257104,1,30.033000000000001,0,eligible
motiongen_1803,motiongen_sweep_00,1803,49.088297150257105,1,30.050000000000001,0,eligible
motiongen_1804,motiongen_sweep_00,1804,49.114297150257102,1,30.067,0,eligible
motiongen_1805,motiongen_sweep_00,1805,49.140297150257105,1,30.082999999999998,0,eligible
motiongen_1806,motiongen_sweep_00,1806,49.167297150257099,1,30.100000000000001,0,eligible
motiongen_1807,motiongen_sweep_00,1807,49.193297150257102,1,30.117000000000001,0,eligible
motiongen_1808,motiongen_sweep_00,1808,49.219297150257105,1,30.132999999999999,0,eligible
motiongen_1809,motiongen_sweep_00,1809,49.246297150257107,1,30.149999999999999,0,eligible
motiongen_1810,motiongen_sweep_00,1810,49.272297150257103,1,30.167000000000002,0,eligible
motiongen_1811,motiongen_sweep_00,1811,49.298297150257099,1,30.183,0,eligible
motiongen_1812,motiongen_sweep_00,1812,49.3252971502571,1,30.199999999999999,0,eligible
motiongen_1813,motiongen_sweep_00,1813,49.351297150257103,1,30.216999999999999,0,eligible
motiongen_1814,motiongen_sweep_00,1814,49.378297150257104,1,30.233000000000001,0,eligible
motiongen_1815,motiongen_sweep_00,1815,49.404297150257108,1,30.25,0,eligible
motiongen_1816,motiongen_sweep_00,1816,49.430297150257104,1,30.266999999999999,0,eligible
motiongen_1817,motiongen_sweep_00,1817,49.457297150257105,1,30.283000000000001,0,eligible
motiongen_1818,motiongen_sweep_00,1818,49.483297150257101,1,30.300000000000001,0,eligible
motiongen_1819,motiongen_sweep_00,1819,49.509297150257105,1,30.317,0,eligible
motiongen_1820,motiongen_sweep_00,1820,49.536297150257106,1,30.332999999999998,0,eligible
motiongen_1821,motiongen_sweep_00,1821,49.562297150257102,1,30.350000000000001,0,eligible
motiongen_1822,motiongen_sweep_00,1822,49.588297150257105,1,30.367000000000001,0,eligible
motiongen_1823,motiongen_sweep_00,1823,49.615297150257106,1,30.382999999999999,0,eligible
motiongen_1824,motiongen_sweep_00,1824,49.641297150257103,1,30.399999999999999,0,eligible
motiongen_1825,motiongen_sweep_00,1825,49.667297150257099,1,30.417000000000002,0,eligible
motiongen_1826,motiongen_sweep_00,1826,49.6942971502571,1,30.433,0,eligible
motiongen_1827,motiongen_sweep_00,1827,49.720297150257103,1,30.449999999999999,0,eligible
motiongen_1828,motiongen_sweep_00,1828,49.746297150257107,1,30.466999999999999,0,eligible
motiongen_1829,motiongen_sweep_00,1829,49.773297150257108,1,30.483000000000001,0,eligible
motiongen_1830,motiongen_sweep_00,1830,49.799297150257104,1,30.5,0,eligible
motiongen_1831,motiongen_sweep_00,1831,49.826297150257105,1,30.516999999999999,0,eligible
motiongen_1832,motiongen_sweep_00,1832,49.852297150257101,1,30.533000000000001,0,eligible
motiongen_1833,motiongen_sweep_00,1833,49.878297150257104,1,30.550000000000001,0,eligible
motiongen_1834,motiongen_sweep_00,1834,49.905297150257105,1,30.567,0,eligible
motiongen_1835,motiongen_sweep_00,1835,49.931297150257102,1,30.582999999999998,0,eligible
motiongen_1836,motiongen_sweep_00,1836,49.957297150257105,1,30.600000000000001,0,eligible
motiongen_1837,motiongen_sweep_00,1837,49.984297150257106,1,30.617000000000001,0,eligible
motiongen_1838,motiongen_sweep_00,1838,50.010297150257102,1,30.632999999999999,0,eligible
motiongen_1839,motiongen_sweep_00,1839,50.036297150257106,1,30.649999999999999,0,eligible
motiongen_1840,motiongen_sweep_00,1840,50.0632971502571,1,30.667000000000002,0,eligible
motiongen_1841,motiongen_sweep_00,1841,50.089297150257103,1,30.683,0,eligible
motiongen_1842,motiongen_sweep_00,1842,50.115297150257106,1,30.699999999999999,0,eligible
motiongen_1843,motiongen_sweep_00,1843,50.142297150257107,1,30.716999999999999,0,eligible
motiongen_1844,motiongen_sweep_00,1844,50.168297150257104,1,30.733000000000001,0,eligible
motiongen_1845,motiongen_sweep_00,1845,50.1942971502571,1,30.75,0,eligible
motiongen_1846,motiongen_sweep_00,1846,50.221297150257101,1,30.766999999999999,0,eligible
motiongen_1847,motiongen_sweep_00,1847,50.247297150257104,1,30.783000000000001,0,eligible
motiongen_1848,motiongen_sweep_00,1848,50.273482457436685,1,30.800000000000001,0,eligible
motiongen_1849,motiongen_sweep_00,1849,50.300482457436686,1,30.817,0,eligible
motiongen_1850,motiongen_sweep_00,1850,50.32648245743669,1,30.832999999999998,0,eligible
motiongen_1851,motiongen_sweep_00,1851,50.352482457436693,1,30.850000000000001,0,eligible
motiongen_1852,motiongen_sweep_00,1852,50.379482457436694,1,30.867000000000001,0,eligible
motiongen_1853,motiongen_sweep_00,1853,50.40548245743669,1,30.882999999999999,0,eligible
motiongen_1854,motiongen_sweep_00,1854,50.432482457436691,1,30.899999999999999,0,eligible
motiongen_1855,motiongen_sweep_00,1855,50.458482457436688,1,30.917000000000002,0,eligible
motiongen_1856,motiongen_sweep_00,1856,50.484482457436691,1,30.933,0,eligible
motiongen_1857,motiongen_sweep_00,1857,50.511482457436692,1,30.949999999999999,0,eligible
motiongen_1858,motiongen_sweep_00,1858,50.537482457436688,1,30.966999999999999,0,eligible
motiongen_1859,motiongen_sweep_00,1859,50.563482457436692,1,30.983000000000001,0,eligible
motiongen_1860,motiongen_sweep_00,1860,50.590482457436693,1,31,0,eligible
motiongen_1861,motiongen_sweep_00,1861,50.616482457436689,1,31.016999999999999,0,eligible
motiongen_1862,motiongen_sweep_00,1862,50.642482457436685,1,31.033000000000001,0,eligible
motiongen_1863,motiongen_sweep_00,1863,50.669482457436686,1,31.050000000000001,0,eligible
motiongen_1864,motiongen_sweep_00,1864,50.69548245743669,1,31.067,0,eligible
motiongen_1865,motiongen_sweep_00,1865,50.721482457436693,1,31.082999999999998,0,eligible
motiongen_1866,motiongen_sweep_00,1866,50.748482457436694,1,31.100000000000001,0,eligible
motiongen_1867,motiongen_sweep_00,1867,50.77448245743669,1,31.117000000000001,0,eligible
motiongen_1868,motiongen_sweep_00,1868,50.800482457436686,1,31.132999999999999,0,eligible
motiongen_1869,motiongen_sweep_00,1869,50.827482457436687,1,31.149999999999999,0,eligible
motiongen_1870,motiongen_sweep_00,1870,50.853482457436691,1,31.167000000000002,0,eligible
motiongen_1871,motiongen_sweep_00,1871,50.880482457436692,1,31.183,0,eligible
motiongen_1872,motiongen_sweep_00,1872,50.906482457436688,1,31.199999999999999,0,eligible
motiongen_1873,motiongen_sweep_00,1873,50.932482457436691,1,31.216999999999999,0,eligible
motiongen_1874,motiongen_sweep_00,1874,50.959482457436685,1,31.233000000000001,0,eligible
motiongen_1875,motiongen_sweep_00,1875,50.985482457436689,1,31.25,0,eligible
motiongen_1876,motiongen_sweep_00,1876,51.011482457436692,1,31.266999999999999,0,eligible
motiongen_1877,motiongen_sweep_00,1877,51.038482457436693,1,31.283000000000001,0,eligible
motiongen_1878,motiongen_sweep_00,1878,51.064482457436689,1,31.300000000000001,0,eligible
motiongen_1879,motiongen_sweep_00,1879,51.090482457436686,1,31.317,0,eligible
motiongen_1880,motiongen_sweep_00,1880,51.117482457436687,1,31.332999999999998,0,eligible
motiongen_1881,motiongen_sweep_00,1881,51.14348245743669,1,31.350000000000001,0,eligible
motiongen_1882,motiongen_sweep_00,1882,51.169482457436693,1,31.367000000000001,0,eligible
motiongen_1883,motiongen_sweep_00,1883,51.196482457436694,1,31.382999999999999,0,eligible
motiongen_1884,motiongen_sweep_00,1884,51.222482457436691,1,31.399999999999999,0,eligible
motiongen_1885,motiongen_sweep_00,1885,51.248482457436687,1,31.417000000000002,0,eligible
motiongen_1886,motiongen_sweep_00,1886,51.275482457436688,1,31.433,0,eligible
motiongen_1887,motiongen_sweep_00,1887,51.301482457436691,1,31.449999999999999,0,eligible
motiongen_1888,motiongen_sweep_00,1888,51.328482457436685,1,31.466999999999999,0,eligible
motiongen_1889,motiongen_sweep_00,1889,51.354482457436688,1,31.483000000000001,0,eligible
motiongen_1890,motiongen_sweep_00,1890,51.380482457436692,1,31.5,0,eligible
motiongen_1891,motiongen_sweep_00,1891,51.407482457436693,1,31.516999999999999,0,eligible
motiongen_1892,motiongen_sweep_00,1892,51.433482457436689,1,31.533000000000001,0,eligible
motiongen_1893,motiongen_sweep_00,1893,51.459482457436685,1,31.550000000000001,0,eligible
motiongen_1894,motiongen_sweep_00,1894,51.486482457436686,1,31.567,0,eligible
motiongen_1895,motiongen_sweep_00,1895,51.51248245743669,1,31.582999999999998,0,eligible
motiongen_1896,motiongen_sweep_00,1896,51.538482457436693,1,31.600000000000001,0,eligible
motiongen_1897,motiongen_sweep_00,1897,51.565482457436694,1,31.617000000000001,0,eligible
motiongen_1898,motiongen_sweep_00,1898,51.59148245743669,1,31.632999999999999,0,eligible
motiongen_1899,motiongen_sweep_00,1899,51.617482457436687,1,31.649999999999999,0,eligible
motiongen_1900,motiongen_sweep_00,1900,51.644482457436688,1,31.667000000000002,0,eligible
motiongen_1901,motiongen_sweep_00,1901,51.670482457436691,1,31.683,0,eligible
motiongen_1902,motiongen_sweep_00,1902,51.697482457436692,1,31.699999999999999,0,eligible
motiongen_1903,motiongen_sweep_00,1903,51.723482457436688,1,31.716999999999999,0,eligible
motiongen_1904,motiongen_sweep_00,1904,51.749482457436692,1,31.733000000000001,0,eligible
motiongen_1905,motiongen_sweep_00,1905,51.776482457436693,1,31.75,0,eligible
motiongen_1906,motiongen_sweep_00,1906,51.802482457436689,1,31.766999999999999,0,eligible
motiongen_1907,motiongen_sweep_00,1907,51.828482457436685,1,31.783000000000001,0,eligible
motiongen_1908,motiongen_sweep_00,1908,51.855482457436686,1,31.800000000000001,0,eligible
motiongen_1909,motiongen_sweep_00,1909,51.88148245743669,1,31.817,0,eligible
motiongen_1910,motiongen_sweep_00,1910,51.907482457436693,1,31.832999999999998,0,eligible
motiongen_1911,motiongen_sweep_00,1911,51.934482457436694,1,31.850000000000001,0,eligible
motiongen_1912,motiongen_sweep_00,1912,51.96048245743669,1,31.867000000000001,0,eligible
motiongen_1913,motiongen_sweep_00,1913,51.986482457436686,1,31.882999999999999,0,eligible
motiongen_1914,motiongen_sweep_00,1914,52.013482457436687,1,31.899999999999999,0,eligible
motiongen_1915,motiongen_sweep_00,1915,52.039482457436691,1,31.917000000000002,0,eligible
motiongen_1916,motiongen_sweep_00,1916,52.065482457436694,1,31.933,0,eligible
motiongen_1917,motiongen_sweep_00,1917,52.092482457436688,1,31.949999999999999,0,eligible
motiongen_1918,motiongen_sweep_00,1918,52.118482457436691,1,31.966999999999999,0,eligible
motiongen_1919,motiongen_sweep_00,1919,52.145482457436692,1,31.983000000000001,0,eligible
motiongen_1920,motiongen_sweep_00,1920,52.171482457436689,1,32,0,eligible
motiongen_1921,motiongen_sweep_00,1921,52.197482457436692,1,32.017000000000003,0,eligible
motiongen_1922,motiongen_sweep_00,1922,52.224482457436686,1,32.033000000000001,0,eligible
motiongen_1923,motiongen_sweep_00,1923,52.250482457436689,1,32.049999999999997,0,eligible
motiongen_1924,motiongen_sweep_00,1924,52.276482457436693,1,32.067,0,eligible
motiongen_1925,motiongen_sweep_00,1925,52.303482457436694,1,32.082999999999998,0,eligible
motiongen_1926,motiongen_sweep_00,1926,52.32948245743669,1,32.100000000000001,0,eligible
motiongen_1927,motiongen_sweep_00,1927,52.355482457436686,1,32.116999999999997,0,eligible
motiongen_1928,motiongen_sweep_00,1928,52.382482457436687,1,32.133000000000003,0,eligible
motiongen_1929,motiongen_sweep_00,1929,52.408482457436691,1,32.149999999999999,0,eligible
motiongen_1930,motiongen_sweep_00,1930,52.434482457436694,1,32.167000000000002,0,eligible
motiongen_1931,motiongen_sweep_00,1931,52.461482457436688,1,32.183,0,eligible
motiongen_1932,motiongen_sweep_00,1932,52.487482457436691,1,32.200000000000003,0,eligible
motiongen_1933,motiongen_sweep_00,1933,52.514482457436692,1,32.216999999999999,0,eligible
motiongen_1934,motiongen_sweep_00,1934,52.540482457436688,1,32.232999999999997,0,eligible
motiongen_1935,motiongen_sweep_00,1935,52.566482457436692,1,32.25,0,eligible
motiongen_1936,motiongen_sweep_00,1936,52.593482457436686,1,32.267000000000003,0,eligible
motiongen_1937,motiongen_sweep_00,1937,52.619482457436689,1,32.283000000000001,0,eligible
motiongen_1938,motiongen_sweep_00,1938,52.645482457436692,1,32.299999999999997,0,eligible
motiongen_1939,motiongen_sweep_00,1939,52.672482457436693,1,32.317,0,eligible
motiongen_1940,motiongen_sweep_00,1940,52.69848245743669,1,32.332999999999998,0,eligible
motiongen_1941,motiongen_sweep_00,1941,52.724482457436686,1,32.350000000000001,0,eligible
motiongen_1942,motiongen_sweep_00,1942,52.751482457436687,1,32.366999999999997,0,eligible
motiongen_1943,motiongen_sweep_00,1943,52.77748245743669,1,32.383000000000003,0,eligible
motiongen_1944,motiongen_sweep_00,1944,52.803482457436694,1,32.399999999999999,0,eligible
motiongen_1945,motiongen_sweep_00,1945,52.830482457436688,1,32.417000000000002,0,eligible
motiongen_1946,motiongen_sweep_00,1946,52.856482457436691,1,32.433,0,eligible
motiongen_1947,motiongen_sweep_00,1947,52.882482457436687,1,32.450000000000003,0,eligible
motiongen_1948,motiongen_sweep_00,1948,52.909482457436688,1,32.466999999999999,0,eligible
motiongen_1949,motiongen_sweep_00,1949,52.935482457436692,1,32.482999999999997,0,eligible
motiongen_1950,motiongen_sweep_00,1950,52.962482457436685,1,32.5,0,eligible
motiongen_1951,motiongen_sweep_00,1951,52.988482457436689,1,32.517000000000003,0,eligible
motiongen_1952,motiongen_sweep_00,1952,53.014482457436692,1,32.533000000000001,0,eligible
motiongen_1953,motiongen_sweep_00,1953,53.041482457436693,1,32.549999999999997,0,eligible
motiongen_1954,motiongen_sweep_00,1954,53.067482457436689,1,32.567,0,eligible
motiongen_1955,motiongen_sweep_00,1955,53.093482457436686,1,32.582999999999998,0,eligible
motiongen_1956,motiongen_sweep_00,1956,53.120482457436687,1,32.600000000000001,0,eligible
motiongen_1957,motiongen_sweep_00,1957,53.14648245743669,1,32.616999999999997,0,eligible
motiongen_1958,motiongen_sweep_00,1958,53.172482457436693,1,32.633000000000003,0,eligible
motiongen_1959,motiongen_sweep_00,1959,53.199482457436694,1,32.649999999999999,0,eligible
motiongen_1960,motiongen_sweep_00,1960,53.225482457436691,1,32.667000000000002,0,eligible
motiongen_1961,motiongen_sweep_00,1961,53.251482457436687,1,32.683,0,eligible
motiongen_1962,motiongen_sweep_00,1962,53.278482457436688,1,32.700000000000003,0,eligible
motiongen_1963,motiongen_sweep_00,1963,53.304482457436691,1,32.716999999999999,0,eligible
motiongen_1964,motiongen_sweep_00,1964,53.330482457436688,1,32.732999999999997,0,eligible
motiongen_1965,motiongen_sweep_00,1965,53.357482457436689,1,32.75,0,eligible
motiongen_1966,motiongen_sweep_00,1966,53.383482457436692,1,32.767000000000003,0,eligible
motiongen_1967,motiongen_sweep_00,1967,53.410482457436693,1,32.783000000000001,0,eligible
motiongen_1968,motiongen_sweep_00,1968,53.436482457436689,1,32.799999999999997,0,eligible
motiongen_1969,motiongen_sweep_00,1969,53.462482457436685,1,32.817,0,eligible
motiongen_1970,motiongen_sweep_00,1970,53.489482457436687,1,32.832999999999998,0,eligible
motiongen_1971,motiongen_sweep_00,1971,53.51548245743669,1,32.850000000000001,0,eligible
motiongen_1972,motiongen_sweep_00,1972,53.541482457436693,1,32.866999999999997,0,eligible
motiongen_1973,motiongen_sweep_00,1973,53.568482457436694,1,32.883000000000003,0,eligible
motiongen_1974,motiongen_sweep_00,1974,53.59448245743669,1,32.899999999999999,0,eligible
motiongen_1975,motiongen_sweep_00,1975,53.620482457436687,1,32.917000000000002,0,eligible
motiongen_1976,motiongen_sweep_00,1976,53.647482457436688,1,32.933,0,eligible
motiongen_1977,motiongen_sweep_00,1977,53.673482457436691,1,32.950000000000003,0,eligible
motiongen_1978,motiongen_sweep_00,1978,53.699482457436694,1,32.966999999999999,0,eligible
motiongen_1979,motiongen_sweep_00,1979,53.726482457436688,1,32.982999999999997,0,eligible
motiongen_1980,motiongen_sweep_00,1980,53.752482457436692,1,33,0,eligible
motiongen_1981,motiongen_sweep_00,1981,53.779482457436693,1,33.017000000000003,0,eligible
motiongen_1982,motiongen_sweep_00,1982,53.805482457436689,1,33.033000000000001,0,eligible
motiongen_1983,motiongen_sweep_00,1983,53.831482457436685,1,33.049999999999997,0,eligible
motiongen_1984,motiongen_sweep_00,1984,53.858482457436686,1,33.067,0,eligible
motiongen_1985,motiongen_sweep_00,1985,53.88448245743669,1,33.082999999999998,0,eligible
motiongen_1986,motiongen_sweep_00,1986,53.910482457436693,1,33.100000000000001,0,eligible
motiongen_1987,motiongen_sweep_00,1987,53.937482457436694,1,33.116999999999997,0,eligible
motiongen_1988,motiongen_sweep_00,1988,53.96348245743669,1,33.133000000000003,0,eligible
motiongen_1989,motiongen_sweep_00,1989,53.989482457436687,1,33.149999999999999,0,eligible
motiongen_1990,motiongen_sweep_00,1990,54.016482457436688,1,33.167000000000002,0,eligible
motiongen_1991,motiongen_sweep_00,1991,54.042482457436691,1,33.183,0,eligible
motiongen_1992,motiongen_sweep_00,1992,54.068482457436694,1,33.200000000000003,0,eligible
motiongen_1993,motiongen_sweep_00,1993,54.095482457436688,1,33.216999999999999,0,eligible
motiongen_1994,motiongen_sweep_00,1994,54.121482457436692,1,33.232999999999997,0,eligible
motiongen_1995,motiongen_sweep_00,1995,54.147482457436688,1,33.25,0,eligible
motiongen_1996,motiongen_sweep_00,1996,54.174482457436689,1,33.267000000000003,0,eligible
motiongen_1997,motiongen_sweep_00,1997,54.200482457436692,1,33.283000000000001,0,eligible
motiongen_1998,motiongen_sweep_00,1998,54.227482457436686,1,33.299999999999997,0,eligible
motiongen_1999,motiongen_sweep_00,1999,54.253482457436689,1,33.317,0,eligible
motiongen_2000,motiongen_sweep_00,2000,54.279482457436693,1,33.332999999999998,0,eligible
motiongen_2001,motiongen_sweep_00,2001,54.306482457436694,1,33.350000000000001,0,eligible
motiongen_2002,motiongen_sweep_00,2002,54.33248245743669,1,33.366999999999997,0,eligible
motiongen_2003,motiongen_sweep_00,2003,54.358482457436686,1,33.383000000000003,0,eligible
motiongen_2004,motiongen_sweep_00,2004,54.385482457436687,1,33.399999999999999,0,eligible
motiongen_2005,motiongen_sweep_00,2005,54.411482457436691,1,33.417000000000002,0,eligible
motiongen_2006,motiongen_sweep_00,2006,54.437482457436694,1,33.433,0,eligible
motiongen_2007,motiongen_sweep_00,2007,54.464482457436688,1,33.450000000000003,0,eligible
motiongen_2008,motiongen_sweep_00,2008,54.490482457436691,1,33.466999999999999,0,eligible
motiongen_2009,motiongen_sweep_00,2009,54.516482457436688,1,33.482999999999997,0,eligible
motiongen_2010,motiongen_sweep_00,2010,54.543482457436689,1,33.5,0,eligible
motiongen_2011,motiongen_sweep_00,2011,54.569482457436692,1,33.517000000000003,0,eligible
motiongen_2012,motiongen_sweep_00,2012,54.596482457436686,1,33.533000000000001,0,eligible
motiongen_2013,motiongen_sweep_00,2013,54.622482457436689,1,33.549999999999997,0,eligible
motiongen_2014,motiongen_sweep_00,2014,54.648482457436693,1,33.567,0,eligible
motiongen_2015,motiongen_sweep_00,2015,54.675482457436694,1,33.582999999999998,0,eligible
motiongen_2016,motiongen_sweep_00,2016,54.70148245743669,1,33.600000000000001,0,eligible
motiongen_2017,motiongen_sweep_00,2017,54.727482457436686,1,33.616999999999997,0,eligible
motiongen_2018,motiongen_sweep_00,2018,54.754482457436687,1,33.633000000000003,0,eligible
motiongen_2019,motiongen_sweep_00,2019,54.78048245743669,1,33.649999999999999,0,eligible
motiongen_2020,motiongen_sweep_00,2020,54.806482457436694,1,33.667000000000002,0,eligible
motiongen_2021,motiongen_sweep_00,2021,54.833482457436688,1,33.683,0,eligible
motiongen_2022,motiongen_sweep_00,2022,54.859482457436691,1,33.700000000000003,0,eligible
motiongen_2023,motiongen_sweep_00,2023,54.885482457436687,1,33.716999999999999,0,eligible
motiongen_2024,motiongen_sweep_00,2024,54.912482457436688,1,33.732999999999997,0,eligible
motiongen_2025,motiongen_sweep_00,2025,54.938482457436692,1,33.75,0,eligible
motiongen_2026,motiongen_sweep_00,2026,54.964482457436688,1,33.767000000000003,0,eligible
motiongen_2027,motiongen_sweep_00,2027,54.991482457436689,1,33.783000000000001,0,eligible
motiongen_2028,motiongen_sweep_00,2028,55.017482457436692,1,33.799999999999997,0,eligible
motiongen_2029,motiongen_sweep_00,2029,55.044482457436693,1,33.817,0,eligible
motiongen_2030,motiongen_sweep_00,2030,55.07048245743669,1,33.832999999999998,0,eligible
motiongen_2031,motiongen_sweep_00,2031,55.096482457436686,1,33.850000000000001,0,eligible
motiongen_2032,motiongen_sweep_00,2032,55.123482457436687,1,33.866999999999997,0,eligible
motiongen_2033,motiongen_sweep_00,2033,55.14948245743669,1,33.883000000000003,0,eligible
motiongen_2034,motiongen_sweep_00,2034,55.175482457436694,1,33.899999999999999,0,eligible
motiongen_2035,motiongen_sweep_00,2035,55.202482457436695,1,33.917000000000002,0,eligible
motiongen_2036,motiongen_sweep_00,2036,55.228482457436691,1,33.933,0,eligible
motiongen_2037,motiongen_sweep_00,2037,55.254482457436687,1,33.950000000000003,0,eligible
motiongen_2038,motiongen_sweep_00,2038,55.281482457436688,1,33.966999999999999,0,eligible
motiongen_2039,motiongen_sweep_00,2039,55.307482457436691,1,33.982999999999997,0,eligible
motiongen_2040,motiongen_sweep_00,2040,55.333482457436688,1,34,0,eligible
motiongen_2041,motiongen_sweep_00,2041,55.360482457436689,1,34.017000000000003,0,eligible
motiongen_2042,motiongen_sweep_00,2042,55.386482457436692,1,34.033000000000001,0,eligible
motiongen_2043,motiongen_sweep_00,2043,55.412482457436688,1,34.049999999999997,0,eligible
motiongen_2044,motiongen_sweep_00,2044,55.439482457436689,1,34.067,0,eligible
motiongen_2045,motiongen_sweep_00,2045,55.465482457436686,1,34.082999999999998,0,eligible
motiongen_2046,motiongen_sweep_00,2046,55.492482457436687,1,34.100000000000001,0,eligible
motiongen_2047,motiongen_sweep_00,2047,55.51848245743669,1,34.116999999999997,0,eligible
motiongen_2048,motiongen_sweep_00,2048,55.544482457436693,1,34.133000000000003,0,eligible
motiongen_2049,motiongen_sweep_00,2049,55.571482457436694,1,34.149999999999999,0,eligible
motiongen_2050,motiongen_sweep_00,2050,55.597482457436691,1,34.167000000000002,0,eligible
motiongen_2051,motiongen_sweep_00,2051,55.623482457436687,1,34.183,0,eligible
motiongen_2052,motiongen_sweep_00,2052,55.650482457436688,1,34.200000000000003,0,eligible
motiongen_2053,motiongen_sweep_00,2053,55.676482457436691,1,34.216999999999999,0,eligible
motiongen_2054,motiongen_sweep_00,2054,55.702482457436695,1,34.232999999999997,0,eligible
motiongen_2055,motiongen_sweep_00,2055,55.729482457436688,1,34.25,0,eligible
motiongen_2056,motiongen_sweep_00,2056,55.755482457436692,1,34.267000000000003,0,eligible
motiongen_2057,motiongen_sweep_00,2057,55.781482457436688,1,34.283000000000001,0,eligible
motiongen_2058,motiongen_sweep_00,2058,55.808482457436689,1,34.299999999999997,0,eligible
motiongen_2059,motiongen_sweep_00,2059,55.834482457436685,1,34.317,0,eligible
motiongen_2060,motiongen_sweep_00,2060,55.861482457436686,1,34.332999999999998,0,eligible
motiongen_2061,motiongen_sweep_00,2061,55.88748245743669,1,34.350000000000001,0,eligible
motiongen_2062,motiongen_sweep_00,2062,55.913482457436693,1,34.366999999999997,0,eligible
motiongen_2063,motiongen_sweep_00,2063,55.940482457436694,1,34.383000000000003,0,eligible
motiongen_2064,motiongen_sweep_00,2064,55.96648245743669,1,34.399999999999999,0,eligible
motiongen_2065,motiongen_sweep_00,2065,55.992482457436687,1,34.417000000000002,0,eligible
motiongen_2066,motiongen_sweep_00,2066,56.019482457436688,1,34.433,0,eligible
motiongen_2067,motiongen_sweep_00,2067,56.045482457436691,1,34.450000000000003,0,eligible
motiongen_2068,motiongen_sweep_00,2068,56.071482457436694,1,34.466999999999999,0,eligible
motiongen_2069,motiongen_sweep_00,2069,56.098482457436688,1,34.482999999999997,0,eligible
motiongen_2070,motiongen_sweep_00,2070,56.124482457436692,1,34.5,0,eligible
motiongen_2071,motiongen_sweep_00,2071,56.150482457436688,1,34.517000000000003,0,eligible
motiongen_2072,motiongen_sweep_00,2072,56.177482457436689,1,34.533000000000001,0,eligible
motiongen_2073,motiongen_sweep_00,2073,56.203482457436685,1,34.549999999999997,0,eligible
motiongen_2074,motiongen_sweep_00,2074,56.229482457436688,1,34.567,0,eligible
motiongen_2075,motiongen_sweep_00,2075,56.25648245743669,1,34.582999999999998,0,eligible
motiongen_2076,motiongen_sweep_00,2076,56.282482457436693,1,34.600000000000001,0,eligible
motiongen_2077,motiongen_sweep_00,2077,56.309482457436694,1,34.616999999999997,0,eligible
motiongen_2078,motiongen_sweep_00,2078,56.33548245743669,1,34.633000000000003,0,eligible
motiongen_2079,motiongen_sweep_00,2079,56.361482457436686,1,34.649999999999999,0,eligible
motiongen_2080,motiongen_sweep_00,2080,56.388482457436687,1,34.667000000000002,0,eligible
motiongen_2081,motiongen_sweep_00,2081,56.414482457436691,1,34.683,0,eligible
motiongen_2082,motiongen_sweep_00,2082,56.440482457436694,1,34.700000000000003,0,eligible
motiongen_2083,motiongen_sweep_00,2083,56.467482457436688,1,34.716999999999999,0,eligible
motiongen_2084,motiongen_sweep_00,2084,56.493482457436691,1,34.732999999999997,0,eligible
motiongen_2085,motiongen_sweep_00,2085,56.519482457436688,1,34.75,0,eligible
motiongen_2086,motiongen_sweep_00,2086,56.546482457436689,1,34.767000000000003,0,eligible
motiongen_2087,motiongen_sweep_00,2087,56.572667764616277,1,34.783000000000001,0,eligible
motiongen_2088,motiongen_sweep_00,2088,56.598667764616273,1,34.799999999999997,0,eligible
motiongen_2089,motiongen_sweep_00,2089,56.625667764616274,1,34.817,0,eligible
motiongen_2090,motiongen_sweep_00,2090,56.651667764616278,1,34.832999999999998,0,eligible
motiongen_2091,motiongen_sweep_00,2091,56.677667764616274,1,34.850000000000001,0,eligible
motiongen_2092,motiongen_sweep_00,2092,56.704667764616275,1,34.866999999999997,0,eligible
motiongen_2093,motiongen_sweep_00,2093,56.730667764616278,1,34.883000000000003,0,eligible
motiongen_2094,motiongen_sweep_00,2094,56.756667764616274,1,34.899999999999999,0,eligible
motiongen_2095,motiongen_sweep_00,2095,56.783667764616276,1,34.917000000000002,0,eligible
motiongen_2096,motiongen_sweep_00,2096,56.809667764616272,1,34.933,0,eligible
motiongen_2097,motiongen_sweep_00,2097,56.835667764616275,1,34.950000000000003,0,eligible
motiongen_2098,motiongen_sweep_00,2098,56.862667764616276,1,34.966999999999999,0,eligible
motiongen_2099,motiongen_sweep_00,2099,56.888667764616279,1,34.982999999999997,0,eligible
motiongen_2100,motiongen_sweep_00,2100,56.915667764616281,1,35,0,eligible
motiongen_2101,motiongen_sweep_00,2101,56.941667764616277,1,35.017000000000003,0,eligible
motiongen_2102,motiongen_sweep_00,2102,56.967667764616273,1,35.033000000000001,0,eligible
motiongen_2103,motiongen_sweep_00,2103,56.994667764616274,1,35.049999999999997,0,eligible
motiongen_2104,motiongen_sweep_00,2104,57.020667764616277,1,35.067,0,eligible
motiongen_2105,motiongen_sweep_00,2105,57.046667764616281,1,35.082999999999998,0,eligible
motiongen_2106,motiongen_sweep_00,2106,57.073667764616275,1,35.100000000000001,0,eligible
motiongen_2107,motiongen_sweep_00,2107,57.099667764616278,1,35.116999999999997,0,eligible
motiongen_2108,motiongen_sweep_00,2108,57.125667764616274,1,35.133000000000003,0,eligible
motiongen_2109,motiongen_sweep_00,2109,57.152667764616275,1,35.149999999999999,0,eligible
motiongen_2110,motiongen_sweep_00,2110,57.178667764616279,1,35.167000000000002,0,eligible
motiongen_2111,motiongen_sweep_00,2111,57.204667764616275,1,35.183,0,eligible
motiongen_2112,motiongen_sweep_00,2112,57.231667764616276,1,35.200000000000003,0,eligible
motiongen_2113,motiongen_sweep_00,2113,57.257667764616272,1,35.216999999999999,0,eligible
motiongen_2114,motiongen_sweep_00,2114,57.283667764616276,1,35.232999999999997,0,eligible
motiongen_2115,motiongen_sweep_00,2115,57.310667764616277,1,35.25,0,eligible
motiongen_2116,motiongen_sweep_00,2116,57.33666776461628,1,35.267000000000003,0,eligible
motiongen_2117,motiongen_sweep_00,2117,57.363667764616274,1,35.283000000000001,0,eligible
motiongen_2118,motiongen_sweep_00,2118,57.389667764616277,1,35.299999999999997,0,eligible
motiongen_2119,motiongen_sweep_00,2119,57.415667764616273,1,35.317,0,eligible
motiongen_2120,motiongen_sweep_00,2120,57.442667764616274,1,35.332999999999998,0,eligible
motiongen_2121,motiongen_sweep_00,2121,57.468667764616278,1,35.350000000000001,0,eligible
motiongen_2122,motiongen_sweep_00,2122,57.494667764616274,1,35.366999999999997,0,eligible
motiongen_2123,motiongen_sweep_00,2123,57.521667764616275,1,35.383000000000003,0,eligible
motiongen_2124,motiongen_sweep_00,2124,57.547667764616278,1,35.399999999999999,0,eligible
motiongen_2125,motiongen_sweep_00,2125,57.573667764616275,1,35.417000000000002,0,eligible
motiongen_2126,motiongen_sweep_00,2126,57.600667764616276,1,35.433,0,eligible
motiongen_2127,motiongen_sweep_00,2127,57.626667764616272,1,35.450000000000003,0,eligible
motiongen_2128,motiongen_sweep_00,2128,57.652667764616275,1,35.466999999999999,0,eligible
motiongen_2129,motiongen_sweep_00,2129,57.679667764616276,1,35.482999999999997,0,eligible
motiongen_2130,motiongen_sweep_00,2130,57.70566776461628,1,35.5,0,eligible
motiongen_2131,motiongen_sweep_00,2131,57.732667764616281,1,35.517000000000003,0,eligible
motiongen_2132,motiongen_sweep_00,2132,57.758667764616277,1,35.533000000000001,0,eligible
motiongen_2133,motiongen_sweep_00,2133,57.784667764616273,1,35.549999999999997,0,eligible
motiongen_2134,motiongen_sweep_00,2134,57.811667764616274,1,35.567,0,eligible
motiongen_2135,motiongen_sweep_00,2135,57.837667764616278,1,35.582999999999998,0,eligible
motiongen_2136,motiongen_sweep_00,2136,57.863667764616274,1,35.600000000000001,0,eligible
motiongen_2137,motiongen_sweep_00,2137,57.890667764616275,1,35.616999999999997,0,eligible
motiongen_2138,motiongen_sweep_00,2138,57.916667764616278,1,35.633000000000003,0,eligible
motiongen_2139,motiongen_sweep_00,2139,57.942667764616274,1,35.649999999999999,0,eligible
motiongen_2140,motiongen_sweep_00,2140,57.969667764616275,1,35.667000000000002,0,eligible
motiongen_2141,motiongen_sweep_00,2141,57.995667764616272,1,35.683,0,eligible
motiongen_2142,motiongen_sweep_00,2142,58.021667764616275,1,35.700000000000003,0,eligible
motiongen_2143,motiongen_sweep_00,2143,58.048667764616276,1,35.716999999999999,0,eligible
motiongen_2144,motiongen_sweep_00,2144,58.074667764616279,1,35.732999999999997,0,eligible
motiongen_2145,motiongen_sweep_00,2145,58.100667764616276,1,35.75,0,eligible
motiongen_2146,motiongen_sweep_00,2146,58.127667764616277,1,35.767000000000003,0,eligible
motiongen_2147,motiongen_sweep_00,2147,58.153667764616273,1,35.783000000000001,0,eligible
motiongen_2148,motiongen_sweep_00,2148,58.180667764616274,1,35.799999999999997,0,eligible
motiongen_2149,motiongen_sweep_00,2149,58.206667764616277,1,35.817,0,eligible
motiongen_2150,motiongen_sweep_00,2150,58.232667764616281,1,35.832999999999998,0,eligible
motiongen_2151,motiongen_sweep_00,2151,58.259667764616275,1,35.850000000000001,0,eligible
motiongen_2152,motiongen_sweep_00,2152,58.285667764616278,1,35.866999999999997,0,eligible
motiongen_2153,motiongen_sweep_00,2153,58.311667764616274,1,35.883000000000003,0,eligible
motiongen_2154,motiongen_sweep_00,2154,58.338667764616275,1,35.899999999999999,0,eligible
motiongen_2155,motiongen_sweep_00,2155,58.364667764616279,1,35.917000000000002,0,eligible
motiongen_2156,motiongen_sweep_00,2156,58.390667764616275,1,35.933,0,eligible
motiongen_2157,motiongen_sweep_00,2157,58.417667764616276,1,35.950000000000003,0,eligible
motiongen_2158,motiongen_sweep_00,2158,58.443667764616279,1,35.966999999999999,0,eligible
motiongen_2159,motiongen_sweep_00,2159,58.469667764616275,1,35.982999999999997,0,eligible
motiongen_2160,motiongen_sweep_00,2160,58.496667764616276,1,36,0,eligible
motiongen_2161,motiongen_sweep_00,2161,58.522667764616273,1,36.017000000000003,0,eligible
motiongen_2162,motiongen_sweep_00,2162,58.548667764616276,1,36.033000000000001,0,eligible
motiongen_2163,motiongen_sweep_00,2163,58.575667764616277,1,36.049999999999997,0,eligible
motiongen_2164,motiongen_sweep_00,2164,58.60166776461628,1,36.067,0,eligible
motiongen_2165,motiongen_sweep_00,2165,58.628667764616274,1,36.082999999999998,0,eligible
motiongen_2166,motiongen_sweep_00,2166,58.654667764616278,1,36.100000000000001,0,eligible
motiongen_2167,motiongen_sweep_00,2167,58.680667764616274,1,36.116999999999997,0,eligible
motiongen_2168,motiongen_sweep_00,2168,58.707667764616275,1,36.133000000000003,0,eligible
motiongen_2169,motiongen_sweep_00,2169,58.733667764616278,1,36.149999999999999,0,eligible
motiongen_2170,motiongen_sweep_00,2170,58.759667764616275,1,36.167000000000002,0,eligible
motiongen_2171,motiongen_sweep_00,2171,58.786667764616276,1,36.183,0,eligible
motiongen_2172,motiongen_sweep_00,2172,58.812667764616279,1,36.200000000000003,0,eligible
motiongen_2173,motiongen_sweep_00,2173,58.838667764616275,1,36.216999999999999,0,eligible
motiongen_2174,motiongen_sweep_00,2174,58.865667764616276,1,36.232999999999997,0,eligible
motiongen_2175,motiongen_sweep_00,2175,58.891667764616273,1,36.25,0,eligible
motiongen_2176,motiongen_sweep_00,2176,58.917667764616276,1,36.267000000000003,0,eligible
motiongen_2177,motiongen_sweep_00,2177,58.944667764616277,1,36.283000000000001,0,eligible
motiongen_2178,motiongen_sweep_00,2178,58.97066776461628,1,36.299999999999997,0,eligible
motiongen_2179,motiongen_sweep_00,2179,58.997667764616274,1,36.317,0,eligible
motiongen_2180,motiongen_sweep_00,2180,59.023667764616278,1,36.332999999999998,0,eligible
motiongen_2181,motiongen_sweep_00,2181,59.049667764616274,1,36.350000000000001,0,eligible
motiongen_2182,motiongen_sweep_00,2182,59.076667764616275,1,36.366999999999997,0,eligible
motiongen_2183,motiongen_sweep_00,2183,59.102667764616278,1,36.383000000000003,0,eligible
motiongen_2184,motiongen_sweep_00,2184,59.128667764616274,1,36.399999999999999,0,eligible
motiongen_2185,motiongen_sweep_00,2185,59.155667764616275,1,36.417000000000002,0,eligible
motiongen_2186,motiongen_sweep_00,2186,59.181667764616279,1,36.433,0,eligible
motiongen_2187,motiongen_sweep_00,2187,59.207667764616275,1,36.450000000000003,0,eligible
motiongen_2188,motiongen_sweep_00,2188,59.234667764616276,1,36.466999999999999,0,eligible
motiongen_2189,motiongen_sweep_00,2189,59.260667764616272,1,36.482999999999997,0,eligible
motiongen_2190,motiongen_sweep_00,2190,59.286667764616276,1,36.5,0,eligible
motiongen_2191,motiongen_sweep_00,2191,59.313667764616277,1,36.517000000000003,0,eligible
motiongen_2192,motiongen_sweep_00,2192,59.33966776461628,1,36.533000000000001,0,eligible
motiongen_2193,motiongen_sweep_00,2193,59.365667764616276,1,36.549999999999997,0,eligible
motiongen_2194,motiongen_sweep_00,2194,59.392667764616277,1,36.567,0,eligible
motiongen_2195,motiongen_sweep_00,2195,59.418667764616274,1,36.582999999999998,0,eligible
motiongen_2196,motiongen_sweep_00,2196,59.445667764616275,1,36.600000000000001,0,eligible
motiongen_2197,motiongen_sweep_00,2197,59.471667764616278,1,36.616999999999997,0,eligible
motiongen_2198,motiongen_sweep_00,2198,59.497667764616274,1,36.633000000000003,0,eligible
motiongen_2199,motiongen_sweep_00,2199,59.524667764616275,1,36.649999999999999,0,eligible
motiongen_2200,motiongen_sweep_00,2200,59.550667764616279,1,36.667000000000002,0,eligible
motiongen_2201,motiongen_sweep_00,2201,59.576667764616275,1,36.683,0,eligible
motiongen_2202,motiongen_sweep_00,2202,59.603667764616276,1,36.700000000000003,0,eligible
motiongen_2203,motiongen_sweep_00,2203,59.629667764616272,1,36.716999999999999,0,eligible
motiongen_2204,motiongen_sweep_00,2204,59.655667764616275,1,36.732999999999997,0,eligible
motiongen_2205,motiongen_sweep_00,2205,59.682667764616276,1,36.75,0,eligible
motiongen_2206,motiongen_sweep_00,2206,59.70866776461628,1,36.767000000000003,0,eligible
motiongen_2207,motiongen_sweep_00,2207,59.734667764616276,1,36.783000000000001,0,eligible
motiongen_2208,motiongen_sweep_00,2208,59.761667764616277,1,36.799999999999997,0,eligible
motiongen_2209,motiongen_sweep_00,2209,59.787667764616273,1,36.817,0,eligible
motiongen_2210,motiongen_sweep_00,2210,59.814667764616274,1,36.832999999999998,0,eligible
motiongen_2211,motiongen_sweep_00,2211,59.840667764616278,1,36.850000000000001,0,eligible
motiongen_2212,motiongen_sweep_00,2212,59.866667764616274,1,36.866999999999997,0,eligible
motiongen_2213,motiongen_sweep_00,2213,59.893667764616275,1,36.883000000000003,0,eligible
motiongen_2214,motiongen_sweep_00,2214,59.919667764616278,1,36.899999999999999,0,eligible
motiongen_2215,motiongen_sweep_00,2215,59.945667764616275,1,36.917000000000002,0,eligible
motiongen_2216,motiongen_sweep_00,2216,59.972667764616276,1,36.933,0,eligible
motiongen_2217,motiongen_sweep_00,2217,59.998667764616272,1,36.950000000000003,0,eligible
motiongen_2218,motiongen_sweep_00,2218,60.024667764616275,1,36.966999999999999,0,eligible
motiongen_2219,motiongen_sweep_00,2219,60.051667764616276,1,36.982999999999997,0,eligible
motiongen_2220,motiongen_sweep_00,2220,60.07766776461628,1,37,0,eligible
motiongen_2221,motiongen_sweep_00,2221,60.103667764616276,1,37.017000000000003,0,eligible
motiongen_2222,motiongen_sweep_00,2222,60.130667764616277,1,37.033000000000001,0,eligible
motiongen_2223,motiongen_sweep_00,2223,60.156667764616273,1,37.049999999999997,0,eligible
motiongen_2224,motiongen_sweep_00,2224,60.182667764616276,1,37.067,0,eligible
motiongen_2225,motiongen_sweep_00,2225,60.209667764616277,1,37.082999999999998,0,eligible
motiongen_2226,motiongen_sweep_00,2226,60.235667764616274,1,37.100000000000001,0,eligible
motiongen_2227,motiongen_sweep_00,2227,60.262667764616275,1,37.116999999999997,0,eligible
motiongen_2228,motiongen_sweep_00,2228,60.288667764616278,1,37.133000000000003,0,eligible
motiongen_2229,motiongen_sweep_00,2229,60.314667764616274,1,37.149999999999999,0,eligible
motiongen_2230,motiongen_sweep_00,2230,60.341667764616275,1,37.167000000000002,0,eligible
motiongen_2231,motiongen_sweep_00,2231,60.367667764616272,1,37.183,0,eligible
motiongen_2232,motiongen_sweep_00,2232,60.393667764616275,1,37.200000000000003,0,eligible
motiongen_2233,motiongen_sweep_00,2233,60.420667764616276,1,37.216999999999999,0,eligible
motiongen_2234,motiongen_sweep_00,2234,60.446667764616279,1,37.232999999999997,0,eligible
motiongen_2235,motiongen_sweep_00,2235,60.472667764616276,1,37.25,0,eligible
motiongen_2236,motiongen_sweep_00,2236,60.499667764616277,1,37.267000000000003,0,eligible
motiongen_2237,motiongen_sweep_00,2237,60.525667764616273,1,37.283000000000001,0,eligible
motiongen_2238,motiongen_sweep_00,2238,60.551667764616276,1,37.299999999999997,0,eligible
motiongen_2239,motiongen_sweep_00,2239,60.578667764616277,1,37.317,0,eligible
motiongen_2240,motiongen_sweep_00,2240,60.604667764616281,1,37.332999999999998,0,eligible
motiongen_2241,motiongen_sweep_00,2241,60.630667764616277,1,37.350000000000001,0,eligible
motiongen_2242,motiongen_sweep_00,2242,60.657667764616278,1,37.366999999999997,0,eligible
motiongen_2243,motiongen_sweep_00,2243,60.683667764616274,1,37.383000000000003,0,eligible
motiongen_2244,motiongen_sweep_00,2244,60.710667764616275,1,37.399999999999999,0,eligible
motiongen_2245,motiongen_sweep_00,2245,60.736667764616271,1,37.417000000000002,0,eligible
motiongen_2246,motiongen_sweep_00,2246,60.762667764616275,1,37.433,0,eligible
motiongen_2247,motiongen_sweep_00,2247,60.789667764616276,1,37.450000000000003,0,eligible
motiongen_2248,motiongen_sweep_00,2248,60.815667764616279,1,37.466999999999999,0,eligible
motiongen_2249,motiongen_sweep_00,2249,60.841667764616275,1,37.482999999999997,0,eligible
motiongen_2250,motiongen_sweep_00,2250,60.868667764616276,1,37.5,0,eligible
motiongen_2251,motiongen_sweep_00,2251,60.894667764616273,1,37.517000000000003,0,eligible
motiongen_2252,motiongen_sweep_00,2252,60.920667764616276,1,37.533000000000001,0,eligible
motiongen_2253,motiongen_sweep_00,2253,60.947667764616277,1,37.549999999999997,0,eligible
motiongen_2254,motiongen_sweep_00,2254,60.97366776461628,1,37.567,0,eligible
motiongen_2255,motiongen_sweep_00,2255,60.999667764616277,1,37.582999999999998,0,eligible
motiongen_2256,motiongen_sweep_00,2256,61.026667764616278,1,37.600000000000001,0,eligible
motiongen_2257,motiongen_sweep_00,2257,61.052667764616274,1,37.616999999999997,0,eligible
motiongen_2258,motiongen_sweep_00,2258,61.079667764616275,1,37.633000000000003,0,eligible
motiongen_2259,motiongen_sweep_00,2259,61.105667764616278,1,37.649999999999999,0,eligible
motiongen_2260,motiongen_sweep_00,2260,61.131667764616274,1,37.667000000000002,0,eligible
motiongen_2261,motiongen_sweep_00,2261,61.158667764616276,1,37.683,0,eligible
motiongen_2262,motiongen_sweep_00,2262,61.184667764616279,1,37.700000000000003,0,eligible
motiongen_2263,motiongen_sweep_00,2263,61.210667764616275,1,37.716999999999999,0,eligible
motiongen_2264,motiongen_sweep_00,2264,61.237667764616276,1,37.732999999999997,0,eligible
motiongen_2265,motiongen_sweep_00,2265,61.263667764616272,1,37.75,0,eligible
motiongen_2266,motiongen_sweep_00,2266,61.289667764616276,1,37.767000000000003,0,eligible
motiongen_2267,motiongen_sweep_00,2267,61.316667764616277,1,37.783000000000001,0,eligible
motiongen_2268,motiongen_sweep_00,2268,61.34266776461628,1,37.799999999999997,0,eligible
motiongen_2269,motiongen_sweep_00,2269,61.368667764616276,1,37.817,0,eligible
motiongen_2270,motiongen_sweep_00,2270,61.395667764616277,1,37.832999999999998,0,eligible
motiongen_2271,motiongen_sweep_00,2271,61.421667764616274,1,37.850000000000001,0,eligible
motiongen_2272,motiongen_sweep_00,2272,61.447667764616277,1,37.866999999999997,0,eligible
motiongen_2273,motiongen_sweep_00,2273,61.474667764616278,1,37.883000000000003,0,eligible
motiongen_2274,motiongen_sweep_00,2274,61.500667764616274,1,37.899999999999999,0,eligible
motiongen_2275,motiongen_sweep_00,2275,61.527667764616275,1,37.917000000000002,0,eligible
motiongen_2276,motiongen_sweep_00,2276,61.553667764616279,1,37.933,0,eligible
motiongen_2277,motiongen_sweep_00,2277,61.579667764616275,1,37.950000000000003,0,eligible
motiongen_2278,motiongen_sweep_00,2278,61.606667764616276,1,37.966999999999999,0,eligible
motiongen_2279,motiongen_sweep_00,2279,61.632667764616272,1,37.982999999999997,0,eligible
motiongen_2280,motiongen_sweep_00,2280,61.658667764616276,1,38,0,eligible
motiongen_2281,motiongen_sweep_00,2281,61.685667764616277,1,38.017000000000003,0,eligible
motiongen_2282,motiongen_sweep_00,2282,61.71166776461628,1,38.033000000000001,0,eligible
motiongen_2283,motiongen_sweep_00,2283,61.737667764616276,1,38.049999999999997,0,eligible
motiongen_2284,motiongen_sweep_00,2284,61.764667764616277,1,38.067,0,eligible
motiongen_2285,motiongen_sweep_00,2285,61.790667764616273,1,38.082999999999998,0,eligible
motiongen_2286,motiongen_sweep_00,2286,61.816667764616277,1,38.100000000000001,0,eligible
motiongen_2287,motiongen_sweep_00,2287,61.843667764616278,1,38.116999999999997,0,eligible
motiongen_2288,motiongen_sweep_00,2288,61.869667764616274,1,38.133000000000003,0,eligible
motiongen_2289,motiongen_sweep_00,2289,61.896667764616275,1,38.149999999999999,0,eligible
motiongen_2290,motiongen_sweep_00,2290,61.922667764616278,1,38.167000000000002,0,eligible
motiongen_2291,motiongen_sweep_00,2291,61.948667764616275,1,38.183,0,eligible
motiongen_2292,motiongen_sweep_00,2292,61.975667764616276,1,38.200000000000003,0,eligible
motiongen_2293,motiongen_sweep_00,2293,62.001667764616272,1,38.216999999999999,0,eligible
motiongen_2294,motiongen_sweep_00,2294,62.027667764616275,1,38.232999999999997,0,eligible
motiongen_2295,motiongen_sweep_00,2295,62.054667764616276,1,38.25,0,eligible
motiongen_2296,motiongen_sweep_00,2296,62.08066776461628,1,38.267000000000003,0,eligible
motiongen_2297,motiongen_sweep_00,2297,62.106667764616276,1,38.283000000000001,0,eligible
motiongen_2298,motiongen_sweep_00,2298,62.133667764616277,1,38.299999999999997,0,eligible
motiongen_2299,motiongen_sweep_00,2299,62.159667764616273,1,38.317,0,eligible
motiongen_2300,motiongen_sweep_00,2300,62.185667764616277,1,38.332999999999998,0,eligible
motiongen_2301,motiongen_sweep_00,2301,62.212667764616278,1,38.350000000000001,0,eligible
motiongen_2302,motiongen_sweep_00,2302,62.238667764616281,1,38.366999999999997,0,eligible
motiongen_2303,motiongen_sweep_00,2303,62.264667764616277,1,38.383000000000003,0,eligible
motiongen_2304,motiongen_sweep_00,2304,62.291667764616278,1,38.399999999999999,0,eligible
motiongen_2305,motiongen_sweep_00,2305,62.317667764616274,1,38.417000000000002,0,eligible
motiongen_2306,motiongen_sweep_00,2306,62.344667764616275,1,38.433,0,eligible
motiongen_2307,motiongen_sweep_00,2307,62.370667764616272,1,38.450000000000003,0,eligible
motiongen_2308,motiongen_sweep_00,2308,62.396667764616275,1,38.466999999999999,0,eligible
motiongen_2309,motiongen_sweep_00,2309,62.423667764616276,1,38.482999999999997,0,eligible
motiongen_2310,motiongen_sweep_00,2310,62.449667764616279,1,38.5,0,eligible
motiongen_2311,motiongen_sweep_00,2311,62.475667764616276,1,38.517000000000003,0,eligible
motiongen_2312,motiongen_sweep_00,2312,62.502667764616277,1,38.533000000000001,0,eligible
motiongen_2313,motiongen_sweep_00,2313,62.528667764616273,1,38.549999999999997,0,eligible
motiongen_2314,motiongen_sweep_00,2314,62.554667764616276,1,38.567,0,eligible
motiongen_2315,motiongen_sweep_00,2315,62.581667764616277,1,38.582999999999998,0,eligible
motiongen_2316,motiongen_sweep_00,2316,62.607667764616281,1,38.600000000000001,0,eligible
motiongen_2317,motiongen_sweep_00,2317,62.633667764616277,1,38.616999999999997,0,eligible
motiongen_2318,motiongen_sweep_00,2318,62.660667764616278,1,38.633000000000003,0,eligible
motiongen_2319,motiongen_sweep_00,2319,62.686667764616274,1,38.649999999999999,0,eligible
motiongen_2320,motiongen_sweep_00,2320,62.713667764616275,1,38.667000000000002,0,eligible
motiongen_2321,motiongen_sweep_00,2321,62.739667764616271,1,38.683,0,eligible
motiongen_2322,motiongen_sweep_00,2322,62.765667764616275,1,38.700000000000003,0,eligible
motiongen_2323,motiongen_sweep_00,2323,62.792667764616276,1,38.716999999999999,0,eligible
motiongen_2324,motiongen_sweep_00,2324,62.818667764616279,1,38.732999999999997,0,eligible
motiongen_2325,motiongen_sweep_00,2325,62.84485307179586,1,38.75,0,eligible
motiongen_2326,motiongen_sweep_00,2326,62.870853071795864,1,38.767000000000003,0,eligible
motiongen_2327,motiongen_sweep_00,2327,62.897853071795865,1,38.783000000000001,0,eligible
motiongen_2328,motiongen_sweep_00,2328,62.923853071795861,1,38.799999999999997,0,eligible
motiongen_2329,motiongen_sweep_00,2329,62.950853071795862,1,38.817,0,eligible
motiongen_2330,motiongen_sweep_00,2330,62.976853071795858,1,38.832999999999998,0,eligible
motiongen_2331,motiongen_sweep_00,2331,63.002853071795862,1,38.850000000000001,0,eligible
motiongen_2332,motiongen_sweep_00,2332,63.029853071795863,1,38.866999999999997,0,eligible
motiongen_2333,motiongen_sweep_00,2333,63.055853071795866,1,38.883000000000003,0,eligible
motiongen_2334,motiongen_sweep_00,2334,63.081853071795862,1,38.899999999999999,0,eligible
motiongen_2335,motiongen_sweep_00,2335,63.108853071795863,1,38.917000000000002,0,eligible
motiongen_2336,motiongen_sweep_00,2336,63.13485307179586,1,38.933,0,eligible
motiongen_2337,motiongen_sweep_00,2337,63.160853071795863,1,38.950000000000003,0,eligible
motiongen_2338,motiongen_sweep_00,2338,63.187853071795864,1,38.966999999999999,0,eligible
motiongen_2339,motiongen_sweep_00,2339,63.21385307179586,1,38.982999999999997,0,eligible
motiongen_2340,motiongen_sweep_00,2340,63.239853071795864,1,39,0,eligible
motiongen_2341,motiongen_sweep_00,2341,63.266853071795865,1,39.017000000000003,0,eligible
motiongen_2342,motiongen_sweep_00,2342,63.292853071795861,1,39.033000000000001,0,eligible
motiongen_2343,motiongen_sweep_00,2343,63.318853071795864,1,39.049999999999997,0,eligible
motiongen_2344,motiongen_sweep_00,2344,63.345853071795858,1,39.067,0,eligible
motiongen_2345,motiongen_sweep_00,2345,63.371853071795861,1,39.082999999999998,0,eligible
motiongen_2346,motiongen_sweep_00,2346,63.398853071795862,1,39.100000000000001,0,eligible
motiongen_2347,motiongen_sweep_00,2347,63.424853071795859,1,39.116999999999997,0,eligible
motiongen_2348,motiongen_sweep_00,2348,63.450853071795862,1,39.133000000000003,0,eligible
motiongen_2349,motiongen_sweep_00,2349,63.477853071795863,1,39.149999999999999,0,eligible
motiongen_2350,motiongen_sweep_00,2350,63.503853071795866,1,39.167000000000002,0,eligible
motiongen_2351,motiongen_sweep_00,2351,63.529853071795863,1,39.183,0,eligible
motiongen_2352,motiongen_sweep_00,2352,63.556853071795864,1,39.200000000000003,0,eligible
motiongen_2353,motiongen_sweep_00,2353,63.58285307179586,1,39.216999999999999,0,eligible
motiongen_2354,motiongen_sweep_00,2354,63.608853071795863,1,39.232999999999997,0,eligible
motiongen_2355,motiongen_sweep_00,2355,63.635853071795864,1,39.25,0,eligible
motiongen_2356,motiongen_sweep_00,2356,63.661853071795861,1,39.267000000000003,0,eligible
motiongen_2357,motiongen_sweep_00,2357,63.687853071795864,1,39.283000000000001,0,eligible
motiongen_2358,motiongen_sweep_00,2358,63.714853071795865,1,39.299999999999997,0,eligible
motiongen_2359,motiongen_sweep_00,2359,63.740853071795861,1,39.317,0,eligible
motiongen_2360,motiongen_sweep_00,2360,63.766853071795865,1,39.332999999999998,0,eligible
motiongen_2361,motiongen_sweep_00,2361,63.793853071795859,1,39.350000000000001,0,eligible
motiongen_2362,motiongen_sweep_00,2362,63.819853071795862,1,39.366999999999997,0,eligible
motiongen_2363,motiongen_sweep_00,2363,63.846853071795863,1,39.383000000000003,0,eligible
motiongen_2364,motiongen_sweep_00,2364,63.872853071795866,1,39.399999999999999,0,eligible
motiongen_2365,motiongen_sweep_00,2365,63.898853071795862,1,39.417000000000002,0,eligible
motiongen_2366,motiongen_sweep_00,2366,63.925853071795864,1,39.433,0,eligible
motiongen_2367,motiongen_sweep_00,2367,63.95185307179586,1,39.450000000000003,0,eligible
motiongen_2368,motiongen_sweep_00,2368,63.977853071795863,1,39.466999999999999,0,eligible
motiongen_2369,motiongen_sweep_00,2369,64.004853071795864,1,39.482999999999997,0,eligible
motiongen_2370,motiongen_sweep_00,2370,64.03085307179586,1,39.5,0,eligible
motiongen_2371,motiongen_sweep_00,2371,64.056853071795871,1,39.517000000000003,0,eligible
motiongen_2372,motiongen_sweep_00,2372,64.083853071795858,1,39.533000000000001,0,eligible
motiongen_2373,motiongen_sweep_00,2373,64.109853071795868,1,39.549999999999997,0,eligible
motiongen_2374,motiongen_sweep_00,2374,64.135853071795864,1,39.567,0,eligible
motiongen_2375,motiongen_sweep_00,2375,64.162853071795865,1,39.582999999999998,0,eligible
motiongen_2376,motiongen_sweep_00,2376,64.188853071795862,1,39.600000000000001,0,eligible
motiongen_2377,motiongen_sweep_00,2377,64.215853071795863,1,39.616999999999997,0,eligible
motiongen_2378,motiongen_sweep_00,2378,64.241853071795873,1,39.633000000000003,0,eligible
motiongen_2379,motiongen_sweep_00,2379,64.267853071795855,1,39.649999999999999,0,eligible
motiongen_2380,motiongen_sweep_00,2380,64.29485307179587,1,39.667000000000002,0,eligible
motiongen_2381,motiongen_sweep_00,2381,64.320853071795852,1,39.683,0,eligible
motiongen_2382,motiongen_sweep_00,2382,64.346853071795863,1,39.700000000000003,0,eligible
motiongen_2383,motiongen_sweep_00,2383,64.373853071795864,1,39.716999999999999,0,eligible
motiongen_2384,motiongen_sweep_00,2384,64.39985307179586,1,39.732999999999997,0,eligible
motiongen_2385,motiongen_sweep_00,2385,64.425853071795871,1,39.75,0,eligible
motiongen_2386,motiongen_sweep_00,2386,64.452853071795857,1,39.767000000000003,0,eligible
motiongen_2387,motiongen_sweep_00,2387,64.478853071795868,1,39.783000000000001,0,eligible
motiongen_2388,motiongen_sweep_00,2388,64.504853071795864,1,39.799999999999997,0,eligible
motiongen_2389,motiongen_sweep_00,2389,64.531853071795865,1,39.817,0,eligible
motiongen_2390,motiongen_sweep_00,2390,64.557853071795861,1,39.832999999999998,0,eligible
motiongen_2391,motiongen_sweep_00,2391,64.583853071795858,1,39.850000000000001,0,eligible
motiongen_2392,motiongen_sweep_00,2392,64.610853071795873,1,39.866999999999997,0,eligible
motiongen_2393,motiongen_sweep_00,2393,64.636853071795855,1,39.883000000000003,0,eligible
motiongen_2394,motiongen_sweep_00,2394,64.66385307179587,1,39.899999999999999,0,eligible
motiongen_2395,motiongen_sweep_00,2395,64.689853071795852,1,39.917000000000002,0,eligible
motiongen_2396,motiongen_sweep_00,2396,64.715853071795863,1,39.933,0,eligible
motiongen_2397,motiongen_sweep_00,2397,64.742853071795864,1,39.950000000000003,0,eligible
motiongen_2398,motiongen_sweep_00,2398,64.76885307179586,1,39.966999999999999,0,eligible
motiongen_2399,motiongen_sweep_00,2399,64.79485307179587,1,39.982999999999997,0,eligible
motiongen_2400,motiongen_sweep_00,2400,64.821853071795857,1,40,0,eligible
motiongen_2401,motiongen_sweep_00,2401,64.847853071795868,1,40.017000000000003,0,eligible
motiongen_2402,motiongen_sweep_00,2402,64.873853071795864,1,40.033000000000001,0,eligible
motiongen_2403,motiongen_sweep_00,2403,64.900853071795865,1,40.049999999999997,0,eligible
motiongen_2404,motiongen_sweep_00,2404,64.926853071795861,1,40.067,0,eligible
motiongen_2405,motiongen_sweep_00,2405,64.952853071795857,1,40.082999999999998,0,eligible
motiongen_2406,motiongen_sweep_00,2406,64.979853071795873,1,40.100000000000001,0,eligible
motiongen_2407,motiongen_sweep_00,2407,65.005853071795855,1,40.116999999999997,0,eligible
motiongen_2408,motiongen_sweep_00,2408,65.03285307179587,1,40.133000000000003,0,eligible
motiongen_2409,motiongen_sweep_00,2409,65.058853071795852,1,40.149999999999999,0,eligible
motiongen_2410,motiongen_sweep_00,2410,65.084853071795862,1,40.167000000000002,0,eligible
motiongen_2411,motiongen_sweep_00,2411,65.111853071795863,1,40.183,0,eligible
motiongen_2412,motiongen_sweep_00,2412,65.13785307179586,1,40.200000000000003,0,eligible
motiongen_2413,motiongen_sweep_00,2413,65.16385307179587,1,40.216999999999999,0,eligible
motiongen_2414,motiongen_sweep_00,2414,65.190853071795857,1,40.232999999999997,0,eligible
motiongen_2415,motiongen_sweep_00,2415,65.216853071795867,1,40.25,0,eligible
motiongen_2416,motiongen_sweep_00,2416,65.242853071795864,1,40.267000000000003,0,eligible
motiongen_2417,motiongen_sweep_00,2417,65.269853071795865,1,40.283000000000001,0,eligible
motiongen_2418,motiongen_sweep_00,2418,65.295853071795861,1,40.299999999999997,0,eligible
motiongen_2419,motiongen_sweep_00,2419,65.321853071795857,1,40.317,0,eligible
motiongen_2420,motiongen_sweep_00,2420,65.348853071795872,1,40.332999999999998,0,eligible
motiongen_2421,motiongen_sweep_00,2421,65.374853071795854,1,40.350000000000001,0,eligible
motiongen_2422,motiongen_sweep_00,2422,65.400853071795865,1,40.366999999999997,0,eligible
motiongen_2423,motiongen_sweep_00,2423,65.427853071795852,1,40.383000000000003,0,eligible
motiongen_2424,motiongen_sweep_00,2424,65.453853071795862,1,40.399999999999999,0,eligible
motiongen_2425,motiongen_sweep_00,2425,65.480853071795863,1,40.417000000000002,0,eligible
motiongen_2426,motiongen_sweep_00,2426,65.506853071795859,1,40.433,0,eligible
motiongen_2427,motiongen_sweep_00,2427,65.53285307179587,1,40.450000000000003,0,eligible
motiongen_2428,motiongen_sweep_00,2428,65.559853071795857,1,40.466999999999999,0,eligible
motiongen_2429,motiongen_sweep_00,2429,65.585853071795867,1,40.482999999999997,0,eligible
motiongen_2430,motiongen_sweep_00,2430,65.611853071795863,1,40.5,0,eligible
motiongen_2431,motiongen_sweep_00,2431,65.638853071795864,1,40.517000000000003,0,eligible
motiongen_2432,motiongen_sweep_00,2432,65.664853071795861,1,40.533000000000001,0,eligible
motiongen_2433,motiongen_sweep_00,2433,65.690853071795857,1,40.549999999999997,0,eligible
motiongen_2434,motiongen_sweep_00,2434,65.717853071795872,1,40.567,0,eligible
motiongen_2435,motiongen_sweep_00,2435,65.743853071795854,1,40.582999999999998,0,eligible
motiongen_2436,motiongen_sweep_00,2436,65.769853071795865,1,40.600000000000001,0,eligible
motiongen_2437,motiongen_sweep_00,2437,65.796853071795852,1,40.616999999999997,0,eligible
motiongen_2438,motiongen_sweep_00,2438,65.822853071795862,1,40.633000000000003,0,eligible
motiongen_2439,motiongen_sweep_00,2439,65.848853071795872,1,40.649999999999999,0,eligible
motiongen_2440,motiongen_sweep_00,2440,65.875853071795859,1,40.667000000000002,0,eligible
motiongen_2441,motiongen_sweep_00,2441,65.90185307179587,1,40.683,0,eligible
motiongen_2442,motiongen_sweep_00,2442,65.928853071795857,1,40.700000000000003,0,eligible
motiongen_2443,motiongen_sweep_00,2443,65.954853071795867,1,40.716999999999999,0,eligible
motiongen_2444,motiongen_sweep_00,2444,65.980853071795863,1,40.732999999999997,0,eligible
motiongen_2445,motiongen_sweep_00,2445,66.007853071795864,1,40.75,0,eligible
motiongen_2446,motiongen_sweep_00,2446,66.033853071795861,1,40.767000000000003,0,eligible
motiongen_2447,motiongen_sweep_00,2447,66.059853071795857,1,40.783000000000001,0,eligible
motiongen_2448,motiongen_sweep_00,2448,66.086853071795872,1,40.799999999999997,0,eligible
motiongen_2449,motiongen_sweep_00,2449,66.112853071795854,1,40.817,0,eligible
motiongen_2450,motiongen_sweep_00,2450,66.138853071795864,1,40.832999999999998,0,eligible
motiongen_2451,motiongen_sweep_00,2451,66.165853071795851,1,40.850000000000001,0,eligible
motiongen_2452,motiongen_sweep_00,2452,66.191853071795862,1,40.866999999999997,0,eligible
motiongen_2453,motiongen_sweep_00,2453,66.217853071795872,1,40.883000000000003,0,eligible
motiongen_2454,motiongen_sweep_00,2454,66.244853071795859,1,40.899999999999999,0,eligible
motiongen_2455,motiongen_sweep_00,2455,66.270853071795869,1,40.917000000000002,0,eligible
motiongen_2456,motiongen_sweep_00,2456,66.297853071795856,1,40.933,0,eligible
motiongen_2457,motiongen_sweep_00,2457,66.323853071795867,1,40.950000000000003,0,eligible
motiongen_2458,motiongen_sweep_00,2458,66.349853071795863,1,40.966999999999999,0,eligible
motiongen_2459,motiongen_sweep_00,2459,66.376853071795864,1,40.982999999999997,0,eligible
motiongen_2460,motiongen_sweep_00,2460,66.40285307179586,1,41,0,eligible
motiongen_2461,motiongen_sweep_00,2461,66.428853071795857,1,41.017000000000003,0,eligible
motiongen_2462,motiongen_sweep_00,2462,66.455853071795872,1,41.033000000000001,0,eligible
motiongen_2463,motiongen_sweep_00,2463,66.481853071795854,1,41.049999999999997,0,eligible
motiongen_2464,motiongen_sweep_00,2464,66.507853071795864,1,41.067,0,eligible
motiongen_2465,motiongen_sweep_00,2465,66.534853071795851,1,41.082999999999998,0,eligible
motiongen_2466,motiongen_sweep_00,2466,66.560853071795862,1,41.100000000000001,0,eligible
motiongen_2467,motiongen_sweep_00,2467,66.586853071795872,1,41.116999999999997,0,eligible
motiongen_2468,motiongen_sweep_00,2468,66.613853071795859,1,41.133000000000003,0,eligible
motiongen_2469,motiongen_sweep_00,2469,66.639853071795869,1,41.149999999999999,0,eligible
motiongen_2470,motiongen_sweep_00,2470,66.665853071795851,1,41.167000000000002,0,eligible
motiongen_2471,motiongen_sweep_00,2471,66.692853071795867,1,41.183,0,eligible
motiongen_2472,motiongen_sweep_00,2472,66.718853071795863,1,41.200000000000003,0,eligible
motiongen_2473,motiongen_sweep_00,2473,66.745853071795864,1,41.216999999999999,0,eligible
motiongen_2474,motiongen_sweep_00,2474,66.77185307179586,1,41.232999999999997,0,eligible
motiongen_2475,motiongen_sweep_00,2475,66.797853071795856,1,41.25,0,eligible
motiongen_2476,motiongen_sweep_00,2476,66.824853071795872,1,41.267000000000003,0,eligible
motiongen_2477,motiongen_sweep_00,2477,66.850853071795854,1,41.283000000000001,0,eligible
motiongen_2478,motiongen_sweep_00,2478,66.876853071795864,1,41.299999999999997,0,eligible
motiongen_2479,motiongen_sweep_00,2479,66.903853071795851,1,41.317,0,eligible
motiongen_2480,motiongen_sweep_00,2480,66.929853071795861,1,41.332999999999998,0,eligible
motiongen_2481,motiongen_sweep_00,2481,66.955853071795872,1,41.350000000000001,0,eligible
motiongen_2482,motiongen_sweep_00,2482,66.982853071795859,1,41.366999999999997,0,eligible
motiongen_2483,motiongen_sweep_00,2483,67.008853071795869,1,41.383000000000003,0,eligible
motiongen_2484,motiongen_sweep_00,2484,67.034853071795851,1,41.399999999999999,0,eligible
motiongen_2485,motiongen_sweep_00,2485,67.061853071795866,1,41.417000000000002,0,eligible
motiongen_2486,motiongen_sweep_00,2486,67.087853071795863,1,41.433,0,eligible
motiongen_2487,motiongen_sweep_00,2487,67.114853071795864,1,41.450000000000003,0,eligible
motiongen_2488,motiongen_sweep_00,2488,67.140853071795874,1,41.466999999999999,0,eligible
motiongen_2489,motiongen_sweep_00,2489,67.166853071795856,1,41.482999999999997,0,eligible
motiongen_2490,motiongen_sweep_00,2490,67.193853071795871,1,41.5,0,eligible
motiongen_2491,motiongen_sweep_00,2491,67.219853071795853,1,41.517000000000003,0,eligible
motiongen_2492,motiongen_sweep_00,2492,67.245853071795864,1,41.533000000000001,0,eligible
motiongen_2493,motiongen_sweep_00,2493,67.272853071795851,1,41.549999999999997,0,eligible
motiongen_2494,motiongen_sweep_00,2494,67.298853071795861,1,41.567,0,eligible
motiongen_2495,motiongen_sweep_00,2495,67.324853071795872,1,41.582999999999998,0,eligible
motiongen_2496,motiongen_sweep_00,2496,67.351853071795858,1,41.600000000000001,0,eligible
motiongen_2497,motiongen_sweep_00,2497,67.377853071795869,1,41.616999999999997,0,eligible
motiongen_2498,motiongen_sweep_00,2498,67.403853071795851,1,41.633000000000003,0,eligible
motiongen_2499,motiongen_sweep_00,2499,67.430853071795866,1,41.649999999999999,0,eligible
motiongen_2500,motiongen_sweep_00,2500,67.456853071795862,1,41.667000000000002,0,eligible
motiongen_2501,motiongen_sweep_00,2501,67.482853071795859,1,41.683,0,eligible
motiongen_2502,motiongen_sweep_00,2502,67.509853071795874,1,41.700000000000003,0,eligible
motiongen_2503,motiongen_sweep_00,2503,67.535853071795856,1,41.716999999999999,0,eligible
motiongen_2504,motiongen_sweep_00,2504,67.562853071795871,1,41.732999999999997,0,eligible
motiongen_2505,motiongen_sweep_00,2505,67.588853071795853,1,41.75,0,eligible
motiongen_2506,motiongen_sweep_00,2506,67.614853071795864,1,41.767000000000003,0,eligible
motiongen_2507,motiongen_sweep_00,2507,67.64185307179585,1,41.783000000000001,0,eligible
motiongen_2508,motiongen_sweep_00,2508,67.667853071795861,1,41.799999999999997,0,eligible
motiongen_2509,motiongen_sweep_00,2509,67.693853071795871,1,41.817,0,eligible
motiongen_2510,motiongen_sweep_00,2510,67.720853071795858,1,41.832999999999998,0,eligible
motiongen_2511,motiongen_sweep_00,2511,67.746853071795869,1,41.850000000000001,0,eligible
motiongen_2512,motiongen_sweep_00,2512,67.772853071795851,1,41.866999999999997,0,eligible
motiongen_2513,motiongen_sweep_00,2513,67.799853071795866,1,41.883000000000003,0,eligible
motiongen_2514,motiongen_sweep_00,2514,67.825853071795862,1,41.899999999999999,0,eligible
motiongen_2515,motiongen_sweep_00,2515,67.851853071795858,1,41.917000000000002,0,eligible
motiongen_2516,motiongen_sweep_00,2516,67.878853071795874,1,41.933,0,eligible
motiongen_2517,motiongen_sweep_00,2517,67.904853071795856,1,41.950000000000003,0,eligible
motiongen_2518,motiongen_sweep_00,2518,67.931853071795871,1,41.966999999999999,0,eligible
motiongen_2519,motiongen_sweep_00,2519,67.957853071795853,1,41.982999999999997,0,eligible
motiongen_2520,motiongen_sweep_00,2520,67.983853071795863,1,42,0,eligible
motiongen_2521,motiongen_sweep_00,2521,68.010853071795864,1,42.017000000000003,0,eligible
motiongen_2522,motiongen_sweep_00,2522,68.036853071795861,1,42.033000000000001,0,eligible
motiongen_2523,motiongen_sweep_00,2523,68.062853071795871,1,42.049999999999997,0,eligible
motiongen_2524,motiongen_sweep_00,2524,68.089853071795858,1,42.067,0,eligible
motiongen_2525,motiongen_sweep_00,2525,68.115853071795868,1,42.082999999999998,0,eligible
motiongen_2526,motiongen_sweep_00,2526,68.14185307179585,1,42.100000000000001,0,eligible
motiongen_2527,motiongen_sweep_00,2527,68.168853071795866,1,42.116999999999997,0,eligible
motiongen_2528,motiongen_sweep_00,2528,68.194853071795862,1,42.133000000000003,0,eligible
motiongen_2529,motiongen_sweep_00,2529,68.220853071795858,1,42.149999999999999,0,eligible
motiongen_2530,motiongen_sweep_00,2530,68.247853071795873,1,42.167000000000002,0,eligible
motiongen_2531,motiongen_sweep_00,2531,68.273853071795855,1,42.183,0,eligible
motiongen_2532,motiongen_sweep_00,2532,68.299853071795866,1,42.200000000000003,0,eligible
motiongen_2533,motiongen_sweep_00,2533,68.326853071795853,1,42.216999999999999,0,eligible
motiongen_2534,motiongen_sweep_00,2534,68.352853071795863,1,42.232999999999997,0,eligible
motiongen_2535,motiongen_sweep_00,2535,68.379853071795864,1,42.25,0,eligible
motiongen_2536,motiongen_sweep_00,2536,68.40585307179586,1,42.267000000000003,0,eligible
motiongen_2537,motiongen_sweep_00,2537,68.431853071795871,1,42.283000000000001,0,eligible
motiongen_2538,motiongen_sweep_00,2538,68.458853071795858,1,42.299999999999997,0,eligible
motiongen_2539,motiongen_sweep_00,2539,68.484853071795868,1,42.317,0,eligible
motiongen_2540,motiongen_sweep_00,2540,68.510853071795864,1,42.332999999999998,0,eligible
motiongen_2541,motiongen_sweep_00,2541,68.537853071795865,1,42.350000000000001,0,eligible
motiongen_2542,motiongen_sweep_00,2542,68.563853071795862,1,42.366999999999997,0,eligible
motiongen_2543,motiongen_sweep_00,2543,68.589853071795858,1,42.383000000000003,0,eligible
motiongen_2544,motiongen_sweep_00,2544,68.616853071795873,1,42.399999999999999,0,eligible
motiongen_2545,motiongen_sweep_00,2545,68.642853071795855,1,42.417000000000002,0,eligible
motiongen_2546,motiongen_sweep_00,2546,68.668853071795866,1,42.433,0,eligible
motiongen_2547,motiongen_sweep_00,2547,68.695853071795852,1,42.450000000000003,0,eligible
motiongen_2548,motiongen_sweep_00,2548,68.721853071795863,1,42.466999999999999,0,eligible
motiongen_2549,motiongen_sweep_00,2549,68.747853071795873,1,42.482999999999997,0,eligible
motiongen_2550,motiongen_sweep_00,2550,68.77485307179586,1,42.5,0,eligible
motiongen_2551,motiongen_sweep_00,2551,68.800853071795871,1,42.517000000000003,0,eligible
motiongen_2552,motiongen_sweep_00,2552,68.827853071795857,1,42.533000000000001,0,eligible
motiongen_2553,motiongen_sweep_00,2553,68.853853071795868,1,42.549999999999997,0,eligible
motiongen_2554,motiongen_sweep_00,2554,68.879853071795864,1,42.567,0,eligible
motiongen_2555,motiongen_sweep_00,2555,68.906853071795865,1,42.582999999999998,0,eligible
motiongen_2556,motiongen_sweep_00,2556,68.932853071795861,1,42.600000000000001,0,eligible
motiongen_2557,motiongen_sweep_00,2557,68.958853071795858,1,42.616999999999997,0,eligible
motiongen_2558,motiongen_sweep_00,2558,68.985853071795873,1,42.633000000000003,0,eligible
motiongen_2559,motiongen_sweep_00,2559,69.011853071795855,1,42.649999999999999,0,eligible
motiongen_2560,motiongen_sweep_00,2560,69.037853071795865,1,42.667000000000002,0,eligible
motiongen_2561,motiongen_sweep_00,2561,69.064853071795852,1,42.683,0,eligible
motiongen_2562,motiongen_sweep_00,2562,69.090853071795863,1,42.700000000000003,0,eligible
motiongen_2563,motiongen_sweep_00,2563,69.117038378975451,1,42.716999999999999,0,eligible
motiongen_2564,motiongen_sweep_00,2564,69.144038378975438,1,42.732999999999997,0,eligible
motiongen_2565,motiongen_sweep_00,2565,69.170038378975448,1,42.75,0,eligible
motiongen_2566,motiongen_sweep_00,2566,69.196038378975459,1,42.767000000000003,0,eligible
motiongen_2567,motiongen_sweep_00,2567,69.223038378975446,1,42.783000000000001,0,eligible
motiongen_2568,motiongen_sweep_00,2568,69.249038378975456,1,42.799999999999997,0,eligible
motiongen_2569,motiongen_sweep_00,2569,69.275038378975438,1,42.817,0,eligible
motiongen_2570,motiongen_sweep_00,2570,69.302038378975453,1,42.832999999999998,0,eligible
motiongen_2571,motiongen_sweep_00,2571,69.32803837897545,1,42.850000000000001,0,eligible
motiongen_2572,motiongen_sweep_00,2572,69.354038378975446,1,42.866999999999997,0,eligible
motiongen_2573,motiongen_sweep_00,2573,69.381038378975447,1,42.883000000000003,0,eligible
motiongen_2574,motiongen_sweep_00,2574,69.407038378975443,1,42.899999999999999,0,eligible
motiongen_2575,motiongen_sweep_00,2575,69.434038378975458,1,42.917000000000002,0,eligible
motiongen_2576,motiongen_sweep_00,2576,69.46003837897544,1,42.933,0,eligible
motiongen_2577,motiongen_sweep_00,2577,69.486038378975451,1,42.950000000000003,0,eligible
motiongen_2578,motiongen_sweep_00,2578,69.513038378975438,1,42.966999999999999,0,eligible
motiongen_2579,motiongen_sweep_00,2579,69.539038378975448,1,42.982999999999997,0,eligible
motiongen_2580,motiongen_sweep_00,2580,69.565038378975458,1,43,0,eligible
motiongen_2581,motiongen_sweep_00,2581,69.592038378975445,1,43.017000000000003,0,eligible
motiongen_2582,motiongen_sweep_00,2582,69.618038378975456,1,43.033000000000001,0,eligible
motiongen_2583,motiongen_sweep_00,2583,69.644038378975438,1,43.049999999999997,0,eligible
motiongen_2584,motiongen_sweep_00,2584,69.671038378975453,1,43.067,0,eligible
motiongen_2585,motiongen_sweep_00,2585,69.697038378975449,1,43.082999999999998,0,eligible
motiongen_2586,motiongen_sweep_00,2586,69.723038378975446,1,43.100000000000001,0,eligible
motiongen_2587,motiongen_sweep_00,2587,69.750038378975447,1,43.116999999999997,0,eligible
motiongen_2588,motiongen_sweep_00,2588,69.776038378975443,1,43.133000000000003,0,eligible
motiongen_2589,motiongen_sweep_00,2589,69.802038378975453,1,43.149999999999999,0,eligible
motiongen_2590,motiongen_sweep_00,2590,69.82903837897544,1,43.167000000000002,0,eligible
motiongen_2591,motiongen_sweep_00,2591,69.855038378975451,1,43.183,0,eligible
motiongen_2592,motiongen_sweep_00,2592,69.882038378975452,1,43.200000000000003,0,eligible
motiongen_2593,motiongen_sweep_00,2593,69.908038378975448,1,43.216999999999999,0,eligible
motiongen_2594,motiongen_sweep_00,2594,69.934038378975444,1,43.232999999999997,0,eligible
motiongen_2595,motiongen_sweep_00,2595,69.961038378975445,1,43.25,0,eligible
motiongen_2596,motiongen_sweep_00,2596,69.987038378975456,1,43.267000000000003,0,eligible
motiongen_2597,motiongen_sweep_00,2597,70.013038378975452,1,43.283000000000001,0,eligible
motiongen_2598,motiongen_sweep_00,2598,70.040038378975453,1,43.299999999999997,0,eligible
motiongen_2599,motiongen_sweep_00,2599,70.066038378975449,1,43.317,0,eligible
motiongen_2600,motiongen_sweep_00,2600,70.092038378975445,1,43.332999999999998,0,eligible
motiongen_2601,motiongen_sweep_00,2601,70.119038378975446,1,43.350000000000001,0,eligible
motiongen_2602,motiongen_sweep_00,2602,70.145038378975443,1,43.366999999999997,0,eligible
motiongen_2603,motiongen_sweep_00,2603,70.171038378975453,1,43.383000000000003,0,eligible
motiongen_2604,motiongen_sweep_00,2604,70.19803837897544,1,43.399999999999999,0,eligible
motiongen_2605,motiongen_sweep_00,2605,70.22403837897545,1,43.417000000000002,0,eligible
motiongen_2606,motiongen_sweep_00,2606,70.251038378975451,1,43.433,0,eligible
motiongen_2607,motiongen_sweep_00,2607,70.277038378975448,1,43.450000000000003,0,eligible
motiongen_2608,motiongen_sweep_00,2608,70.303038378975458,1,43.466999999999999,0,eligible
motiongen_2609,motiongen_sweep_00,2609,70.330038378975445,1,43.482999999999997,0,eligible
motiongen_2610,motiongen_sweep_00,2610,70.356038378975455,1,43.5,0,eligible
motiongen_2611,motiongen_sweep_00,2611,70.382038378975466,1,43.517000000000003,0,eligible
motiongen_2612,motiongen_sweep_00,2612,70.409038378975453,1,43.533000000000001,0,eligible
motiongen_2613,motiongen_sweep_00,2613,70.435038378975463,1,43.549999999999997,0,eligible
motiongen_2614,motiongen_sweep_00,2614,70.461038378975445,1,43.567,0,eligible
motiongen_2615,motiongen_sweep_00,2615,70.48803837897546,1,43.582999999999998,0,eligible
motiongen_2616,motiongen_sweep_00,2616,70.514038378975442,1,43.600000000000001,0,eligible
motiongen_2617,motiongen_sweep_00,2617,70.540038378975453,1,43.616999999999997,0,eligible
motiongen_2618,motiongen_sweep_00,2618,70.56703837897544,1,43.633000000000003,0,eligible
motiongen_2619,motiongen_sweep_00,2619,70.59303837897545,1,43.649999999999999,0,eligible
motiongen_2620,motiongen_sweep_00,2620,70.619038378975461,1,43.667000000000002,0,eligible
motiongen_2621,motiongen_sweep_00,2621,70.646038378975447,1,43.683,0,eligible
motiongen_2622,motiongen_sweep_00,2622,70.672038378975458,1,43.700000000000003,0,eligible
motiongen_2623,motiongen_sweep_00,2623,70.699038378975445,1,43.716999999999999,0,eligible
motiongen_2624,motiongen_sweep_00,2624,70.725038378975455,1,43.732999999999997,0,eligible
motiongen_2625,motiongen_sweep_00,2625,70.751038378975466,1,43.75,0,eligible
motiongen_2626,motiongen_sweep_00,2626,70.778038378975452,1,43.767000000000003,0,eligible
motiongen_2627,motiongen_sweep_00,2627,70.804038378975463,1,43.783000000000001,0,eligible
motiongen_2628,motiongen_sweep_00,2628,70.830038378975445,1,43.799999999999997,0,eligible
motiongen_2629,motiongen_sweep_00,2629,70.85703837897546,1,43.817,0,eligible
motiongen_2630,motiongen_sweep_00,2630,70.883038378975442,1,43.832999999999998,0,eligible
motiongen_2631,motiongen_sweep_00,2631,70.909038378975453,1,43.850000000000001,0,eligible
motiongen_2632,motiongen_sweep_00,2632,70.936038378975439,1,43.866999999999997,0,eligible
motiongen_2633,motiongen_sweep_00,2633,70.96203837897545,1,43.883000000000003,0,eligible
motiongen_2634,motiongen_sweep_00,2634,70.98803837897546,1,43.899999999999999,0,eligible
motiongen_2635,motiongen_sweep_00,2635,71.015038378975447,1,43.917000000000002,0,eligible
motiongen_2636,motiongen_sweep_00,2636,71.041038378975458,1,43.933,0,eligible
motiongen_2637,motiongen_sweep_00,2637,71.06703837897544,1,43.950000000000003,0,eligible
motiongen_2638,motiongen_sweep_00,2638,71.094038378975455,1,43.966999999999999,0,eligible
motiongen_2639,motiongen_sweep_00,2639,71.120038378975465,1,43.982999999999997,0,eligible
motiongen_2640,motiongen_sweep_00,2640,71.147038378975452,1,44,0,eligible
motiongen_2641,motiongen_sweep_00,2641,71.173038378975463,1,44.017000000000003,0,eligible
motiongen_2642,motiongen_sweep_00,2642,71.199038378975445,1,44.033000000000001,0,eligible
motiongen_2643,motiongen_sweep_00,2643,71.22603837897546,1,44.049999999999997,0,eligible
motiongen_2644,motiongen_sweep_00,2644,71.252038378975442,1,44.067,0,eligible
motiongen_2645,motiongen_sweep_00,2645,71.278038378975452,1,44.082999999999998,0,eligible
motiongen_2646,motiongen_sweep_00,2646,71.305038378975439,1,44.100000000000001,0,eligible
motiongen_2647,motiongen_sweep_00,2647,71.33103837897545,1,44.116999999999997,0,eligible
motiongen_2648,motiongen_sweep_00,2648,71.35703837897546,1,44.133000000000003,0,eligible
motiongen_2649,motiongen_sweep_00,2649,71.384038378975447,1,44.149999999999999,0,eligible
motiongen_2650,motiongen_sweep_00,2650,71.410038378975457,1,44.167000000000002,0,eligible
motiongen_2651,motiongen_sweep_00,2651,71.436038378975439,1,44.183,0,eligible
motiongen_2652,motiongen_sweep_00,2652,71.463038378975455,1,44.200000000000003,0,eligible
motiongen_2653,motiongen_sweep_00,2653,71.489038378975465,1,44.216999999999999,0,eligible
motiongen_2654,motiongen_sweep_00,2654,71.516038378975452,1,44.232999999999997,0,eligible
motiongen_2655,motiongen_sweep_00,2655,71.542038378975462,1,44.25,0,eligible
motiongen_2656,motiongen_sweep_00,2656,71.568038378975444,1,44.267000000000003,0,eligible
motiongen_2657,motiongen_sweep_00,2657,71.59503837897546,1,44.283000000000001,0,eligible
motiongen_2658,motiongen_sweep_00,2658,71.621038378975442,1,44.299999999999997,0,eligible
motiongen_2659,motiongen_sweep_00,2659,71.647038378975452,1,44.317,0,eligible
motiongen_2660,motiongen_sweep_00,2660,71.674038378975467,1,44.332999999999998,0,eligible
motiongen_2661,motiongen_sweep_00,2661,71.700038378975449,1,44.350000000000001,0,eligible
motiongen_2662,motiongen_sweep_00,2662,71.72603837897546,1,44.366999999999997,0,eligible
motiongen_2663,motiongen_sweep_00,2663,71.753038378975447,1,44.383000000000003,0,eligible
motiongen_2664,motiongen_sweep_00,2664,71.779038378975457,1,44.399999999999999,0,eligible
motiongen_2665,motiongen_sweep_00,2665,71.805038378975439,1,44.417000000000002,0,eligible
motiongen_2666,motiongen_sweep_00,2666,71.832038378975454,1,44.433,0,eligible
motiongen_2667,motiongen_sweep_00,2667,71.858038378975465,1,44.450000000000003,0,eligible
motiongen_2668,motiongen_sweep_00,2668,71.884038378975447,1,44.466999999999999,0,eligible
motiongen_2669,motiongen_sweep_00,2669,71.911038378975462,1,44.482999999999997,0,eligible
motiongen_2670,motiongen_sweep_00,2670,71.937038378975444,1,44.5,0,eligible
motiongen_2671,motiongen_sweep_00,2671,71.964038378975459,1,44.517000000000003,0,eligible
motiongen_2672,motiongen_sweep_00,2672,71.990038378975441,1,44.533000000000001,0,eligible
motiongen_2673,motiongen_sweep_00,2673,72.016038378975452,1,44.549999999999997,0,eligible
motiongen_2674,motiongen_sweep_00,2674,72.043038378975467,1,44.567,0,eligible
motiongen_2675,motiongen_sweep_00,2675,72.069038378975449,1,44.582999999999998,0,eligible
motiongen_2676,motiongen_sweep_00,2676,72.09503837897546,1,44.600000000000001,0,eligible
motiongen_2677,motiongen_sweep_00,2677,72.122038378975446,1,44.616999999999997,0,eligible
motiongen_2678,motiongen_sweep_00,2678,72.148038378975457,1,44.633000000000003,0,eligible
motiongen_2679,motiongen_sweep_00,2679,72.174038378975467,1,44.649999999999999,0,eligible
motiongen_2680,motiongen_sweep_00,2680,72.201038378975454,1,44.667000000000002,0,eligible
motiongen_2681,motiongen_sweep_00,2681,72.227038378975465,1,44.683,0,eligible
motiongen_2682,motiongen_sweep_00,2682,72.253038378975447,1,44.700000000000003,0,eligible
motiongen_2683,motiongen_sweep_00,2683,72.280038378975462,1,44.716999999999999,0,eligible
motiongen_2684,motiongen_sweep_00,2684,72.306038378975444,1,44.732999999999997,0,eligible
motiongen_2685,motiongen_sweep_00,2685,72.333038378975459,1,44.75,0,eligible
motiongen_2686,motiongen_sweep_00,2686,72.359038378975441,1,44.767000000000003,0,eligible
motiongen_2687,motiongen_sweep_00,2687,72.385038378975452,1,44.783000000000001,0,eligible
motiongen_2688,motiongen_sweep_00,2688,72.412038378975467,1,44.799999999999997,0,eligible
motiongen_2689,motiongen_sweep_00,2689,72.438038378975449,1,44.817,0,eligible
motiongen_2690,motiongen_sweep_00,2690,72.464038378975459,1,44.832999999999998,0,eligible
motiongen_2691,motiongen_sweep_00,2691,72.491038378975446,1,44.850000000000001,0,eligible
motiongen_2692,motiongen_sweep_00,2692,72.517038378975457,1,44.866999999999997,0,eligible
motiongen_2693,motiongen_sweep_00,2693,72.543038378975467,1,44.883000000000003,0,eligible
motiongen_2694,motiongen_sweep_00,2694,72.570038378975454,1,44.899999999999999,0,eligible
motiongen_2695,motiongen_sweep_00,2695,72.596038378975464,1,44.917000000000002,0,eligible
motiongen_2696,motiongen_sweep_00,2696,72.622038378975446,1,44.933,0,eligible
motiongen_2697,motiongen_sweep_00,2697,72.649038378975462,1,44.950000000000003,0,eligible
motiongen_2698,motiongen_sweep_00,2698,72.675038378975444,1,44.966999999999999,0,eligible
motiongen_2699,motiongen_sweep_00,2699,72.701038378975454,1,44.982999999999997,0,eligible
motiongen_2700,motiongen_sweep_00,2700,72.728038378975441,1,45,0,eligible
motiongen_2701,motiongen_sweep_00,2701,72.754038378975451,1,45.017000000000003,0,eligible
motiongen_2702,motiongen_sweep_00,2702,72.781038378975467,1,45.033000000000001,0,eligible
motiongen_2703,motiongen_sweep_00,2703,72.807038378975449,1,45.049999999999997,0,eligible
motiongen_2704,motiongen_sweep_00,2704,72.833038378975459,1,45.067,0,eligible
motiongen_2705,motiongen_sweep_00,2705,72.860038378975446,1,45.082999999999998,0,eligible
motiongen_2706,motiongen_sweep_00,2706,72.886038378975456,1,45.100000000000001,0,eligible
motiongen_2707,motiongen_sweep_00,2707,72.912038378975467,1,45.116999999999997,0,eligible
motiongen_2708,motiongen_sweep_00,2708,72.939038378975454,1,45.133000000000003,0,eligible
motiongen_2709,motiongen_sweep_00,2709,72.965038378975464,1,45.149999999999999,0,eligible
motiongen_2710,motiongen_sweep_00,2710,72.991038378975446,1,45.167000000000002,0,eligible
motiongen_2711,motiongen_sweep_00,2711,73.018038378975461,1,45.183,0,eligible
motiongen_2712,motiongen_sweep_00,2712,73.044038378975443,1,45.200000000000003,0,eligible
motiongen_2713,motiongen_sweep_00,2713,73.070038378975454,1,45.216999999999999,0,eligible
motiongen_2714,motiongen_sweep_00,2714,73.097038378975441,1,45.232999999999997,0,eligible
motiongen_2715,motiongen_sweep_00,2715,73.123038378975451,1,45.25,0,eligible
motiongen_2716,motiongen_sweep_00,2716,73.150038378975466,1,45.267000000000003,0,eligible
motiongen_2717,motiongen_sweep_00,2717,73.176038378975448,1,45.283000000000001,0,eligible
motiongen_2718,motiongen_sweep_00,2718,73.202038378975459,1,45.299999999999997,0,eligible
motiongen_2719,motiongen_sweep_00,2719,73.229038378975446,1,45.317,0,eligible
motiongen_2720,motiongen_sweep_00,2720,73.255038378975456,1,45.332999999999998,0,eligible
motiongen_2721,motiongen_sweep_00,2721,73.281038378975467,1,45.350000000000001,0,eligible
motiongen_2722,motiongen_sweep_00,2722,73.308038378975453,1,45.366999999999997,0,eligible
motiongen_2723,motiongen_sweep_00,2723,73.334038378975464,1,45.383000000000003,0,eligible
motiongen_2724,motiongen_sweep_00,2724,73.360038378975446,1,45.399999999999999,0,eligible
motiongen_2725,motiongen_sweep_00,2725,73.387038378975461,1,45.417000000000002,0,eligible
motiongen_2726,motiongen_sweep_00,2726,73.413038378975443,1,45.433,0,eligible
motiongen_2727,motiongen_sweep_00,2727,73.439038378975454,1,45.450000000000003,0,eligible
motiongen_2728,motiongen_sweep_00,2728,73.466038378975441,1,45.466999999999999,0,eligible
motiongen_2729,motiongen_sweep_00,2729,73.492038378975451,1,45.482999999999997,0,eligible
motiongen_2730,motiongen_sweep_00,2730,73.518038378975461,1,45.5,0,eligible
motiongen_2731,motiongen_sweep_00,2731,73.545038378975448,1,45.517000000000003,0,eligible
motiongen_2732,motiongen_sweep_00,2732,73.571038378975459,1,45.533000000000001,0,eligible
motiongen_2733,motiongen_sweep_00,2733,73.598038378975446,1,45.549999999999997,0,eligible
motiongen_2734,motiongen_sweep_00,2734,73.624038378975456,1,45.567,0,eligible
motiongen_2735,motiongen_sweep_00,2735,73.650038378975466,1,45.582999999999998,0,eligible
motiongen_2736,motiongen_sweep_00,2736,73.677038378975453,1,45.600000000000001,0,eligible
motiongen_2737,motiongen_sweep_00,2737,73.703038378975464,1,45.616999999999997,0,eligible
motiongen_2738,motiongen_sweep_00,2738,73.729038378975446,1,45.633000000000003,0,eligible
motiongen_2739,motiongen_sweep_00,2739,73.756038378975461,1,45.649999999999999,0,eligible
motiongen_2740,motiongen_sweep_00,2740,73.782038378975443,1,45.667000000000002,0,eligible
motiongen_2741,motiongen_sweep_00,2741,73.808038378975453,1,45.683,0,eligible
motiongen_2742,motiongen_sweep_00,2742,73.83503837897544,1,45.700000000000003,0,eligible
motiongen_2743,motiongen_sweep_00,2743,73.861038378975451,1,45.716999999999999,0,eligible
motiongen_2744,motiongen_sweep_00,2744,73.887038378975461,1,45.732999999999997,0,eligible
motiongen_2745,motiongen_sweep_00,2745,73.914038378975448,1,45.75,0,eligible
motiongen_2746,motiongen_sweep_00,2746,73.940038378975458,1,45.767000000000003,0,eligible
motiongen_2747,motiongen_sweep_00,2747,73.966038378975441,1,45.783000000000001,0,eligible
motiongen_2748,motiongen_sweep_00,2748,73.993038378975456,1,45.799999999999997,0,eligible
motiongen_2749,motiongen_sweep_00,2749,74.019038378975466,1,45.817,0,eligible
motiongen_2750,motiongen_sweep_00,2750,74.046038378975453,1,45.832999999999998,0,eligible
motiongen_2751,motiongen_sweep_00,2751,74.072038378975464,1,45.850000000000001,0,eligible
motiongen_2752,motiongen_sweep_00,2752,74.098038378975446,1,45.866999999999997,0,eligible
motiongen_2753,motiongen_sweep_00,2753,74.125038378975461,1,45.883000000000003,0,eligible
motiongen_2754,motiongen_sweep_00,2754,74.151038378975443,1,45.899999999999999,0,eligible
motiongen_2755,motiongen_sweep_00,2755,74.177038378975453,1,45.917000000000002,0,eligible
motiongen_2756,motiongen_sweep_00,2756,74.20403837897544,1,45.933,0,eligible
motiongen_2757,motiongen_sweep_00,2757,74.230038378975451,1,45.950000000000003,0,eligible
motiongen_2758,motiongen_sweep_00,2758,74.256038378975461,1,45.966999999999999,0,eligible
motiongen_2759,motiongen_sweep_00,2759,74.283038378975448,1,45.982999999999997,0,eligible
motiongen_2760,motiongen_sweep_00,2760,74.309038378975458,1,46,0,eligible
motiongen_2761,motiongen_sweep_00,2761,74.33503837897544,1,46.017000000000003,0,eligible
motiongen_2762,motiongen_sweep_00,2762,74.362038378975456,1,46.033000000000001,0,eligible
motiongen_2763,motiongen_sweep_00,2763,74.388038378975466,1,46.049999999999997,0,eligible
motiongen_2764,motiongen_sweep_00,2764,74.415038378975453,1,46.067,0,eligible
motiongen_2765,motiongen_sweep_00,2765,74.441038378975463,1,46.082999999999998,0,eligible
motiongen_2766,motiongen_sweep_00,2766,74.467038378975445,1,46.100000000000001,0,eligible
motiongen_2767,motiongen_sweep_00,2767,74.494038378975461,1,46.116999999999997,0,eligible
motiongen_2768,motiongen_sweep_00,2768,74.520038378975443,1,46.133000000000003,0,eligible
motiongen_2769,motiongen_sweep_00,2769,74.546038378975453,1,46.149999999999999,0,eligible
motiongen_2770,motiongen_sweep_00,2770,74.57303837897544,1,46.167000000000002,0,eligible
motiongen_2771,motiongen_sweep_00,2771,74.59903837897545,1,46.183,0,eligible
motiongen_2772,motiongen_sweep_00,2772,74.625038378975461,1,46.200000000000003,0,eligible
motiongen_2773,motiongen_sweep_00,2773,74.652038378975448,1,46.216999999999999,0,eligible
motiongen_2774,motiongen_sweep_00,2774,74.678038378975458,1,46.232999999999997,0,eligible
motiongen_2775,motiongen_sweep_00,2775,74.70403837897544,1,46.25,0,eligible
motiongen_2776,motiongen_sweep_00,2776,74.731038378975455,1,46.267000000000003,0,eligible
motiongen_2777,motiongen_sweep_00,2777,74.757038378975466,1,46.283000000000001,0,eligible
motiongen_2778,motiongen_sweep_00,2778,74.783038378975448,1,46.299999999999997,0,eligible
motiongen_2779,motiongen_sweep_00,2779,74.810038378975463,1,46.317,0,eligible
motiongen_2780,motiongen_sweep_00,2780,74.836038378975445,1,46.332999999999998,0,eligible
motiongen_2781,motiongen_sweep_00,2781,74.86303837897546,1,46.350000000000001,0,eligible
motiongen_2782,motiongen_sweep_00,2782,74.889038378975442,1,46.366999999999997,0,eligible
motiongen_2783,motiongen_sweep_00,2783,74.915038378975453,1,46.383000000000003,0,eligible
motiongen_2784,motiongen_sweep_00,2784,74.94203837897544,1,46.399999999999999,0,eligible
motiongen_2785,motiongen_sweep_00,2785,74.96803837897545,1,46.417000000000002,0,eligible
motiongen_2786,motiongen_sweep_00,2786,74.994038378975461,1,46.433,0,eligible
motiongen_2787,motiongen_sweep_00,2787,75.021038378975447,1,46.450000000000003,0,eligible
motiongen_2788,motiongen_sweep_00,2788,75.047038378975458,1,46.466999999999999,0,eligible
motiongen_2789,motiongen_sweep_00,2789,75.07303837897544,1,46.482999999999997,0,eligible
motiongen_2790,motiongen_sweep_00,2790,75.100038378975455,1,46.5,0,eligible
motiongen_2791,motiongen_sweep_00,2791,75.126038378975466,1,46.517000000000003,0,eligible
motiongen_2792,motiongen_sweep_00,2792,75.152038378975448,1,46.533000000000001,0,eligible
motiongen_2793,motiongen_sweep_00,2793,75.179038378975463,1,46.549999999999997,0,eligible
motiongen_2794,motiongen_sweep_00,2794,75.205038378975445,1,46.567,0,eligible
motiongen_2795,motiongen_sweep_00,2795,75.23203837897546,1,46.582999999999998,0,eligible
motiongen_2796,motiongen_sweep_00,2796,75.258038378975442,1,46.600000000000001,0,eligible
motiongen_2797,motiongen_sweep_00,2797,75.284038378975453,1,46.616999999999997,0,eligible
motiongen_2798,motiongen_sweep_00,2798,75.311038378975439,1,46.633000000000003,0,eligible
motiongen_2799,motiongen_sweep_00,2799,75.33703837897545,1,46.649999999999999,0,eligible
motiongen_2800,motiongen_sweep_00,2800,75.36303837897546,1,46.667000000000002,0,eligible
motiongen_2801,motiongen_sweep_00,2801,75.390038378975447,1,46.683,0,eligible
motiongen_2802,motiongen_sweep_00,2802,75.416223686155035,1,46.700000000000003,0,eligible
motiongen_2803,motiongen_sweep_00,2803,75.442223686155046,1,46.716999999999999,0,eligible
motiongen_2804,motiongen_sweep_00,2804,75.469223686155033,1,46.732999999999997,0,eligible
motiongen_2805,motiongen_sweep_00,2805,75.495223686155043,1,46.75,0,eligible
motiongen_2806,motiongen_sweep_00,2806,75.521223686155054,1,46.767000000000003,0,eligible
motiongen_2807,motiongen_sweep_00,2807,75.54822368615504,1,46.783000000000001,0,eligible
motiongen_2808,motiongen_sweep_00,2808,75.574223686155051,1,46.799999999999997,0,eligible
motiongen_2809,motiongen_sweep_00,2809,75.600223686155033,1,46.817,0,eligible
motiongen_2810,motiongen_sweep_00,2810,75.627223686155048,1,46.832999999999998,0,eligible
motiongen_2811,motiongen_sweep_00,2811,75.65322368615503,1,46.850000000000001,0,eligible
motiongen_2812,motiongen_sweep_00,2812,75.679223686155041,1,46.866999999999997,0,eligible
motiongen_2813,motiongen_sweep_00,2813,75.706223686155028,1,46.883000000000003,0,eligible
motiongen_2814,motiongen_sweep_00,2814,75.732223686155038,1,46.899999999999999,0,eligible
motiongen_2815,motiongen_sweep_00,2815,75.758223686155048,1,46.917000000000002,0,eligible
motiongen_2816,motiongen_sweep_00,2816,75.785223686155035,1,46.933,0,eligible
motiongen_2817,motiongen_sweep_00,2817,75.811223686155046,1,46.950000000000003,0,eligible
motiongen_2818,motiongen_sweep_00,2818,75.837223686155028,1,46.966999999999999,0,eligible
motiongen_2819,motiongen_sweep_00,2819,75.864223686155043,1,46.982999999999997,0,eligible
motiongen_2820,motiongen_sweep_00,2820,75.890223686155053,1,47,0,eligible
motiongen_2821,motiongen_sweep_00,2821,75.91722368615504,1,47.017000000000003,0,eligible
motiongen_2822,motiongen_sweep_00,2822,75.943223686155051,1,47.033000000000001,0,eligible
motiongen_2823,motiongen_sweep_00,2823,75.969223686155033,1,47.049999999999997,0,eligible
motiongen_2824,motiongen_sweep_00,2824,75.996223686155048,1,47.067,0,eligible
motiongen_2825,motiongen_sweep_00,2825,76.02222368615503,1,47.082999999999998,0,eligible
motiongen_2826,motiongen_sweep_00,2826,76.04822368615504,1,47.100000000000001,0,eligible
motiongen_2827,motiongen_sweep_00,2827,76.075223686155027,1,47.116999999999997,0,eligible
motiongen_2828,motiongen_sweep_00,2828,76.101223686155038,1,47.133000000000003,0,eligible
motiongen_2829,motiongen_sweep_00,2829,76.127223686155048,1,47.149999999999999,0,eligible
motiongen_2830,motiongen_sweep_00,2830,76.154223686155035,1,47.167000000000002,0,eligible
motiongen_2831,motiongen_sweep_00,2831,76.180223686155045,1,47.183,0,eligible
motiongen_2832,motiongen_sweep_00,2832,76.206223686155028,1,47.200000000000003,0,eligible
motiongen_2833,motiongen_sweep_00,2833,76.233223686155043,1,47.216999999999999,0,eligible
motiongen_2834,motiongen_sweep_00,2834,76.259223686155025,1,47.232999999999997,0,eligible
motiongen_2835,motiongen_sweep_00,2835,76.285223686155035,1,47.25,0,eligible
motiongen_2836,motiongen_sweep_00,2836,76.31222368615505,1,47.267000000000003,0,eligible
motiongen_2837,motiongen_sweep_00,2837,76.338223686155033,1,47.283000000000001,0,eligible
motiongen_2838,motiongen_sweep_00,2838,76.365223686155048,1,47.299999999999997,0,eligible
motiongen_2839,motiongen_sweep_00,2839,76.39122368615503,1,47.317,0,eligible
motiongen_2840,motiongen_sweep_00,2840,76.41722368615504,1,47.332999999999998,0,eligible
motiongen_2841,motiongen_sweep_00,2841,76.444223686155027,1,47.350000000000001,0,eligible
motiongen_2842,motiongen_sweep_00,2842,76.470223686155038,1,47.366999999999997,0,eligible
motiongen_2843,motiongen_sweep_00,2843,76.496223686155048,1,47.383000000000003,0,eligible
motiongen_2844,motiongen_sweep_00,2844,76.523223686155035,1,47.399999999999999,0,eligible
motiongen_2845,motiongen_sweep_00,2845,76.549223686155045,1,47.417000000000002,0,eligible
motiongen_2846,motiongen_sweep_00,2846,76.575223686155056,1,47.433,0,eligible
motiongen_2847,motiongen_sweep_00,2847,76.602223686155043,1,47.450000000000003,0,eligible
motiongen_2848,motiongen_sweep_00,2848,76.628223686155053,1,47.466999999999999,0,eligible
motiongen_2849,motiongen_sweep_00,2849,76.654223686155035,1,47.482999999999997,0,eligible
motiongen_2850,motiongen_sweep_00,2850,76.68122368615505,1,47.5,0,eligible
motiongen_2851,motiongen_sweep_00,2851,76.707223686155061,1,47.517000000000003,0,eligible
motiongen_2852,motiongen_sweep_00,2852,76.734223686155048,1,47.533000000000001,0,eligible
motiongen_2853,motiongen_sweep_00,2853,76.760223686155058,1,47.549999999999997,0,eligible
motiongen_2854,motiongen_sweep_00,2854,76.78622368615504,1,47.567,0,eligible
motiongen_2855,motiongen_sweep_00,2855,76.813223686155055,1,47.582999999999998,0,eligible
motiongen_2856,motiongen_sweep_00,2856,76.839223686155037,1,47.600000000000001,0,eligible
motiongen_2857,motiongen_sweep_00,2857,76.865223686155048,1,47.616999999999997,0,eligible
motiongen_2858,motiongen_sweep_00,2858,76.892223686155035,1,47.633000000000003,0,eligible
motiongen_2859,motiongen_sweep_00,2859,76.918223686155045,1,47.649999999999999,0,eligible
motiongen_2860,motiongen_sweep_00,2860,76.944223686155055,1,47.667000000000002,0,eligible
motiongen_2861,motiongen_sweep_00,2861,76.971223686155042,1,47.683,0,eligible
motiongen_2862,motiongen_sweep_00,2862,76.997223686155053,1,47.700000000000003,0,eligible
motiongen_2863,motiongen_sweep_00,2863,77.023223686155035,1,47.716999999999999,0,eligible
motiongen_2864,motiongen_sweep_00,2864,77.05022368615505,1,47.732999999999997,0,eligible
motiongen_2865,motiongen_sweep_00,2865,77.07622368615506,1,47.75,0,eligible
motiongen_2866,motiongen_sweep_00,2866,77.102223686155043,1,47.767000000000003,0,eligible
motiongen_2867,motiongen_sweep_00,2867,77.129223686155058,1,47.783000000000001,0,eligible
motiongen_2868,motiongen_sweep_00,2868,77.15522368615504,1,47.799999999999997,0,eligible
motiongen_2869,motiongen_sweep_00,2869,77.182223686155055,1,47.817,0,eligible
motiongen_2870,motiongen_sweep_00,2870,77.208223686155037,1,47.832999999999998,0,eligible
motiongen_2871,motiongen_sweep_00,2871,77.234223686155048,1,47.850000000000001,0,eligible
motiongen_2872,motiongen_sweep_00,2872,77.261223686155034,1,47.866999999999997,0,eligible
motiongen_2873,motiongen_sweep_00,2873,77.287223686155045,1,47.883000000000003,0,eligible
motiongen_2874,motiongen_sweep_00,2874,77.313223686155055,1,47.899999999999999,0,eligible
motiongen_2875,motiongen_sweep_00,2875,77.340223686155042,1,47.917000000000002,0,eligible
motiongen_2876,motiongen_sweep_00,2876,77.366223686155053,1,47.933,0,eligible
motiongen_2877,motiongen_sweep_00,2877,77.392223686155035,1,47.950000000000003,0,eligible
motiongen_2878,motiongen_sweep_00,2878,77.41922368615505,1,47.966999999999999,0,eligible
motiongen_2879,motiongen_sweep_00,2879,77.44522368615506,1,47.982999999999997,0,eligible
motiongen_2880,motiongen_sweep_00,2880,77.471223686155042,1,48,0,eligible
motiongen_2881,motiongen_sweep_00,2881,77.498223686155058,1,48.017000000000003,0,eligible
motiongen_2882,motiongen_sweep_00,2882,77.52422368615504,1,48.033000000000001,0,eligible
motiongen_2883,motiongen_sweep_00,2883,77.551223686155055,1,48.049999999999997,0,eligible
motiongen_2884,motiongen_sweep_00,2884,77.577223686155037,1,48.067,0,eligible
motiongen_2885,motiongen_sweep_00,2885,77.603223686155047,1,48.082999999999998,0,eligible
motiongen_2886,motiongen_sweep_00,2886,77.630223686155034,1,48.100000000000001,0,eligible
motiongen_2887,motiongen_sweep_00,2887,77.656223686155045,1,48.116999999999997,0,eligible
motiongen_2888,motiongen_sweep_00,2888,77.682223686155055,1,48.133000000000003,0,eligible
motiongen_2889,motiongen_sweep_00,2889,77.709223686155042,1,48.149999999999999,0,eligible
motiongen_2890,motiongen_sweep_00,2890,77.735223686155052,1,48.167000000000002,0,eligible
motiongen_2891,motiongen_sweep_00,2891,77.761223686155034,1,48.183,0,eligible
motiongen_2892,motiongen_sweep_00,2892,77.78822368615505,1,48.200000000000003,0,eligible
motiongen_2893,motiongen_sweep_00,2893,77.81422368615506,1,48.216999999999999,0,eligible
motiongen_2894,motiongen_sweep_00,2894,77.840223686155042,1,48.232999999999997,0,eligible
motiongen_2895,motiongen_sweep_00,2895,77.867223686155057,1,48.25,0,eligible
motiongen_2896,motiongen_sweep_00,2896,77.893223686155039,1,48.267000000000003,0,eligible
motiongen_2897,motiongen_sweep_00,2897,77.91922368615505,1,48.283000000000001,0,eligible
motiongen_2898,motiongen_sweep_00,2898,77.946223686155037,1,48.299999999999997,0,eligible
motiongen_2899,motiongen_sweep_00,2899,77.972223686155047,1,48.317,0,eligible
motiongen_2900,motiongen_sweep_00,2900,77.999223686155034,1,48.332999999999998,0,eligible
motiongen_2901,motiongen_sweep_00,2901,78.025223686155044,1,48.350000000000001,0,eligible
motiongen_2902,motiongen_sweep_00,2902,78.051223686155055,1,48.366999999999997,0,eligible
motiongen_2903,motiongen_sweep_00,2903,78.078223686155042,1,48.383000000000003,0,eligible
motiongen_2904,motiongen_sweep_00,2904,78.104223686155052,1,48.399999999999999,0,eligible
motiongen_2905,motiongen_sweep_00,2905,78.130223686155034,1,48.417000000000002,0,eligible
motiongen_2906,motiongen_sweep_00,2906,78.157223686155049,1,48.433,0,eligible
motiongen_2907,motiongen_sweep_00,2907,78.18322368615506,1,48.450000000000003,0,eligible
motiongen_2908,motiongen_sweep_00,2908,78.209223686155042,1,48.466999999999999,0,eligible
motiongen_2909,motiongen_sweep_00,2909,78.236223686155057,1,48.482999999999997,0,eligible
motiongen_2910,motiongen_sweep_00,2910,78.262223686155039,1,48.5,0,eligible
motiongen_2911,motiongen_sweep_00,2911,78.28822368615505,1,48.517000000000003,0,eligible
motiongen_2912,motiongen_sweep_00,2912,78.315223686155036,1,48.533000000000001,0,eligible
motiongen_2913,motiongen_sweep_00,2913,78.341223686155047,1,48.549999999999997,0,eligible
motiongen_2914,motiongen_sweep_00,2914,78.368223686155034,1,48.567,0,eligible
motiongen_2915,motiongen_sweep_00,2915,78.394223686155044,1,48.582999999999998,0,eligible
motiongen_2916,motiongen_sweep_00,2916,78.420223686155055,1,48.600000000000001,0,eligible
motiongen_2917,motiongen_sweep_00,2917,78.447223686155041,1,48.616999999999997,0,eligible
motiongen_2918,motiongen_sweep_00,2918,78.473223686155052,1,48.633000000000003,0,eligible
motiongen_2919,motiongen_sweep_00,2919,78.499223686155034,1,48.649999999999999,0,eligible
motiongen_2920,motiongen_sweep_00,2920,78.526223686155049,1,48.667000000000002,0,eligible
motiongen_2921,motiongen_sweep_00,2921,78.55222368615506,1,48.683,0,eligible
motiongen_2922,motiongen_sweep_00,2922,78.578223686155042,1,48.700000000000003,0,eligible
motiongen_2923,motiongen_sweep_00,2923,78.605223686155057,1,48.716999999999999,0,eligible
motiongen_2924,motiongen_sweep_00,2924,78.631223686155039,1,48.732999999999997,0,eligible
motiongen_2925,motiongen_sweep_00,2925,78.657223686155049,1,48.75,0,eligible
motiongen_2926,motiongen_sweep_00,2926,78.684223686155036,1,48.767000000000003,0,eligible
motiongen_2927,motiongen_sweep_00,2927,78.710223686155047,1,48.783000000000001,0,eligible
motiongen_2928,motiongen_sweep_00,2928,78.736223686155057,1,48.799999999999997,0,eligible
motiongen_2929,motiongen_sweep_00,2929,78.763223686155044,1,48.817,0,eligible
motiongen_2930,motiongen_sweep_00,2930,78.789223686155054,1,48.832999999999998,0,eligible
motiongen_2931,motiongen_sweep_00,2931,78.816223686155041,1,48.850000000000001,0,eligible
motiongen_2932,motiongen_sweep_00,2932,78.842223686155052,1,48.866999999999997,0,eligible
motiongen_2933,motiongen_sweep_00,2933,78.868223686155034,1,48.883000000000003,0,eligible
motiongen_2934,motiongen_sweep_00,2934,78.895223686155049,1,48.899999999999999,0,eligible
motiongen_2935,motiongen_sweep_00,2935,78.921223686155059,1,48.917000000000002,0,eligible
motiongen_2936,motiongen_sweep_00,2936,78.947223686155041,1,48.933,0,eligible
motiongen_2937,motiongen_sweep_00,2937,78.974223686155057,1,48.950000000000003,0,eligible
motiongen_2938,motiongen_sweep_00,2938,79.000223686155039,1,48.966999999999999,0,eligible
motiongen_2939,motiongen_sweep_00,2939,79.026223686155049,1,48.982999999999997,0,eligible
motiongen_2940,motiongen_sweep_00,2940,79.053223686155036,1,49,0,eligible
motiongen_2941,motiongen_sweep_00,2941,79.079223686155046,1,49.017000000000003,0,eligible
motiongen_2942,motiongen_sweep_00,2942,79.105223686155057,1,49.033000000000001,0,eligible
motiongen_2943,motiongen_sweep_00,2943,79.132223686155044,1,49.049999999999997,0,eligible
motiongen_2944,motiongen_sweep_00,2944,79.158223686155054,1,49.067,0,eligible
motiongen_2945,motiongen_sweep_00,2945,79.184223686155036,1,49.082999999999998,0,eligible
motiongen_2946,motiongen_sweep_00,2946,79.211223686155051,1,49.100000000000001,0,eligible
motiongen_2947,motiongen_sweep_00,2947,79.237223686155033,1,49.116999999999997,0,eligible
motiongen_2948,motiongen_sweep_00,2948,79.264223686155049,1,49.133000000000003,0,eligible
motiongen_2949,motiongen_sweep_00,2949,79.290223686155059,1,49.149999999999999,0,eligible
motiongen_2950,motiongen_sweep_00,2950,79.316223686155041,1,49.167000000000002,0,eligible
motiongen_2951,motiongen_sweep_00,2951,79.343223686155056,1,49.183,0,eligible
motiongen_2952,motiongen_sweep_00,2952,79.369223686155038,1,49.200000000000003,0,eligible
motiongen_2953,motiongen_sweep_00,2953,79.395223686155049,1,49.216999999999999,0,eligible
motiongen_2954,motiongen_sweep_00,2954,79.422223686155036,1,49.232999999999997,0,eligible
motiongen_2955,motiongen_sweep_00,2955,79.448223686155046,1,49.25,0,eligible
motiongen_2956,motiongen_sweep_00,2956,79.474223686155057,1,49.267000000000003,0,eligible
motiongen_2957,motiongen_sweep_00,2957,79.501223686155043,1,49.283000000000001,0,eligible
motiongen_2958,motiongen_sweep_00,2958,79.527223686155054,1,49.299999999999997,0,eligible
motiongen_2959,motiongen_sweep_00,2959,79.553223686155036,1,49.317,0,eligible
motiongen_2960,motiongen_sweep_00,2960,79.580223686155051,1,49.332999999999998,0,eligible
motiongen_2961,motiongen_sweep_00,2961,79.606223686155033,1,49.350000000000001,0,eligible
motiongen_2962,motiongen_sweep_00,2962,79.633223686155048,1,49.366999999999997,0,eligible
motiongen_2963,motiongen_sweep_00,2963,79.659223686155059,1,49.383000000000003,0,eligible
motiongen_2964,motiongen_sweep_00,2964,79.685223686155041,1,49.399999999999999,0,eligible
motiongen_2965,motiongen_sweep_00,2965,79.712223686155056,1,49.417000000000002,0,eligible
motiongen_2966,motiongen_sweep_00,2966,79.738223686155038,1,49.433,0,eligible
motiongen_2967,motiongen_sweep_00,2967,79.764223686155049,1,49.450000000000003,0,eligible
motiongen_2968,motiongen_sweep_00,2968,79.791223686155035,1,49.466999999999999,0,eligible
motiongen_2969,motiongen_sweep_00,2969,79.817223686155046,1,49.482999999999997,0,eligible
motiongen_2970,motiongen_sweep_00,2970,79.843223686155056,1,49.5,0,eligible
motiongen_2971,motiongen_sweep_00,2971,79.870223686155043,1,49.517000000000003,0,eligible
motiongen_2972,motiongen_sweep_00,2972,79.896223686155054,1,49.533000000000001,0,eligible
motiongen_2973,motiongen_sweep_00,2973,79.922223686155036,1,49.549999999999997,0,eligible
motiongen_2974,motiongen_sweep_00,2974,79.949223686155051,1,49.567,0,eligible
motiongen_2975,motiongen_sweep_00,2975,79.975223686155033,1,49.582999999999998,0,eligible
motiongen_2976,motiongen_sweep_00,2976,80.001223686155043,1,49.600000000000001,0,eligible
motiongen_2977,motiongen_sweep_00,2977,80.028223686155059,1,49.616999999999997,0,eligible
motiongen_2978,motiongen_sweep_00,2978,80.054223686155041,1,49.633000000000003,0,eligible
motiongen_2979,motiongen_sweep_00,2979,80.081223686155056,1,49.649999999999999,0,eligible
motiongen_2980,motiongen_sweep_00,2980,80.107223686155038,1,49.667000000000002,0,eligible
motiongen_2981,motiongen_sweep_00,2981,80.133223686155048,1,49.683,0,eligible
motiongen_2982,motiongen_sweep_00,2982,80.160223686155035,1,49.700000000000003,0,eligible
motiongen_2983,motiongen_sweep_00,2983,80.186223686155046,1,49.716999999999999,0,eligible
motiongen_2984,motiongen_sweep_00,2984,80.212223686155056,1,49.732999999999997,0,eligible
motiongen_2985,motiongen_sweep_00,2985,80.239223686155043,1,49.75,0,eligible
motiongen_2986,motiongen_sweep_00,2986,80.265223686155053,1,49.767000000000003,0,eligible
motiongen_2987,motiongen_sweep_00,2987,80.291223686155035,1,49.783000000000001,0,eligible
motiongen_2988,motiongen_sweep_00,2988,80.318223686155051,1,49.799999999999997,0,eligible
motiongen_2989,motiongen_sweep_00,2989,80.344223686155033,1,49.817,0,eligible
motiongen_2990,motiongen_sweep_00,2990,80.370223686155043,1,49.832999999999998,0,eligible
motiongen_2991,motiongen_sweep_00,2991,80.397223686155058,1,49.850000000000001,0,eligible
motiongen_2992,motiongen_sweep_00,2992,80.42322368615504,1,49.866999999999997,0,eligible
motiongen_2993,motiongen_sweep_00,2993,80.450223686155056,1,49.883000000000003,0,eligible
motiongen_2994,motiongen_sweep_00,2994,80.476223686155038,1,49.899999999999999,0,eligible
motiongen_2995,motiongen_sweep_00,2995,80.502223686155048,1,49.917000000000002,0,eligible
motiongen_2996,motiongen_sweep_00,2996,80.529223686155035,1,49.933,0,eligible
motiongen_2997,motiongen_sweep_00,2997,80.555223686155045,1,49.950000000000003,0,eligible
motiongen_2998,motiongen_sweep_00,2998,80.581223686155056,1,49.966999999999999,0,eligible
motiongen_2999,motiongen_sweep_00,2999,80.608223686155043,1,49.982999999999997,0,eligible
motiongen_3000,motiongen_sweep_00,3000,80.634223686155053,1,50,0,eligible
motiongen_3001,motiongen_sweep_00,3001,80.660223686155035,1,50.017000000000003,0,eligible
motiongen_3002,motiongen_sweep_00,3002,80.68722368615505,1,50.033000000000001,0,eligible
motiongen_3003,motiongen_sweep_00,3003,80.713223686155061,1,50.049999999999997,0,eligible
motiongen_3004,motiongen_sweep_00,3004,80.739223686155043,1,50.067,0,eligible
motiongen_3005,motiongen_sweep_00,3005,80.766223686155058,1,50.082999999999998,0,eligible
motiongen_3006,motiongen_sweep_00,3006,80.79222368615504,1,50.100000000000001,0,eligible
motiongen_3007,motiongen_sweep_00,3007,80.818223686155051,1,50.116999999999997,0,eligible
motiongen_3008,motiongen_sweep_00,3008,80.845223686155038,1,50.133000000000003,0,eligible
motiongen_3009,motiongen_sweep_00,3009,80.871223686155048,1,50.149999999999999,0,eligible
motiongen_3010,motiongen_sweep_00,3010,80.898223686155035,1,50.167000000000002,0,eligible
motiongen_3011,motiongen_sweep_00,3011,80.924223686155045,1,50.183,0,eligible
motiongen_3012,motiongen_sweep_00,3012,80.950223686155056,1,50.200000000000003,0,eligible
motiongen_3013,motiongen_sweep_00,3013,80.977223686155043,1,50.216999999999999,0,eligible
motiongen_3014,motiongen_sweep_00,3014,81.003223686155053,1,50.232999999999997,0,eligible
motiongen_3015,motiongen_sweep_00,3015,81.029223686155035,1,50.25,0,eligible
motiongen_3016,motiongen_sweep_00,3016,81.05622368615505,1,50.267000000000003,0,eligible
motiongen_3017,motiongen_sweep_00,3017,81.082223686155061,1,50.283000000000001,0,eligible
motiongen_3018,motiongen_sweep_00,3018,81.108223686155043,1,50.299999999999997,0,eligible
motiongen_3019,motiongen_sweep_00,3019,81.135223686155058,1,50.317,0,eligible
motiongen_3020,motiongen_sweep_00,3020,81.16122368615504,1,50.332999999999998,0,eligible
motiongen_3021,motiongen_sweep_00,3021,81.18722368615505,1,50.350000000000001,0,eligible
motiongen_3022,motiongen_sweep_00,3022,81.214223686155037,1,50.366999999999997,0,eligible
motiongen_3023,motiongen_sweep_00,3023,81.240223686155048,1,50.383000000000003,0,eligible
motiongen_3024,motiongen_sweep_00,3024,81.266223686155058,1,50.399999999999999,0,eligible
motiongen_3025,motiongen_sweep_00,3025,81.293223686155045,1,50.417000000000002,0,eligible
motiongen_3026,motiongen_sweep_00,3026,81.319223686155055,1,50.433,0,eligible
motiongen_3027,motiongen_sweep_00,3027,81.346223686155042,1,50.450000000000003,0,eligible
motiongen_3028,motiongen_sweep_00,3028,81.372223686155053,1,50.466999999999999,0,eligible
motiongen_3029,motiongen_sweep_00,3029,81.398223686155035,1,50.482999999999997,0,eligible
motiongen_3030,motiongen_sweep_00,3030,81.42522368615505,1,50.5,0,eligible
motiongen_3031,motiongen_sweep_00,3031,81.45122368615506,1,50.517000000000003,0,eligible
motiongen_3032,motiongen_sweep_00,3032,81.477223686155043,1,50.533000000000001,0,eligible
motiongen_3033,motiongen_sweep_00,3033,81.504223686155058,1,50.549999999999997,0,eligible
motiongen_3034,motiongen_sweep_00,3034,81.53022368615504,1,50.567,0,eligible
motiongen_3035,motiongen_sweep_00,3035,81.55622368615505,1,50.582999999999998,0,eligible
motiongen_3036,motiongen_sweep_00,3036,81.583223686155037,1,50.600000000000001,0,eligible
motiongen_3037,motiongen_sweep_00,3037,81.609223686155048,1,50.616999999999997,0,eligible
motiongen_3038,motiongen_sweep_00,3038,81.635223686155058,1,50.633000000000003,0,eligible
motiongen_3039,motiongen_sweep_00,3039,81.662223686155045,1,50.649999999999999,0,eligible
motiongen_3040,motiongen_sweep_00,3040,81.688408993334633,1,50.667000000000002,0,eligible
motiongen_3041,motiongen_sweep_00,3041,81.714408993334644,1,50.683,0,eligible
motiongen_3042,motiongen_sweep_00,3042,81.74140899333463,1,50.700000000000003,0,eligible
motiongen_3043,motiongen_sweep_00,3043,81.767408993334641,1,50.716999999999999,0,eligible
motiongen_3044,motiongen_sweep_00,3044,81.793408993334623,1,50.732999999999997,0,eligible
motiongen_3045,motiongen_sweep_00,3045,81.820408993334638,1,50.75,0,eligible
motiongen_3046,motiongen_sweep_00,3046,81.84640899333462,1,50.767000000000003,0,eligible
motiongen_3047,motiongen_sweep_00,3047,81.872408993334631,1,50.783000000000001,0,eligible
motiongen_3048,motiongen_sweep_00,3048,81.899408993334646,1,50.799999999999997,0,eligible
motiongen_3049,motiongen_sweep_00,3049,81.925408993334628,1,50.817,0,eligible
motiongen_3050,motiongen_sweep_00,3050,81.952408993334643,1,50.832999999999998,0,eligible
motiongen_3051,motiongen_sweep_00,3051,81.978408993334625,1,50.850000000000001,0,eligible
motiongen_3052,motiongen_sweep_00,3052,82.004408993334636,1,50.866999999999997,0,eligible
motiongen_3053,motiongen_sweep_00,3053,82.031408993334622,1,50.883000000000003,0,eligible
motiongen_3054,motiongen_sweep_00,3054,82.057408993334633,1,50.899999999999999,0,eligible
motiongen_3055,motiongen_sweep_00,3055,82.083408993334643,1,50.917000000000002,0,eligible
motiongen_3056,motiongen_sweep_00,3056,82.11040899333463,1,50.933,0,eligible
motiongen_3057,motiongen_sweep_00,3057,82.136408993334641,1,50.950000000000003,0,eligible
motiongen_3058,motiongen_sweep_00,3058,82.162408993334623,1,50.966999999999999,0,eligible
motiongen_3059,motiongen_sweep_00,3059,82.189408993334638,1,50.982999999999997,0,eligible
motiongen_3060,motiongen_sweep_00,3060,82.21540899333462,1,51,0,eligible
motiongen_3061,motiongen_sweep_00,3061,82.24140899333463,1,51.017000000000003,0,eligible
motiongen_3062,motiongen_sweep_00,3062,82.268408993334617,1,51.033000000000001,0,eligible
motiongen_3063,motiongen_sweep_00,3063,82.294408993334628,1,51.049999999999997,0,eligible
motiongen_3064,motiongen_sweep_00,3064,82.320408993334638,1,51.067,0,eligible
motiongen_3065,motiongen_sweep_00,3065,82.347408993334625,1,51.082999999999998,0,eligible
motiongen_3066,motiongen_sweep_00,3066,82.373408993334635,1,51.100000000000001,0,eligible
motiongen_3067,motiongen_sweep_00,3067,82.400408993334622,1,51.116999999999997,0,eligible
motiongen_3068,motiongen_sweep_00,3068,82.426408993334633,1,51.133000000000003,0,eligible
motiongen_3069,motiongen_sweep_00,3069,82.452408993334643,1,51.149999999999999,0,eligible
motiongen_3070,motiongen_sweep_00,3070,82.47940899333463,1,51.167000000000002,0,eligible
motiongen_3071,motiongen_sweep_00,3071,82.50540899333464,1,51.183,0,eligible
motiongen_3072,motiongen_sweep_00,3072,82.531408993334622,1,51.200000000000003,0,eligible
motiongen_3073,motiongen_sweep_00,3073,82.558408993334638,1,51.216999999999999,0,eligible
motiongen_3074,motiongen_sweep_00,3074,82.58440899333462,1,51.232999999999997,0,eligible
motiongen_3075,motiongen_sweep_00,3075,82.61040899333463,1,51.25,0,eligible
motiongen_3076,motiongen_sweep_00,3076,82.637408993334617,1,51.267000000000003,0,eligible
motiongen_3077,motiongen_sweep_00,3077,82.663408993334627,1,51.283000000000001,0,eligible
motiongen_3078,motiongen_sweep_00,3078,82.689408993334638,1,51.299999999999997,0,eligible
motiongen_3079,motiongen_sweep_00,3079,82.716408993334625,1,51.317,0,eligible
motiongen_3080,motiongen_sweep_00,3080,82.742408993334635,1,51.332999999999998,0,eligible
motiongen_3081,motiongen_sweep_00,3081,82.769408993334622,1,51.350000000000001,0,eligible
motiongen_3082,motiongen_sweep_00,3082,82.795408993334632,1,51.366999999999997,0,eligible
motiongen_3083,motiongen_sweep_00,3083,82.821408993334643,1,51.383000000000003,0,eligible
motiongen_3084,motiongen_sweep_00,3084,82.84840899333463,1,51.399999999999999,0,eligible
motiongen_3085,motiongen_sweep_00,3085,82.87440899333464,1,51.417000000000002,0,eligible
motiongen_3086,motiongen_sweep_00,3086,82.900408993334651,1,51.433,0,eligible
motiongen_3087,motiongen_sweep_00,3087,82.927408993334637,1,51.450000000000003,0,eligible
motiongen_3088,motiongen_sweep_00,3088,82.953408993334648,1,51.466999999999999,0,eligible
motiongen_3089,motiongen_sweep_00,3089,82.97940899333463,1,51.482999999999997,0,eligible
motiongen_3090,motiongen_sweep_00,3090,83.006408993334645,1,51.5,0,eligible
motiongen_3091,motiongen_sweep_00,3091,83.032408993334627,1,51.517000000000003,0,eligible
motiongen_3092,motiongen_sweep_00,3092,83.058408993334638,1,51.533000000000001,0,eligible
motiongen_3093,motiongen_sweep_00,3093,83.085408993334653,1,51.549999999999997,0,eligible
motiongen_3094,motiongen_sweep_00,3094,83.111408993334635,1,51.567,0,eligible
motiongen_3095,motiongen_sweep_00,3095,83.137408993334645,1,51.582999999999998,0,eligible
motiongen_3096,motiongen_sweep_00,3096,83.164408993334632,1,51.600000000000001,0,eligible
motiongen_3097,motiongen_sweep_00,3097,83.190408993334643,1,51.616999999999997,0,eligible
motiongen_3098,motiongen_sweep_00,3098,83.217408993334629,1,51.633000000000003,0,eligible
motiongen_3099,motiongen_sweep_00,3099,83.24340899333464,1,51.649999999999999,0,eligible
motiongen_3100,motiongen_sweep_00,3100,83.26940899333465,1,51.667000000000002,0,eligible
motiongen_3101,motiongen_sweep_00,3101,83.296408993334637,1,51.683,0,eligible
motiongen_3102,motiongen_sweep_00,3102,83.322408993334648,1,51.700000000000003,0,eligible
motiongen_3103,motiongen_sweep_00,3103,83.34840899333463,1,51.716999999999999,0,eligible
motiongen_3104,motiongen_sweep_00,3104,83.375408993334645,1,51.732999999999997,0,eligible
motiongen_3105,motiongen_sweep_00,3105,83.401408993334627,1,51.75,0,eligible
motiongen_3106,motiongen_sweep_00,3106,83.427408993334637,1,51.767000000000003,0,eligible
motiongen_3107,motiongen_sweep_00,3107,83.454408993334653,1,51.783000000000001,0,eligible
motiongen_3108,motiongen_sweep_00,3108,83.480408993334635,1,51.799999999999997,0,eligible
motiongen_3109,motiongen_sweep_00,3109,83.506408993334645,1,51.817,0,eligible
motiongen_3110,motiongen_sweep_00,3110,83.533408993334632,1,51.832999999999998,0,eligible
motiongen_3111,motiongen_sweep_00,3111,83.559408993334642,1,51.850000000000001,0,eligible
motiongen_3112,motiongen_sweep_00,3112,83.586408993334629,1,51.866999999999997,0,eligible
motiongen_3113,motiongen_sweep_00,3113,83.61240899333464,1,51.883000000000003,0,eligible
motiongen_3114,motiongen_sweep_00,3114,83.63840899333465,1,51.899999999999999,0,eligible
motiongen_3115,motiongen_sweep_00,3115,83.665408993334637,1,51.917000000000002,0,eligible
motiongen_3116,motiongen_sweep_00,3116,83.691408993334647,1,51.933,0,eligible
motiongen_3117,motiongen_sweep_00,3117,83.717408993334629,1,51.950000000000003,0,eligible
motiongen_3118,motiongen_sweep_00,3118,83.744408993334645,1,51.966999999999999,0,eligible
motiongen_3119,motiongen_sweep_00,3119,83.770408993334627,1,51.982999999999997,0,eligible
motiongen_3120,motiongen_sweep_00,3120,83.796408993334637,1,52,0,eligible
motiongen_3121,motiongen_sweep_00,3121,83.823408993334652,1,52.017000000000003,0,eligible
motiongen_3122,motiongen_sweep_00,3122,83.849408993334634,1,52.033000000000001,0,eligible
motiongen_3123,motiongen_sweep_00,3123,83.875408993334645,1,52.049999999999997,0,eligible
motiongen_3124,motiongen_sweep_00,3124,83.902408993334632,1,52.067,0,eligible
motiongen_3125,motiongen_sweep_00,3125,83.928408993334642,1,52.082999999999998,0,eligible
motiongen_3126,motiongen_sweep_00,3126,83.954408993334653,1,52.100000000000001,0,eligible
motiongen_3127,motiongen_sweep_00,3127,83.981408993334639,1,52.116999999999997,0,eligible
motiongen_3128,motiongen_sweep_00,3128,84.00740899333465,1,52.133000000000003,0,eligible
motiongen_3129,motiongen_sweep_00,3129,84.034408993334637,1,52.149999999999999,0,eligible
motiongen_3130,motiongen_sweep_00,3130,84.060408993334647,1,52.167000000000002,0,eligible
motiongen_3131,motiongen_sweep_00,3131,84.086408993334629,1,52.183,0,eligible
motiongen_3132,motiongen_sweep_00,3132,84.113408993334644,1,52.200000000000003,0,eligible
motiongen_3133,motiongen_sweep_00,3133,84.139408993334627,1,52.216999999999999,0,eligible
motiongen_3134,motiongen_sweep_00,3134,84.165408993334637,1,52.232999999999997,0,eligible
motiongen_3135,motiongen_sweep_00,3135,84.192408993334652,1,52.25,0,eligible
motiongen_3136,motiongen_sweep_00,3136,84.218408993334634,1,52.267000000000003,0,eligible
motiongen_3137,motiongen_sweep_00,3137,84.244408993334645,1,52.283000000000001,0,eligible
motiongen_3138,motiongen_sweep_00,3138,84.271408993334632,1,52.299999999999997,0,eligible
motiongen_3139,motiongen_sweep_00,3139,84.297408993334642,1,52.317,0,eligible
motiongen_3140,motiongen_sweep_00,3140,84.323408993334652,1,52.332999999999998,0,eligible
motiongen_3141,motiongen_sweep_00,3141,84.350408993334639,1,52.350000000000001,0,eligible
motiongen_3142,motiongen_sweep_00,3142,84.37640899333465,1,52.366999999999997,0,eligible
motiongen_3143,motiongen_sweep_00,3143,84.402408993334632,1,52.383000000000003,0,eligible
motiongen_3144,motiongen_sweep_00,3144,84.429408993334647,1,52.399999999999999,0,eligible
motiongen_3145,motiongen_sweep_00,3145,84.455408993334629,1,52.417000000000002,0,eligible
motiongen_3146,motiongen_sweep_00,3146,84.482408993334644,1,52.433,0,eligible
motiongen_3147,motiongen_sweep_00,3147,84.508408993334626,1,52.450000000000003,0,eligible
motiongen_3148,motiongen_sweep_00,3148,84.534408993334637,1,52.466999999999999,0,eligible
motiongen_3149,motiongen_sweep_00,3149,84.561408993334652,1,52.482999999999997,0,eligible
motiongen_3150,motiongen_sweep_00,3150,84.587408993334634,1,52.5,0,eligible
motiongen_3151,motiongen_sweep_00,3151,84.613408993334644,1,52.517000000000003,0,eligible
motiongen_3152,motiongen_sweep_00,3152,84.640408993334631,1,52.533000000000001,0,eligible
motiongen_3153,motiongen_sweep_00,3153,84.666408993334642,1,52.549999999999997,0,eligible
motiongen_3154,motiongen_sweep_00,3154,84.692408993334652,1,52.567,0,eligible
motiongen_3155,motiongen_sweep_00,3155,84.719408993334639,1,52.582999999999998,0,eligible
motiongen_3156,motiongen_sweep_00,3156,84.745408993334649,1,52.600000000000001,0,eligible
motiongen_3157,motiongen_sweep_00,3157,84.771408993334632,1,52.616999999999997,0,eligible
motiongen_3158,motiongen_sweep_00,3158,84.798408993334647,1,52.633000000000003,0,eligible
motiongen_3159,motiongen_sweep_00,3159,84.824408993334629,1,52.649999999999999,0,eligible
motiongen_3160,motiongen_sweep_00,3160,84.851408993334644,1,52.667000000000002,0,eligible
motiongen_3161,motiongen_sweep_00,3161,84.877408993334626,1,52.683,0,eligible
motiongen_3162,motiongen_sweep_00,3162,84.903408993334637,1,52.700000000000003,0,eligible
motiongen_3163,motiongen_sweep_00,3163,84.930408993334652,1,52.716999999999999,0,eligible
motiongen_3164,motiongen_sweep_00,3164,84.956408993334634,1,52.732999999999997,0,eligible
motiongen_3165,motiongen_sweep_00,3165,84.982408993334644,1,52.75,0,eligible
motiongen_3166,motiongen_sweep_00,3166,85.009408993334631,1,52.767000000000003,0,eligible
motiongen_3167,motiongen_sweep_00,3167,85.035408993334642,1,52.783000000000001,0,eligible
motiongen_3168,motiongen_sweep_00,3168,85.061408993334652,1,52.799999999999997,0,eligible
motiongen_3169,motiongen_sweep_00,3169,85.088408993334639,1,52.817,0,eligible
motiongen_3170,motiongen_sweep_00,3170,85.114408993334649,1,52.832999999999998,0,eligible
motiongen_3171,motiongen_sweep_00,3171,85.140408993334631,1,52.850000000000001,0,eligible
motiongen_3172,motiongen_sweep_00,3172,85.167408993334647,1,52.866999999999997,0,eligible
motiongen_3173,motiongen_sweep_00,3173,85.193408993334629,1,52.883000000000003,0,eligible
motiongen_3174,motiongen_sweep_00,3174,85.219408993334639,1,52.899999999999999,0,eligible
motiongen_3175,motiongen_sweep_00,3175,85.246408993334626,1,52.917000000000002,0,eligible
motiongen_3176,motiongen_sweep_00,3176,85.272408993334636,1,52.933,0,eligible
motiongen_3177,motiongen_sweep_00,3177,85.299408993334652,1,52.950000000000003,0,eligible
motiongen_3178,motiongen_sweep_00,3178,85.325408993334634,1,52.966999999999999,0,eligible
motiongen_3179,motiongen_sweep_00,3179,85.351408993334644,1,52.982999999999997,0,eligible
motiongen_3180,motiongen_sweep_00,3180,85.378408993334631,1,53,0,eligible
motiongen_3181,motiongen_sweep_00,3181,85.404408993334641,1,53.017000000000003,0,eligible
motiongen_3182,motiongen_sweep_00,3182,85.430408993334652,1,53.033000000000001,0,eligible
motiongen_3183,motiongen_sweep_00,3183,85.457408993334639,1,53.049999999999997,0,eligible
motiongen_3184,motiongen_sweep_00,3184,85.483408993334649,1,53.067,0,eligible
motiongen_3185,motiongen_sweep_00,3185,85.509408993334631,1,53.082999999999998,0,eligible
motiongen_3186,motiongen_sweep_00,3186,85.536408993334646,1,53.100000000000001,0,eligible
motiongen_3187,motiongen_sweep_00,3187,85.562408993334628,1,53.116999999999997,0,eligible
motiongen_3188,motiongen_sweep_00,3188,85.588408993334639,1,53.133000000000003,0,eligible
motiongen_3189,motiongen_sweep_00,3189,85.615408993334654,1,53.149999999999999,0,eligible
motiongen_3190,motiongen_sweep_00,3190,85.641408993334636,1,53.167000000000002,0,eligible
motiongen_3191,motiongen_sweep_00,3191,85.668408993334651,1,53.183,0,eligible
motiongen_3192,motiongen_sweep_00,3192,85.694408993334633,1,53.200000000000003,0,eligible
motiongen_3193,motiongen_sweep_00,3193,85.720408993334644,1,53.216999999999999,0,eligible
motiongen_3194,motiongen_sweep_00,3194,85.747408993334631,1,53.232999999999997,0,eligible
motiongen_3195,motiongen_sweep_00,3195,85.773408993334641,1,53.25,0,eligible
motiongen_3196,motiongen_sweep_00,3196,85.799408993334652,1,53.267000000000003,0,eligible
motiongen_3197,motiongen_sweep_00,3197,85.826408993334638,1,53.283000000000001,0,eligible
motiongen_3198,motiongen_sweep_00,3198,85.852408993334649,1,53.299999999999997,0,eligible
motiongen_3199,motiongen_sweep_00,3199,85.878408993334631,1,53.317,0,eligible
motiongen_3200,motiongen_sweep_00,3200,85.905408993334646,1,53.332999999999998,0,eligible
motiongen_3201,motiongen_sweep_00,3201,85.931408993334628,1,53.350000000000001,0,eligible
motiongen_3202,motiongen_sweep_00,3202,85.957408993334639,1,53.366999999999997,0,eligible
motiongen_3203,motiongen_sweep_00,3203,85.984408993334654,1,53.383000000000003,0,eligible
motiongen_3204,motiongen_sweep_00,3204,86.010408993334636,1,53.399999999999999,0,eligible
motiongen_3205,motiongen_sweep_00,3205,86.036408993334646,1,53.417000000000002,0,eligible
motiongen_3206,motiongen_sweep_00,3206,86.063408993334633,1,53.433,0,eligible
motiongen_3207,motiongen_sweep_00,3207,86.089408993334644,1,53.450000000000003,0,eligible
motiongen_3208,motiongen_sweep_00,3208,86.11640899333463,1,53.466999999999999,0,eligible
motiongen_3209,motiongen_sweep_00,3209,86.142408993334641,1,53.482999999999997,0,eligible
motiongen_3210,motiongen_sweep_00,3210,86.168408993334651,1,53.5,0,eligible
motiongen_3211,motiongen_sweep_00,3211,86.195408993334638,1,53.517000000000003,0,eligible
motiongen_3212,motiongen_sweep_00,3212,86.221408993334649,1,53.533000000000001,0,eligible
motiongen_3213,motiongen_sweep_00,3213,86.247408993334631,1,53.549999999999997,0,eligible
motiongen_3214,motiongen_sweep_00,3214,86.274408993334646,1,53.567,0,eligible
motiongen_3215,motiongen_sweep_00,3215,86.300408993334628,1,53.582999999999998,0,eligible
motiongen_3216,motiongen_sweep_00,3216,86.326408993334638,1,53.600000000000001,0,eligible
motiongen_3217,motiongen_sweep_00,3217,86.353408993334654,1,53.616999999999997,0,eligible
motiongen_3218,motiongen_sweep_00,3218,86.379408993334636,1,53.633000000000003,0,eligible
motiongen_3219,motiongen_sweep_00,3219,86.405408993334646,1,53.649999999999999,0,eligible
motiongen_3220,motiongen_sweep_00,3220,86.432408993334633,1,53.667000000000002,0,eligible
motiongen_3221,motiongen_sweep_00,3221,86.458408993334643,1,53.683,0,eligible
motiongen_3222,motiongen_sweep_00,3222,86.484408993334654,1,53.700000000000003,0,eligible
motiongen_3223,motiongen_sweep_00,3223,86.511408993334641,1,53.716999999999999,0,eligible
motiongen_3224,motiongen_sweep_00,3224,86.537408993334651,1,53.732999999999997,0,eligible
motiongen_3225,motiongen_sweep_00,3225,86.564408993334638,1,53.75,0,eligible
motiongen_3226,motiongen_sweep_00,3226,86.590408993334648,1,53.767000000000003,0,eligible
motiongen_3227,motiongen_sweep_00,3227,86.61640899333463,1,53.783000000000001,0,eligible
motiongen_3228,motiongen_sweep_00,3228,86.643408993334646,1,53.799999999999997,0,eligible
motiongen_3229,motiongen_sweep_00,3229,86.669408993334628,1,53.817,0,eligible
motiongen_3230,motiongen_sweep_00,3230,86.695408993334638,1,53.832999999999998,0,eligible
motiongen_3231,motiongen_sweep_00,3231,86.722408993334653,1,53.850000000000001,0,eligible
motiongen_3232,motiongen_sweep_00,3232,86.748408993334635,1,53.866999999999997,0,eligible
motiongen_3233,motiongen_sweep_00,3233,86.774408993334646,1,53.883000000000003,0,eligible
motiongen_3234,motiongen_sweep_00,3234,86.801408993334633,1,53.899999999999999,0,eligible
motiongen_3235,motiongen_sweep_00,3235,86.827408993334643,1,53.917000000000002,0,eligible
motiongen_3236,motiongen_sweep_00,3236,86.853408993334654,1,53.933,0,eligible
motiongen_3237,motiongen_sweep_00,3237,86.88040899333464,1,53.950000000000003,0,eligible
motiongen_3238,motiongen_sweep_00,3238,86.906408993334651,1,53.966999999999999,0,eligible
motiongen_3239,motiongen_sweep_00,3239,86.933408993334638,1,53.982999999999997,0,eligible
motiongen_3240,motiongen_sweep_00,3240,86.959408993334648,1,54,0,eligible
motiongen_3241,motiongen_sweep_00,3241,86.98540899333463,1,54.017000000000003,0,eligible
motiongen_3242,motiongen_sweep_00,3242,87.012408993334645,1,54.033000000000001,0,eligible
motiongen_3243,motiongen_sweep_00,3243,87.038408993334627,1,54.049999999999997,0,eligible
motiongen_3244,motiongen_sweep_00,3244,87.064408993334638,1,54.067,0,eligible
motiongen_3245,motiongen_sweep_00,3245,87.091408993334653,1,54.082999999999998,0,eligible
motiongen_3246,motiongen_sweep_00,3246,87.117408993334635,1,54.100000000000001,0,eligible
motiongen_3247,motiongen_sweep_00,3247,87.143408993334646,1,54.116999999999997,0,eligible
motiongen_3248,motiongen_sweep_00,3248,87.170408993334632,1,54.133000000000003,0,eligible
motiongen_3249,motiongen_sweep_00,3249,87.196408993334643,1,54.149999999999999,0,eligible
motiongen_3250,motiongen_sweep_00,3250,87.222408993334653,1,54.167000000000002,0,eligible
motiongen_3251,motiongen_sweep_00,3251,87.24940899333464,1,54.183,0,eligible
motiongen_3252,motiongen_sweep_00,3252,87.275408993334651,1,54.200000000000003,0,eligible
motiongen_3253,motiongen_sweep_00,3253,87.301408993334633,1,54.216999999999999,0,eligible
motiongen_3254,motiongen_sweep_00,3254,87.328408993334648,1,54.232999999999997,0,eligible
motiongen_3255,motiongen_sweep_00,3255,87.35440899333463,1,54.25,0,eligible
motiongen_3256,motiongen_sweep_00,3256,87.381408993334645,1,54.267000000000003,0,eligible
motiongen_3257,motiongen_sweep_00,3257,87.407408993334627,1,54.283000000000001,0,eligible
motiongen_3258,motiongen_sweep_00,3258,87.433408993334638,1,54.299999999999997,0,eligible
motiongen_3259,motiongen_sweep_00,3259,87.460408993334653,1,54.317,0,eligible
motiongen_3260,motiongen_sweep_00,3260,87.486408993334635,1,54.332999999999998,0,eligible
motiongen_3261,motiongen_sweep_00,3261,87.512408993334645,1,54.350000000000001,0,eligible
motiongen_3262,motiongen_sweep_00,3262,87.539408993334632,1,54.366999999999997,0,eligible
motiongen_3263,motiongen_sweep_00,3263,87.565408993334643,1,54.383000000000003,0,eligible
motiongen_3264,motiongen_sweep_00,3264,87.591408993334653,1,54.399999999999999,0,eligible
motiongen_3265,motiongen_sweep_00,3265,87.61840899333464,1,54.417000000000002,0,eligible
motiongen_3266,motiongen_sweep_00,3266,87.64440899333465,1,54.433,0,eligible
motiongen_3267,motiongen_sweep_00,3267,87.670408993334632,1,54.450000000000003,0,eligible
motiongen_3268,motiongen_sweep_00,3268,87.697408993334648,1,54.466999999999999,0,eligible
motiongen_3269,motiongen_sweep_00,3269,87.72340899333463,1,54.482999999999997,0,eligible
motiongen_3270,motiongen_sweep_00,3270,87.750408993334645,1,54.5,0,eligible
motiongen_3271,motiongen_sweep_00,3271,87.776408993334627,1,54.517000000000003,0,eligible
motiongen_3272,motiongen_sweep_00,3272,87.802408993334637,1,54.533000000000001,0,eligible
motiongen_3273,motiongen_sweep_00,3273,87.829408993334653,1,54.549999999999997,0,eligible
motiongen_3274,motiongen_sweep_00,3274,87.855408993334635,1,54.567,0,eligible
motiongen_3275,motiongen_sweep_00,3275,87.881408993334645,1,54.582999999999998,0,eligible
motiongen_3276,motiongen_sweep_00,3276,87.908408993334632,1,54.600000000000001,0,eligible
motiongen_3277,motiongen_sweep_00,3277,87.934408993334642,1,54.616999999999997,0,eligible
motiongen_3278,motiongen_sweep_00,3278,87.960408993334653,1,54.633000000000003,0,eligible
motiongen_3279,motiongen_sweep_00,3279,87.987594300514218,1,54.649999999999999,0,eligible
motiongen_3280,motiongen_sweep_00,3280,88.013594300514228,1,54.667000000000002,0,eligible
motiongen_3281,motiongen_sweep_00,3281,88.039594300514239,1,54.683,0,eligible
motiongen_3282,motiongen_sweep_00,3282,88.066594300514225,1,54.700000000000003,0,eligible
motiongen_3283,motiongen_sweep_00,3283,88.092594300514236,1,54.716999999999999,0,eligible
motiongen_3284,motiongen_sweep_00,3284,88.118594300514218,1,54.732999999999997,0,eligible
motiongen_3285,motiongen_sweep_00,3285,88.145594300514233,1,54.75,0,eligible
motiongen_3286,motiongen_sweep_00,3286,88.171594300514215,1,54.767000000000003,0,eligible
motiongen_3287,motiongen_sweep_00,3287,88.197594300514226,1,54.783000000000001,0,eligible
motiongen_3288,motiongen_sweep_00,3288,88.224594300514212,1,54.799999999999997,0,eligible
motiongen_3289,motiongen_sweep_00,3289,88.250594300514223,1,54.817,0,eligible
motiongen_3290,motiongen_sweep_00,3290,88.276594300514233,1,54.832999999999998,0,eligible
motiongen_3291,motiongen_sweep_00,3291,88.30359430051422,1,54.850000000000001,0,eligible
motiongen_3292,motiongen_sweep_00,3292,88.329594300514231,1,54.866999999999997,0,eligible
motiongen_3293,motiongen_sweep_00,3293,88.355594300514213,1,54.883000000000003,0,eligible
motiongen_3294,motiongen_sweep_00,3294,88.382594300514228,1,54.899999999999999,0,eligible
motiongen_3295,motiongen_sweep_00,3295,88.408594300514238,1,54.917000000000002,0,eligible
motiongen_3296,motiongen_sweep_00,3296,88.435594300514225,1,54.933,0,eligible
motiongen_3297,motiongen_sweep_00,3297,88.461594300514236,1,54.950000000000003,0,eligible
motiongen_3298,motiongen_sweep_00,3298,88.487594300514218,1,54.966999999999999,0,eligible
motiongen_3299,motiongen_sweep_00,3299,88.514594300514233,1,54.982999999999997,0,eligible
motiongen_3300,motiongen_sweep_00,3300,88.540594300514215,1,55,0,eligible
motiongen_3301,motiongen_sweep_00,3301,88.566594300514225,1,55.017000000000003,0,eligible
motiongen_3302,motiongen_sweep_00,3302,88.593594300514212,1,55.033000000000001,0,eligible
motiongen_3303,motiongen_sweep_00,3303,88.619594300514223,1,55.049999999999997,0,eligible
motiongen_3304,motiongen_sweep_00,3304,88.645594300514233,1,55.067,0,eligible
motiongen_3305,motiongen_sweep_00,3305,88.67259430051422,1,55.082999999999998,0,eligible
motiongen_3306,motiongen_sweep_00,3306,88.69859430051423,1,55.100000000000001,0,eligible
motiongen_3307,motiongen_sweep_00,3307,88.724594300514212,1,55.116999999999997,0,eligible
motiongen_3308,motiongen_sweep_00,3308,88.751594300514228,1,55.133000000000003,0,eligible
motiongen_3309,motiongen_sweep_00,3309,88.77759430051421,1,55.149999999999999,0,eligible
motiongen_3310,motiongen_sweep_00,3310,88.804594300514225,1,55.167000000000002,0,eligible
motiongen_3311,motiongen_sweep_00,3311,88.830594300514235,1,55.183,0,eligible
motiongen_3312,motiongen_sweep_00,3312,88.856594300514217,1,55.200000000000003,0,eligible
motiongen_3313,motiongen_sweep_00,3313,88.883594300514233,1,55.216999999999999,0,eligible
motiongen_3314,motiongen_sweep_00,3314,88.909594300514215,1,55.232999999999997,0,eligible
motiongen_3315,motiongen_sweep_00,3315,88.935594300514225,1,55.25,0,eligible
motiongen_3316,motiongen_sweep_00,3316,88.962594300514212,1,55.267000000000003,0,eligible
motiongen_3317,motiongen_sweep_00,3317,88.988594300514222,1,55.283000000000001,0,eligible
motiongen_3318,motiongen_sweep_00,3318,89.014594300514233,1,55.299999999999997,0,eligible
motiongen_3319,motiongen_sweep_00,3319,89.04159430051422,1,55.317,0,eligible
motiongen_3320,motiongen_sweep_00,3320,89.06759430051423,1,55.332999999999998,0,eligible
motiongen_3321,motiongen_sweep_00,3321,89.093594300514212,1,55.350000000000001,0,eligible
motiongen_3322,motiongen_sweep_00,3322,89.120594300514227,1,55.366999999999997,0,eligible
motiongen_3323,motiongen_sweep_00,3323,89.146594300514238,1,55.383000000000003,0,eligible
motiongen_3324,motiongen_sweep_00,3324,89.17259430051422,1,55.399999999999999,0,eligible
motiongen_3325,motiongen_sweep_00,3325,89.199594300514235,1,55.417000000000002,0,eligible
motiongen_3326,motiongen_sweep_00,3326,89.225594300514246,1,55.433,0,eligible
motiongen_3327,motiongen_sweep_00,3327,89.252594300514232,1,55.450000000000003,0,eligible
motiongen_3328,motiongen_sweep_00,3328,89.278594300514243,1,55.466999999999999,0,eligible
motiongen_3329,motiongen_sweep_00,3329,89.304594300514225,1,55.482999999999997,0,eligible
motiongen_3330,motiongen_sweep_00,3330,89.33159430051424,1,55.5,0,eligible
motiongen_3331,motiongen_sweep_00,3331,89.357594300514222,1,55.517000000000003,0,eligible
motiongen_3332,motiongen_sweep_00,3332,89.383594300514233,1,55.533000000000001,0,eligible
motiongen_3333,motiongen_sweep_00,3333,89.410594300514219,1,55.549999999999997,0,eligible
motiongen_3334,motiongen_sweep_00,3334,89.43659430051423,1,55.567,0,eligible
motiongen_3335,motiongen_sweep_00,3335,89.46259430051424,1,55.582999999999998,0,eligible
motiongen_3336,motiongen_sweep_00,3336,89.489594300514227,1,55.600000000000001,0,eligible
motiongen_3337,motiongen_sweep_00,3337,89.515594300514238,1,55.616999999999997,0,eligible
motiongen_3338,motiongen_sweep_00,3338,89.54159430051422,1,55.633000000000003,0,eligible
motiongen_3339,motiongen_sweep_00,3339,89.568594300514235,1,55.649999999999999,0,eligible
motiongen_3340,motiongen_sweep_00,3340,89.594594300514245,1,55.667000000000002,0,eligible
motiongen_3341,motiongen_sweep_00,3341,89.620594300514227,1,55.683,0,eligible
motiongen_3342,motiongen_sweep_00,3342,89.647594300514243,1,55.700000000000003,0,eligible
motiongen_3343,motiongen_sweep_00,3343,89.673594300514225,1,55.716999999999999,0,eligible
motiongen_3344,motiongen_sweep_00,3344,89.70059430051424,1,55.732999999999997,0,eligible
motiongen_3345,motiongen_sweep_00,3345,89.726594300514222,1,55.75,0,eligible
motiongen_3346,motiongen_sweep_00,3346,89.752594300514232,1,55.767000000000003,0,eligible
motiongen_3347,motiongen_sweep_00,3347,89.779594300514219,1,55.783000000000001,0,eligible
motiongen_3348,motiongen_sweep_00,3348,89.80559430051423,1,55.799999999999997,0,eligible
motiongen_3349,motiongen_sweep_00,3349,89.83159430051424,1,55.817,0,eligible
motiongen_3350,motiongen_sweep_00,3350,89.858594300514227,1,55.832999999999998,0,eligible
motiongen_3351,motiongen_sweep_00,3351,89.884594300514237,1,55.850000000000001,0,eligible
motiongen_3352,motiongen_sweep_00,3352,89.910594300514219,1,55.866999999999997,0,eligible
motiongen_3353,motiongen_sweep_00,3353,89.937594300514235,1,55.883000000000003,0,eligible
motiongen_3354,motiongen_sweep_00,3354,89.963594300514245,1,55.899999999999999,0,eligible
motiongen_3355,motiongen_sweep_00,3355,89.989594300514227,1,55.917000000000002,0,eligible
motiongen_3356,motiongen_sweep_00,3356,90.016594300514242,1,55.933,0,eligible
motiongen_3357,motiongen_sweep_00,3357,90.042594300514224,1,55.950000000000003,0,eligible
motiongen_3358,motiongen_sweep_00,3358,90.06959430051424,1,55.966999999999999,0,eligible
motiongen_3359,motiongen_sweep_00,3359,90.095594300514222,1,55.982999999999997,0,eligible
motiongen_3360,motiongen_sweep_00,3360,90.121594300514232,1,56,0,eligible
motiongen_3361,motiongen_sweep_00,3361,90.148594300514247,1,56.017000000000003,0,eligible
motiongen_3362,motiongen_sweep_00,3362,90.174594300514229,1,56.033000000000001,0,eligible
motiongen_3363,motiongen_sweep_00,3363,90.20059430051424,1,56.049999999999997,0,eligible
motiongen_3364,motiongen_sweep_00,3364,90.227594300514227,1,56.067,0,eligible
motiongen_3365,motiongen_sweep_00,3365,90.253594300514237,1,56.082999999999998,0,eligible
motiongen_3366,motiongen_sweep_00,3366,90.279594300514219,1,56.100000000000001,0,eligible
motiongen_3367,motiongen_sweep_00,3367,90.306594300514234,1,56.116999999999997,0,eligible
motiongen_3368,motiongen_sweep_00,3368,90.332594300514245,1,56.133000000000003,0,eligible
motiongen_3369,motiongen_sweep_00,3369,90.358594300514227,1,56.149999999999999,0,eligible
motiongen_3370,motiongen_sweep_00,3370,90.385594300514242,1,56.167000000000002,0,eligible
motiongen_3371,motiongen_sweep_00,3371,90.411594300514224,1,56.183,0,eligible
motiongen_3372,motiongen_sweep_00,3372,90.437594300514235,1,56.200000000000003,0,eligible
motiongen_3373,motiongen_sweep_00,3373,90.464594300514221,1,56.216999999999999,0,eligible
motiongen_3374,motiongen_sweep_00,3374,90.490594300514232,1,56.232999999999997,0,eligible
motiongen_3375,motiongen_sweep_00,3375,90.517594300514247,1,56.25,0,eligible
motiongen_3376,motiongen_sweep_00,3376,90.543594300514229,1,56.267000000000003,0,eligible
motiongen_3377,motiongen_sweep_00,3377,90.56959430051424,1,56.283000000000001,0,eligible
motiongen_3378,motiongen_sweep_00,3378,90.596594300514226,1,56.299999999999997,0,eligible
motiongen_3379,motiongen_sweep_00,3379,90.622594300514237,1,56.317,0,eligible
motiongen_3380,motiongen_sweep_00,3380,90.648594300514247,1,56.332999999999998,0,eligible
motiongen_3381,motiongen_sweep_00,3381,90.675594300514234,1,56.350000000000001,0,eligible
motiongen_3382,motiongen_sweep_00,3382,90.701594300514245,1,56.366999999999997,0,eligible
motiongen_3383,motiongen_sweep_00,3383,90.727594300514227,1,56.383000000000003,0,eligible
motiongen_3384,motiongen_sweep_00,3384,90.754594300514242,1,56.399999999999999,0,eligible
motiongen_3385,motiongen_sweep_00,3385,90.780594300514224,1,56.417000000000002,0,eligible
motiongen_3386,motiongen_sweep_00,3386,90.806594300514234,1,56.433,0,eligible
motiongen_3387,motiongen_sweep_00,3387,90.833594300514221,1,56.450000000000003,0,eligible
motiongen_3388,motiongen_sweep_00,3388,90.859594300514232,1,56.466999999999999,0,eligible
motiongen_3389,motiongen_sweep_00,3389,90.886594300514247,1,56.482999999999997,0,eligible
motiongen_3390,motiongen_sweep_00,3390,90.912594300514229,1,56.5,0,eligible
motiongen_3391,motiongen_sweep_00,3391,90.938594300514239,1,56.517000000000003,0,eligible
motiongen_3392,motiongen_sweep_00,3392,90.965594300514226,1,56.533000000000001,0,eligible
motiongen_3393,motiongen_sweep_00,3393,90.991594300514237,1,56.549999999999997,0,eligible
motiongen_3394,motiongen_sweep_00,3394,91.017594300514247,1,56.567,0,eligible
motiongen_3395,motiongen_sweep_00,3395,91.044594300514234,1,56.582999999999998,0,eligible
motiongen_3396,motiongen_sweep_00,3396,91.070594300514244,1,56.600000000000001,0,eligible
motiongen_3397,motiongen_sweep_00,3397,91.096594300514226,1,56.616999999999997,0,eligible
motiongen_3398,motiongen_sweep_00,3398,91.123594300514242,1,56.633000000000003,0,eligible
motiongen_3399,motiongen_sweep_00,3399,91.149594300514224,1,56.649999999999999,0,eligible
motiongen_3400,motiongen_sweep_00,3400,91.175594300514234,1,56.667000000000002,0,eligible
motiongen_3401,motiongen_sweep_00,3401,91.202594300514221,1,56.683,0,eligible
motiongen_3402,motiongen_sweep_00,3402,91.228594300514231,1,56.700000000000003,0,eligible
motiongen_3403,motiongen_sweep_00,3403,91.254594300514242,1,56.716999999999999,0,eligible
motiongen_3404,motiongen_sweep_00,3404,91.281594300514229,1,56.732999999999997,0,eligible
motiongen_3405,motiongen_sweep_00,3405,91.307594300514239,1,56.75,0,eligible
motiongen_3406,motiongen_sweep_00,3406,91.334594300514226,1,56.767000000000003,0,eligible
motiongen_3407,motiongen_sweep_00,3407,91.360594300514236,1,56.783000000000001,0,eligible
motiongen_3408,motiongen_sweep_00,3408,91.386594300514247,1,56.799999999999997,0,eligible
motiongen_3409,motiongen_sweep_00,3409,91.413594300514234,1,56.817,0,eligible
motiongen_3410,motiongen_sweep_00,3410,91.439594300514244,1,56.832999999999998,0,eligible
motiongen_3411,motiongen_sweep_00,3411,91.465594300514226,1,56.850000000000001,0,eligible
motiongen_3412,motiongen_sweep_00,3412,91.492594300514241,1,56.866999999999997,0,eligible
motiongen_3413,motiongen_sweep_00,3413,91.518594300514224,1,56.883000000000003,0,eligible
motiongen_3414,motiongen_sweep_00,3414,91.544594300514234,1,56.899999999999999,0,eligible
motiongen_3415,motiongen_sweep_00,3415,91.571594300514221,1,56.917000000000002,0,eligible
motiongen_3416,motiongen_sweep_00,3416,91.597594300514231,1,56.933,0,eligible
motiongen_3417,motiongen_sweep_00,3417,91.623594300514242,1,56.950000000000003,0,eligible
motiongen_3418,motiongen_sweep_00,3418,91.650594300514229,1,56.966999999999999,0,eligible
motiongen_3419,motiongen_sweep_00,3419,91.676594300514239,1,56.982999999999997,0,eligible
motiongen_3420,motiongen_sweep_00,3420,91.702594300514221,1,57,0,eligible
motiongen_3421,motiongen_sweep_00,3421,91.729594300514236,1,57.017000000000003,0,eligible
motiongen_3422,motiongen_sweep_00,3422,91.755594300514247,1,57.033000000000001,0,eligible
motiongen_3423,motiongen_sweep_00,3423,91.782594300514234,1,57.049999999999997,0,eligible
motiongen_3424,motiongen_sweep_00,3424,91.808594300514244,1,57.067,0,eligible
motiongen_3425,motiongen_sweep_00,3425,91.834594300514226,1,57.082999999999998,0,eligible
motiongen_3426,motiongen_sweep_00,3426,91.861594300514241,1,57.100000000000001,0,eligible
motiongen_3427,motiongen_sweep_00,3427,91.887594300514223,1,57.116999999999997,0,eligible
motiongen_3428,motiongen_sweep_00,3428,91.913594300514234,1,57.133000000000003,0,eligible
motiongen_3429,motiongen_sweep_00,3429,91.940594300514221,1,57.149999999999999,0,eligible
motiongen_3430,motiongen_sweep_00,3430,91.966594300514231,1,57.167000000000002,0,eligible
motiongen_3431,motiongen_sweep_00,3431,91.992594300514241,1,57.183,0,eligible
motiongen_3432,motiongen_sweep_00,3432,92.019594300514228,1,57.200000000000003,0,eligible
motiongen_3433,motiongen_sweep_00,3433,92.045594300514239,1,57.216999999999999,0,eligible
motiongen_3434,motiongen_sweep_00,3434,92.071594300514221,1,57.232999999999997,0,eligible
motiongen_3435,motiongen_sweep_00,3435,92.098594300514236,1,57.25,0,eligible
motiongen_3436,motiongen_sweep_00,3436,92.124594300514246,1,57.267000000000003,0,eligible
motiongen_3437,motiongen_sweep_00,3437,92.151594300514233,1,57.283000000000001,0,eligible
motiongen_3438,motiongen_sweep_00,3438,92.177594300514244,1,57.299999999999997,0,eligible
motiongen_3439,motiongen_sweep_00,3439,92.203594300514226,1,57.317,0,eligible
motiongen_3440,motiongen_sweep_00,3440,92.230594300514241,1,57.332999999999998,0,eligible
motiongen_3441,motiongen_sweep_00,3441,92.256594300514223,1,57.350000000000001,0,eligible
motiongen_3442,motiongen_sweep_00,3442,92.282594300514234,1,57.366999999999997,0,eligible
motiongen_3443,motiongen_sweep_00,3443,92.30959430051422,1,57.383000000000003,0,eligible
motiongen_3444,motiongen_sweep_00,3444,92.335594300514231,1,57.399999999999999,0,eligible
motiongen_3445,motiongen_sweep_00,3445,92.361594300514241,1,57.417000000000002,0,eligible
motiongen_3446,motiongen_sweep_00,3446,92.388594300514228,1,57.433,0,eligible
motiongen_3447,motiongen_sweep_00,3447,92.414594300514239,1,57.450000000000003,0,eligible
motiongen_3448,motiongen_sweep_00,3448,92.440594300514221,1,57.466999999999999,0,eligible
motiongen_3449,motiongen_sweep_00,3449,92.467594300514236,1,57.482999999999997,0,eligible
motiongen_3450,motiongen_sweep_00,3450,92.493594300514246,1,57.5,0,eligible
motiongen_3451,motiongen_sweep_00,3451,92.519594300514228,1,57.517000000000003,0,eligible
motiongen_3452,motiongen_sweep_00,3452,92.546594300514244,1,57.533000000000001,0,eligible
motiongen_3453,motiongen_sweep_00,3453,92.572594300514226,1,57.549999999999997,0,eligible
motiongen_3454,motiongen_sweep_00,3454,92.599594300514241,1,57.567,0,eligible
motiongen_3455,motiongen_sweep_00,3455,92.625594300514223,1,57.582999999999998,0,eligible
motiongen_3456,motiongen_sweep_00,3456,92.651594300514233,1,57.600000000000001,0,eligible
motiongen_3457,motiongen_sweep_00,3457,92.67859430051422,1,57.616999999999997,0,eligible
motiongen_3458,motiongen_sweep_00,3458,92.704594300514231,1,57.633000000000003,0,eligible
motiongen_3459,motiongen_sweep_00,3459,92.730594300514241,1,57.649999999999999,0,eligible
motiongen_3460,motiongen_sweep_00,3460,92.757594300514228,1,57.667000000000002,0,eligible
motiongen_3461,motiongen_sweep_00,3461,92.783594300514238,1,57.683,0,eligible
motiongen_3462,motiongen_sweep_00,3462,92.80959430051422,1,57.700000000000003,0,eligible
motiongen_3463,motiongen_sweep_00,3463,92.836594300514236,1,57.716999999999999,0,eligible
motiongen_3464,motiongen_sweep_00,3464,92.862594300514246,1,57.732999999999997,0,eligible
motiongen_3465,motiongen_sweep_00,3465,92.888594300514228,1,57.75,0,eligible
motiongen_3466,motiongen_sweep_00,3466,92.915594300514243,1,57.767000000000003,0,eligible
motiongen_3467,motiongen_sweep_00,3467,92.941594300514225,1,57.783000000000001,0,eligible
motiongen_3468,motiongen_sweep_00,3468,92.968594300514241,1,57.799999999999997,0,eligible
motiongen_3469,motiongen_sweep_00,3469,92.994594300514223,1,57.817,0,eligible
motiongen_3470,motiongen_sweep_00,3470,93.020594300514233,1,57.832999999999998,0,eligible
motiongen_3471,motiongen_sweep_00,3471,93.04759430051422,1,57.850000000000001,0,eligible
motiongen_3472,motiongen_sweep_00,3472,93.07359430051423,1,57.866999999999997,0,eligible
motiongen_3473,motiongen_sweep_00,3473,93.099594300514241,1,57.883000000000003,0,eligible
motiongen_3474,motiongen_sweep_00,3474,93.126594300514228,1,57.899999999999999,0,eligible
motiongen_3475,motiongen_sweep_00,3475,93.152594300514238,1,57.917000000000002,0,eligible
motiongen_3476,motiongen_sweep_00,3476,93.17859430051422,1,57.933,0,eligible
motiongen_3477,motiongen_sweep_00,3477,93.205594300514235,1,57.950000000000003,0,eligible
motiongen_3478,motiongen_sweep_00,3478,93.231594300514246,1,57.966999999999999,0,eligible
motiongen_3479,motiongen_sweep_00,3479,93.257594300514228,1,57.982999999999997,0,eligible
motiongen_3480,motiongen_sweep_00,3480,93.284594300514243,1,58,0,eligible
motiongen_3481,motiongen_sweep_00,3481,93.310594300514225,1,58.017000000000003,0,eligible
motiongen_3482,motiongen_sweep_00,3482,93.336594300514236,1,58.033000000000001,0,eligible
motiongen_3483,motiongen_sweep_00,3483,93.363594300514222,1,58.049999999999997,0,eligible
motiongen_3484,motiongen_sweep_00,3484,93.389594300514233,1,58.067,0,eligible
motiongen_3485,motiongen_sweep_00,3485,93.41659430051422,1,58.082999999999998,0,eligible
motiongen_3486,motiongen_sweep_00,3486,93.44259430051423,1,58.100000000000001,0,eligible
motiongen_3487,motiongen_sweep_00,3487,93.468594300514241,1,58.116999999999997,0,eligible
motiongen_3488,motiongen_sweep_00,3488,93.495594300514227,1,58.133000000000003,0,eligible
motiongen_3489,motiongen_sweep_00,3489,93.521594300514238,1,58.149999999999999,0,eligible
motiongen_3490,motiongen_sweep_00,3490,93.54759430051422,1,58.167000000000002,0,eligible
motiongen_3491,motiongen_sweep_00,3491,93.574594300514235,1,58.183,0,eligible
motiongen_3492,motiongen_sweep_00,3492,93.600594300514246,1,58.200000000000003,0,eligible
motiongen_3493,motiongen_sweep_00,3493,93.626594300514228,1,58.216999999999999,0,eligible
motiongen_3494,motiongen_sweep_00,3494,93.653594300514243,1,58.232999999999997,0,eligible
motiongen_3495,motiongen_sweep_00,3495,93.679594300514225,1,58.25,0,eligible
motiongen_3496,motiongen_sweep_00,3496,93.705594300514235,1,58.267000000000003,0,eligible
motiongen_3497,motiongen_sweep_00,3497,93.732594300514222,1,58.283000000000001,0,eligible
motiongen_3498,motiongen_sweep_00,3498,93.758594300514233,1,58.299999999999997,0,eligible
motiongen_3499,motiongen_sweep_00,3499,93.784594300514243,1,58.317,0,eligible
motiongen_3500,motiongen_sweep_00,3500,93.81159430051423,1,58.332999999999998,0,eligible
motiongen_3501,motiongen_sweep_00,3501,93.83759430051424,1,58.350000000000001,0,eligible
motiongen_3502,motiongen_sweep_00,3502,93.864594300514227,1,58.366999999999997,0,eligible
motiongen_3503,motiongen_sweep_00,3503,93.890594300514238,1,58.383000000000003,0,eligible
motiongen_3504,motiongen_sweep_00,3504,93.91659430051422,1,58.399999999999999,0,eligible
motiongen_3505,motiongen_sweep_00,3505,93.943594300514235,1,58.417000000000002,0,eligible
motiongen_3506,motiongen_sweep_00,3506,93.969594300514245,1,58.433,0,eligible
motiongen_3507,motiongen_sweep_00,3507,93.995594300514227,1,58.450000000000003,0,eligible
motiongen_3508,motiongen_sweep_00,3508,94.022594300514243,1,58.466999999999999,0,eligible
motiongen_3509,motiongen_sweep_00,3509,94.048594300514225,1,58.482999999999997,0,eligible
motiongen_3510,motiongen_sweep_00,3510,94.074594300514235,1,58.5,0,eligible
motiongen_3511,motiongen_sweep_00,3511,94.101594300514222,1,58.517000000000003,0,eligible
motiongen_3512,motiongen_sweep_00,3512,94.127594300514232,1,58.533000000000001,0,eligible
motiongen_3513,motiongen_sweep_00,3513,94.153594300514243,1,58.549999999999997,0,eligible
motiongen_3514,motiongen_sweep_00,3514,94.18059430051423,1,58.567,0,eligible
motiongen_3515,motiongen_sweep_00,3515,94.20659430051424,1,58.582999999999998,0,eligible
motiongen_3516,motiongen_sweep_00,3516,94.233594300514227,1,58.600000000000001,0,eligible
motiongen_3517,motiongen_sweep_00,3517,94.259779607693815,1,58.616999999999997,0,eligible
motiongen_3518,motiongen_sweep_00,3518,94.285779607693826,1,58.633000000000003,0,eligible
motiongen_3519,motiongen_sweep_00,3519,94.311779607693808,1,58.649999999999999,0,eligible
motiongen_3520,motiongen_sweep_00,3520,94.338779607693823,1,58.667000000000002,0,eligible
motiongen_3521,motiongen_sweep_00,3521,94.364779607693833,1,58.683,0,eligible
motiongen_3522,motiongen_sweep_00,3522,94.390779607693815,1,58.700000000000003,0,eligible
motiongen_3523,motiongen_sweep_00,3523,94.417779607693831,1,58.716999999999999,0,eligible
motiongen_3524,motiongen_sweep_00,3524,94.443779607693813,1,58.732999999999997,0,eligible
motiongen_3525,motiongen_sweep_00,3525,94.470779607693828,1,58.75,0,eligible
motiongen_3526,motiongen_sweep_00,3526,94.49677960769381,1,58.767000000000003,0,eligible
motiongen_3527,motiongen_sweep_00,3527,94.52277960769382,1,58.783000000000001,0,eligible
motiongen_3528,motiongen_sweep_00,3528,94.549779607693807,1,58.799999999999997,0,eligible
motiongen_3529,motiongen_sweep_00,3529,94.575779607693818,1,58.817,0,eligible
motiongen_3530,motiongen_sweep_00,3530,94.601779607693828,1,58.832999999999998,0,eligible
motiongen_3531,motiongen_sweep_00,3531,94.628779607693815,1,58.850000000000001,0,eligible
motiongen_3532,motiongen_sweep_00,3532,94.654779607693825,1,58.866999999999997,0,eligible
motiongen_3533,motiongen_sweep_00,3533,94.680779607693808,1,58.883000000000003,0,eligible
motiongen_3534,motiongen_sweep_00,3534,94.707779607693823,1,58.899999999999999,0,eligible
motiongen_3535,motiongen_sweep_00,3535,94.733779607693833,1,58.917000000000002,0,eligible
motiongen_3536,motiongen_sweep_00,3536,94.759779607693815,1,58.933,0,eligible
motiongen_3537,motiongen_sweep_00,3537,94.78677960769383,1,58.950000000000003,0,eligible
motiongen_3538,motiongen_sweep_00,3538,94.812779607693813,1,58.966999999999999,0,eligible
motiongen_3539,motiongen_sweep_00,3539,94.838779607693823,1,58.982999999999997,0,eligible
motiongen_3540,motiongen_sweep_00,3540,94.86577960769381,1,59,0,eligible
motiongen_3541,motiongen_sweep_00,3541,94.89177960769382,1,59.017000000000003,0,eligible
motiongen_3542,motiongen_sweep_00,3542,94.918779607693807,1,59.033000000000001,0,eligible
motiongen_3543,motiongen_sweep_00,3543,94.944779607693818,1,59.049999999999997,0,eligible
motiongen_3544,motiongen_sweep_00,3544,94.970779607693828,1,59.067,0,eligible
motiongen_3545,motiongen_sweep_00,3545,94.997779607693815,1,59.082999999999998,0,eligible
motiongen_3546,motiongen_sweep_00,3546,95.023779607693825,1,59.100000000000001,0,eligible
motiongen_3547,motiongen_sweep_00,3547,95.049779607693807,1,59.116999999999997,0,eligible
motiongen_3548,motiongen_sweep_00,3548,95.076779607693823,1,59.133000000000003,0,eligible
motiongen_3549,motiongen_sweep_00,3549,95.102779607693805,1,59.149999999999999,0,eligible
motiongen_3550,motiongen_sweep_00,3550,95.128779607693815,1,59.167000000000002,0,eligible
motiongen_3551,motiongen_sweep_00,3551,95.15577960769383,1,59.183,0,eligible
motiongen_3552,motiongen_sweep_00,3552,95.181779607693812,1,59.200000000000003,0,eligible
motiongen_3553,motiongen_sweep_00,3553,95.207779607693823,1,59.216999999999999,0,eligible
motiongen_3554,motiongen_sweep_00,3554,95.23477960769381,1,59.232999999999997,0,eligible
motiongen_3555,motiongen_sweep_00,3555,95.26077960769382,1,59.25,0,eligible
motiongen_3556,motiongen_sweep_00,3556,95.287779607693807,1,59.267000000000003,0,eligible
motiongen_3557,motiongen_sweep_00,3557,95.313779607693817,1,59.283000000000001,0,eligible
motiongen_3558,motiongen_sweep_00,3558,95.339779607693828,1,59.299999999999997,0,eligible
motiongen_3559,motiongen_sweep_00,3559,95.366779607693815,1,59.317,0,eligible
motiongen_3560,motiongen_sweep_00,3560,95.392779607693825,1,59.332999999999998,0,eligible
motiongen_3561,motiongen_sweep_00,3561,95.418779607693835,1,59.350000000000001,0,eligible
motiongen_3562,motiongen_sweep_00,3562,95.445779607693822,1,59.366999999999997,0,eligible
motiongen_3563,motiongen_sweep_00,3563,95.471779607693833,1,59.383000000000003,0,eligible
motiongen_3564,motiongen_sweep_00,3564,95.497779607693815,1,59.399999999999999,0,eligible
motiongen_3565,motiongen_sweep_00,3565,95.52477960769383,1,59.417000000000002,0,eligible
motiongen_3566,motiongen_sweep_00,3566,95.55077960769384,1,59.433,0,eligible
motiongen_3567,motiongen_sweep_00,3567,95.576779607693823,1,59.450000000000003,0,eligible
motiongen_3568,motiongen_sweep_00,3568,95.603779607693838,1,59.466999999999999,0,eligible
motiongen_3569,motiongen_sweep_00,3569,95.62977960769382,1,59.482999999999997,0,eligible
motiongen_3570,motiongen_sweep_00,3570,95.65577960769383,1,59.5,0,eligible
motiongen_3571,motiongen_sweep_00,3571,95.682779607693817,1,59.517000000000003,0,eligible
motiongen_3572,motiongen_sweep_00,3572,95.708779607693828,1,59.533000000000001,0,eligible
motiongen_3573,motiongen_sweep_00,3573,95.735779607693814,1,59.549999999999997,0,eligible
motiongen_3574,motiongen_sweep_00,3574,95.761779607693825,1,59.567,0,eligible
motiongen_3575,motiongen_sweep_00,3575,95.787779607693835,1,59.582999999999998,0,eligible
motiongen_3576,motiongen_sweep_00,3576,95.814779607693822,1,59.600000000000001,0,eligible
motiongen_3577,motiongen_sweep_00,3577,95.840779607693833,1,59.616999999999997,0,eligible
motiongen_3578,motiongen_sweep_00,3578,95.866779607693815,1,59.633000000000003,0,eligible
motiongen_3579,motiongen_sweep_00,3579,95.89377960769383,1,59.649999999999999,0,eligible
motiongen_3580,motiongen_sweep_00,3580,95.91977960769384,1,59.667000000000002,0,eligible
motiongen_3581,motiongen_sweep_00,3581,95.945779607693822,1,59.683,0,eligible
motiongen_3582,motiongen_sweep_00,3582,95.972779607693838,1,59.700000000000003,0,eligible
motiongen_3583,motiongen_sweep_00,3583,95.99877960769382,1,59.716999999999999,0,eligible
motiongen_3584,motiongen_sweep_00,3584,96.02477960769383,1,59.732999999999997,0,eligible
motiongen_3585,motiongen_sweep_00,3585,96.051779607693817,1,59.75,0,eligible
motiongen_3586,motiongen_sweep_00,3586,96.077779607693827,1,59.767000000000003,0,eligible
motiongen_3587,motiongen_sweep_00,3587,96.104779607693814,1,59.783000000000001,0,eligible
motiongen_3588,motiongen_sweep_00,3588,96.130779607693825,1,59.799999999999997,0,eligible
motiongen_3589,motiongen_sweep_00,3589,96.156779607693835,1,59.817,0,eligible
motiongen_3590,motiongen_sweep_00,3590,96.183779607693822,1,59.832999999999998,0,eligible
motiongen_3591,motiongen_sweep_00,3591,96.209779607693832,1,59.850000000000001,0,eligible
motiongen_3592,motiongen_sweep_00,3592,96.235779607693814,1,59.866999999999997,0,eligible
motiongen_3593,motiongen_sweep_00,3593,96.26277960769383,1,59.883000000000003,0,eligible
motiongen_3594,motiongen_sweep_00,3594,96.28877960769384,1,59.899999999999999,0,eligible
motiongen_3595,motiongen_sweep_00,3595,96.314779607693822,1,59.917000000000002,0,eligible
motiongen_3596,motiongen_sweep_00,3596,96.341779607693837,1,59.933,0,eligible
motiongen_3597,motiongen_sweep_00,3597,96.367779607693819,1,59.950000000000003,0,eligible
motiongen_3598,motiongen_sweep_00,3598,96.39377960769383,1,59.966999999999999,0,eligible
motiongen_3599,motiongen_sweep_00,3599,96.420779607693817,1,59.982999999999997,0,eligible
motiongen_3600,motiongen_sweep_00,3600,96.446779607693827,1,60,0,eligible
